TimeStamp	SystemTimeStamp	Error	Behavior	EyeLeft	EyeRight	OnsetS	DurationS	VelocityDegps	AmplitudeDeg	DirectionRadial	
6262758029000	6253999766678	None	Fixation	(54.63, 152.48)	(356.27, 182.72)	6233.504	0.1499023	NaN	NaN	NaN	
6262774698000	6254016435029	None	Fixation	(53.61, 152.11)	(357.55, 182.62)	6233.504	0.1665039	NaN	NaN	NaN	
6262791364000	6254033101215	None	Saccade	(52.61, 152.15)	(357.41, 182.88)	6233.67	0.01660156	12.29738	0.4099127	74.85101	
6262808031000	6254049767690	None	Fixation	(55.09, 151.97)	(357.58, 182.74)	6233.504	0.199707	NaN	NaN	NaN	
6262824697000	6254066433439	None	Fixation	(52.78, 152.08)	(357.55, 182.87)	6233.704	0.01660156	NaN	NaN	NaN	
6262841364000	6254083100206	None	Fixation	(52.32, 151.76)	(357.43, 182.68)	6233.704	0.03369141	NaN	NaN	NaN	
6262858031000	6254099767037	None	Fixation	(53.19, 151.84)	(357.24, 182.80)	6233.704	0.05029297	NaN	NaN	NaN	
6262874695000	6254116430819	None	Fixation	(54.45, 151.86)	(357.43, 182.80)	6233.704	0.06689453	NaN	NaN	NaN	
6262891362000	6254133097581	None	Fixation	(52.80, 151.85)	(357.29, 182.92)	6233.704	0.08349609	NaN	NaN	NaN	
6262908028000	6254149763401	None	Fixation	(52.85, 151.75)	(357.42, 182.81)	6233.704	0.1000977	NaN	NaN	NaN	
6262924695000	6254166430194	None	Fixation	(53.25, 151.76)	(357.39, 182.61)	6233.704	0.1166992	NaN	NaN	NaN	
6262941362000	6254183096991	None	Fixation	(52.54, 151.87)	(357.31, 182.71)	6233.704	0.1333008	NaN	NaN	NaN	
6262958029000	6254199763790	None	Saccade	(56.13, 151.50)	(357.20, 183.67)	6233.837	0.01708984	44.40374	1.480125	251.0051	
6262974695000	6254216429604	None	Pursuit	(55.14, 151.31)	(356.56, 183.89)	6233.837	0.03369141	12.38752	1.090233	244.8699	
6262991362000	6254233096379	None	Pursuit	(54.67, 151.35)	(356.28, 183.98)	6233.837	0.05029297	5.800066	0.8992271	243.1383	
6263008028000	6254249762166	None	Fixation	(55.54, 151.34)	(355.83, 183.75)	6233.504	0.3999023	NaN	NaN	NaN	
6263024695000	6254266428970	None	Fixation	(55.38, 151.41)	(356.15, 183.76)	6233.904	0.01660156	NaN	NaN	NaN	
6263041360000	6254283094143	None	Fixation	(54.89, 151.13)	(356.06, 183.60)	6233.904	0.03320313	NaN	NaN	NaN	
6263058027000	6254299760607	None	Fixation	(54.71, 151.13)	(356.17, 183.81)	6233.904	0.04980469	NaN	NaN	NaN	
6263074693000	6254316426333	None	Fixation	(54.63, 151.21)	(356.39, 183.57)	6233.904	0.06640625	NaN	NaN	NaN	
6263091360000	6254333093183	None	Fixation	(54.62, 151.48)	(356.42, 183.62)	6233.904	0.08349609	NaN	NaN	NaN	
6263108028000	6254349761469	None	WinkLeft	(56.99, 151.89)	(356.26, 184.11)	NaN	NaN	NaN	NaN	NaN	
6263124695000	6254366427759	None	Blink	(54.21, 155.07)	(355.00, 186.13)	NaN	NaN	NaN	NaN	NaN	
6263141359000	6254383091512	None	Blink	(0.00, 0.00)	(0.00, 0.00)	NaN	NaN	NaN	NaN	NaN	
6263158026000	6254399758346	None	Blink	(0.00, 0.00)	(0.00, 0.00)	NaN	NaN	NaN	NaN	NaN	
6263174693000	6254416425112	None	Blink	(0.00, 0.00)	(0.00, 0.00)	NaN	NaN	NaN	NaN	NaN	
6263191359000	6254433090957	None	Blink	(0.00, 0.00)	(0.00, 0.00)	NaN	NaN	NaN	NaN	NaN	
6263208026000	6254449757970	None	Blink	(53.84, 154.20)	(0.00, 0.00)	NaN	NaN	NaN	NaN	NaN	
6263224692000	6254466423507	None	Blink	(52.15, 152.83)	(356.22, 182.87)	NaN	NaN	NaN	NaN	NaN	
6263241359000	6254483090299	None	Blink	(52.70, 152.50)	(359.18, 182.73)	NaN	NaN	NaN	NaN	NaN	
6263258025000	6254499756156	None	Blink	(51.93, 152.15)	(358.03, 183.27)	NaN	NaN	NaN	NaN	NaN	
6263274693000	6254516423873	None	Blink	(51.22, 152.10)	(358.19, 182.90)	NaN	NaN	NaN	NaN	NaN	
6263291360000	6254533090654	None	Blink	(52.37, 152.25)	(358.25, 182.44)	NaN	NaN	NaN	NaN	NaN	
6263308025000	6254549755467	None	Blink	(50.68, 151.76)	(358.60, 182.15)	NaN	NaN	NaN	NaN	NaN	
6263324691000	6254566421298	None	Blink	(50.28, 151.66)	(358.18, 181.63)	NaN	NaN	NaN	NaN	NaN	
6263341358000	6254583088102	None	Blink	(51.40, 151.99)	(358.17, 181.69)	NaN	NaN	NaN	NaN	NaN	
6263358024000	6254599753863	None	WinkRight	(50.61, 152.06)	(357.87, 181.50)	NaN	NaN	NaN	NaN	NaN	
6263374693000	6254616422697	None	WinkRight	(50.98, 152.48)	(357.70, 181.14)	NaN	NaN	NaN	NaN	NaN	
6263391359000	6254633088461	None	WinkRight	(50.74, 152.45)	(357.05, 181.40)	NaN	NaN	NaN	NaN	NaN	
6263408024000	6254649753244	None	WinkRight	(51.65, 152.54)	(357.08, 181.11)	NaN	NaN	NaN	NaN	NaN	
6263424690000	6254666419106	None	Fixation	(51.80, 152.25)	(357.03, 181.93)	6233.904	0.4165039	NaN	NaN	NaN	
6263441357000	6254683085884	None	Fixation	(55.25, 151.58)	(355.56, 184.20)	6233.904	0.4331055	NaN	NaN	NaN	
6263458023000	6254699751625	None	Saccade	(55.45, 151.66)	(356.00, 183.75)	6234.337	0.01708984	2.622846	0.08742821	279.4463	
6263474690000	6254716418450	None	Pursuit	(54.92, 152.09)	(355.33, 183.73)	6234.337	0.03369141	8.443894	0.2523247	19.77426	
6263491356000	6254733084316	None	Pursuit	(55.30, 151.75)	(355.38, 183.43)	6234.337	0.05029297	6.293743	0.07348836	332.2764	
6263508023000	6254749751005	None	Fixation	(55.38, 151.76)	(355.38, 183.63)	6233.504	0.8999023	NaN	NaN	NaN	
6263524689000	6254766416816	None	Fixation	(55.04, 151.74)	(355.72, 183.49)	6234.404	0.01660156	NaN	NaN	NaN	
6263541356000	6254783083588	None	Fixation	(54.55, 151.56)	(355.64, 183.21)	6234.404	0.03320313	NaN	NaN	NaN	
6263558022000	6254799749383	None	Fixation	(55.08, 151.95)	(355.24, 183.31)	6234.404	0.04980469	NaN	NaN	NaN	
6263574689000	6254816416174	None	Fixation	(56.05, 151.75)	(355.18, 183.17)	6234.404	0.06640625	NaN	NaN	NaN	
6263591356000	6254833083038	None	Fixation	(55.42, 151.69)	(355.04, 183.11)	6234.404	0.08349609	NaN	NaN	NaN	
6263608022000	6254849748809	None	Fixation	(55.32, 151.43)	(355.36, 183.09)	6234.404	0.1000977	NaN	NaN	NaN	
6263624689000	6254866415914	None	Fixation	(54.79, 151.57)	(355.60, 183.15)	6234.404	0.1166992	NaN	NaN	NaN	
6263641355000	6254883081433	None	Fixation	(55.19, 151.69)	(355.64, 183.12)	6234.404	0.1333008	NaN	NaN	NaN	
6263658022000	6254899748155	None	Fixation	(54.98, 151.55)	(355.99, 183.10)	6234.404	0.1499023	NaN	NaN	NaN	
6263674688000	6254916414273	None	Fixation	(55.64, 151.74)	(355.71, 183.04)	6234.404	0.1665039	NaN	NaN	NaN	
6263691355000	6254933081154	None	Fixation	(54.28, 151.53)	(355.78, 182.70)	6234.404	0.1831055	NaN	NaN	NaN	
6263708023000	6254949748578	None	Fixation	(53.95, 151.21)	(356.77, 183.60)	6234.404	0.2001953	NaN	NaN	NaN	
6263724689000	6254966414374	None	Fixation	(53.88, 151.42)	(356.94, 183.00)	6234.404	0.2167969	NaN	NaN	NaN	
6263741354000	6254983079856	None	Fixation	(53.44, 151.46)	(356.88, 183.39)	6234.404	0.2333984	NaN	NaN	NaN	
6263758021000	6254999745922	None	Fixation	(53.95, 151.50)	(357.00, 183.17)	6234.404	0.25	NaN	NaN	NaN	
6263774689000	6255016413749	None	Fixation	(54.39, 151.36)	(357.42, 183.19)	6234.404	0.2666016	NaN	NaN	NaN	
6263791355000	6255033079544	None	Fixation	(53.58, 151.84)	(356.91, 183.06)	6234.404	0.2832031	NaN	NaN	NaN	
6263808020000	6255049744691	None	Fixation	(52.95, 151.17)	(357.25, 183.22)	6234.404	0.2998047	NaN	NaN	NaN	
6263824687000	6255066411196	None	Fixation	(53.39, 151.77)	(356.80, 182.72)	6234.404	0.3164063	NaN	NaN	NaN	
6263841352000	6255083075905	None	Fixation	(53.56, 151.71)	(357.08, 183.13)	6234.404	0.3334961	NaN	NaN	NaN	
6263858019000	6255099742709	None	Fixation	(53.54, 151.42)	(357.27, 183.23)	6234.404	0.3500977	NaN	NaN	NaN	
6263874687000	6255116410510	None	Fixation	(53.92, 151.56)	(357.25, 182.75)	6234.404	0.3666992	NaN	NaN	NaN	
6263891354000	6255133077301	None	Fixation	(53.83, 151.63)	(357.09, 182.47)	6234.404	0.3833008	NaN	NaN	NaN	
6263908018000	6255149741099	None	Fixation	(53.47, 151.57)	(356.96, 182.51)	6234.404	0.3999023	NaN	NaN	NaN	
6263924685000	6255166408216	None	Fixation	(53.44, 151.69)	(357.06, 182.53)	6234.404	0.4165039	NaN	NaN	NaN	
6263941353000	6255183075689	None	Fixation	(52.90, 152.30)	(357.06, 182.02)	6234.404	0.4331055	NaN	NaN	NaN	
6263958020000	6255199742506	None	Fixation	(53.91, 151.44)	(357.37, 183.29)	6234.404	0.4501953	NaN	NaN	NaN	
6263974684000	6255216406290	None	Fixation	(53.66, 151.35)	(357.31, 182.66)	6234.404	0.4667969	NaN	NaN	NaN	
6263991351000	6255233073095	None	Fixation	(53.23, 151.50)	(357.52, 182.91)	6234.404	0.4833984	NaN	NaN	NaN	
6264008017000	6255249738862	None	Fixation	(53.45, 151.44)	(357.39, 182.61)	6234.404	0.5	NaN	NaN	NaN	
6264024684000	6255266405684	None	Fixation	(53.42, 151.24)	(357.58, 182.56)	6234.404	0.5166016	NaN	NaN	NaN	
6264041350000	6255283071461	None	Fixation	(53.28, 151.37)	(357.68, 182.36)	6234.404	0.5332031	NaN	NaN	NaN	
6264058017000	6255299738318	None	Fixation	(52.85, 151.45)	(357.77, 182.20)	6234.404	0.5498047	NaN	NaN	NaN	
6264074685000	6255316406065	None	Fixation	(53.42, 151.58)	(357.71, 182.50)	6234.404	0.5664063	NaN	NaN	NaN	
6264091352000	6255333072863	None	Fixation	(52.87, 151.40)	(357.04, 181.89)	6234.404	0.5834961	NaN	NaN	NaN	
6264108017000	6255349737718	None	Fixation	(52.91, 151.71)	(357.43, 182.09)	6234.404	0.6000977	NaN	NaN	NaN	
6264124683000	6255366403435	None	Fixation	(52.78, 151.40)	(357.31, 182.04)	6234.404	0.6166992	NaN	NaN	NaN	
6264141350000	6255383070232	None	Fixation	(53.41, 151.66)	(357.25, 182.25)	6234.404	0.6333008	NaN	NaN	NaN	
6264158016000	6255399736034	None	Fixation	(53.20, 151.51)	(356.90, 182.24)	6234.404	0.6499023	NaN	NaN	NaN	
6264174683000	6255416402831	None	Fixation	(54.56, 151.14)	(357.00, 183.48)	6234.404	0.6665039	NaN	NaN	NaN	
6264191349000	6255433068952	None	Fixation	(54.54, 151.12)	(356.83, 183.21)	6234.404	0.6831055	NaN	NaN	NaN	
6264208016000	6255449735669	None	Fixation	(53.97, 151.10)	(357.27, 183.46)	6234.404	0.7001953	NaN	NaN	NaN	
6264224682000	6255466401614	None	Fixation	(53.86, 150.91)	(357.56, 183.37)	6234.404	0.7167969	NaN	NaN	NaN	
6264241349000	6255483068065	None	Fixation	(54.66, 150.82)	(357.33, 183.56)	6234.404	0.7333984	NaN	NaN	NaN	
6264258015000	6255499733811	None	Fixation	(54.71, 150.71)	(357.08, 183.46)	6234.404	0.75	NaN	NaN	NaN	
6264274682000	6255516400654	None	Fixation	(54.75, 150.81)	(357.20, 183.55)	6234.404	0.7666016	NaN	NaN	NaN	
6264291348000	6255533066804	None	Fixation	(55.05, 151.01)	(356.69, 183.47)	6234.404	0.7832031	NaN	NaN	NaN	
6264308017000	6255549735188	None	Fixation	(54.64, 150.97)	(356.42, 183.43)	6234.404	0.7998047	NaN	NaN	NaN	
6264324683000	6255566401009	None	Fixation	(54.90, 151.13)	(356.03, 183.31)	6234.404	0.8164063	NaN	NaN	NaN	
6264341347000	6255583064842	None	Fixation	(54.72, 151.14)	(356.00, 183.42)	6234.404	0.8334961	NaN	NaN	NaN	
6264358013000	6255599730596	None	Fixation	(56.15, 151.24)	(356.51, 183.41)	6234.404	0.8500977	NaN	NaN	NaN	
6264374680000	6255616397371	None	Saccade	(51.64, 152.55)	(356.01, 180.28)	6235.254	0.01660156	57.7271	1.924237	60.84997	
6264391346000	6255633063168	None	Saccade	(42.94, 157.94)	(355.69, 173.43)	6235.254	0.03320313	125.9174	6.072587	30.23884	
6264408015000	6255649731922	None	Saccade	(36.61, 162.01)	(356.89, 170.15)	6235.254	0.04980469	92.57304	9.147659	48.15362	
6264424681000	6255666397753	None	Pursuit	(35.29, 162.78)	(359.44, 169.15)	6235.304	0.01660156	33.71706	1.123902	81.43574	
6264441346000	6255683062581	None	Pursuit	(34.04, 162.07)	(359.79, 168.74)	6235.32	0.01660156	17.66669	0.5888897	106.6285	
6264458012000	6255699728354	None	Pursuit	(33.43, 161.53)	(360.08, 168.64)	6235.32	0.03369141	10.03333	0.9182262	111.1666	
6264474679000	6255716395150	None	Pursuit	(34.60, 161.29)	(359.75, 168.48)	6235.304	0.06689453	4.584881	1.358765	72.60328	
6264491346000	6255733061948	None	Fixation	(34.87, 161.34)	(358.88, 168.43)	6235.371	0.01660156	NaN	NaN	NaN	
6264508012000	6255749727731	None	Fixation	(35.72, 161.29)	(358.61, 168.35)	6235.371	0.03320313	NaN	NaN	NaN	
6264524679000	6255766394524	None	Fixation	(35.58, 161.12)	(358.07, 168.24)	6235.371	0.04980469	NaN	NaN	NaN	
6264541345000	6255783060313	None	Fixation	(36.06, 160.93)	(358.27, 168.17)	6235.371	0.06640625	NaN	NaN	NaN	
6264558012000	6255799727139	None	Fixation	(36.25, 160.81)	(357.68, 168.04)	6235.371	0.08300781	NaN	NaN	NaN	
6264574678000	6255816392908	None	Fixation	(34.56, 162.28)	(357.74, 166.76)	6235.371	0.09960938	NaN	NaN	NaN	
6264591345000	6255833059712	None	Saccade	(33.38, 162.95)	(357.89, 166.03)	6235.47	0.01708984	16.67805	0.555935	47.5366	
6264608011000	6255849725520	None	Pursuit	(33.31, 163.01)	(357.38, 166.01)	6235.47	0.03369141	1.184157	0.594802	46.85072	
6264624678000	6255866392297	None	Pursuit	(33.32, 163.01)	(357.73, 165.91)	6235.47	0.05029297	0.1365725	0.5906305	46.67452	
6264641344000	6255883058208	None	Fixation	(33.01, 162.63)	(357.84, 165.80)	6235.387	0.1499023	NaN	NaN	NaN	
6264658011000	6255899724872	None	Fixation	(33.42, 162.57)	(357.21, 165.49)	6235.537	0.01660156	NaN	NaN	NaN	
6264674676000	6255916389666	None	Fixation	(33.52, 162.85)	(357.65, 165.73)	6235.537	0.03320313	NaN	NaN	NaN	
6264691343000	6255933056487	None	Fixation	(34.30, 162.88)	(357.24, 165.37)	6235.537	0.04980469	NaN	NaN	NaN	
6264708011000	6255949724270	None	Fixation	(33.44, 162.65)	(357.53, 165.40)	6235.537	0.06689453	NaN	NaN	NaN	
6264724678000	6255966391066	None	Fixation	(33.57, 163.00)	(357.25, 165.28)	6235.537	0.08349609	NaN	NaN	NaN	
6264741344000	6255983056876	None	Saccade	(30.06, 163.98)	(359.32, 164.57)	6235.621	0.01660156	44.78551	1.49285	61.43078	
6264758011000	6255999723644	None	Pursuit	(29.89, 163.70)	(360.00, 164.56)	6235.621	0.03320313	3.975067	1.534559	66.19304	
6264774677000	6256016389459	None	Saccade	(29.79, 163.63)	(360.40, 164.64)	6235.654	0.01660156	5.020427	0.1673476	114.0047	
6264791344000	6256033056242	None	Pursuit	(28.95, 163.39)	(360.32, 164.41)	6235.621	0.06640625	10.75058	1.89906	72.18874	
6264808010000	6256049722065	None	Fixation	(29.22, 163.07)	(360.28, 164.16)	6235.687	0.01660156	NaN	NaN	NaN	
6264824677000	6256066388806	None	Fixation	(29.79, 162.99)	(360.18, 164.03)	6235.704	0.01660156	NaN	NaN	NaN	
6264841341000	6256083052662	None	Fixation	(30.07, 163.11)	(359.95, 164.19)	6235.704	0.03369141	NaN	NaN	NaN	
6264858008000	6256099720139	None	Fixation	(29.75, 162.98)	(359.71, 164.02)	6235.704	0.05029297	NaN	NaN	NaN	
6264874676000	6256116387216	None	Fixation	(29.73, 163.14)	(360.12, 164.00)	6235.704	0.06689453	NaN	NaN	NaN	
6264891343000	6256133054064	None	Fixation	(30.22, 162.90)	(360.12, 163.98)	6235.704	0.08349609	NaN	NaN	NaN	
6264908007000	6256149717825	None	Fixation	(29.24, 163.12)	(359.82, 163.73)	6235.704	0.1000977	NaN	NaN	NaN	
6264924674000	6256166384613	None	Fixation	(28.92, 162.99)	(360.78, 163.71)	6235.704	0.1166992	NaN	NaN	NaN	
6264941342000	6256183052404	None	Fixation	(28.50, 163.02)	(361.11, 163.56)	6235.704	0.1333008	NaN	NaN	NaN	
6264958009000	6256199719535	None	Fixation	(28.15, 162.95)	(361.60, 163.43)	6235.704	0.1503906	NaN	NaN	NaN	
6264974674000	6256216383980	None	Fixation	(27.92, 163.01)	(361.78, 163.65)	6235.704	0.1669922	NaN	NaN	NaN	
6264991340000	6256233049798	None	Fixation	(27.89, 163.09)	(361.54, 163.55)	6235.704	0.1835938	NaN	NaN	NaN	
6265008007000	6256249716583	None	Fixation	(28.25, 162.76)	(361.52, 163.46)	6235.704	0.2001953	NaN	NaN	NaN	
6265024673000	6256266382383	None	Fixation	(28.69, 162.91)	(361.09, 163.29)	6235.704	0.2167969	NaN	NaN	NaN	
6265041341000	6256283050158	None	Fixation	(29.25, 162.93)	(360.89, 163.27)	6235.704	0.2333984	NaN	NaN	NaN	
6265058008000	6256299717219	None	Fixation	(29.04, 163.19)	(360.47, 163.27)	6235.704	0.25	NaN	NaN	NaN	
6265074674000	6256316382772	None	Fixation	(28.69, 163.04)	(360.83, 163.34)	6235.704	0.2666016	NaN	NaN	NaN	
6265091341000	6256333049782	None	Fixation	(28.78, 162.97)	(361.11, 163.43)	6235.704	0.2836914	NaN	NaN	NaN	
6265108006000	6256349714340	None	Fixation	(27.16, 163.93)	(361.13, 163.30)	6235.704	0.300293	NaN	NaN	NaN	
6265124672000	6256366380158	None	Fixation	(28.04, 163.01)	(361.67, 163.34)	6235.704	0.3168945	NaN	NaN	NaN	
6265141339000	6256383046944	None	Fixation	(28.29, 162.81)	(361.84, 163.49)	6235.704	0.3334961	NaN	NaN	NaN	
6265158005000	6256399712723	None	Fixation	(27.92, 162.77)	(361.60, 163.49)	6235.704	0.3500977	NaN	NaN	NaN	
6265174672000	6256416379545	None	Fixation	(28.32, 162.73)	(361.65, 163.55)	6235.704	0.3666992	NaN	NaN	NaN	
6265191338000	6256433045314	None	Fixation	(27.88, 163.12)	(361.24, 163.55)	6235.704	0.3833008	NaN	NaN	NaN	
6265208005000	6256449712114	None	Fixation	(29.13, 162.99)	(360.84, 163.76)	6235.704	0.4003906	NaN	NaN	NaN	
6265224671000	6256466377910	None	Fixation	(29.55, 163.03)	(359.95, 163.61)	6235.704	0.4169922	NaN	NaN	NaN	
6265241340000	6256483047036	None	Fixation	(29.94, 163.24)	(359.84, 163.59)	6235.704	0.4335938	NaN	NaN	NaN	
6265258006000	6256499712546	None	Fixation	(30.06, 163.20)	(359.84, 163.72)	6235.704	0.4501953	NaN	NaN	NaN	
6265274671000	6256516377298	None	Fixation	(30.01, 163.48)	(359.34, 163.50)	6235.704	0.4667969	NaN	NaN	NaN	
6265291337000	6256533043096	None	Fixation	(29.84, 163.47)	(359.32, 163.49)	6235.704	0.4833984	NaN	NaN	NaN	
6265308004000	6256549709906	None	Fixation	(29.96, 163.29)	(359.61, 163.18)	6235.704	0.5	NaN	NaN	NaN	
6265324670000	6256566375693	None	Fixation	(29.14, 163.17)	(360.37, 163.03)	6235.704	0.5166016	NaN	NaN	NaN	
6265341337000	6256583042485	None	Fixation	(29.34, 163.08)	(360.30, 163.27)	6235.704	0.5336914	NaN	NaN	NaN	
6265358003000	6256599708283	None	Fixation	(29.05, 163.17)	(360.46, 163.54)	6235.704	0.550293	NaN	NaN	NaN	
6265374672000	6256616377618	None	Fixation	(29.29, 163.07)	(360.18, 163.56)	6235.704	0.5668945	NaN	NaN	NaN	
6265391338000	6256633042872	None	Fixation	(29.88, 163.11)	(359.57, 163.59)	6235.704	0.5834961	NaN	NaN	NaN	
6265408005000	6256649709832	None	Fixation	(30.27, 162.97)	(360.04, 163.65)	6235.704	0.6000977	NaN	NaN	NaN	
6265424671000	6256666375738	None	Fixation	(29.31, 163.08)	(360.26, 163.62)	6235.704	0.6166992	NaN	NaN	NaN	
6265441335000	6256683039245	None	Fixation	(29.13, 162.90)	(360.47, 163.86)	6235.704	0.6333008	NaN	NaN	NaN	
6265458002000	6256699706029	None	Fixation	(29.44, 163.19)	(360.68, 163.96)	6235.704	0.6499023	NaN	NaN	NaN	
6265458002000	6256699706012	None	Fixation	(29.44, 163.19)	(360.68, 163.96)	6235.704	0.6499023	NaN	NaN	NaN	
6265491337000	6256733040613	None	Fixation	(28.84, 162.90)	(361.25, 163.94)	6235.704	0.6835938	NaN	NaN	NaN	
6265508001000	6256749704431	None	Fixation	(27.71, 163.49)	(361.81, 164.13)	6235.704	0.7001953	NaN	NaN	NaN	
6265524668000	6256766371249	None	Fixation	(28.32, 162.73)	(361.74, 164.15)	6235.704	0.7167969	NaN	NaN	NaN	
6265524668000	6256766371234	None	Fixation	(28.32, 162.73)	(361.74, 164.15)	6235.704	0.7167969	NaN	NaN	NaN	
6265541334000	6256783037030	None	Fixation	(28.34, 162.59)	(361.53, 164.01)	6235.704	0.7333984	NaN	NaN	NaN	
6265558001000	6256799703809	None	Fixation	(28.31, 162.88)	(361.63, 164.08)	6235.704	0.75	NaN	NaN	NaN	
6265574667000	6256816369894	None	Fixation	(29.00, 162.66)	(361.23, 164.01)	6235.704	0.7666016	NaN	NaN	NaN	
6265591334000	6256833036393	None	Fixation	(29.02, 162.81)	(361.05, 164.02)	6235.704	0.7836914	NaN	NaN	NaN	
6265608000000	6256849702446	None	Fixation	(28.97, 162.86)	(360.99, 164.02)	6235.704	0.800293	NaN	NaN	NaN	
6265624667000	6256866369365	None	Fixation	(28.51, 162.83)	(360.95, 164.01)	6235.704	0.8168945	NaN	NaN	NaN	
6265641333000	6256883034808	None	Fixation	(28.88, 162.63)	(361.45, 164.18)	6235.704	0.8334961	NaN	NaN	NaN	
6265658000000	6256899701604	None	Fixation	(28.99, 162.48)	(361.04, 164.01)	6235.704	0.8500977	NaN	NaN	NaN	
6265674667000	6256916368368	None	Fixation	(28.87, 162.43)	(361.75, 164.22)	6235.704	0.8666992	NaN	NaN	NaN	
6265691333000	6256933034178	None	Fixation	(28.78, 162.18)	(361.95, 164.13)	6235.704	0.8833008	NaN	NaN	NaN	
6265707999000	6256949700555	None	Fixation	(28.50, 161.87)	(362.22, 164.27)	6235.704	0.8999023	NaN	NaN	NaN	
6265724666000	6256966366796	None	Fixation	(28.85, 161.87)	(362.03, 164.31)	6235.704	0.9169922	NaN	NaN	NaN	
6265741333000	6256983033974	None	Fixation	(29.21, 161.79)	(361.98, 164.61)	6235.704	0.9335938	NaN	NaN	NaN	
6265757999000	6256999699712	None	Fixation	(30.64, 161.71)	(361.72, 164.68)	6235.704	0.9501953	NaN	NaN	NaN	
6265774666000	6257016366167	None	Fixation	(29.43, 161.91)	(361.83, 164.80)	6235.704	0.9667969	NaN	NaN	NaN	
6265791332000	6257033032175	None	Fixation	(30.96, 161.97)	(361.83, 164.86)	6235.704	0.9833984	NaN	NaN	NaN	
6265808000000	6257049699718	None	Fixation	(30.39, 161.94)	(361.66, 164.94)	6235.704	1	NaN	NaN	NaN	
6265824667000	6257066366526	None	Fixation	(30.50, 161.89)	(361.83, 164.94)	6235.704	1.016602	NaN	NaN	NaN	
6265841332000	6257083031335	None	Fixation	(30.56, 161.77)	(361.59, 164.85)	6235.704	1.033691	NaN	NaN	NaN	
6265857998000	6257099697119	None	Fixation	(29.22, 161.94)	(361.51, 164.76)	6235.704	1.050293	NaN	NaN	NaN	
6265874665000	6257116363927	None	Fixation	(29.85, 161.90)	(361.55, 164.74)	6235.704	1.066895	NaN	NaN	NaN	
6265891331000	6257133029720	None	Fixation	(30.47, 161.86)	(361.45, 164.61)	6235.704	1.083496	NaN	NaN	NaN	
6265908000000	6257149698497	None	Fixation	(30.31, 161.80)	(361.75, 165.06)	6235.704	1.100098	NaN	NaN	NaN	
6265924666000	6257166364317	None	Fixation	(29.57, 162.15)	(361.67, 165.35)	6235.704	1.116699	NaN	NaN	NaN	
6265941331000	6257183029095	None	WinkLeft	(29.74, 163.26)	(361.02, 166.96)	NaN	NaN	NaN	NaN	NaN	
6265957997000	6257199694866	None	Blink	(30.86, 164.07)	(361.59, 169.04)	NaN	NaN	NaN	NaN	NaN	
6265991330000	6257233027701	None	Blink	(35.84, 167.69)	(0.00, 0.00)	NaN	NaN	NaN	NaN	NaN	
6266007997000	6257249694483	None	Blink	(0.00, 0.00)	(0.00, 0.00)	NaN	NaN	NaN	NaN	NaN	
6266007997000	6257249694287	None	Blink	(0.00, 0.00)	(0.00, 0.00)	NaN	NaN	NaN	NaN	NaN	
6266024663000	6257266360078	None	Blink	(0.00, 0.00)	(0.00, 0.00)	NaN	NaN	NaN	NaN	NaN	
6266041330000	6257283026875	None	Blink	(28.38, 162.25)	(0.00, 0.00)	NaN	NaN	NaN	NaN	NaN	
6266057996000	6257299692661	None	Blink	(34.25, 148.93)	(359.11, 165.89)	NaN	NaN	NaN	NaN	NaN	
6266074663000	6257316359463	None	Blink	(30.15, 161.93)	(362.88, 166.18)	NaN	NaN	NaN	NaN	NaN	
6266091329000	6257333025273	None	Blink	(29.52, 161.72)	(363.00, 166.00)	NaN	NaN	NaN	NaN	NaN	
6266107998000	6257349694056	None	Blink	(28.69, 161.73)	(362.82, 165.56)	NaN	NaN	NaN	NaN	NaN	
6266124664000	6257366359840	None	Blink	(28.97, 161.40)	(362.49, 165.37)	NaN	NaN	NaN	NaN	NaN	
6266141331000	6257383026626	None	Blink	(29.32, 161.39)	(362.25, 165.14)	NaN	NaN	NaN	NaN	NaN	
6266157997000	6257399692423	None	WinkRight	(28.79, 161.24)	(362.20, 165.10)	NaN	NaN	NaN	NaN	NaN	
6266174664000	6257416359207	None	WinkRight	(28.95, 161.13)	(362.21, 164.99)	NaN	NaN	NaN	NaN	NaN	
6266191330000	6257433025006	None	Fixation	(28.89, 161.33)	(361.96, 164.95)	6235.704	1.383301	NaN	NaN	NaN	
6266207995000	6257449689823	None	Fixation	(28.64, 161.28)	(361.96, 164.78)	6235.704	1.399902	NaN	NaN	NaN	
6266224662000	6257466356606	None	Fixation	(28.78, 161.18)	(361.89, 164.66)	6235.704	1.416992	NaN	NaN	NaN	
6266241328000	6257483022770	None	Saccade	(33.15, 157.31)	(364.32, 169.12)	6237.121	0.01660156	71.80852	2.393617	189.9196	
6266257995000	6257499689592	None	Saccade	(40.46, 151.04)	(368.22, 178.69)	6237.121	0.03320313	118.5095	6.343734	192.3773	
6266274662000	6257516356257	None	Unknown	(41.16, 148.89)	(369.60, 180.61)	NaN	NaN	NaN	NaN	NaN	
6266291328000	6257533021802	None	Pursuit	(41.44, 149.31)	(368.77, 180.83)	6237.17	0.01660156	6.253196	0.2084399	313.5021	
6266307994000	6257549687582	None	Pursuit	(41.36, 149.22)	(369.12, 180.47)	6237.17	0.03320313	1.480649	0.1595109	315.5353	
6266324661000	6257566354368	None	Unknown	(41.39, 148.86)	(369.76, 180.28)	NaN	NaN	NaN	NaN	NaN	
6266341326000	6257583019146	None	Fixation	(40.71, 148.46)	(369.23, 180.27)	6237.22	0.01708984	NaN	NaN	NaN	
6266357993000	6257599685948	None	Fixation	(40.97, 148.58)	(369.20, 180.19)	6237.22	0.03369141	NaN	NaN	NaN	
6266374659000	6257616352074	None	Fixation	(41.27, 148.99)	(369.06, 180.04)	6237.22	0.05029297	NaN	NaN	NaN	
6266391326000	6257633018540	None	Fixation	(41.74, 149.10)	(369.15, 180.06)	6237.22	0.06689453	NaN	NaN	NaN	
6266407992000	6257649684353	None	Fixation	(41.51, 149.03)	(369.45, 180.12)	6237.22	0.08349609	NaN	NaN	NaN	
6266424659000	6257666351190	None	Fixation	(40.75, 148.89)	(369.82, 180.15)	6237.22	0.1000977	NaN	NaN	NaN	
6266441325000	6257683016956	None	Fixation	(41.22, 148.75)	(369.51, 180.05)	6237.22	0.1166992	NaN	NaN	NaN	
6266457992000	6257699683718	None	Fixation	(40.63, 148.82)	(369.87, 180.19)	6237.22	0.1333008	NaN	NaN	NaN	
6266474658000	6257716349548	None	Fixation	(40.47, 148.92)	(369.89, 180.34)	6237.22	0.1503906	NaN	NaN	NaN	
6266507991000	6257749682326	None	Fixation	(41.05, 148.97)	(369.84, 180.26)	6237.22	0.1835938	NaN	NaN	NaN	
6266524658000	6257766349134	None	Fixation	(41.33, 148.07)	(370.42, 181.32)	6237.22	0.2001953	NaN	NaN	NaN	
6266541325000	6257783016228	None	Fixation	(40.59, 148.37)	(370.38, 181.09)	6237.22	0.2167969	NaN	NaN	NaN	
6266557991000	6257799682034	None	Fixation	(40.58, 148.63)	(370.06, 180.73)	6237.22	0.2333984	NaN	NaN	NaN	
6266557991000	6257799681832	None	Fixation	(40.58, 148.63)	(370.06, 180.73)	6237.22	0.2333984	NaN	NaN	NaN	
6266591324000	6257833014307	None	Fixation	(40.62, 148.44)	(370.29, 180.26)	6237.22	0.2670898	NaN	NaN	NaN	
6266591324000	6257833014106	None	Fixation	(40.62, 148.44)	(370.29, 180.26)	6237.22	0.2670898	NaN	NaN	NaN	
6266607991000	6257849680874	None	Fixation	(39.86, 148.37)	(370.60, 180.36)	6237.22	0.2836914	NaN	NaN	NaN	
6266641324000	6257883013686	None	Fixation	(39.01, 148.61)	(370.83, 179.92)	6237.22	0.3168945	NaN	NaN	NaN	
6266657990000	6257899679460	None	Fixation	(39.02, 148.43)	(371.04, 179.70)	6237.22	0.3334961	NaN	NaN	NaN	
6266674657000	6257916346258	None	Fixation	(39.03, 148.54)	(371.24, 179.78)	6237.22	0.3500977	NaN	NaN	NaN	
6266691323000	6257933012286	None	Fixation	(38.62, 148.57)	(371.21, 179.51)	6237.22	0.3666992	NaN	NaN	NaN	
6266707990000	6257949679230	None	Fixation	(38.48, 148.71)	(371.13, 179.27)	6237.22	0.3833008	NaN	NaN	NaN	
6266724656000	6257966344644	None	Fixation	(38.85, 148.60)	(371.26, 179.44)	6237.22	0.4003906	NaN	NaN	NaN	
6266741323000	6257983011764	None	Fixation	(38.55, 148.67)	(371.06, 179.29)	6237.22	0.4169922	NaN	NaN	NaN	
6266757989000	6257999677237	None	Fixation	(38.59, 148.61)	(371.03, 179.18)	6237.22	0.4335938	NaN	NaN	NaN	
6266757989000	6257999677008	None	Fixation	(38.59, 148.61)	(371.03, 179.18)	6237.22	0.4335938	NaN	NaN	NaN	
6266774656000	6258016343914	None	Fixation	(38.79, 148.58)	(370.93, 179.01)	6237.22	0.4501953	NaN	NaN	NaN	
6266791322000	6258033009622	None	Fixation	(38.97, 148.73)	(370.60, 179.07)	6237.22	0.4667969	NaN	NaN	NaN	
6266824657000	6258066344913	None	WinkLeft	(38.92, 148.85)	(370.12, 178.54)	NaN	NaN	NaN	NaN	NaN	
6266824657000	6258066344497	None	WinkLeft	(38.92, 148.85)	(370.12, 178.54)	NaN	NaN	NaN	NaN	NaN	
6266841322000	6258083008993	None	WinkLeft	(39.31, 148.90)	(369.95, 178.42)	NaN	NaN	NaN	NaN	NaN	
6266874655000	6258116342258	None	WinkLeft	(39.17, 150.11)	(368.63, 178.60)	NaN	NaN	NaN	NaN	NaN	
6266891321000	6258133007951	None	Blink	(41.67, 151.44)	(366.98, 179.71)	NaN	NaN	NaN	NaN	NaN	
6266891321000	6258133007419	None	Blink	(41.67, 151.44)	(366.98, 179.71)	NaN	NaN	NaN	NaN	NaN	
6266924654000	6258166340187	None	Blink	(37.66, 149.24)	(361.04, 181.08)	NaN	NaN	NaN	NaN	NaN	
6266941321000	6258183006991	None	Blink	(37.99, 150.28)	(361.48, 181.10)	NaN	NaN	NaN	NaN	NaN	
6266957988000	6258199673812	None	Blink	(43.82, 140.94)	(367.22, 179.45)	NaN	NaN	NaN	NaN	NaN	
6266974654000	6258216339585	None	Blink	(39.81, 147.94)	(367.52, 178.25)	NaN	NaN	NaN	NaN	NaN	
6266991321000	6258233006349	None	Blink	(39.80, 151.22)	(367.39, 178.17)	NaN	NaN	NaN	NaN	NaN	
6267007987000	6258249672168	None	Blink	(39.32, 151.16)	(367.47, 177.89)	NaN	NaN	NaN	NaN	NaN	
6267024654000	6258266338983	None	Blink	(39.21, 150.89)	(367.23, 177.61)	NaN	NaN	NaN	NaN	NaN	
6267041320000	6258283004751	None	Blink	(38.61, 150.81)	(367.93, 177.48)	NaN	NaN	NaN	NaN	NaN	
6267057987000	6258299671556	None	Blink	(38.99, 150.81)	(367.67, 177.12)	NaN	NaN	NaN	NaN	NaN	
6267074654000	6258316338369	None	WinkRight	(38.97, 150.86)	(367.18, 176.93)	NaN	NaN	NaN	NaN	NaN	
6267091320000	6258333004528	None	Saccade	(39.05, 150.97)	(366.78, 176.74)	6237.687	0.300293	55.05452	1.83515	314.3791	
6267107987000	6258349670935	None	Saccade	(39.98, 151.29)	(366.05, 176.68)	6237.987	0.01660156	12.11588	0.4038627	276.0732	
6267124654000	6258366337738	None	Pursuit	(40.49, 151.34)	(366.21, 176.79)	6237.987	0.03320313	6.334843	0.6110439	271.3654	
6267141320000	6258383003513	None	Pursuit	(39.96, 154.76)	(361.94, 174.25)	6237.987	0.04980469	42.52569	1.596733	333.45	
6267141320000	6258383003340	None	Pursuit	(39.96, 154.76)	(361.94, 174.25)	6237.987	0.04980469	42.52569	1.596733	333.45	
6267157987000	6258399670103	None	Saccade	(44.51, 160.21)	(352.50, 172.79)	6238.037	0.01660156	117.5501	3.918336	291.7863	
6267174654000	6258416336932	None	Saccade	(49.93, 164.61)	(344.88, 173.07)	6238.054	0.01660156	85.83167	2.861056	296.0942	
6267191320000	6258433002817	None	Pursuit	(51.55, 164.75)	(342.12, 172.96)	6238.07	0.01660156	34.05018	1.135006	285.4037	
6267207985000	6258449668101	None	Pursuit	(51.62, 163.86)	(342.15, 172.21)	6238.087	0.01660156	11.00435	0.3668118	171.6451	
6267224652000	6258466334312	None	Pursuit	(51.75, 163.58)	(342.14, 172.78)	6238.087	0.03369141	3.823577	0.4890039	176.5491	
6267241318000	6258483000094	None	Unknown	(52.28, 163.48)	(342.55, 172.74)	NaN	NaN	NaN	NaN	NaN	
6267257985000	6258499666891	None	Fixation	(52.17, 163.06)	(342.81, 172.46)	6238.137	0.01660156	NaN	NaN	NaN	
6267274653000	6258516334645	None	Fixation	(51.53, 162.99)	(343.02, 172.38)	6238.137	0.03320313	NaN	NaN	NaN	
6267307984000	6258549665467	None	Fixation	(51.20, 162.34)	(343.75, 172.75)	6238.137	0.06640625	NaN	NaN	NaN	
6267307984000	6258549665254	None	Fixation	(51.20, 162.34)	(343.75, 172.75)	6238.137	0.06640625	NaN	NaN	NaN	
6267324651000	6258566332038	None	Fixation	(51.42, 162.53)	(344.10, 172.61)	6238.137	0.08300781	NaN	NaN	NaN	
6267341319000	6258582999861	None	Saccade	(51.98, 166.41)	(339.00, 171.29)	6238.22	0.01708984	48.20168	2.159018	318.1717	
6267374650000	6258616331049	None	Pursuit	(54.50, 167.75)	(336.65, 172.28)	6238.22	0.05029297	1.304148	2.484092	316.4485	
6267374650000	6258616330434	None	Pursuit	(54.50, 167.75)	(336.65, 172.28)	6238.22	0.05029297	1.304148	2.484092	316.4485	
6267391317000	6258632997231	None	Pursuit	(54.48, 167.65)	(336.77, 172.02)	6238.22	0.06689453	1.191781	2.445575	316.2223	
6267407986000	6258649666004	None	Unknown	(53.25, 167.02)	(337.84, 171.72)	NaN	NaN	NaN	NaN	NaN	
6267441317000	6258682996831	None	Saccade	(51.95, 166.01)	(339.69, 170.89)	6238.32	0.01660156	8.076287	0.2692096	68.54851	
6267441317000	6258682996588	None	Saccade	(51.95, 166.01)	(339.69, 170.89)	6238.32	0.01660156	8.076287	0.2692096	68.54851	
6267457983000	6258699662400	None	Pursuit	(52.27, 165.78)	(340.36, 171.12)	6238.32	0.03320313	8.736081	0.5016025	96.17564	
6267474652000	6258716331206	None	Fixation	(50.83, 165.29)	(340.89, 170.85)	6238.304	0.06689453	NaN	NaN	NaN	
6267491318000	6258732997008	None	Fixation	(50.30, 165.36)	(341.43, 170.60)	6238.304	0.08349609	NaN	NaN	NaN	
6267507983000	6258749661745	None	Fixation	(50.42, 165.06)	(342.30, 170.54)	6238.304	0.1000977	NaN	NaN	NaN	
6267524649000	6258766327577	None	Fixation	(49.47, 164.94)	(342.57, 170.29)	6238.304	0.1166992	NaN	NaN	NaN	
6267541318000	6258782996379	None	Fixation	(49.81, 164.85)	(343.05, 169.94)	6238.304	0.1333008	NaN	NaN	NaN	
6267557984000	6258799662171	None	Fixation	(49.48, 165.60)	(342.16, 169.87)	6238.304	0.1499023	NaN	NaN	NaN	
6267574649000	6258816327269	None	Saccade	(51.68, 168.20)	(337.66, 170.22)	6238.454	0.01660156	41.95195	1.848814	292.7187	
6267607982000	6258849659768	None	Pursuit	(52.84, 168.21)	(337.27, 170.87)	6238.454	0.05029297	2.946548	1.74504	294.8586	
6267624648000	6258866325649	None	Pursuit	(54.78, 166.84)	(337.63, 171.42)	6238.454	0.06689453	29.20373	2.233539	270.2328	
6267624648000	6258866325430	None	Pursuit	(54.78, 166.84)	(337.63, 171.42)	6238.454	0.06689453	29.20373	2.233539	270.2328	
6267641316000	6258882993126	None	Pursuit	(55.83, 165.83)	(337.64, 171.81)	6238.454	0.08349609	17.88425	2.604366	259.1268	
6267674648000	6258916325091	None	Pursuit	(59.59, 164.35)	(337.19, 173.15)	6238.454	0.1166992	24.76241	4.174434	249.9523	
6267674648000	6258916324760	None	Pursuit	(59.59, 164.35)	(337.19, 173.15)	6238.454	0.1166992	24.76241	4.174434	249.9523	
6267691314000	6258932990532	None	Pursuit	(60.28, 163.98)	(337.21, 173.88)	6238.454	0.1333008	9.667315	4.477388	248.4968	
6267707983000	6258949659328	None	Pursuit	(58.77, 162.86)	(338.06, 174.36)	6238.454	0.1499023	23.21481	3.969092	240.5602	
6267741314000	6258982990523	None	Saccade	(54.99, 162.35)	(340.78, 173.57)	6238.621	0.01660156	14.63689	0.4878964	67.47617	
6267741314000	6258982989893	None	Saccade	(54.99, 162.35)	(340.78, 173.57)	6238.621	0.01660156	14.63689	0.4878964	67.47617	
6267774647000	6259016322721	None	Pursuit	(52.97, 163.96)	(340.16, 172.19)	6238.454	0.2167969	11.63113	1.578845	231.8345	
6267791314000	6259032989539	None	Pursuit	(56.31, 165.99)	(335.96, 173.24)	6238.454	0.2333984	48.07946	2.802983	260.299	
6267791314000	6259032989305	None	Pursuit	(56.31, 165.99)	(335.96, 173.24)	6238.454	0.2333984	48.07946	2.802983	260.299	
6267807980000	6259049655091	None	Pursuit	(57.35, 166.18)	(335.36, 173.63)	6238.454	0.25	13.02621	3.23413	261.2783	
6267824647000	6259066321889	None	Pursuit	(57.31, 166.25)	(334.56, 173.44)	6238.454	0.2666016	0.9072565	3.219554	261.7488	
6267857980000	6259099654692	None	Unknown	(55.26, 166.89)	(335.96, 171.40)	NaN	NaN	NaN	NaN	NaN	
6267874646000	6259116320726	None	Saccade	(54.60, 166.71)	(336.94, 170.61)	6238.754	0.01660156	15.3908	0.5130268	64.12563	
6267891313000	6259132987599	None	Pursuit	(53.89, 166.70)	(337.19, 170.06)	6238.754	0.03320313	7.505168	0.7452719	55.50034	
6267907979000	6259149653429	None	Pursuit	(53.24, 167.01)	(337.36, 169.54)	6238.754	0.04980469	6.781123	0.9556786	49.89068	
6267924646000	6259166319836	None	Fixation	(52.71, 167.48)	(337.43, 168.83)	6238.754	0.06640625	NaN	NaN	NaN	
6267941313000	6259182986650	None	Fixation	(51.29, 167.99)	(337.57, 167.81)	6238.754	0.08300781	NaN	NaN	NaN	
6267957980000	6259199653466	None	Saccade	(50.61, 168.21)	(337.25, 167.37)	6238.837	0.01660156	8.724866	0.2908289	58.90439	
6267974645000	6259216318258	None	Pursuit	(49.66, 168.78)	(337.04, 166.18)	6238.837	0.03369141	13.58447	0.7393652	51.22482	
6267974645000	6259216318038	None	Pursuit	(49.66, 168.78)	(337.04, 166.18)	6238.837	0.03369141	13.58447	0.7393652	51.22482	
6268007977000	6259249649788	None	Pursuit	(51.58, 171.38)	(334.65, 165.42)	6238.837	0.06689453	31.28329	1.39216	342.0513	
6268007977000	6259249649579	None	Pursuit	(51.58, 171.38)	(334.65, 165.42)	6238.837	0.06689453	31.28329	1.39216	342.0513	
6268041310000	6259282982720	None	Fixation	(51.34, 170.36)	(335.43, 165.69)	6238.92	0.01660156	NaN	NaN	NaN	
6268057977000	6259299649232	None	Fixation	(50.80, 170.80)	(334.40, 165.13)	6238.937	0.01660156	NaN	NaN	NaN	
6268074643000	6259316315027	None	Fixation	(50.31, 170.77)	(334.25, 164.42)	6238.937	0.03320313	NaN	NaN	NaN	
6268091310000	6259332981793	None	Fixation	(50.29, 170.94)	(333.47, 163.51)	6238.937	0.05029297	NaN	NaN	NaN	
6268107977000	6259349648583	None	Fixation	(50.46, 170.92)	(333.31, 163.10)	6238.937	0.06689453	NaN	NaN	NaN	
6268124643000	6259366314377	None	Fixation	(50.64, 170.92)	(333.93, 162.65)	6238.937	0.08349609	NaN	NaN	NaN	
6268141309000	6259382980176	None	Fixation	(52.82, 170.91)	(333.37, 162.78)	6238.937	0.1000977	NaN	NaN	NaN	
6268157976000	6259399646952	None	Saccade	(55.10, 171.56)	(332.72, 162.86)	6239.037	0.01660156	29.11782	0.970594	272.8981	
6268157976000	6259399646782	None	Saccade	(55.10, 171.56)	(332.72, 162.86)	6239.037	0.01660156	29.11782	0.970594	272.8981	
6268191309000	6259432979483	None	Pursuit	(58.94, 173.98)	(331.38, 161.88)	6239.037	0.04980469	7.07454	2.805443	283.654	
6268207976000	6259449646365	None	Pursuit	(59.94, 174.49)	(331.23, 160.88)	6239.037	0.06640625	13.85329	3.267219	283.6723	
6268224642000	6259466312455	None	Pursuit	(61.21, 175.67)	(330.74, 159.08)	6239.037	0.08349609	21.23205	3.951603	286.5476	
6268241310000	6259482979940	None	Pursuit	(62.69, 176.76)	(330.41, 157.48)	6239.037	0.1000977	22.62767	4.701148	287.6664	
6268241310000	6259482979720	None	Pursuit	(62.69, 176.76)	(330.41, 157.48)	6239.037	0.1000977	22.62767	4.701148	287.6664	
6268274642000	6259516311530	None	Pursuit	(69.43, 175.30)	(330.29, 157.13)	6239.037	0.1333008	45.17625	7.042707	271.8004	
6268291308000	6259532977338	None	Pursuit	(72.75, 173.81)	(331.55, 157.53)	6239.037	0.1499023	44.73211	8.254981	265.2733	
6268307974000	6259549643118	None	Pursuit	(74.35, 173.44)	(332.16, 157.18)	6239.037	0.1665039	20.1801	8.884434	263.6861	
6268307974000	6259549642924	None	Pursuit	(74.35, 173.44)	(332.16, 157.18)	6239.037	0.1665039	20.1801	8.884434	263.6861	
6268341310000	6259582979062	None	Saccade	(71.85, 175.30)	(332.25, 153.69)	6239.22	0.01708984	32.59184	1.086395	31.63546	
6268357976000	6259599644856	None	Pursuit	(73.84, 174.66)	(330.27, 154.60)	6239.22	0.03369141	26.76585	0.8058615	337.8161	
6268374641000	6259616309267	None	Saccade	(79.21, 174.68)	(326.79, 156.92)	6239.254	0.01660156	66.01999	2.200666	257.2344	
6268374641000	6259616309068	None	Saccade	(79.21, 174.68)	(326.79, 156.92)	6239.254	0.01660156	66.01999	2.200666	257.2344	
6268407976000	6259649643951	None	Pursuit	(84.28, 174.64)	(325.27, 157.55)	6239.254	0.04980469	33.77776	4.277701	256.8678	
6268424642000	6259666309696	None	Pursuit	(84.83, 174.12)	(325.58, 157.26)	6239.254	0.06640625	9.328195	4.510024	254.1717	
6268441307000	6259682974481	None	Pursuit	(83.37, 173.55)	(326.08, 157.43)	6239.254	0.08300781	19.23162	3.933892	250.3472	
6268441307000	6259682974242	None	Pursuit	(83.37, 173.55)	(326.08, 157.43)	6239.254	0.08300781	19.23162	3.933892	250.3472	
6268474640000	6259716307127	None	Pursuit	(76.87, 171.23)	(327.89, 158.15)	6239.254	0.1166992	49.54414	1.878236	208.3807	
6268491306000	6259732972834	None	Saccade	(72.23, 171.32)	(329.12, 157.42)	6239.371	0.01660156	17.48011	0.5826705	72.2958	
6268507974000	6259749640631	None	Pursuit	(68.24, 171.67)	(330.91, 156.76)	6239.254	0.1499023	49.2767	2.604912	105.1009	
6268524640000	6259766306808	None	Pursuit	(65.37, 171.56)	(331.83, 156.21)	6239.254	0.1665039	35.35824	3.700536	97.07735	
6268541305000	6259782971226	None	Pursuit	(62.80, 171.91)	(331.62, 156.45)	6239.254	0.1831055	31.88837	4.66701	90.97411	
6268557971000	6259799637125	None	Pursuit	(61.26, 171.74)	(331.13, 156.99)	6239.254	0.199707	19.07787	5.298069	90.06895	
6268574638000	6259816303915	None	Saccade	(63.05, 171.28)	(328.68, 159.52)	6239.454	0.01660156	43.31874	1.443958	237.0212	
6268591305000	6259832970694	None	Pursuit	(61.62, 170.94)	(328.55, 160.06)	6239.254	0.2333984	18.03378	5.238145	93.94428	
6268607973000	6259849638405	None	Pursuit	(61.52, 170.82)	(328.80, 160.82)	6239.454	0.05029297	9.901409	1.840196	224.3502	
6268624639000	6259866304721	None	Pursuit	(59.80, 171.13)	(328.11, 160.19)	6239.454	0.06689453	11.4754	1.804191	236.3468	
6268641304000	6259882969283	None	Saccade	(59.09, 171.86)	(329.18, 159.08)	6239.521	0.01660156	12.47985	0.4159949	31.0704	
6268657971000	6259899635804	None	Fixation	(59.59, 171.53)	(330.12, 158.64)	6239.537	0.01660156	NaN	NaN	NaN	
6268657971000	6259899635608	None	Fixation	(59.59, 171.53)	(330.12, 158.64)	6239.537	0.01660156	NaN	NaN	NaN	
6268691304000	6259932968422	None	Saccade	(62.74, 169.66)	(331.77, 162.25)	6239.57	0.01660156	32.74988	1.091663	226.9127	
6268707970000	6259949634176	None	Pursuit	(63.52, 167.92)	(332.51, 164.01)	6239.57	0.03320313	23.39235	1.783254	212.082	
6268724637000	6259966301054	None	Pursuit	(62.59, 166.85)	(333.35, 165.04)	6239.57	0.05029297	17.42168	1.915186	194.4792	
6268741303000	6259982966773	None	Pursuit	(61.80, 166.88)	(333.81, 165.39)	6239.57	0.06689453	9.751966	1.777136	185.3296	
6268757970000	6259999633582	None	Pursuit	(60.81, 166.73)	(334.50, 165.53)	6239.57	0.08349609	12.24765	1.75372	172.0719	
6268774635000	6260016298331	None	Pursuit	(59.85, 167.01)	(334.65, 165.50)	6239.57	0.1000977	12.3357	1.651409	158.6326	
6268791302000	6260032965156	None	Pursuit	(58.68, 168.44)	(334.41, 164.54)	6239.57	0.1166992	22.81674	1.269236	132.3803	
6268807970000	6260049632958	None	Pursuit	(58.10, 170.52)	(333.73, 163.03)	6239.57	0.1333008	26.47508	0.9764622	88.46632	
6268824637000	6260066299703	None	Saccade	(58.04, 171.98)	(333.24, 162.16)	6239.704	0.01660156	12.20634	0.4068781	343.8612	
6268841303000	6260082965573	None	Pursuit	(58.92, 172.39)	(333.46, 162.60)	6239.57	0.1665039	12.05233	0.8453595	34.12469	
6268857970000	6260099632348	None	Pursuit	(59.40, 172.08)	(333.71, 163.27)	6239.57	0.1835938	6.9684	0.6177717	30.44115	
6268874636000	6260116298129	None	Pursuit	(61.60, 172.35)	(331.62, 164.57)	6239.57	0.2001953	27.22523	0.7341322	306.5815	
6268891303000	6260132965151	None	Saccade	(61.32, 172.18)	(331.47, 164.51)	6239.771	0.01660156	1.920658	0.06402193	305.5045	
6268907967000	6260149628768	None	Pursuit	(60.88, 172.16)	(331.65, 165.09)	6239.771	0.03320313	7.488392	0.2152674	190.0014	
6268924634000	6260166295569	None	Fixation	(60.70, 172.16)	(331.45, 165.12)	6239.804	0.01660156	NaN	NaN	NaN	
6268941300000	6260182961442	None	Fixation	(60.77, 171.94)	(331.51, 165.30)	6239.804	0.03320313	NaN	NaN	NaN	
6268957967000	6260199628084	None	Fixation	(60.78, 171.98)	(331.22, 165.37)	6239.804	0.04980469	NaN	NaN	NaN	
6268974635000	6260216295934	None	Fixation	(61.12, 171.85)	(331.32, 165.65)	6239.804	0.06689453	NaN	NaN	NaN	
6268991302000	6260232962662	None	Fixation	(60.86, 171.90)	(331.48, 165.96)	6239.804	0.08349609	NaN	NaN	NaN	
6269007967000	6260249627561	None	Fixation	(61.42, 171.59)	(331.49, 166.57)	6239.804	0.1000977	NaN	NaN	NaN	
6269024633000	6260266293373	None	Fixation	(62.27, 171.19)	(331.11, 167.06)	6239.804	0.1166992	NaN	NaN	NaN	
6269041299000	6260282959078	None	Fixation	(62.43, 171.44)	(330.89, 167.29)	6239.804	0.1333008	NaN	NaN	NaN	
6269057966000	6260299625843	None	Fixation	(62.69, 171.54)	(330.78, 167.51)	6239.804	0.1499023	NaN	NaN	NaN	
6269074633000	6260316292650	None	Fixation	(62.74, 171.44)	(330.75, 167.49)	6239.804	0.1665039	NaN	NaN	NaN	
6269074633000	6260316292449	None	Fixation	(62.74, 171.44)	(330.75, 167.49)	6239.804	0.1665039	NaN	NaN	NaN	
6269107968000	6260349627294	None	Fixation	(62.09, 171.16)	(331.14, 167.34)	6239.804	0.2001953	NaN	NaN	NaN	
6269124634000	6260366293021	None	Fixation	(61.18, 170.98)	(331.85, 167.02)	6239.804	0.2167969	NaN	NaN	NaN	
6269141300000	6260382958822	None	Fixation	(60.76, 170.87)	(332.51, 166.85)	6239.804	0.2333984	NaN	NaN	NaN	
6269157967000	6260399625849	None	Fixation	(59.93, 170.54)	(333.68, 166.87)	6239.804	0.25	NaN	NaN	NaN	
6269174632000	6260416290397	None	Saccade	(58.72, 170.35)	(334.80, 166.70)	6240.054	0.01660156	14.00142	0.466714	94.3981	
6269191298000	6260432956217	None	Pursuit	(58.21, 169.66)	(335.49, 166.54)	6240.054	0.03320313	8.62774	0.7537145	92.6181	
6269207965000	6260449623050	None	Pursuit	(57.60, 169.19)	(336.41, 166.37)	6240.054	0.04980469	11.55359	1.138833	92.55003	
6269224631000	6260466288761	None	Fixation	(57.45, 168.89)	(337.10, 166.40)	6239.804	0.3168945	NaN	NaN	NaN	
6269241298000	6260482955600	None	Fixation	(57.16, 168.45)	(337.33, 166.61)	6239.804	0.3334961	NaN	NaN	NaN	
6269257964000	6260499621375	None	Fixation	(57.01, 168.15)	(338.05, 166.56)	6239.804	0.3500977	NaN	NaN	NaN	
6269274631000	6260516288180	None	Fixation	(56.65, 167.93)	(338.70, 166.49)	6239.804	0.3666992	NaN	NaN	NaN	
6269291297000	6260532954493	None	Fixation	(56.24, 167.40)	(339.36, 166.55)	6239.804	0.3833008	NaN	NaN	NaN	
6269307964000	6260549620863	None	Fixation	(55.63, 167.18)	(339.80, 166.36)	6239.804	0.3999023	NaN	NaN	NaN	
6269324630000	6260566286533	None	Fixation	(55.47, 167.24)	(340.33, 166.32)	6239.804	0.4165039	NaN	NaN	NaN	
6269341297000	6260582953417	None	Fixation	(55.38, 166.86)	(340.41, 166.43)	6239.804	0.4331055	NaN	NaN	NaN	
6269357964000	6260599620111	None	Fixation	(55.49, 166.83)	(340.25, 166.22)	6239.804	0.4501953	NaN	NaN	NaN	
6269374632000	6260616287963	None	Fixation	(55.98, 167.16)	(339.65, 166.23)	6239.804	0.4667969	NaN	NaN	NaN	
6269391298000	6260632953727	None	Fixation	(56.10, 167.94)	(338.35, 165.89)	6239.804	0.4833984	NaN	NaN	NaN	
6269407963000	6260649618613	None	Saccade	(58.33, 170.16)	(334.56, 165.66)	6240.287	0.01660156	38.62222	1.559077	294.1688	
6269424630000	6260666285314	None	Pursuit	(58.53, 170.26)	(334.60, 165.70)	6240.287	0.03320313	2.824741	1.377013	300.7472	
6269441299000	6260682954278	None	Pursuit	(59.05, 170.59)	(333.86, 165.63)	6240.287	0.04980469	7.582511	1.625755	299.0303	
6269457963000	6260699617898	None	Pursuit	(58.60, 170.20)	(333.31, 165.77)	6240.287	0.06640625	7.375652	1.379924	299.1609	
6269474629000	6260716283713	None	Unknown	(59.16, 170.57)	(333.51, 165.78)	NaN	NaN	NaN	NaN	NaN	
6269491296000	6260732950463	None	Fixation	(59.24, 170.15)	(333.22, 165.78)	6240.371	0.01660156	NaN	NaN	NaN	
6269507964000	6260749618398	None	Fixation	(59.82, 170.52)	(332.90, 165.94)	6240.371	0.03320313	NaN	NaN	NaN	
6269524630000	6260766284451	None	Fixation	(60.36, 170.52)	(333.00, 166.33)	6240.371	0.04980469	NaN	NaN	NaN	
6269541295000	6260782949299	None	Fixation	(60.64, 170.48)	(332.67, 166.12)	6240.371	0.06640625	NaN	NaN	NaN	
6269557962000	6260799615660	None	Fixation	(60.49, 170.73)	(332.81, 166.12)	6240.371	0.08300781	NaN	NaN	NaN	
6269574627000	6260816280509	None	Fixation	(60.43, 170.54)	(332.33, 166.37)	6240.371	0.09960938	NaN	NaN	NaN	
6269591294000	6260832947464	None	Fixation	(60.18, 170.72)	(332.42, 166.27)	6240.371	0.1162109	NaN	NaN	NaN	
6269607962000	6260849615848	None	Fixation	(60.03, 170.49)	(332.92, 166.28)	6240.371	0.1333008	NaN	NaN	NaN	
6269624629000	6260866281940	None	Fixation	(59.83, 170.73)	(332.97, 166.44)	6240.371	0.1499023	NaN	NaN	NaN	
6269641293000	6260882945658	None	Fixation	(59.82, 170.47)	(333.40, 166.49)	6240.371	0.1665039	NaN	NaN	NaN	
6269657960000	6260899612435	None	Fixation	(59.72, 170.20)	(333.76, 166.66)	6240.371	0.1831055	NaN	NaN	NaN	
6269674626000	6260916278197	None	Fixation	(59.45, 169.97)	(334.58, 166.60)	6240.371	0.199707	NaN	NaN	NaN	
6269691293000	6260932944988	None	Fixation	(58.92, 169.93)	(335.03, 166.42)	6240.371	0.2163086	NaN	NaN	NaN	
6269707960000	6260949611885	None	Fixation	(58.45, 169.65)	(335.62, 166.59)	6240.371	0.2329102	NaN	NaN	NaN	
6269724626000	6260966277597	None	Fixation	(57.98, 169.59)	(335.63, 166.30)	6240.371	0.25	NaN	NaN	NaN	
6269741293000	6260982944429	None	Fixation	(57.79, 169.57)	(336.04, 166.18)	6240.371	0.2666016	NaN	NaN	NaN	
6269757959000	6260999610168	None	Fixation	(57.09, 169.59)	(336.61, 166.08)	6240.371	0.2832031	NaN	NaN	NaN	
6269774627000	6261016278002	None	Fixation	(56.33, 169.35)	(337.29, 165.61)	6240.371	0.2998047	NaN	NaN	NaN	
6269791294000	6261032944787	None	Fixation	(57.64, 168.34)	(337.68, 167.27)	6240.371	0.3164063	NaN	NaN	NaN	
6269807958000	6261049608821	None	Fixation	(56.79, 168.96)	(337.87, 166.46)	6240.371	0.3330078	NaN	NaN	NaN	
6269824625000	6261066275346	None	Fixation	(56.29, 168.65)	(338.49, 166.47)	6240.371	0.3496094	NaN	NaN	NaN	
6269841292000	6261082942164	None	Fixation	(55.60, 168.60)	(338.95, 166.04)	6240.371	0.3662109	NaN	NaN	NaN	
6269857958000	6261099607926	None	Fixation	(54.83, 168.28)	(339.83, 166.02)	6240.371	0.3833008	NaN	NaN	NaN	
6269874625000	6261116274828	None	Fixation	(53.99, 168.11)	(340.43, 165.93)	6240.371	0.3999023	NaN	NaN	NaN	
6269891291000	6261132940550	None	Fixation	(53.67, 168.10)	(340.86, 165.62)	6240.371	0.4165039	NaN	NaN	NaN	
6269907958000	6261149607395	None	Fixation	(53.16, 168.31)	(341.04, 165.33)	6240.371	0.4331055	NaN	NaN	NaN	
6269924624000	6261166273212	None	Fixation	(54.67, 169.73)	(338.52, 165.15)	6240.371	0.449707	NaN	NaN	NaN	
6269941291000	6261182940021	None	Fixation	(54.92, 169.22)	(339.06, 165.67)	6240.371	0.4663086	NaN	NaN	NaN	
6269957957000	6261199605695	None	Fixation	(55.10, 169.38)	(339.23, 165.66)	6240.371	0.4829102	NaN	NaN	NaN	
6269974624000	6261216272523	None	Fixation	(54.86, 169.32)	(338.80, 165.43)	6240.371	0.5	NaN	NaN	NaN	
6269991290000	6261232938283	None	Fixation	(54.31, 169.29)	(339.43, 165.16)	6240.371	0.5166016	NaN	NaN	NaN	
6270007957000	6261249605107	None	Fixation	(54.37, 169.07)	(338.84, 164.86)	6240.371	0.5332031	NaN	NaN	NaN	
6270024623000	6261266270874	None	Fixation	(54.18, 168.93)	(338.89, 164.79)	6240.371	0.5498047	NaN	NaN	NaN	
6270041290000	6261282937713	None	Fixation	(54.43, 169.16)	(339.01, 164.96)	6240.371	0.5664063	NaN	NaN	NaN	
6270057956000	6261299603510	None	Fixation	(56.64, 168.57)	(338.58, 166.27)	6240.371	0.5830078	NaN	NaN	NaN	
6270074623000	6261316270291	None	Saccade	(57.56, 169.65)	(336.77, 166.48)	6240.954	0.01660156	17.46721	0.5822403	306.516	
6270091290000	6261332937071	None	Pursuit	(56.98, 169.03)	(336.98, 166.17)	6240.954	0.03320313	10.41165	0.2358709	309.8877	
6270107956000	6261349602978	None	Fixation	(57.21, 169.11)	(337.04, 166.02)	6240.371	0.6333008	NaN	NaN	NaN	
6270124622000	6261366268744	None	Fixation	(56.62, 168.99)	(337.32, 165.61)	6241.004	0.01660156	NaN	NaN	NaN	
6270141289000	6261382935458	None	Fixation	(56.49, 168.70)	(337.53, 165.21)	6241.004	0.03320313	NaN	NaN	NaN	
6270157956000	6261399602576	None	Fixation	(56.62, 168.63)	(337.13, 165.01)	6241.004	0.04980469	NaN	NaN	NaN	
6270174622000	6261416268021	None	Fixation	(56.90, 168.71)	(337.28, 165.28)	6241.004	0.06640625	NaN	NaN	NaN	
6270191289000	6261432934825	None	Fixation	(56.95, 168.61)	(337.20, 165.44)	6241.004	0.08300781	NaN	NaN	NaN	
6270207955000	6261449600967	None	Fixation	(57.13, 168.62)	(336.85, 165.24)	6241.004	0.09960938	NaN	NaN	NaN	
6270224622000	6261466267438	None	Fixation	(57.38, 168.51)	(336.94, 165.47)	6241.004	0.1166992	NaN	NaN	NaN	
6270241288000	6261482933234	None	Fixation	(57.81, 168.43)	(336.84, 165.48)	6241.004	0.1333008	NaN	NaN	NaN	
6270257955000	6261499600106	None	Fixation	(59.62, 168.87)	(335.01, 166.49)	6241.004	0.1499023	NaN	NaN	NaN	
6270274621000	6261516265832	None	Saccade	(61.35, 169.35)	(333.30, 167.70)	6241.154	0.01660156	22.06431	0.8615956	260.144	
6270291288000	6261532932600	None	Pursuit	(61.61, 169.46)	(333.07, 167.95)	6241.154	0.03320313	3.527613	0.8520427	273.629	
6270307954000	6261549598377	None	Pursuit	(62.42, 169.67)	(332.30, 168.27)	6241.154	0.04980469	10.20309	1.191929	272.9395	
6270324621000	6261566265313	None	Unknown	(62.78, 169.50)	(331.98, 168.30)	NaN	NaN	NaN	NaN	NaN	
6270341286000	6261582930006	None	Fixation	(63.27, 169.39)	(331.67, 168.64)	6241.22	0.01660156	NaN	NaN	NaN	
6270357953000	6261599596814	None	Fixation	(63.43, 169.32)	(331.59, 168.90)	6241.22	0.03369141	NaN	NaN	NaN	
6270374619000	6261616262635	None	Fixation	(63.59, 169.31)	(331.61, 168.95)	6241.22	0.05029297	NaN	NaN	NaN	
6270391286000	6261632929382	None	Fixation	(63.77, 169.09)	(331.81, 169.38)	6241.22	0.06689453	NaN	NaN	NaN	
6270407953000	6261649596225	None	Fixation	(63.43, 168.97)	(331.98, 169.13)	6241.22	0.08349609	NaN	NaN	NaN	
6270424619000	6261666261946	None	Fixation	(63.10, 168.92)	(332.28, 168.87)	6241.22	0.1000977	NaN	NaN	NaN	
6270441286000	6261682928744	None	Fixation	(62.63, 168.75)	(332.80, 168.67)	6241.22	0.1166992	NaN	NaN	NaN	
6270457952000	6261699594779	None	Saccade	(59.41, 169.34)	(334.52, 166.56)	6241.337	0.01660156	40.33288	1.344429	59.33159	
6270474619000	6261716261325	None	Pursuit	(57.73, 169.77)	(336.06, 166.18)	6241.337	0.03369141	21.35746	2.055442	65.25678	
6270491285000	6261732927147	None	Pursuit	(57.53, 169.68)	(336.21, 166.51)	6241.337	0.05029297	2.645716	2.128247	66.62021	
6270507951000	6261749592948	None	Pursuit	(56.82, 169.21)	(336.46, 166.01)	6241.337	0.06689453	10.45864	2.391652	72.42243	
6270524618000	6261766260085	None	Unknown	(57.12, 169.13)	(336.49, 165.86)	NaN	NaN	NaN	NaN	NaN	
6270541284000	6261782925500	None	Fixation	(57.12, 169.47)	(336.45, 165.91)	6241.42	0.01660156	NaN	NaN	NaN	
6270557951000	6261799592331	None	Fixation	(57.16, 169.44)	(336.31, 166.07)	6241.42	0.03320313	NaN	NaN	NaN	
6270574617000	6261816258104	None	Fixation	(57.47, 169.10)	(336.07, 165.83)	6241.42	0.04980469	NaN	NaN	NaN	
6270591284000	6261832924881	None	Fixation	(57.85, 169.37)	(335.31, 165.73)	6241.42	0.06640625	NaN	NaN	NaN	
6270607951000	6261849591697	None	Fixation	(59.38, 169.64)	(334.51, 166.67)	6241.42	0.08349609	NaN	NaN	NaN	
6270624617000	6261866257469	None	Saccade	(61.90, 169.90)	(331.87, 168.00)	6241.504	0.01660156	31.21824	1.212954	259.5608	
6270641283000	6261882923263	None	Pursuit	(62.37, 170.21)	(331.39, 168.04)	6241.504	0.03320313	6.938628	1.250182	267.7903	
6270657950000	6261899590105	None	Pursuit	(63.29, 170.27)	(330.31, 168.10)	6241.504	0.04980469	11.30148	1.62479	266.1906	
6270674617000	6261916257196	None	Pursuit	(63.88, 170.79)	(329.55, 168.50)	6241.504	0.06640625	9.713022	1.906241	271.4025	
6270691283000	6261932923043	None	Unknown	(64.31, 170.53)	(329.10, 168.55)	NaN	NaN	NaN	NaN	NaN	
6270707950000	6261949589700	None	Fixation	(64.59, 170.71)	(328.94, 168.34)	6241.587	0.01660156	NaN	NaN	NaN	
6270724616000	6261966255633	None	Fixation	(64.78, 170.73)	(328.79, 168.63)	6241.587	0.03369141	NaN	NaN	NaN	
6270741283000	6261982922066	None	Fixation	(64.55, 170.74)	(328.72, 168.42)	6241.587	0.05029297	NaN	NaN	NaN	
6270757949000	6261999587906	None	Fixation	(64.13, 170.76)	(328.68, 168.18)	6241.587	0.06689453	NaN	NaN	NaN	
6270774616000	6262016254650	None	Fixation	(64.61, 170.63)	(328.86, 168.27)	6241.587	0.08349609	NaN	NaN	NaN	
6270791282000	6262032920500	None	Fixation	(63.89, 170.61)	(329.26, 168.03)	6241.587	0.1000977	NaN	NaN	NaN	
6270807949000	6262049587587	None	Fixation	(63.43, 170.56)	(329.82, 167.92)	6241.587	0.1166992	NaN	NaN	NaN	
6270824615000	6262066252994	None	Fixation	(63.03, 170.31)	(330.70, 167.76)	6241.587	0.1333008	NaN	NaN	NaN	
6270841282000	6262082919841	None	Fixation	(62.36, 169.94)	(331.27, 167.53)	6241.587	0.1499023	NaN	NaN	NaN	
6270857948000	6262099585593	None	Saccade	(55.04, 169.56)	(336.58, 163.79)	6241.737	0.01708984	90.10919	3.00364	73.88826	
6270874615000	6262116252374	None	Saccade	(45.92, 171.52)	(343.11, 160.99)	6241.737	0.03369141	114.817	6.772444	72.77698	
6270891282000	6262132919168	None	Unknown	(38.07, 174.43)	(347.97, 157.57)	NaN	NaN	NaN	NaN	NaN	
6270907948000	6262149585061	None	Pursuit	(33.11, 176.47)	(350.54, 154.83)	6241.787	0.01660156	66.01371	2.200457	54.69415	
6270924615000	6262166251799	None	Pursuit	(32.66, 175.29)	(351.31, 154.25)	6241.787	0.03320313	15.47433	2.248899	67.95029	
6270941281000	6262182917542	None	Pursuit	(32.15, 175.26)	(351.04, 153.98)	6241.787	0.04980469	6.22378	2.451735	69.01315	
6270957948000	6262199584630	None	Pursuit	(31.99, 174.89)	(351.19, 154.07)	6241.787	0.06640625	4.938233	2.50302	72.63144	
6270974614000	6262216250385	None	Unknown	(32.65, 174.57)	(351.33, 153.70)	NaN	NaN	NaN	NaN	NaN	
6270991281000	6262232917366	None	Fixation	(32.41, 174.13)	(351.55, 153.61)	6241.871	0.01660156	NaN	NaN	NaN	
6271007947000	6262249582718	None	Fixation	(32.51, 173.82)	(351.28, 153.58)	6241.871	0.03320313	NaN	NaN	NaN	
6271024614000	6262266249760	None	Fixation	(32.96, 173.59)	(351.17, 153.68)	6241.871	0.04980469	NaN	NaN	NaN	
6271041280000	6262282915307	None	Fixation	(32.78, 173.77)	(350.97, 153.62)	6241.871	0.06640625	NaN	NaN	NaN	
6271057947000	6262299582143	None	Saccade	(28.85, 176.97)	(350.15, 150.78)	6241.937	0.01660156	62.23513	2.074504	37.81808	
6271074613000	6262316247980	None	Saccade	(29.20, 177.85)	(349.77, 150.01)	6241.954	0.01660156	10.51475	0.3504916	347.1333	
6271091280000	6262332915088	None	Pursuit	(28.99, 178.03)	(350.16, 150.27)	6241.97	0.01660156	3.357616	0.1119205	35.82349	
6271107945000	6262349579558	None	Pursuit	(28.41, 177.28)	(350.68, 149.84)	6241.97	0.03369141	11.6881	0.3984875	113.1776	
6271124612000	6262366246275	None	Unknown	(28.07, 176.91)	(350.77, 149.71)	NaN	NaN	NaN	NaN	NaN	
6271141279000	6262382913341	None	Fixation	(28.62, 177.17)	(350.50, 149.87)	6242.021	0.01660156	NaN	NaN	NaN	
6271157945000	6262399579319	None	Fixation	(29.34, 176.67)	(350.07, 150.11)	6242.021	0.03320313	NaN	NaN	NaN	
6271174612000	6262416245985	None	Fixation	(30.02, 176.27)	(349.81, 150.13)	6242.021	0.04980469	NaN	NaN	NaN	
6271191279000	6262432912740	None	Fixation	(30.67, 175.93)	(349.52, 150.48)	6242.021	0.06640625	NaN	NaN	NaN	
6271207945000	6262449578320	None	Fixation	(30.84, 176.15)	(349.32, 150.59)	6242.021	0.08300781	NaN	NaN	NaN	
6271224612000	6262466245107	None	Fixation	(30.88, 175.83)	(349.38, 150.57)	6242.021	0.1000977	NaN	NaN	NaN	
6271241279000	6262482911824	None	Fixation	(30.79, 176.03)	(349.47, 150.59)	6242.021	0.1166992	NaN	NaN	NaN	
6271257946000	6262499578958	None	Saccade	(26.70, 178.80)	(349.97, 148.27)	6242.137	0.01660156	60.78149	2.02605	42.90084	
6271274612000	6262516244854	None	WinkRight	(25.38, 179.58)	(0.00, 0.00)	NaN	NaN	NaN	NaN	NaN	
6271291279000	6262532911531	None	WinkRight	(25.36, 179.98)	(350.84, 147.69)	NaN	NaN	NaN	NaN	NaN	
6271307944000	6262549576017	None	WinkRight	(24.79, 179.27)	(351.58, 147.38)	NaN	NaN	NaN	NaN	NaN	
6271324611000	6262566242869	None	WinkRight	(24.33, 179.06)	(351.63, 147.13)	NaN	NaN	NaN	NaN	NaN	
6271341277000	6262582908688	None	WinkRight	(25.56, 178.85)	(351.92, 147.16)	NaN	NaN	NaN	NaN	NaN	
6271357944000	6262599575468	None	WinkRight	(25.61, 178.58)	(351.92, 147.71)	NaN	NaN	NaN	NaN	NaN	
6271374611000	6262616242250	None	WinkRight	(25.50, 178.31)	(351.89, 147.48)	NaN	NaN	NaN	NaN	NaN	
6271391277000	6262632908027	None	Saccade	(25.33, 178.36)	(352.17, 147.41)	6242.154	0.1333008	29.07732	0.9692441	81.66689	
6271407944000	6262649574815	None	Pursuit	(25.11, 178.33)	(352.23, 147.23)	6242.287	0.01660156	2.666415	0.0888805	83.41974	
6271424610000	6262666240577	None	Pursuit	(24.75, 178.27)	(352.09, 147.19)	6242.287	0.03320313	4.541155	0.2401569	85.52779	
6271441277000	6262682907355	None	Unknown	(24.60, 178.23)	(352.55, 147.25)	NaN	NaN	NaN	NaN	NaN	
6271457943000	6262699573706	None	Fixation	(24.47, 178.03)	(353.08, 147.31)	6242.337	0.01660156	NaN	NaN	NaN	
6271474610000	6262716239984	None	Fixation	(24.27, 178.16)	(353.31, 147.33)	6242.337	0.03369141	NaN	NaN	NaN	
6271491276000	6262732905753	None	Fixation	(24.33, 178.02)	(353.49, 147.40)	6242.337	0.05029297	NaN	NaN	NaN	
6271507943000	6262749572618	None	Fixation	(24.66, 177.62)	(353.54, 147.78)	6242.337	0.06689453	NaN	NaN	NaN	
6271524609000	6262766238804	None	Fixation	(24.76, 177.56)	(353.49, 147.84)	6242.337	0.08349609	NaN	NaN	NaN	
6271541276000	6262782905335	None	Fixation	(24.97, 177.26)	(353.71, 147.93)	6242.337	0.1000977	NaN	NaN	NaN	
6271557942000	6262799570887	None	Fixation	(25.18, 177.35)	(353.73, 148.08)	6242.337	0.1166992	NaN	NaN	NaN	
6271574609000	6262816237710	None	Fixation	(24.97, 177.24)	(353.59, 147.98)	6242.337	0.1333008	NaN	NaN	NaN	
6271591275000	6262832903469	None	Fixation	(25.06, 177.12)	(353.98, 147.87)	6242.337	0.1499023	NaN	NaN	NaN	
6271607942000	6262849570290	None	Fixation	(24.45, 177.31)	(354.23, 147.88)	6242.337	0.1669922	NaN	NaN	NaN	
6271624608000	6262866236164	None	Fixation	(23.40, 177.62)	(354.73, 147.82)	6242.337	0.1835938	NaN	NaN	NaN	
6271641275000	6262882902870	None	Fixation	(22.59, 177.87)	(355.00, 147.58)	6242.337	0.2001953	NaN	NaN	NaN	
6271657942000	6262899569827	None	Fixation	(22.75, 177.42)	(355.59, 147.73)	6242.337	0.2167969	NaN	NaN	NaN	
6271674610000	6262916237727	None	Fixation	(22.61, 177.26)	(356.22, 147.70)	6242.337	0.2333984	NaN	NaN	NaN	
6271691276000	6262932903702	None	Fixation	(22.52, 177.41)	(356.56, 147.82)	6242.337	0.25	NaN	NaN	NaN	
6271707941000	6262949568125	None	Fixation	(23.01, 176.94)	(356.58, 148.04)	6242.337	0.2666016	NaN	NaN	NaN	
6271724608000	6262966235315	None	Fixation	(22.86, 177.13)	(356.46, 148.10)	6242.337	0.2836914	NaN	NaN	NaN	
6271741274000	6262982900706	None	Fixation	(23.30, 176.87)	(356.75, 148.27)	6242.337	0.300293	NaN	NaN	NaN	
6271757941000	6262999567506	None	Fixation	(23.32, 176.81)	(356.04, 148.28)	6242.337	0.3168945	NaN	NaN	NaN	
6271774607000	6263016233617	None	Fixation	(22.60, 177.08)	(356.04, 148.26)	6242.337	0.3334961	NaN	NaN	NaN	
6271791274000	6263032900416	None	Fixation	(22.38, 177.06)	(356.19, 148.07)	6242.337	0.3500977	NaN	NaN	NaN	
6271807940000	6263049566307	None	Fixation	(22.04, 178.56)	(354.63, 147.15)	6242.337	0.3666992	NaN	NaN	NaN	
6271824607000	6263066232626	None	Fixation	(22.12, 179.09)	(354.27, 146.48)	6242.337	0.3833008	NaN	NaN	NaN	
6271841274000	6263082899411	None	Fixation	(21.54, 179.42)	(354.39, 146.64)	6242.337	0.3999023	NaN	NaN	NaN	
6271857941000	6263099566305	None	Fixation	(22.21, 178.48)	(354.39, 146.45)	6242.337	0.4169922	NaN	NaN	NaN	
6271874606000	6263116231344	None	Fixation	(21.32, 178.67)	(354.37, 146.59)	6242.337	0.4335938	NaN	NaN	NaN	
6271891273000	6263132898092	None	Fixation	(21.79, 178.47)	(355.82, 146.86)	6242.337	0.4501953	NaN	NaN	NaN	
6271907938000	6263149562928	None	Fixation	(22.38, 178.41)	(354.83, 146.59)	6242.337	0.4667969	NaN	NaN	NaN	
6271924605000	6263166229431	None	Fixation	(22.61, 178.36)	(354.29, 146.62)	6242.337	0.4833984	NaN	NaN	NaN	
6271941272000	6263182896294	None	WinkLeft	(22.47, 178.58)	(353.71, 146.35)	NaN	NaN	NaN	NaN	NaN	
6271957938000	6263199561974	None	WinkLeft	(22.37, 178.86)	(353.49, 146.12)	NaN	NaN	NaN	NaN	NaN	
6271974604000	6263216228128	None	WinkLeft	(21.65, 179.49)	(353.33, 145.86)	NaN	NaN	NaN	NaN	NaN	
6271991271000	6263232894607	None	WinkLeft	(22.01, 179.29)	(353.21, 145.81)	NaN	NaN	NaN	NaN	NaN	
6272007937000	6263249560371	None	WinkLeft	(22.24, 179.21)	(353.49, 145.88)	NaN	NaN	NaN	NaN	NaN	
6272024604000	6263266227208	None	WinkLeft	(21.56, 179.41)	(353.43, 145.97)	NaN	NaN	NaN	NaN	NaN	
6272041270000	6263282893393	None	WinkLeft	(21.19, 179.63)	(353.51, 145.87)	NaN	NaN	NaN	NaN	NaN	
6272057937000	6263299559931	None	WinkRight	(21.80, 179.39)	(353.64, 145.97)	NaN	NaN	NaN	NaN	NaN	
6272074603000	6263316225600	None	WinkRight	(22.26, 179.26)	(353.31, 146.03)	NaN	NaN	NaN	NaN	NaN	
6272091270000	6263332892340	None	WinkRight	(22.20, 179.34)	(353.31, 146.02)	NaN	NaN	NaN	NaN	NaN	
6272107937000	6263349559111	None	WinkRight	(22.32, 179.47)	(352.92, 146.15)	NaN	NaN	NaN	NaN	NaN	
6272124603000	6263366224923	None	WinkRight	(22.44, 179.36)	(353.56, 146.08)	NaN	NaN	NaN	NaN	NaN	
6272141269000	6263382890701	None	WinkRight	(21.30, 179.84)	(353.42, 145.86)	NaN	NaN	NaN	NaN	NaN	
6272157936000	6263399557515	None	WinkRight	(22.94, 178.48)	(353.75, 146.55)	NaN	NaN	NaN	NaN	NaN	
6272174603000	6263416224280	None	Fixation	(21.99, 178.96)	(354.08, 146.50)	6242.337	0.7333984	NaN	NaN	NaN	
6272191269000	6263432890102	None	Fixation	(21.97, 178.97)	(353.94, 146.52)	6242.337	0.75	NaN	NaN	NaN	
6272207938000	6263449558890	None	Fixation	(22.86, 178.73)	(353.78, 146.62)	6242.337	0.7666016	NaN	NaN	NaN	
6272224604000	6263466224662	None	Fixation	(22.59, 178.85)	(353.74, 146.55)	6242.337	0.7832031	NaN	NaN	NaN	
6272241269000	6263482889463	None	Fixation	(23.13, 178.65)	(353.44, 146.47)	6242.337	0.800293	NaN	NaN	NaN	
6272257935000	6263499555347	None	Fixation	(22.63, 179.03)	(353.03, 146.64)	6242.337	0.8168945	NaN	NaN	NaN	
6272274602000	6263516222136	None	Fixation	(23.25, 178.97)	(352.61, 146.80)	6242.337	0.8334961	NaN	NaN	NaN	
6272291268000	6263532887854	None	Fixation	(23.02, 179.21)	(352.51, 146.50)	6242.337	0.8500977	NaN	NaN	NaN	
6272307935000	6263549554696	None	Fixation	(22.75, 179.47)	(352.32, 146.38)	6242.337	0.8666992	NaN	NaN	NaN	
6272324601000	6263566220473	None	Fixation	(22.85, 179.48)	(352.55, 146.05)	6242.337	0.8833008	NaN	NaN	NaN	
6272341268000	6263582887302	None	Fixation	(22.04, 180.18)	(352.30, 145.82)	6242.337	0.8999023	NaN	NaN	NaN	
6272357934000	6263599553085	None	Fixation	(21.04, 180.44)	(352.69, 145.73)	6242.337	0.9169922	NaN	NaN	NaN	
6272374601000	6263616219820	None	Fixation	(21.34, 180.24)	(352.73, 145.68)	6242.337	0.9335938	NaN	NaN	NaN	
6272391267000	6263632885619	None	Fixation	(21.34, 180.29)	(352.55, 145.55)	6242.337	0.9501953	NaN	NaN	NaN	
6272407934000	6263649552438	None	Fixation	(21.40, 180.32)	(352.62, 145.79)	6242.337	0.9667969	NaN	NaN	NaN	
6272424600000	6263666218206	None	Fixation	(22.31, 179.87)	(352.10, 145.66)	6242.337	0.9833984	NaN	NaN	NaN	
6272441272000	6263682889989	None	Fixation	(23.32, 179.83)	(352.07, 145.95)	6242.337	1	NaN	NaN	NaN	
6272457934000	6263699551783	None	Fixation	(22.87, 179.94)	(351.95, 145.94)	6242.337	1.016602	NaN	NaN	NaN	
6272474600000	6263716217576	None	Fixation	(22.95, 179.98)	(351.65, 145.92)	6242.337	1.033203	NaN	NaN	NaN	
6272491267000	6263732884374	None	Fixation	(22.64, 180.26)	(351.73, 145.55)	6242.337	1.050293	NaN	NaN	NaN	
6272507935000	6263749552197	None	Fixation	(22.73, 180.25)	(351.75, 145.42)	6242.337	1.066895	NaN	NaN	NaN	
6272524602000	6263766218979	None	Fixation	(22.33, 179.83)	(352.81, 145.77)	6242.337	1.083496	NaN	NaN	NaN	
6272541266000	6263782882799	None	Fixation	(22.54, 179.02)	(353.11, 146.76)	6242.337	1.100098	NaN	NaN	NaN	
6272557933000	6263799549621	None	Fixation	(22.98, 178.69)	(353.04, 146.46)	6242.337	1.116699	NaN	NaN	NaN	
6272574599000	6263816215339	None	Fixation	(22.50, 179.05)	(352.88, 146.83)	6242.337	1.133301	NaN	NaN	NaN	
6272591266000	6263832882112	None	Fixation	(23.72, 178.43)	(353.22, 146.90)	6242.337	1.149902	NaN	NaN	NaN	
6272607934000	6263849549971	None	Fixation	(24.31, 177.91)	(353.13, 147.35)	6242.337	1.166992	NaN	NaN	NaN	
6272624601000	6263866216756	None	Fixation	(23.80, 177.89)	(352.91, 147.40)	6242.337	1.183594	NaN	NaN	NaN	
6272641264000	6263882879595	None	Fixation	(24.25, 177.84)	(352.90, 147.37)	6242.337	1.200195	NaN	NaN	NaN	
6272657931000	6263899546344	None	Fixation	(24.51, 177.71)	(353.02, 147.42)	6242.337	1.216797	NaN	NaN	NaN	
6272674597000	6263916212348	None	Fixation	(24.25, 177.82)	(353.22, 147.29)	6242.337	1.233398	NaN	NaN	NaN	
6272691264000	6263932878917	None	Fixation	(23.88, 177.83)	(353.32, 147.19)	6242.337	1.25	NaN	NaN	NaN	
6272707932000	6263949546706	None	WinkLeft	(22.49, 178.10)	(353.92, 146.66)	NaN	NaN	NaN	NaN	NaN	
6272724599000	6263966213489	None	WinkLeft	(22.20, 178.33)	(354.47, 146.48)	NaN	NaN	NaN	NaN	NaN	
6272741262000	6263982876294	None	WinkLeft	(21.62, 178.44)	(354.25, 146.28)	NaN	NaN	NaN	NaN	NaN	
6272757929000	6263999543079	None	WinkLeft	(21.40, 178.38)	(354.35, 146.33)	NaN	NaN	NaN	NaN	NaN	
6272774595000	6264016208882	None	WinkLeft	(22.31, 177.70)	(354.44, 146.32)	NaN	NaN	NaN	NaN	NaN	
6272791262000	6264032875618	None	WinkLeft	(21.71, 178.22)	(355.00, 146.40)	NaN	NaN	NaN	NaN	NaN	
6272807928000	6264049541486	None	WinkLeft	(22.16, 178.12)	(354.39, 146.52)	NaN	NaN	NaN	NaN	NaN	
6272824595000	6264066208475	None	Fixation	(23.26, 177.62)	(354.13, 146.70)	6242.337	1.383301	NaN	NaN	NaN	
6272841262000	6264082875466	None	Fixation	(22.71, 177.68)	(354.17, 146.46)	6242.337	1.399902	NaN	NaN	NaN	
6272857928000	6264099541132	None	Fixation	(22.78, 177.61)	(354.17, 146.64)	6242.337	1.416992	NaN	NaN	NaN	
6272874595000	6264116207722	None	Fixation	(22.46, 177.78)	(354.05, 146.83)	6242.337	1.433594	NaN	NaN	NaN	
6272891261000	6264132873438	None	Fixation	(22.37, 177.65)	(354.33, 146.50)	6242.337	1.450195	NaN	NaN	NaN	
6272907928000	6264149540275	None	Fixation	(22.23, 177.92)	(354.28, 146.47)	6242.337	1.466797	NaN	NaN	NaN	
6272924594000	6264166206018	None	Saccade	(24.69, 180.97)	(349.46, 145.61)	6243.804	0.01660156	48.28416	2.004986	300.5939	
6272941261000	6264182873124	None	Saccade	(28.89, 182.76)	(345.01, 147.35)	6243.804	0.03320313	58.83633	3.817496	277.5829	
6272957927000	6264199538619	None	Unknown	(31.11, 182.32)	(343.67, 148.41)	NaN	NaN	NaN	NaN	NaN	
6272974594000	6264216205413	None	Pursuit	(32.04, 181.59)	(343.55, 147.92)	6243.854	0.01660156	14.57282	0.4857606	218.7808	
6272991260000	6264232871508	None	Pursuit	(31.23, 181.32)	(343.42, 147.93)	6243.854	0.03369141	10.52271	0.4146315	173.7834	
6273007927000	6264249538441	None	Pursuit	(32.46, 181.58)	(343.78, 147.99)	6243.854	0.05029297	15.4842	0.6311156	228.2957	
6273024593000	6264266204170	None	Fixation	(31.41, 181.19)	(343.60, 147.46)	6243.904	0.01660156	NaN	NaN	NaN	
6273041260000	6264282870600	None	Fixation	(31.57, 181.10)	(343.91, 147.36)	6243.92	0.01660156	NaN	NaN	NaN	
6273057926000	6264299536369	None	Fixation	(30.75, 181.23)	(343.86, 147.55)	6243.92	0.03320313	NaN	NaN	NaN	
6273074593000	6264316203196	None	Fixation	(33.85, 181.94)	(342.13, 147.95)	6243.92	0.04980469	NaN	NaN	NaN	
6273091259000	6264332868944	None	Saccade	(37.63, 182.64)	(339.04, 148.31)	6243.97	0.01660156	47.28842	1.576281	271.9221	
6273107928000	6264349537846	None	Pursuit	(37.31, 183.26)	(339.70, 148.75)	6243.97	0.03369141	8.574889	1.518425	277.8141	
6273124594000	6264366203901	None	Pursuit	(38.16, 182.38)	(339.12, 148.72)	6243.97	0.05029297	15.0284	1.775775	262.7745	
6273141259000	6264382868692	None	Pursuit	(35.33, 183.16)	(339.28, 148.78)	6243.97	0.06689453	36.10169	0.7841915	296.3589	
6273157925000	6264399534137	None	Fixation	(37.80, 181.89)	(339.28, 148.71)	6244.037	0.01660156	NaN	NaN	NaN	
6273174592000	6264416200965	None	Saccade	(34.61, 182.47)	(339.05, 148.28)	6244.054	0.01660156	39.83577	1.327859	66.69991	
6273191258000	6264432866732	None	Pursuit	(34.26, 182.52)	(338.72, 148.08)	6244.054	0.03320313	4.334123	1.472108	67.02786	
6273207925000	6264449533894	None	Pursuit	(34.59, 182.88)	(338.89, 148.16)	6244.054	0.04980469	5.992609	1.378323	59.9292	
6273224591000	6264466199730	None	Pursuit	(34.16, 182.80)	(339.33, 147.97)	6244.054	0.06640625	5.398631	1.540659	62.98284	
6273241258000	6264482866097	None	Fixation	(33.93, 182.58)	(339.64, 148.01)	6244.037	0.1000977	NaN	NaN	NaN	
6273257925000	6264499532903	None	Fixation	(33.60, 182.75)	(339.70, 148.06)	6244.137	0.01660156	NaN	NaN	NaN	
6273274593000	6264516201146	None	WinkRight	(33.61, 181.85)	(340.42, 148.28)	NaN	NaN	NaN	NaN	NaN	
6273291260000	6264532867781	None	WinkRight	(33.41, 182.10)	(340.21, 148.32)	NaN	NaN	NaN	NaN	NaN	
6273307924000	6264549531301	None	WinkRight	(34.12, 181.75)	(340.52, 148.45)	NaN	NaN	NaN	NaN	NaN	
6273324591000	6264566198120	None	WinkRight	(34.03, 181.49)	(340.75, 148.68)	NaN	NaN	NaN	NaN	NaN	
6273341257000	6264582864161	None	WinkRight	(35.49, 181.50)	(340.23, 149.33)	NaN	NaN	NaN	NaN	NaN	
6273357924000	6264599530671	None	WinkRight	(36.52, 181.59)	(338.99, 149.61)	NaN	NaN	NaN	NaN	NaN	
6273374589000	6264616195463	None	WinkRight	(36.58, 181.47)	(339.21, 149.69)	NaN	NaN	NaN	NaN	NaN	
6273391256000	6264632862231	None	Fixation	(36.96, 181.55)	(338.73, 149.52)	6244.137	0.1499023	NaN	NaN	NaN	
6273407923000	6264649529424	None	Saccade	(36.64, 181.47)	(338.92, 149.60)	6244.287	0.01660156	4.055236	0.1351745	90.47052	
6273424590000	6264666195855	None	Pursuit	(36.30, 181.35)	(339.02, 149.38)	6244.287	0.03320313	4.395154	0.2813167	93.49918	
6273441255000	6264682860881	None	Fixation	(36.27, 181.65)	(339.09, 149.35)	6244.037	0.2998047	NaN	NaN	NaN	
6273457922000	6264699527574	None	Fixation	(36.57, 181.47)	(339.08, 149.46)	6244.337	0.01660156	NaN	NaN	NaN	
6273474588000	6264716193244	None	Fixation	(36.33, 181.59)	(339.09, 149.64)	6244.337	0.03320313	NaN	NaN	NaN	
6273491255000	6264732860025	None	Fixation	(36.33, 181.45)	(338.93, 149.54)	6244.337	0.05029297	NaN	NaN	NaN	
6273507921000	6264749525862	None	Fixation	(36.57, 181.28)	(339.07, 149.76)	6244.337	0.06689453	NaN	NaN	NaN	
6273524588000	6264766192624	None	Fixation	(36.40, 181.26)	(339.16, 149.66)	6244.337	0.08349609	NaN	NaN	NaN	
6273541256000	6264782860463	None	Fixation	(36.52, 181.05)	(339.14, 149.71)	6244.337	0.1000977	NaN	NaN	NaN	
6273557923000	6264799527246	None	Fixation	(36.37, 181.08)	(339.11, 149.72)	6244.337	0.1166992	NaN	NaN	NaN	
6273574587000	6264816191061	None	Fixation	(36.34, 180.74)	(339.44, 149.70)	6244.337	0.1333008	NaN	NaN	NaN	
6273591254000	6264832857811	None	Fixation	(36.41, 180.58)	(339.44, 149.72)	6244.337	0.1499023	NaN	NaN	NaN	
6273607921000	6264849524581	None	Fixation	(36.00, 182.49)	(338.62, 148.97)	6244.337	0.1669922	NaN	NaN	NaN	
6273624587000	6264866190381	None	Fixation	(36.09, 181.18)	(339.05, 149.37)	6244.337	0.1835938	NaN	NaN	NaN	
6273641253000	6264882856156	None	Fixation	(36.64, 181.15)	(339.07, 149.50)	6244.337	0.2001953	NaN	NaN	NaN	
6273657920000	6264899522939	None	Fixation	(36.38, 180.68)	(339.24, 149.57)	6244.337	0.2167969	NaN	NaN	NaN	
6273674587000	6264916190155	None	Fixation	(36.70, 180.88)	(339.26, 149.59)	6244.337	0.2333984	NaN	NaN	NaN	
6273691253000	6264932855564	None	Fixation	(36.64, 180.35)	(339.29, 149.69)	6244.337	0.25	NaN	NaN	NaN	
6273707921000	6264949523694	None	Fixation	(35.08, 181.30)	(339.14, 149.46)	6244.337	0.2666016	NaN	NaN	NaN	
6273724588000	6264966190165	None	Fixation	(36.76, 180.72)	(339.06, 149.50)	6244.337	0.2832031	NaN	NaN	NaN	
6273741253000	6264982854959	None	Fixation	(36.65, 180.74)	(339.07, 149.36)	6244.337	0.300293	NaN	NaN	NaN	
6273757919000	6264999520733	None	Fixation	(36.34, 181.16)	(338.97, 149.25)	6244.337	0.3168945	NaN	NaN	NaN	
6273774586000	6265016187532	None	Fixation	(37.31, 180.53)	(338.91, 149.19)	6244.337	0.3334961	NaN	NaN	NaN	
6273791252000	6265032853333	None	Fixation	(36.70, 180.86)	(339.02, 149.26)	6244.337	0.3500977	NaN	NaN	NaN	
6273807919000	6265049520129	None	Fixation	(36.44, 181.09)	(339.31, 149.21)	6244.337	0.3666992	NaN	NaN	NaN	
6273824585000	6265066185911	None	Fixation	(36.41, 180.96)	(339.20, 149.16)	6244.337	0.3833008	NaN	NaN	NaN	
6273841252000	6265082852735	None	Fixation	(36.20, 181.00)	(339.19, 149.22)	6244.337	0.3999023	NaN	NaN	NaN	
6273857918000	6265099518514	None	Fixation	(35.98, 181.25)	(338.86, 148.92)	6244.337	0.4169922	NaN	NaN	NaN	
6273857918000	6265099518460	None	Fixation	(35.98, 181.25)	(338.86, 148.92)	6244.337	0.4169922	NaN	NaN	NaN	
6273891251000	6265132851082	None	Fixation	(35.89, 182.94)	(338.26, 148.25)	6244.337	0.4501953	NaN	NaN	NaN	
6273907918000	6265149517868	None	Fixation	(35.31, 182.40)	(338.16, 148.15)	6244.337	0.4667969	NaN	NaN	NaN	
6273924584000	6265166183666	None	Fixation	(35.27, 182.27)	(338.33, 148.20)	6244.337	0.4833984	NaN	NaN	NaN	
6273941251000	6265182850482	None	Fixation	(35.25, 182.52)	(339.05, 148.25)	6244.337	0.5	NaN	NaN	NaN	
6273957917000	6265199516277	None	Fixation	(34.44, 182.24)	(339.43, 147.80)	6244.337	0.5166016	NaN	NaN	NaN	
6273974586000	6265216185008	None	Fixation	(34.19, 182.31)	(339.69, 147.79)	6244.337	0.5332031	NaN	NaN	NaN	
6273991252000	6265232850837	None	Fixation	(33.76, 182.20)	(339.69, 147.78)	6244.337	0.550293	NaN	NaN	NaN	
6274007917000	6265249515637	None	Fixation	(33.65, 182.47)	(0.00, 0.00)	6244.337	0.5668945	NaN	NaN	NaN	
6274024584000	6265266182415	None	Fixation	(34.06, 182.39)	(339.67, 147.68)	6244.337	0.5834961	NaN	NaN	NaN	
6274041250000	6265282848213	None	Fixation	(34.20, 182.48)	(339.29, 147.77)	6244.337	0.6000977	NaN	NaN	NaN	
6274057917000	6265299515023	None	Fixation	(34.39, 182.81)	(339.24, 147.76)	6244.337	0.6166992	NaN	NaN	NaN	
6274074585000	6265316182814	None	Fixation	(34.65, 182.26)	(338.90, 147.82)	6244.337	0.6333008	NaN	NaN	NaN	
6274074585000	6265316182809	None	Fixation	(34.65, 182.26)	(338.90, 147.82)	6244.337	0.6333008	NaN	NaN	NaN	
6274107915000	6265349512404	None	Fixation	(34.83, 182.31)	(338.79, 147.84)	6244.337	0.6669922	NaN	NaN	NaN	
6274124582000	6265366179207	None	Fixation	(34.87, 183.15)	(339.16, 148.40)	6244.337	0.6835938	NaN	NaN	NaN	
6274141248000	6265382845090	None	Blink	(35.99, 184.09)	(339.45, 150.61)	NaN	NaN	NaN	NaN	NaN	
6274157915000	6265399511801	None	Blink	(36.20, 184.25)	(340.67, 153.60)	NaN	NaN	NaN	NaN	NaN	
6274157915000	6265399511786	None	Blink	(36.20, 184.25)	(340.67, 153.60)	NaN	NaN	NaN	NaN	NaN	
6274191248000	6265432844376	None	Blink	(34.41, 181.52)	(340.19, 152.04)	NaN	NaN	NaN	NaN	NaN	
6274207914000	6265449510144	None	Blink	(34.07, 182.69)	(341.22, 150.47)	NaN	NaN	NaN	NaN	NaN	
6274224581000	6265466176943	None	Blink	(33.85, 183.44)	(339.95, 149.53)	NaN	NaN	NaN	NaN	NaN	
6274224581000	6265466176971	None	Blink	(33.85, 183.44)	(339.95, 149.53)	NaN	NaN	NaN	NaN	NaN	
6274257914000	6265499509549	None	WinkRight	(34.61, 183.80)	(338.87, 148.15)	NaN	NaN	NaN	NaN	NaN	
6274257914000	6265499509553	None	WinkRight	(34.61, 183.80)	(338.87, 148.15)	NaN	NaN	NaN	NaN	NaN	
6274291247000	6265532842158	None	WinkRight	(33.13, 183.52)	(338.80, 147.77)	NaN	NaN	NaN	NaN	NaN	
6274291247000	6265532842135	None	WinkRight	(33.13, 183.52)	(338.80, 147.77)	NaN	NaN	NaN	NaN	NaN	
6274307915000	6265549510310	None	Fixation	(33.13, 183.87)	(339.25, 147.64)	6244.337	0.8666992	NaN	NaN	NaN	
6274324582000	6265566176720	None	Fixation	(32.32, 183.50)	(339.29, 147.41)	6244.337	0.8833008	NaN	NaN	NaN	
6274341248000	6265582842521	None	Saccade	(32.05, 184.50)	(338.92, 146.85)	6245.22	0.01660156	12.75678	0.4252261	2.492656	
6274357915000	6265599509324	None	Fixation	(32.38, 183.77)	(338.98, 147.00)	6244.037	1.216797	NaN	NaN	NaN	
6274374580000	6265616174095	None	Fixation	(32.19, 183.76)	(339.29, 147.05)	6245.254	0.01660156	NaN	NaN	NaN	
6274391246000	6265632840104	None	Fixation	(32.23, 183.25)	(339.63, 147.23)	6245.254	0.03320313	NaN	NaN	NaN	
6274407913000	6265649507211	None	Fixation	(32.79, 183.24)	(339.31, 147.66)	6245.254	0.04980469	NaN	NaN	NaN	
6274424579000	6265666172821	None	Fixation	(33.45, 182.81)	(339.28, 147.74)	6245.254	0.06640625	NaN	NaN	NaN	
6274441247000	6265682840288	None	Fixation	(34.40, 182.68)	(339.16, 148.05)	6245.254	0.08300781	NaN	NaN	NaN	
6274457914000	6265699507079	None	Saccade	(36.53, 180.72)	(340.06, 149.92)	6245.337	0.01660156	35.61787	1.187262	214.5347	
6274491245000	6265732837707	None	Blink	(36.56, 181.74)	(340.22, 152.69)	NaN	NaN	NaN	NaN	NaN	
6274491245000	6265732837659	None	Blink	(36.56, 181.74)	(340.22, 152.69)	NaN	NaN	NaN	NaN	NaN	
6274507912000	6265749504488	None	Blink	(37.73, 180.02)	(346.26, 150.78)	NaN	NaN	NaN	NaN	NaN	
6274524578000	6265766170257	None	Blink	(0.00, 0.00)	(0.00, 0.00)	NaN	NaN	NaN	NaN	NaN	
6274541247000	6265782839392	None	Blink	(0.00, 0.00)	(0.00, 0.00)	NaN	NaN	NaN	NaN	NaN	
6274557913000	6265799504853	None	Blink	(0.00, 0.00)	(0.00, 0.00)	NaN	NaN	NaN	NaN	NaN	
6274574578000	6265816169628	None	Blink	(35.26, 187.82)	(0.00, 0.00)	NaN	NaN	NaN	NaN	NaN	
6274591244000	6265832835458	None	Blink	(32.88, 185.96)	(0.00, 0.00)	NaN	NaN	NaN	NaN	NaN	
6274607913000	6265849504203	None	Blink	(34.13, 185.05)	(337.81, 148.50)	NaN	NaN	NaN	NaN	NaN	
6274624579000	6265866170005	None	Blink	(34.83, 183.56)	(338.94, 149.55)	NaN	NaN	NaN	NaN	NaN	
6274641246000	6265882836828	None	Blink	(34.39, 183.21)	(339.16, 149.05)	NaN	NaN	NaN	NaN	NaN	
6274657912000	6265899502613	None	Blink	(34.18, 183.20)	(339.18, 148.59)	NaN	NaN	NaN	NaN	NaN	
6274674579000	6265916169424	None	Blink	(33.79, 183.10)	(339.32, 148.23)	NaN	NaN	NaN	NaN	NaN	
6274691245000	6265932835163	None	WinkRight	(33.49, 183.12)	(339.29, 147.89)	NaN	NaN	NaN	NaN	NaN	
6274707910000	6265949499971	None	Pursuit	(33.25, 182.56)	(339.82, 147.90)	6245.337	0.2666016	38.64726	0.4700813	82.71408	
6274724576000	6265966166093	None	Pursuit	(33.17, 182.02)	(340.13, 147.87)	6245.337	0.2832031	6.699312	0.5676583	105.1358	
6274741243000	6265982832570	None	Pursuit	(33.75, 181.84)	(340.38, 147.99)	6245.337	0.300293	7.477427	0.4313451	129.4801	
6274757909000	6265999498358	None	Fixation	(33.57, 181.89)	(340.29, 148.22)	6244.037	1.616699	NaN	NaN	NaN	
6274774576000	6266016165164	None	Saccade	(35.86, 178.79)	(341.78, 150.44)	6245.654	0.01660156	47.33949	1.577983	203.5094	
6274791243000	6266032831964	None	Saccade	(41.92, 172.33)	(345.76, 157.63)	6245.67	0.01660156	101.0157	3.36719	164.0204	
6274807909000	6266049498022	None	Unknown	(43.58, 169.35)	(347.44, 160.27)	NaN	NaN	NaN	NaN	NaN	
6274824576000	6266066164557	None	Pursuit	(43.59, 169.22)	(347.46, 160.67)	6245.704	0.01660156	1.588865	0.05296216	172.8087	
6274841242000	6266082830325	None	Pursuit	(43.70, 168.78)	(347.49, 160.50)	6245.704	0.03320313	5.564492	0.2380404	179.0616	
6274857909000	6266099497138	None	Pursuit	(43.62, 168.69)	(348.31, 160.41)	6245.704	0.05029297	1.491116	0.2719612	170.8736	
6274874577000	6266116164940	None	Unknown	(43.34, 167.77)	(348.81, 160.59)	NaN	NaN	NaN	NaN	NaN	
6274891243000	6266132830757	None	Fixation	(43.35, 167.76)	(349.00, 160.90)	6245.771	0.01660156	NaN	NaN	NaN	
6274907907000	6266149494549	None	Fixation	(43.75, 167.60)	(349.12, 160.95)	6245.771	0.03320313	NaN	NaN	NaN	
6274924574000	6266166161323	None	Fixation	(44.02, 167.55)	(349.03, 161.04)	6245.771	0.04980469	NaN	NaN	NaN	
6274941241000	6266182828132	None	Fixation	(44.36, 167.43)	(349.05, 161.33)	6245.771	0.06640625	NaN	NaN	NaN	
6274957908000	6266199494922	None	Fixation	(44.47, 167.41)	(348.79, 161.58)	6245.771	0.08300781	NaN	NaN	NaN	
6274974573000	6266216159696	None	Fixation	(44.55, 167.75)	(348.45, 161.44)	6245.771	0.09960938	NaN	NaN	NaN	
6274991240000	6266232826885	None	Fixation	(44.54, 167.87)	(348.01, 161.18)	6245.771	0.1166992	NaN	NaN	NaN	
6275007906000	6266249492767	None	Fixation	(44.58, 168.22)	(347.92, 161.05)	6245.771	0.1333008	NaN	NaN	NaN	
6275024573000	6266266159308	None	Fixation	(46.65, 166.40)	(348.66, 163.67)	6245.771	0.1499023	NaN	NaN	NaN	
6275041239000	6266282825337	None	Fixation	(45.87, 166.82)	(348.59, 163.01)	6245.771	0.1665039	NaN	NaN	NaN	
6275057906000	6266299492162	None	Fixation	(45.55, 166.92)	(348.61, 162.95)	6245.771	0.1831055	NaN	NaN	NaN	
6275074572000	6266316157787	None	Fixation	(45.05, 167.13)	(348.99, 162.54)	6245.771	0.199707	NaN	NaN	NaN	
6275091239000	6266332824277	None	Fixation	(44.42, 166.80)	(349.77, 162.19)	6245.771	0.2163086	NaN	NaN	NaN	
6275107907000	6266349492676	None	Fixation	(44.53, 166.70)	(350.01, 162.35)	6245.771	0.2333984	NaN	NaN	NaN	
6275124574000	6266366158828	None	Fixation	(44.39, 166.59)	(350.19, 162.46)	6245.771	0.25	NaN	NaN	NaN	
6275141238000	6266382822677	None	Fixation	(44.74, 166.63)	(350.03, 162.46)	6245.771	0.2666016	NaN	NaN	NaN	
6275157905000	6266399489414	None	Fixation	(44.85, 166.60)	(349.71, 162.66)	6245.771	0.2832031	NaN	NaN	NaN	
6275174572000	6266416156220	None	Fixation	(45.01, 166.59)	(349.71, 162.42)	6245.771	0.2998047	NaN	NaN	NaN	
6275191238000	6266432822013	None	Fixation	(44.92, 166.73)	(349.50, 162.37)	6245.771	0.3164063	NaN	NaN	NaN	
6275207904000	6266449487789	None	Fixation	(44.62, 166.96)	(349.40, 162.10)	6245.771	0.3330078	NaN	NaN	NaN	
6275224571000	6266466154599	None	Fixation	(44.73, 167.17)	(349.41, 161.95)	6245.771	0.3496094	NaN	NaN	NaN	
6275241239000	6266482822828	None	Fixation	(44.10, 167.21)	(349.38, 161.72)	6245.771	0.3666992	NaN	NaN	NaN	
6275257906000	6266499489188	None	Fixation	(45.30, 166.05)	(350.14, 162.96)	6245.771	0.3833008	NaN	NaN	NaN	
6275274571000	6266516154017	None	Fixation	(43.46, 166.78)	(350.37, 162.43)	6245.771	0.3999023	NaN	NaN	NaN	
6275291237000	6266532819806	None	Fixation	(44.26, 166.17)	(350.72, 162.66)	6245.771	0.4165039	NaN	NaN	NaN	
6275307904000	6266549486563	None	Fixation	(44.01, 166.20)	(350.96, 162.31)	6245.771	0.4331055	NaN	NaN	NaN	
6275324570000	6266566152360	None	Fixation	(44.14, 165.96)	(351.24, 162.49)	6245.771	0.449707	NaN	NaN	NaN	
6275341239000	6266582821163	None	Fixation	(43.76, 165.89)	(351.17, 162.50)	6245.771	0.4663086	NaN	NaN	NaN	
6275357905000	6266599486963	None	Fixation	(44.58, 165.55)	(351.10, 162.63)	6245.771	0.4833984	NaN	NaN	NaN	
6275374570000	6266616151746	None	Fixation	(45.50, 165.84)	(351.33, 162.86)	6245.771	0.5	NaN	NaN	NaN	
6275391237000	6266632818570	None	Fixation	(44.88, 165.40)	(351.21, 162.82)	6245.771	0.5166016	NaN	NaN	NaN	
6275407904000	6266649485333	None	Fixation	(45.83, 165.38)	(350.81, 162.75)	6245.771	0.5332031	NaN	NaN	NaN	
6275424570000	6266666151111	None	Fixation	(45.65, 165.42)	(350.71, 162.69)	6245.771	0.5498047	NaN	NaN	NaN	
6275441237000	6266682817951	None	Fixation	(45.66, 165.04)	(351.14, 163.44)	6245.771	0.5664063	NaN	NaN	NaN	
6275457903000	6266699483710	None	Fixation	(46.52, 165.01)	(350.94, 163.68)	6245.771	0.5830078	NaN	NaN	NaN	
6275474570000	6266716150528	None	Fixation	(45.42, 164.94)	(350.97, 163.61)	6245.771	0.5996094	NaN	NaN	NaN	
6275491236000	6266732816319	None	Fixation	(45.05, 165.07)	(351.12, 163.26)	6245.771	0.6166992	NaN	NaN	NaN	
6275507903000	6266749483210	None	Fixation	(45.66, 165.13)	(351.26, 163.02)	6245.771	0.6333008	NaN	NaN	NaN	
6275524569000	6266766148946	None	Fixation	(45.48, 165.03)	(351.38, 163.01)	6245.771	0.6499023	NaN	NaN	NaN	
6275541236000	6266782815910	None	Fixation	(45.07, 165.00)	(351.38, 162.90)	6245.771	0.6665039	NaN	NaN	NaN	
6275557903000	6266799482490	None	Fixation	(45.12, 165.08)	(351.44, 162.99)	6245.771	0.6831055	NaN	NaN	NaN	
6275574569000	6266816148290	None	Fixation	(45.40, 164.93)	(351.16, 162.85)	6245.771	0.699707	NaN	NaN	NaN	
6275591235000	6266832814644	None	Fixation	(45.36, 165.02)	(351.11, 163.22)	6245.771	0.7163086	NaN	NaN	NaN	
6275607904000	6266849482962	None	Fixation	(45.10, 165.09)	(351.22, 162.92)	6245.771	0.7329102	NaN	NaN	NaN	
6275624570000	6266866148678	None	Fixation	(45.35, 165.00)	(350.87, 163.03)	6245.771	0.75	NaN	NaN	NaN	
6275641235000	6266882813454	None	Fixation	(45.01, 164.98)	(351.19, 162.88)	6245.771	0.7666016	NaN	NaN	NaN	
6275657902000	6266899480267	None	Fixation	(46.24, 165.01)	(351.25, 162.77)	6245.771	0.7832031	NaN	NaN	NaN	
6275674567000	6266916145060	None	Fixation	(44.93, 164.87)	(351.27, 162.83)	6245.771	0.7998047	NaN	NaN	NaN	
6275691234000	6266932811838	None	Fixation	(46.29, 164.13)	(351.47, 163.88)	6245.771	0.8164063	NaN	NaN	NaN	
6275707900000	6266949477628	None	Saccade	(56.34, 160.35)	(350.51, 173.01)	6246.587	0.01660156	131.9638	4.398794	217.7022	
6275724567000	6266966144431	None	Saccade	(66.91, 157.66)	(348.03, 181.17)	6246.587	0.03320313	134.2651	8.860781	221.9195	
6275741233000	6266982810278	None	Unknown	(67.17, 156.63)	(346.11, 184.30)	NaN	NaN	NaN	NaN	NaN	
6275757900000	6266999477341	None	Pursuit	(67.08, 156.28)	(345.98, 183.40)	6246.637	0.01660156	4.429946	0.1476649	152.82	
6275774569000	6267016145808	None	Pursuit	(66.98, 156.42)	(346.17, 183.21)	6246.637	0.03320313	2.134171	0.1157819	124.6713	
6275791235000	6267032811797	None	Unknown	(66.39, 156.06)	(346.43, 183.15)	NaN	NaN	NaN	NaN	NaN	
6275807901000	6267049477880	None	Fixation	(66.09, 155.78)	(346.47, 182.74)	6246.687	0.01660156	NaN	NaN	NaN	
6275824568000	6267066144591	None	Fixation	(66.15, 155.75)	(346.75, 182.26)	6246.687	0.03320313	NaN	NaN	NaN	
6275841232000	6267082808294	None	Fixation	(65.80, 155.90)	(346.74, 181.95)	6246.687	0.04980469	NaN	NaN	NaN	
6275857899000	6267099475227	None	Fixation	(65.58, 155.82)	(346.94, 181.90)	6246.687	0.06640625	NaN	NaN	NaN	
6275874566000	6267116141602	None	Fixation	(65.81, 155.78)	(346.98, 181.75)	6246.687	0.08349609	NaN	NaN	NaN	
6275891232000	6267132807334	None	Fixation	(65.78, 155.78)	(346.89, 181.81)	6246.687	0.1000977	NaN	NaN	NaN	
6275907899000	6267149474254	None	Fixation	(67.94, 155.39)	(346.35, 184.26)	6246.687	0.1166992	NaN	NaN	NaN	
6275924565000	6267166139964	None	Saccade	(69.08, 156.03)	(344.83, 184.76)	6246.804	0.01660156	16.057	0.6567115	275.6598	
6275941232000	6267182807274	None	Pursuit	(68.79, 155.96)	(344.70, 184.14)	6246.804	0.03320313	3.653642	0.4198471	291.2028	
6275957898000	6267199472637	None	Pursuit	(68.70, 156.09)	(344.48, 183.99)	6246.804	0.04980469	3.222421	0.7777197	291.0511	
6275974565000	6267216139379	None	Fixation	(68.29, 156.44)	(344.62, 183.22)	6246.854	0.01660156	NaN	NaN	NaN	
6275991231000	6267232805160	None	Fixation	(67.65, 156.15)	(345.05, 183.09)	6246.854	0.03369141	NaN	NaN	NaN	
6276007898000	6267249472258	None	Fixation	(67.31, 156.07)	(344.93, 182.51)	6246.854	0.05029297	NaN	NaN	NaN	
6276024564000	6267266138031	None	Fixation	(67.55, 156.28)	(344.99, 182.79)	6246.854	0.06689453	NaN	NaN	NaN	
6276041231000	6267282804880	None	Fixation	(67.28, 156.28)	(345.18, 182.91)	6246.854	0.08349609	NaN	NaN	NaN	
6276057897000	6267299470416	None	Fixation	(67.38, 156.24)	(345.01, 182.44)	6246.854	0.1000977	NaN	NaN	NaN	
6276074566000	6267316139121	None	Fixation	(67.37, 156.39)	(344.90, 182.35)	6246.854	0.1166992	NaN	NaN	NaN	
6276091232000	6267332804918	None	Fixation	(67.22, 156.31)	(344.88, 182.10)	6246.854	0.1333008	NaN	NaN	NaN	
6276107897000	6267349470020	None	Fixation	(66.99, 156.66)	(344.65, 181.92)	6246.854	0.1499023	NaN	NaN	NaN	
6276141230000	6267382802526	None	Fixation	(67.88, 156.55)	(344.78, 183.11)	6246.854	0.1835938	NaN	NaN	NaN	
6276141230000	6267382802838	None	Fixation	(67.88, 156.55)	(344.78, 183.11)	6246.854	0.1835938	NaN	NaN	NaN	
6276157896000	6267399468082	None	Fixation	(68.37, 156.49)	(343.92, 183.29)	6246.854	0.2001953	NaN	NaN	NaN	
6276174565000	6267416136876	None	Fixation	(68.39, 156.44)	(344.06, 183.16)	6246.854	0.2167969	NaN	NaN	NaN	
6276191232000	6267432803668	None	Fixation	(68.24, 156.28)	(344.24, 183.02)	6246.854	0.2333984	NaN	NaN	NaN	
6276207896000	6267449468111	None	Fixation	(68.28, 156.50)	(344.22, 182.97)	6246.854	0.25	NaN	NaN	NaN	
6276224562000	6267466133607	None	Fixation	(68.23, 156.19)	(344.59, 182.98)	6246.854	0.2666016	NaN	NaN	NaN	
6276241231000	6267482802310	None	Fixation	(68.06, 156.09)	(344.48, 182.93)	6246.854	0.2836914	NaN	NaN	NaN	
6276257897000	6267499467864	None	Fixation	(68.19, 156.09)	(344.70, 183.16)	6246.854	0.300293	NaN	NaN	NaN	
6276274562000	6267516132644	None	Fixation	(67.52, 157.04)	(343.87, 181.79)	6246.854	0.3168945	NaN	NaN	NaN	
6276291228000	6267532798430	None	Saccade	(60.32, 166.29)	(338.05, 171.82)	6247.17	0.01660156	144.2588	4.808628	183.7827	
6276307895000	6267549465202	None	Saccade	(53.79, 178.44)	(331.35, 163.28)	6247.17	0.03320313	169.581	10.42472	179.3004	
6276324562000	6267566132042	None	Unknown	(51.38, 186.12)	(326.68, 157.30)	NaN	NaN	NaN	NaN	NaN	
6276341228000	6267582797809	None	Pursuit	(51.45, 184.89)	(325.74, 155.71)	6247.22	0.01660156	15.10272	0.5034241	170.6572	
6276357895000	6267599464609	None	Pursuit	(51.10, 184.19)	(326.05, 155.43)	6247.22	0.03320313	9.723253	0.8007045	158.9852	
6276374561000	6267616130423	None	Pursuit	(50.88, 184.03)	(325.98, 155.49)	6247.22	0.05029297	3.285467	0.8784525	153.7141	
6276391228000	6267632797320	None	Unknown	(51.21, 184.08)	(326.04, 155.43)	NaN	NaN	NaN	NaN	NaN	
6276407896000	6267649464963	None	Fixation	(51.05, 184.01)	(326.44, 155.05)	6247.287	0.01660156	NaN	NaN	NaN	
6276424563000	6267666131787	None	Fixation	(50.46, 183.09)	(326.42, 155.11)	6247.287	0.03320313	NaN	NaN	NaN	
6276441226000	6267682794587	None	Fixation	(50.50, 183.25)	(326.82, 155.11)	6247.287	0.04980469	NaN	NaN	NaN	
6276457893000	6267699461377	None	Fixation	(50.11, 182.88)	(327.30, 154.99)	6247.287	0.06640625	NaN	NaN	NaN	
6276474559000	6267716127163	None	Fixation	(49.92, 183.37)	(327.17, 154.75)	6247.287	0.08300781	NaN	NaN	NaN	
6276491226000	6267732794020	None	Fixation	(49.15, 186.04)	(325.31, 153.61)	6247.287	0.1000977	NaN	NaN	NaN	
6276507895000	6267749462767	None	Saccade	(49.78, 185.23)	(325.68, 154.02)	6247.387	0.01660156	12.66746	0.4222486	204.7207	
6276524561000	6267766128576	None	Fixation	(49.96, 185.10)	(325.26, 153.72)	6247.287	0.1333008	NaN	NaN	NaN	
6276541225000	6267782792399	None	Fixation	(49.83, 185.06)	(325.67, 153.98)	6247.42	0.01660156	NaN	NaN	NaN	
6276557892000	6267799459165	None	Fixation	(49.79, 184.90)	(325.63, 153.83)	6247.42	0.03320313	NaN	NaN	NaN	
6276574560000	6267816126924	None	Fixation	(49.90, 184.96)	(325.58, 153.67)	6247.42	0.04980469	NaN	NaN	NaN	
6276607893000	6267849459746	None	Fixation	(49.81, 185.08)	(325.62, 153.64)	6247.42	0.08300781	NaN	NaN	NaN	
6276607893000	6267849459590	None	Fixation	(49.81, 185.08)	(325.62, 153.64)	6247.42	0.08300781	NaN	NaN	NaN	
6276624560000	6267866126315	None	Fixation	(49.29, 185.37)	(325.63, 153.52)	6247.42	0.1000977	NaN	NaN	NaN	
6276641224000	6267882790110	None	Fixation	(49.67, 184.95)	(325.75, 153.62)	6247.42	0.1166992	NaN	NaN	NaN	
6276674559000	6267916124956	None	Fixation	(49.74, 185.15)	(325.35, 153.82)	6247.42	0.1499023	NaN	NaN	NaN	
6276674559000	6267916125032	None	Fixation	(49.74, 185.15)	(325.35, 153.82)	6247.42	0.1499023	NaN	NaN	NaN	
6276691226000	6267932791796	None	Fixation	(50.09, 186.45)	(324.07, 153.65)	6247.42	0.1665039	NaN	NaN	NaN	
6276707891000	6267949456311	None	Fixation	(50.70, 185.98)	(324.11, 153.78)	6247.42	0.1831055	NaN	NaN	NaN	
6276724557000	6267966122097	None	Fixation	(50.39, 186.55)	(324.00, 153.85)	6247.42	0.199707	NaN	NaN	NaN	
6276741224000	6267982789110	None	Fixation	(50.78, 185.89)	(324.07, 153.80)	6247.42	0.2167969	NaN	NaN	NaN	
6276774557000	6268016121752	None	Fixation	(51.08, 185.71)	(324.04, 153.82)	6247.42	0.25	NaN	NaN	NaN	
6276774557000	6268016121487	None	Fixation	(51.08, 185.71)	(324.04, 153.82)	6247.42	0.25	NaN	NaN	NaN	
6276791223000	6268032787266	None	Fixation	(51.33, 185.67)	(324.04, 154.14)	6247.42	0.2666016	NaN	NaN	NaN	
6276807890000	6268049454018	None	Fixation	(51.23, 185.75)	(323.73, 154.30)	6247.42	0.2832031	NaN	NaN	NaN	
6276824556000	6268066119841	None	Fixation	(51.39, 185.74)	(323.67, 154.27)	6247.42	0.2998047	NaN	NaN	NaN	
6276841223000	6268082786596	None	Fixation	(51.81, 185.49)	(323.93, 154.21)	6247.42	0.3164063	NaN	NaN	NaN	
6276857890000	6268099453457	None	Fixation	(51.44, 185.83)	(323.62, 154.14)	6247.42	0.3330078	NaN	NaN	NaN	
6276891221000	6268132784222	None	Fixation	(51.52, 185.73)	(323.54, 154.08)	6247.42	0.3666992	NaN	NaN	NaN	
6276907888000	6268149451521	None	Fixation	(51.14, 186.25)	(323.50, 154.10)	6247.42	0.3833008	NaN	NaN	NaN	
6276924554000	6268166116813	None	Fixation	(51.72, 185.99)	(323.27, 154.08)	6247.42	0.3999023	NaN	NaN	NaN	
6276941224000	6268182786624	None	Fixation	(51.29, 186.02)	(323.05, 153.97)	6247.42	0.4165039	NaN	NaN	NaN	
6276957887000	6268199449414	None	Fixation	(50.86, 186.26)	(323.19, 153.93)	6247.42	0.4331055	NaN	NaN	NaN	
6276957887000	6268199449575	None	Fixation	(50.86, 186.26)	(323.19, 153.93)	6247.42	0.4331055	NaN	NaN	NaN	
6276974554000	6268216116015	None	Fixation	(51.21, 186.23)	(323.40, 153.98)	6247.42	0.449707	NaN	NaN	NaN	
6276991221000	6268232782808	None	Fixation	(51.38, 186.02)	(323.53, 153.95)	6247.42	0.4667969	NaN	NaN	NaN	
6277007887000	6268249448567	None	Fixation	(51.39, 185.72)	(323.51, 154.15)	6247.42	0.4833984	NaN	NaN	NaN	
6277024553000	6268266114384	None	Fixation	(51.60, 185.63)	(323.50, 154.13)	6247.42	0.5	NaN	NaN	NaN	
6277041222000	6268282783181	None	Fixation	(51.49, 185.68)	(323.66, 154.38)	6247.42	0.5166016	NaN	NaN	NaN	
6277057888000	6268299448996	None	Fixation	(51.71, 185.83)	(323.90, 154.47)	6247.42	0.5332031	NaN	NaN	NaN	
6277091219000	6268332779727	None	Fixation	(51.96, 185.62)	(323.89, 154.16)	6247.42	0.5664063	NaN	NaN	NaN	
6277107886000	6268349446578	None	Fixation	(51.14, 185.81)	(324.01, 154.31)	6247.42	0.5830078	NaN	NaN	NaN	
6277107886000	6268349446384	None	Fixation	(51.14, 185.81)	(324.01, 154.31)	6247.42	0.5830078	NaN	NaN	NaN	
6277141219000	6268382779176	None	Fixation	(51.38, 185.55)	(324.13, 154.31)	6247.42	0.6166992	NaN	NaN	NaN	
6277157886000	6268399445934	None	Fixation	(51.03, 185.27)	(324.04, 154.21)	6247.42	0.6333008	NaN	NaN	NaN	
6277174552000	6268416111729	None	Fixation	(51.05, 185.25)	(324.30, 154.14)	6247.42	0.6499023	NaN	NaN	NaN	
6277191219000	6268432778515	None	Fixation	(50.93, 185.05)	(324.61, 153.97)	6247.42	0.6665039	NaN	NaN	NaN	
6277207886000	6268449445319	None	Fixation	(50.65, 184.86)	(324.82, 154.11)	6247.42	0.6831055	NaN	NaN	NaN	
6277224553000	6268466112107	None	Fixation	(49.72, 186.28)	(324.19, 153.30)	6247.42	0.699707	NaN	NaN	NaN	
6277224553000	6268466111928	None	Fixation	(49.72, 186.28)	(324.19, 153.30)	6247.42	0.699707	NaN	NaN	NaN	
6277257885000	6268499443689	None	Fixation	(50.10, 185.73)	(324.81, 153.53)	6247.42	0.7333984	NaN	NaN	NaN	
6277274550000	6268516108645	None	Fixation	(50.14, 184.63)	(325.34, 153.75)	6247.42	0.75	NaN	NaN	NaN	
6277274550000	6268516108391	None	Fixation	(50.14, 184.63)	(325.34, 153.75)	6247.42	0.75	NaN	NaN	NaN	
6277291217000	6268532775081	None	Fixation	(50.08, 184.27)	(326.10, 153.93)	6247.42	0.7666016	NaN	NaN	NaN	
6277307885000	6268549442871	None	Fixation	(49.59, 184.19)	(326.46, 154.06)	6247.42	0.7832031	NaN	NaN	NaN	
6277341217000	6268582774766	None	Fixation	(50.13, 182.93)	(327.06, 154.58)	6247.42	0.8164063	NaN	NaN	NaN	
6277357884000	6268599441472	None	Fixation	(50.22, 182.75)	(327.11, 154.60)	6247.42	0.8330078	NaN	NaN	NaN	
6277374549000	6268616106263	None	Fixation	(50.43, 182.58)	(327.43, 154.80)	6247.42	0.8500977	NaN	NaN	NaN	
6277374549000	6268616106098	None	Fixation	(50.43, 182.58)	(327.43, 154.80)	6247.42	0.8500977	NaN	NaN	NaN	
6277407883000	6268649439893	None	Fixation	(50.60, 182.37)	(327.35, 154.76)	6247.42	0.8833008	NaN	NaN	NaN	
6277407883000	6268649439645	None	Fixation	(50.60, 182.37)	(327.35, 154.76)	6247.42	0.8833008	NaN	NaN	NaN	
6277441215000	6268682771578	None	Fixation	(49.48, 182.42)	(327.32, 154.55)	6247.42	0.9165039	NaN	NaN	NaN	
6277441215000	6268682771211	None	Fixation	(49.48, 182.42)	(327.32, 154.55)	6247.42	0.9165039	NaN	NaN	NaN	
6277474549000	6268716105046	None	Saccade	(49.48, 186.06)	(324.64, 152.98)	6248.354	0.01660156	31.40786	1.046929	350.2058	
6277491215000	6268732770896	None	Saccade	(49.35, 185.39)	(325.05, 153.08)	6248.37	0.01708984	5.308312	0.1769437	117.5848	
6277507882000	6268749437691	None	Pursuit	(49.36, 185.73)	(325.27, 152.97)	6248.354	0.05029297	4.118854	0.9149473	353.7624	
6277524548000	6268766103446	None	Fixation	(48.98, 185.68)	(325.01, 152.87)	6248.404	0.01660156	NaN	NaN	NaN	
6277541215000	6268782770245	None	Fixation	(49.08, 186.01)	(325.10, 152.87)	6248.42	0.01660156	NaN	NaN	NaN	
6277557881000	6268799436340	None	Fixation	(49.23, 185.58)	(324.84, 152.74)	6248.42	0.03320313	NaN	NaN	NaN	
6277574548000	6268816102781	None	Fixation	(49.28, 185.78)	(325.04, 152.97)	6248.42	0.04980469	NaN	NaN	NaN	
6277591214000	6268832768605	None	Fixation	(49.29, 185.78)	(325.05, 153.01)	6248.42	0.06640625	NaN	NaN	NaN	
6277607881000	6268849435382	None	Fixation	(49.37, 185.74)	(324.84, 152.92)	6248.42	0.08300781	NaN	NaN	NaN	
6277624547000	6268866101240	None	Fixation	(49.30, 185.69)	(324.99, 153.10)	6248.42	0.1000977	NaN	NaN	NaN	
6277641216000	6268882770025	None	Fixation	(49.29, 185.58)	(325.17, 152.98)	6248.42	0.1166992	NaN	NaN	NaN	
6277657882000	6268899436028	None	Fixation	(49.31, 185.67)	(325.22, 153.04)	6248.42	0.1333008	NaN	NaN	NaN	
6277674547000	6268916100625	None	Fixation	(49.32, 185.40)	(325.24, 153.10)	6248.42	0.1499023	NaN	NaN	NaN	
6277691219000	6268932772369	None	Fixation	(50.70, 185.54)	(324.24, 153.76)	6248.42	0.1665039	NaN	NaN	NaN	
6277707880000	6268949433132	None	Fixation	(50.70, 185.72)	(324.54, 153.76)	6248.42	0.1831055	NaN	NaN	NaN	
6277724546000	6268966098990	None	Fixation	(50.90, 185.67)	(324.40, 153.83)	6248.42	0.199707	NaN	NaN	NaN	
6277741213000	6268982765751	None	Fixation	(51.08, 185.86)	(324.15, 153.72)	6248.42	0.2167969	NaN	NaN	NaN	
6277757879000	6268999431583	None	Fixation	(50.81, 185.95)	(324.20, 153.84)	6248.42	0.2333984	NaN	NaN	NaN	
6277774546000	6269016112293	None	Saccade	(50.21, 182.34)	(327.37, 154.41)	6248.654	0.01660156	45.05087	1.501696	157.5137	
6277791213000	6269032765131	None	Saccade	(44.35, 177.48)	(337.97, 156.07)	6248.67	0.01660156	131.995	4.399832	111.918	
6277807881000	6269049432932	None	Saccade	(41.39, 173.88)	(344.95, 158.84)	6248.67	0.03320313	92.33958	7.433602	117.1279	
6277824547000	6269066098801	None	Pursuit	(40.40, 173.07)	(347.25, 159.52)	6248.704	0.01660156	15.74939	0.5249797	116.0856	
6277841212000	6269082763501	None	Pursuit	(38.50, 173.47)	(348.43, 159.24)	6248.704	0.03320313	23.92447	1.199268	84.95684	
6277857878000	6269099429613	None	Pursuit	(38.76, 172.74)	(348.80, 158.50)	6248.704	0.04980469	9.585342	1.174648	100.3815	
6277874547000	6269116098179	None	Pursuit	(38.77, 172.48)	(348.89, 158.37)	6248.72	0.05029297	1.818504	0.819928	68.2	
6277891213000	6269132764015	None	Fixation	(38.88, 172.32)	(348.55, 158.42)	6248.771	0.01660156	NaN	NaN	NaN	
6277907878000	6269149428674	None	Fixation	(38.92, 172.13)	(348.65, 158.25)	6248.771	0.03320313	NaN	NaN	NaN	
6277924545000	6269166095580	None	Fixation	(38.59, 172.39)	(348.62, 158.11)	6248.771	0.04980469	NaN	NaN	NaN	
6277941211000	6269182761337	None	Fixation	(39.25, 172.40)	(348.45, 157.99)	6248.771	0.06640625	NaN	NaN	NaN	
6277957878000	6269199428418	None	Saccade	(41.84, 169.58)	(349.81, 160.49)	6248.837	0.01660156	47.0343	1.56781	209.6154	
6277974544000	6269216094003	None	Saccade	(50.41, 162.36)	(353.61, 171.33)	6248.854	0.01660156	141.186	4.706199	173.6831	
6277991211000	6269232761601	None	Unknown	(53.18, 158.14)	(355.75, 175.53)	NaN	NaN	NaN	NaN	NaN	
6278007876000	6269249425494	None	Pursuit	(53.23, 158.35)	(355.54, 175.97)	6248.887	0.01660156	2.651128	0.08837094	330.8785	
6278024543000	6269266092217	None	Pursuit	(53.14, 157.94)	(356.03, 175.12)	6248.887	0.03320313	5.237024	0.08650701	157.7083	
6278041211000	6269282760043	None	Pursuit	(53.48, 157.82)	(356.42, 174.72)	6248.887	0.04980469	4.382816	0.1822744	209.827	
6278057878000	6269299427567	None	Unknown	(52.27, 157.25)	(356.39, 174.55)	NaN	NaN	NaN	NaN	NaN	
6278074545000	6269316094030	None	Fixation	(52.30, 157.00)	(356.50, 174.56)	6248.954	0.01660156	NaN	NaN	NaN	
6278091212000	6269332760813	None	Fixation	(52.87, 157.36)	(356.48, 174.68)	6248.954	0.03320313	NaN	NaN	NaN	
6278107877000	6269349425580	None	Fixation	(52.40, 157.37)	(356.39, 174.29)	6248.954	0.04980469	NaN	NaN	NaN	
6278124544000	6269366092546	None	Fixation	(52.54, 157.26)	(356.15, 174.11)	6248.954	0.06689453	NaN	NaN	NaN	
6278141209000	6269382757072	None	Fixation	(52.47, 157.22)	(356.40, 174.12)	6248.954	0.08349609	NaN	NaN	NaN	
6278157875000	6269399422897	None	Saccade	(55.86, 154.20)	(358.82, 179.39)	6249.037	0.01660156	55.86071	2.378287	191.7998	
6278174541000	6269416088379	None	Saccade	(59.64, 150.19)	(361.26, 185.04)	6249.037	0.03320313	67.78037	4.902942	190.7891	
6278191208000	6269432755690	None	Unknown	(58.91, 149.74)	(361.34, 184.80)	NaN	NaN	NaN	NaN	NaN	
6278207874000	6269449421647	None	Pursuit	(58.86, 149.66)	(361.74, 184.99)	6249.087	0.01660156	1.144478	0.03814927	130.6103	
6278224541000	6269466088063	None	Pursuit	(58.47, 150.44)	(361.94, 184.57)	6249.087	0.03320313	10.66383	0.3397572	19.20231	
6278241208000	6269482754946	None	Unknown	(58.60, 149.10)	(362.12, 184.71)	NaN	NaN	NaN	NaN	NaN	
6278257874000	6269499420361	None	Fixation	(58.62, 148.95)	(362.26, 184.67)	6249.137	0.01660156	NaN	NaN	NaN	
6278274542000	6269516088184	None	Fixation	(58.69, 149.52)	(361.52, 184.29)	6249.137	0.03320313	NaN	NaN	NaN	
6278291209000	6269532754922	None	Saccade	(52.58, 156.21)	(356.54, 175.27)	6249.17	0.01660156	111.4714	4.22156	186.7708	
6278307874000	6269549419789	None	Saccade	(48.51, 163.28)	(351.73, 168.91)	6249.17	0.03320313	100.3609	7.472848	182.0087	
6278324540000	6269566085635	None	Unknown	(49.13, 163.63)	(351.80, 168.55)	NaN	NaN	NaN	NaN	NaN	
6278341207000	6269582752336	None	Pursuit	(48.30, 162.75)	(352.20, 168.09)	6249.22	0.01660156	14.89766	0.4965886	123.5457	
6278357873000	6269599418551	None	Pursuit	(47.80, 162.36)	(352.43, 167.66)	6249.22	0.03320313	7.835526	0.7556441	120.4327	
6278374540000	6269616084954	None	Unknown	(47.32, 162.75)	(352.92, 167.28)	NaN	NaN	NaN	NaN	NaN	
6278391206000	6269632750711	None	Fixation	(47.03, 162.68)	(353.30, 167.60)	6249.271	0.01660156	NaN	NaN	NaN	
6278407873000	6269649417520	None	Fixation	(46.79, 162.77)	(352.62, 166.82)	6249.271	0.03320313	NaN	NaN	NaN	
6278424539000	6269666083286	None	Fixation	(46.96, 162.72)	(352.87, 166.80)	6249.271	0.04980469	NaN	NaN	NaN	
6278441211000	6269682755159	None	Fixation	(46.62, 162.77)	(353.19, 166.94)	6249.271	0.06640625	NaN	NaN	NaN	
6278457872000	6269699415905	None	Fixation	(46.63, 162.62)	(353.15, 167.01)	6249.271	0.08300781	NaN	NaN	NaN	
6278474539000	6269716082676	None	Fixation	(46.62, 162.48)	(352.91, 166.92)	6249.271	0.09960938	NaN	NaN	NaN	
6278491205000	6269732748507	None	Fixation	(46.86, 162.38)	(353.17, 167.17)	6249.271	0.1162109	NaN	NaN	NaN	
6278507872000	6269749415333	None	Fixation	(46.87, 162.36)	(353.25, 167.55)	6249.271	0.1333008	NaN	NaN	NaN	
6278524538000	6269766081078	None	Fixation	(47.10, 162.05)	(353.37, 167.82)	6249.271	0.1499023	NaN	NaN	NaN	
6278541207000	6269782749916	None	Fixation	(47.23, 161.79)	(353.34, 167.81)	6249.271	0.1665039	NaN	NaN	NaN	
6278557873000	6269799415938	None	Fixation	(47.57, 161.86)	(353.32, 167.89)	6249.271	0.1831055	NaN	NaN	NaN	
6278574538000	6269816080508	None	Fixation	(47.39, 161.84)	(353.67, 168.24)	6249.271	0.199707	NaN	NaN	NaN	
6278591204000	6269832746690	None	Fixation	(47.66, 161.70)	(353.52, 167.95)	6249.271	0.2163086	NaN	NaN	NaN	
6278607871000	6269849413515	None	Fixation	(47.30, 161.60)	(353.63, 168.12)	6249.271	0.2329102	NaN	NaN	NaN	
6278624538000	6269866080070	None	Fixation	(47.69, 161.45)	(353.56, 167.94)	6249.271	0.25	NaN	NaN	NaN	
6278641206000	6269882748083	None	Fixation	(47.65, 161.67)	(353.41, 168.25)	6249.271	0.2666016	NaN	NaN	NaN	
6278657872000	6269899413504	None	Fixation	(47.68, 161.70)	(353.46, 168.36)	6249.271	0.2832031	NaN	NaN	NaN	
6278674537000	6269916078294	None	Fixation	(47.95, 161.56)	(352.82, 168.03)	6249.271	0.2998047	NaN	NaN	NaN	
6278691204000	6269932745015	None	Fixation	(47.13, 163.31)	(351.69, 166.84)	6249.271	0.3164063	NaN	NaN	NaN	
6278707870000	6269949410876	None	Saccade	(46.23, 165.16)	(349.95, 165.17)	6249.587	0.01660156	25.23674	0.9901779	169.9395	
6278724537000	6269966077683	None	Pursuit	(46.77, 165.33)	(350.31, 165.36)	6249.587	0.03320313	7.052616	0.8403544	356.8904	
6278741203000	6269982743459	None	Pursuit	(46.27, 164.91)	(350.35, 164.97)	6249.587	0.04980469	8.114648	0.7442157	15.28677	
6278757870000	6269999410209	None	Unknown	(45.73, 164.66)	(350.63, 164.85)	NaN	NaN	NaN	NaN	NaN	
6278774535000	6270016075047	None	Fixation	(45.91, 164.47)	(351.01, 164.80)	6249.654	0.01660156	NaN	NaN	NaN	
6278791202000	6270032741794	None	Fixation	(45.79, 164.65)	(351.09, 164.89)	6249.654	0.03320313	NaN	NaN	NaN	
6278807869000	6270049408578	None	Fixation	(45.94, 164.55)	(350.94, 164.93)	6249.654	0.04980469	NaN	NaN	NaN	
6278824536000	6270066075526	None	Fixation	(45.85, 164.48)	(351.13, 164.96)	6249.654	0.06640625	NaN	NaN	NaN	
6278841201000	6270082740214	None	Fixation	(45.88, 164.38)	(351.16, 164.99)	6249.654	0.08300781	NaN	NaN	NaN	
6278857868000	6270099406992	None	Fixation	(46.10, 164.39)	(351.17, 165.05)	6249.654	0.09960938	NaN	NaN	NaN	
6278874536000	6270116074826	None	Fixation	(45.87, 164.28)	(350.96, 164.87)	6249.654	0.1166992	NaN	NaN	NaN	
6278891203000	6270132742033	None	Fixation	(45.82, 164.22)	(351.29, 165.07)	6249.654	0.1333008	NaN	NaN	NaN	
6278907867000	6270149405690	None	Fixation	(45.70, 164.26)	(351.54, 165.13)	6249.654	0.1499023	NaN	NaN	NaN	
6278924534000	6270166072176	None	Fixation	(45.22, 163.96)	(351.87, 165.25)	6249.654	0.1665039	NaN	NaN	NaN	
6278941200000	6270182738007	None	Fixation	(45.37, 164.06)	(351.83, 164.90)	6249.654	0.1831055	NaN	NaN	NaN	
6278957867000	6270199404885	None	Fixation	(44.92, 163.96)	(352.20, 164.86)	6249.654	0.199707	NaN	NaN	NaN	
6278974533000	6270216070495	None	Fixation	(44.61, 163.96)	(352.52, 165.10)	6249.654	0.2163086	NaN	NaN	NaN	
6278991200000	6270232737599	None	Fixation	(44.62, 163.88)	(352.67, 164.84)	6249.654	0.2329102	NaN	NaN	NaN	
6279007867000	6270249404213	None	Fixation	(44.50, 163.85)	(352.66, 164.80)	6249.654	0.25	NaN	NaN	NaN	
6279024533000	6270266069948	None	Fixation	(44.40, 163.83)	(352.59, 164.67)	6249.654	0.2666016	NaN	NaN	NaN	
6279041200000	6270282736713	None	Fixation	(44.51, 163.85)	(352.63, 164.66)	6249.654	0.2832031	NaN	NaN	NaN	
6279057866000	6270299402528	None	Fixation	(44.37, 164.12)	(352.33, 164.38)	6249.654	0.2998047	NaN	NaN	NaN	
6279074534000	6270316070732	None	Fixation	(44.26, 164.16)	(352.49, 164.55)	6249.654	0.3164063	NaN	NaN	NaN	
6279074534000	6270316070068	None	Fixation	(44.26, 164.16)	(352.49, 164.55)	6249.654	0.3164063	NaN	NaN	NaN	
6279107866000	6270349401931	None	Fixation	(44.12, 166.44)	(350.07, 162.82)	6249.654	0.3496094	NaN	NaN	NaN	
6279124532000	6270366067655	None	Saccade	(43.97, 167.16)	(349.90, 162.76)	6250.003	0.01708984	2.277818	0.07592726	301.8391	
6279141198000	6270382733453	None	Pursuit	(44.12, 166.85)	(349.59, 162.59)	6250.003	0.03369141	4.314182	0.2187638	309.2556	
6279157865000	6270399400579	None	Fixation	(44.17, 166.66)	(349.57, 162.43)	6249.654	0.3999023	NaN	NaN	NaN	
6279174532000	6270416067311	None	Fixation	(43.93, 166.76)	(349.87, 162.46)	6249.654	0.4165039	NaN	NaN	NaN	
6279191200000	6270432734975	None	Fixation	(43.85, 166.73)	(349.83, 162.13)	6249.654	0.4331055	NaN	NaN	NaN	
6279207865000	6270449399661	None	Fixation	(43.87, 166.76)	(349.95, 162.41)	6249.654	0.449707	NaN	NaN	NaN	
6279224531000	6270466065471	None	Fixation	(43.89, 166.69)	(349.81, 162.35)	6249.654	0.4663086	NaN	NaN	NaN	
6279241198000	6270482732249	None	Fixation	(43.86, 166.72)	(349.77, 162.32)	6249.654	0.4829102	NaN	NaN	NaN	
6279257864000	6270499398070	None	Fixation	(43.86, 166.76)	(349.87, 162.38)	6249.654	0.5	NaN	NaN	NaN	
6279274531000	6270516064905	None	Fixation	(44.13, 166.82)	(349.74, 162.37)	6249.654	0.5166016	NaN	NaN	NaN	
6279291197000	6270532730615	None	Fixation	(43.97, 166.78)	(349.50, 162.31)	6249.654	0.5332031	NaN	NaN	NaN	
6279307864000	6270549397407	None	Fixation	(44.16, 166.84)	(349.61, 162.38)	6249.654	0.5498047	NaN	NaN	NaN	
6279324530000	6270566063261	None	Fixation	(44.07, 166.80)	(349.47, 162.50)	6249.654	0.5664063	NaN	NaN	NaN	
6279341197000	6270582730005	None	Fixation	(44.26, 166.67)	(349.51, 162.61)	6249.654	0.5830078	NaN	NaN	NaN	
6279357863000	6270599395819	None	Fixation	(45.06, 165.56)	(350.65, 164.16)	6249.654	0.5996094	NaN	NaN	NaN	
6279374532000	6270616064606	None	Fixation	(45.24, 165.59)	(350.61, 163.88)	6249.654	0.6166992	NaN	NaN	NaN	
6279391198000	6270632730431	None	Fixation	(44.99, 165.57)	(350.30, 164.08)	6249.654	0.6333008	NaN	NaN	NaN	
6279407863000	6270649395209	None	Fixation	(44.90, 165.58)	(350.37, 164.02)	6249.654	0.6499023	NaN	NaN	NaN	
6279424529000	6270666061362	None	Fixation	(45.23, 165.51)	(350.51, 163.99)	6249.654	0.6665039	NaN	NaN	NaN	
6279441196000	6270682728110	None	Fixation	(45.06, 165.30)	(350.47, 164.06)	6249.654	0.6831055	NaN	NaN	NaN	
6279457863000	6270699394950	None	Fixation	(45.09, 165.54)	(350.42, 164.04)	6249.654	0.699707	NaN	NaN	NaN	
6279474529000	6270716061072	None	Fixation	(45.04, 165.68)	(350.65, 163.91)	6249.654	0.7163086	NaN	NaN	NaN	
6279491196000	6270732727477	None	Fixation	(45.23, 165.66)	(350.07, 163.84)	6249.654	0.7329102	NaN	NaN	NaN	
6279507862000	6270749392951	None	Fixation	(45.19, 165.69)	(350.18, 163.87)	6249.654	0.75	NaN	NaN	NaN	
6279524529000	6270766059723	None	Fixation	(45.13, 165.73)	(350.13, 163.82)	6249.654	0.7666016	NaN	NaN	NaN	
6279541195000	6270782725587	None	Fixation	(45.13, 165.59)	(350.17, 163.80)	6249.654	0.7832031	NaN	NaN	NaN	
6279557862000	6270799392383	None	Fixation	(45.04, 165.55)	(350.38, 163.82)	6249.654	0.7998047	NaN	NaN	NaN	
6279574528000	6270816058195	None	Fixation	(44.74, 165.71)	(350.54, 163.85)	6249.654	0.8164063	NaN	NaN	NaN	
6279591195000	6270832724909	None	Fixation	(45.08, 165.62)	(350.42, 163.78)	6249.654	0.8330078	NaN	NaN	NaN	
6279607862000	6270849391702	None	Fixation	(44.97, 165.44)	(350.29, 163.86)	6249.654	0.8496094	NaN	NaN	NaN	
6279624529000	6270866058480	None	Fixation	(45.08, 165.68)	(350.15, 163.81)	6249.654	0.8666992	NaN	NaN	NaN	
6279641195000	6270882724302	None	Fixation	(45.22, 165.52)	(350.22, 164.00)	6249.654	0.8833008	NaN	NaN	NaN	
6279657861000	6270899390117	None	Fixation	(45.13, 165.68)	(349.97, 163.86)	6249.654	0.8999023	NaN	NaN	NaN	
6279674527000	6270916056179	None	Fixation	(45.15, 165.86)	(349.95, 163.71)	6249.654	0.9165039	NaN	NaN	NaN	
6279691194000	6270932723128	None	Fixation	(45.17, 165.71)	(349.92, 163.65)	6249.654	0.9331055	NaN	NaN	NaN	
6279707860000	6270949388949	None	Fixation	(45.00, 165.81)	(349.74, 163.53)	6249.654	0.949707	NaN	NaN	NaN	
6279724527000	6270966055269	None	Fixation	(44.96, 165.75)	(349.87, 163.59)	6249.654	0.9663086	NaN	NaN	NaN	
6279741193000	6270982721124	None	Fixation	(44.99, 165.94)	(349.93, 163.54)	6249.654	0.9829102	NaN	NaN	NaN	
6279757860000	6270999388198	None	Fixation	(44.99, 165.80)	(349.96, 163.52)	6249.654	1	NaN	NaN	NaN	
6279774526000	6271016054080	None	Fixation	(44.90, 165.87)	(350.05, 163.63)	6249.654	1.016602	NaN	NaN	NaN	
6279791193000	6271032720448	None	Fixation	(45.07, 165.62)	(350.20, 163.76)	6249.654	1.033203	NaN	NaN	NaN	
6279807860000	6271049387602	None	Fixation	(44.85, 165.57)	(350.05, 163.85)	6249.654	1.049805	NaN	NaN	NaN	
6279824526000	6271066053029	None	Fixation	(45.07, 165.26)	(350.41, 163.94)	6249.654	1.066406	NaN	NaN	NaN	
6279841192000	6271082718835	None	Fixation	(45.38, 164.91)	(350.32, 164.30)	6249.654	1.083008	NaN	NaN	NaN	
6279857859000	6271099385625	None	Fixation	(45.32, 164.77)	(350.50, 164.30)	6249.654	1.099609	NaN	NaN	NaN	
6279874526000	6271116052400	None	Fixation	(45.42, 164.77)	(350.84, 164.33)	6249.654	1.116699	NaN	NaN	NaN	
6279891192000	6271132718779	None	Fixation	(45.46, 164.60)	(350.91, 164.27)	6249.654	1.133301	NaN	NaN	NaN	
6279907859000	6271149385025	None	Fixation	(45.20, 164.20)	(350.91, 164.34)	6249.654	1.149902	NaN	NaN	NaN	
6279924525000	6271166050935	None	Fixation	(45.16, 164.48)	(350.85, 164.34)	6249.654	1.166504	NaN	NaN	NaN	
6279941192000	6271182717663	None	Fixation	(45.11, 164.47)	(350.92, 164.28)	6249.654	1.183105	NaN	NaN	NaN	
6279957858000	6271199383372	None	Fixation	(44.91, 164.65)	(351.27, 164.13)	6249.654	1.199707	NaN	NaN	NaN	
6279974525000	6271216050519	None	Fixation	(44.70, 164.49)	(351.38, 164.14)	6249.654	1.216309	NaN	NaN	NaN	
6279991191000	6271232716285	None	Fixation	(44.52, 164.30)	(351.46, 164.00)	6249.654	1.23291	NaN	NaN	NaN	
6280007858000	6271249382783	None	Fixation	(44.37, 164.12)	(351.63, 164.02)	6249.654	1.25	NaN	NaN	NaN	
6280024524000	6271266048566	None	WinkLeft	(44.34, 163.63)	(351.77, 164.12)	NaN	NaN	NaN	NaN	NaN	
6280041193000	6271282717604	None	WinkLeft	(44.42, 163.77)	(351.75, 164.03)	NaN	NaN	NaN	NaN	NaN	
6280057859000	6271299383422	None	WinkLeft	(44.61, 163.94)	(351.69, 163.88)	NaN	NaN	NaN	NaN	NaN	
6280074524000	6271316047979	None	WinkLeft	(44.13, 164.69)	(351.17, 163.59)	NaN	NaN	NaN	NaN	NaN	
6280091190000	6271332713720	None	WinkLeft	(44.51, 164.31)	(351.30, 163.86)	NaN	NaN	NaN	NaN	NaN	
6280107857000	6271349380604	None	WinkLeft	(44.32, 164.45)	(351.66, 163.73)	NaN	NaN	NaN	NaN	NaN	
6280124523000	6271366046328	None	WinkLeft	(44.31, 164.39)	(351.25, 163.76)	NaN	NaN	NaN	NaN	NaN	
6280141190000	6271382713125	None	Fixation	(44.54, 164.44)	(351.52, 163.98)	6249.654	1.383301	NaN	NaN	NaN	
6280157856000	6271399378915	None	Fixation	(44.62, 164.54)	(351.12, 163.78)	6249.654	1.399902	NaN	NaN	NaN	
6280174523000	6271416046066	None	Fixation	(44.58, 164.56)	(351.08, 163.58)	6249.654	1.416504	NaN	NaN	NaN	
6280191189000	6271432711827	None	Fixation	(44.63, 164.62)	(350.96, 163.74)	6249.654	1.433105	NaN	NaN	NaN	
6280207856000	6271449378601	None	Fixation	(44.96, 164.54)	(350.90, 163.66)	6249.654	1.449707	NaN	NaN	NaN	
6280224523000	6271466045103	None	Fixation	(44.94, 164.63)	(350.65, 163.37)	6249.654	1.466309	NaN	NaN	NaN	
6280241189000	6271482710896	None	Fixation	(44.85, 164.66)	(350.66, 163.31)	6249.654	1.48291	NaN	NaN	NaN	
6280257856000	6271499377706	None	Fixation	(44.76, 164.76)	(350.75, 163.32)	6249.654	1.5	NaN	NaN	NaN	
6280274522000	6271516043474	None	Fixation	(44.79, 164.98)	(350.67, 163.35)	6249.654	1.516602	NaN	NaN	NaN	
6280291189000	6271532710295	None	Fixation	(44.86, 164.97)	(350.67, 163.46)	6249.654	1.533203	NaN	NaN	NaN	
6280307857000	6271549378090	None	Fixation	(44.76, 165.12)	(350.65, 163.32)	6249.654	1.549805	NaN	NaN	NaN	
6280324524000	6271566044933	None	Fixation	(44.36, 165.04)	(350.72, 163.22)	6249.654	1.566406	NaN	NaN	NaN	
6280341188000	6271582708649	None	Fixation	(44.45, 165.06)	(350.62, 163.27)	6249.654	1.583008	NaN	NaN	NaN	
6280357855000	6271599375511	None	Fixation	(44.98, 165.23)	(350.61, 163.30)	6249.654	1.599609	NaN	NaN	NaN	
6280374521000	6271616041269	None	Fixation	(44.71, 165.08)	(350.48, 163.21)	6249.654	1.616699	NaN	NaN	NaN	
6280391188000	6271632708114	None	Fixation	(44.52, 165.05)	(350.63, 163.34)	6249.654	1.633301	NaN	NaN	NaN	
6280407854000	6271649373852	None	Fixation	(44.57, 165.00)	(350.81, 163.50)	6249.654	1.649902	NaN	NaN	NaN	
6280424521000	6271666040698	None	Fixation	(44.31, 165.10)	(350.86, 163.39)	6249.654	1.666504	NaN	NaN	NaN	
6280441186000	6271682705399	None	Fixation	(44.82, 165.20)	(350.97, 163.36)	6249.654	1.683105	NaN	NaN	NaN	
6280457853000	6271699372223	None	Fixation	(44.75, 164.78)	(350.94, 163.54)	6249.654	1.699707	NaN	NaN	NaN	
6280474519000	6271716037988	None	Fixation	(44.93, 164.99)	(350.71, 163.42)	6249.654	1.716309	NaN	NaN	NaN	
6280491186000	6271732704802	None	Fixation	(44.81, 165.16)	(350.45, 163.43)	6249.654	1.73291	NaN	NaN	NaN	
6280507852000	6271749370583	None	Fixation	(44.95, 165.13)	(350.58, 163.42)	6249.654	1.75	NaN	NaN	NaN	
6280524519000	6271766037396	None	Fixation	(45.25, 165.25)	(350.27, 163.44)	6249.654	1.766602	NaN	NaN	NaN	
6280541185000	6271782703263	None	Fixation	(45.51, 165.35)	(349.84, 163.42)	6249.654	1.783203	NaN	NaN	NaN	
6280557852000	6271799370169	None	Fixation	(45.36, 165.88)	(349.17, 163.11)	6249.654	1.799805	NaN	NaN	NaN	
6280574520000	6271816038127	None	Fixation	(45.63, 165.93)	(349.31, 163.06)	6249.654	1.816406	NaN	NaN	NaN	
6280591187000	6271832704572	None	Fixation	(45.08, 165.92)	(349.37, 162.95)	6249.654	1.833008	NaN	NaN	NaN	
6280607852000	6271849369350	None	Fixation	(45.97, 165.86)	(349.71, 162.94)	6249.654	1.849609	NaN	NaN	NaN	
6280624518000	6271866035225	None	Fixation	(44.75, 166.01)	(349.77, 162.76)	6249.654	1.866699	NaN	NaN	NaN	
6280641185000	6271882701926	None	Fixation	(45.45, 165.93)	(349.91, 162.58)	6249.654	1.883301	NaN	NaN	NaN	
6280657851000	6271899367709	None	Fixation	(44.52, 165.74)	(349.89, 162.68)	6249.654	1.899902	NaN	NaN	NaN	
6280674519000	6271916035598	None	Fixation	(45.88, 165.82)	(350.21, 162.82)	6249.654	1.916504	NaN	NaN	NaN	
6280691186000	6271932702371	None	Fixation	(44.51, 165.63)	(350.14, 162.94)	6249.654	1.933105	NaN	NaN	NaN	
6280707851000	6271949367144	None	Fixation	(45.37, 165.58)	(350.07, 162.98)	6249.654	1.949707	NaN	NaN	NaN	
6280724517000	6271966032960	None	Fixation	(45.98, 165.83)	(349.99, 162.98)	6249.654	1.966309	NaN	NaN	NaN	
6280741184000	6271982699679	None	Fixation	(45.21, 165.43)	(350.00, 163.13)	6249.654	1.98291	NaN	NaN	NaN	
6280757850000	6271999365583	None	Fixation	(44.93, 165.59)	(350.06, 163.19)	6249.654	2	NaN	NaN	NaN	
6280774519000	6272016034284	None	Fixation	(47.07, 166.40)	(350.24, 162.95)	6249.654	2.016602	NaN	NaN	NaN	
6280791185000	6272032700128	None	Fixation	(44.93, 165.44)	(350.18, 162.86)	6249.654	2.033203	NaN	NaN	NaN	
6280807850000	6272049364921	None	Fixation	(44.36, 165.51)	(350.24, 162.75)	6249.654	2.049805	NaN	NaN	NaN	
6280824516000	6272066030688	None	Fixation	(43.90, 165.55)	(350.37, 162.76)	6249.654	2.066406	NaN	NaN	NaN	
6280841183000	6272082697482	None	Fixation	(44.13, 165.29)	(350.49, 162.76)	6249.654	2.083008	NaN	NaN	NaN	
6280857849000	6272099363349	None	Saccade	(48.81, 165.32)	(350.72, 162.92)	6251.737	0.01660156	57.49412	1.916471	257.3083	
6280874516000	6272116030054	None	Saccade	(43.82, 165.42)	(350.75, 163.01)	6251.737	0.03369141	61.31938	0.1365586	55.61298	
6280891182000	6272132695884	None	Fixation	(44.13, 165.25)	(350.46, 162.86)	6250.054	1.733398	NaN	NaN	NaN	
6280907851000	6272149364648	None	Pursuit	(46.71, 165.29)	(350.44, 162.92)	6251.787	0.01660156	31.73342	1.057781	257.9729	
6280924517000	6272166030446	None	Pursuit	(44.64, 165.07)	(350.50, 162.91)	6251.787	0.03320313	25.57008	0.2226587	237.7464	
6280941182000	6272182695999	None	Fixation	(44.89, 165.12)	(350.38, 163.05)	6250.054	1.783203	NaN	NaN	NaN	
6280957849000	6272199362126	None	Fixation	(45.16, 165.17)	(350.31, 163.16)	6251.837	0.01660156	NaN	NaN	NaN	
6280974515000	6272216027874	None	Fixation	(45.16, 165.06)	(350.34, 163.42)	6251.837	0.03320313	NaN	NaN	NaN	
6280991181000	6272232693619	None	Fixation	(45.17, 165.33)	(350.59, 163.69)	6251.837	0.04980469	NaN	NaN	NaN	
6281007847000	6272249359415	None	Fixation	(45.35, 166.47)	(350.36, 165.74)	6251.837	0.06689453	NaN	NaN	NaN	
6281024513000	6272266025322	None	Blink	(47.47, 168.33)	(349.72, 167.70)	NaN	NaN	NaN	NaN	NaN	
6281041180000	6272282692023	None	Blink	(46.84, 168.99)	(348.25, 169.25)	NaN	NaN	NaN	NaN	NaN	
6281057847000	6272299358790	None	Blink	(43.97, 165.99)	(347.90, 168.66)	NaN	NaN	NaN	NaN	NaN	
6281074513000	6272316024601	None	Blink	(45.16, 166.37)	(352.21, 165.37)	NaN	NaN	NaN	NaN	NaN	
6281091180000	6272332691383	None	Blink	(44.24, 166.09)	(351.48, 164.51)	NaN	NaN	NaN	NaN	NaN	
6281107846000	6272349357481	None	Blink	(44.21, 166.56)	(350.70, 163.79)	NaN	NaN	NaN	NaN	NaN	
6281124513000	6272366024020	None	Blink	(44.46, 166.50)	(350.41, 163.53)	NaN	NaN	NaN	NaN	NaN	
6281141179000	6272382689780	None	Blink	(44.08, 166.33)	(350.23, 163.10)	NaN	NaN	NaN	NaN	NaN	
6281157845000	6272399356051	None	Blink	(44.28, 166.43)	(349.95, 162.79)	NaN	NaN	NaN	NaN	NaN	
6281174513000	6272416023431	None	Blink	(46.37, 167.09)	(349.96, 162.70)	NaN	NaN	NaN	NaN	NaN	
6281191180000	6272432690200	None	Fixation	(46.11, 166.49)	(350.00, 162.52)	6251.837	0.25	NaN	NaN	NaN	
6281207844000	6272449353951	None	Fixation	(44.54, 166.50)	(349.74, 162.35)	6251.837	0.2666016	NaN	NaN	NaN	
6281224511000	6272466020806	None	Saccade	(43.76, 166.34)	(349.72, 162.26)	6252.104	0.01660156	1.072411	0.03574702	359.4925	
6281241177000	6272482686535	None	Pursuit	(43.58, 166.21)	(350.13, 162.32)	6252.104	0.03320313	5.084454	0.1593855	99.81818	
6281257844000	6272499353307	None	Fixation	(43.22, 166.22)	(350.30, 162.48)	6251.837	0.3168945	NaN	NaN	NaN	
6281274512000	6272516021109	None	Fixation	(44.79, 165.08)	(350.68, 163.69)	6251.837	0.3334961	NaN	NaN	NaN	
6281291179000	6272532687941	None	Fixation	(44.68, 165.46)	(350.60, 163.37)	6251.837	0.3500977	NaN	NaN	NaN	
6281307843000	6272549351717	None	Fixation	(43.95, 165.36)	(350.46, 163.40)	6251.837	0.3666992	NaN	NaN	NaN	
6281324510000	6272566018493	None	Fixation	(44.28, 165.39)	(350.78, 163.22)	6251.837	0.3833008	NaN	NaN	NaN	
6281341176000	6272582684318	None	Fixation	(45.95, 165.56)	(350.97, 163.34)	6251.837	0.3999023	NaN	NaN	NaN	
6281357843000	6272599351107	None	Fixation	(43.95, 165.35)	(351.14, 163.50)	6251.837	0.4165039	NaN	NaN	NaN	
6281374510000	6272616017876	None	Fixation	(44.07, 165.37)	(351.37, 163.36)	6251.837	0.4335938	NaN	NaN	NaN	
6281391176000	6272632683709	None	Fixation	(44.67, 165.50)	(351.40, 163.48)	6251.837	0.4501953	NaN	NaN	NaN	
6281407843000	6272649350485	None	Fixation	(44.62, 165.58)	(351.24, 163.53)	6251.837	0.4667969	NaN	NaN	NaN	
6281424509000	6272666016326	None	Fixation	(44.31, 165.51)	(351.24, 163.75)	6251.837	0.4833984	NaN	NaN	NaN	
6281441176000	6272682683044	None	Fixation	(45.32, 165.52)	(351.09, 163.72)	6251.837	0.5	NaN	NaN	NaN	
6281457842000	6272699348833	None	WinkLeft	(44.95, 166.70)	(350.88, 164.97)	NaN	NaN	NaN	NaN	NaN	
6281474509000	6272716015652	None	Blink	(45.59, 168.85)	(350.65, 168.16)	NaN	NaN	NaN	NaN	NaN	
6281491175000	6272732681450	None	Blink	(45.32, 166.88)	(0.00, 0.00)	NaN	NaN	NaN	NaN	NaN	
6281507844000	6272749350248	None	Blink	(0.00, 0.00)	(0.00, 0.00)	NaN	NaN	NaN	NaN	NaN	
6281524510000	6272766016050	None	Blink	(0.00, 0.00)	(343.18, 204.16)	NaN	NaN	NaN	NaN	NaN	
6281541177000	6272782682836	None	Blink	(40.98, 164.51)	(339.84, 169.39)	NaN	NaN	NaN	NaN	NaN	
6281557843000	6272799348620	None	Blink	(46.53, 167.51)	(342.38, 167.71)	NaN	NaN	NaN	NaN	NaN	
6281574508000	6272816013977	None	Blink	(46.36, 167.46)	(349.07, 164.20)	NaN	NaN	NaN	NaN	NaN	
6281591174000	6272832679492	None	Blink	(46.71, 167.15)	(348.48, 164.49)	NaN	NaN	NaN	NaN	NaN	
6281607843000	6272849348355	None	Blink	(46.36, 167.22)	(348.05, 164.08)	NaN	NaN	NaN	NaN	NaN	
6281624509000	6272866013778	None	Blink	(46.07, 167.26)	(348.06, 163.60)	NaN	NaN	NaN	NaN	NaN	
6281641176000	6272882680572	None	Blink	(45.50, 167.29)	(347.96, 163.03)	NaN	NaN	NaN	NaN	NaN	
6281657842000	6272899346368	None	Blink	(46.87, 167.49)	(348.10, 162.81)	NaN	NaN	NaN	NaN	NaN	
6281674507000	6272916011182	None	WinkRight	(45.91, 167.78)	(347.97, 162.43)	NaN	NaN	NaN	NaN	NaN	
6281691173000	6272932677023	None	Saccade	(45.51, 167.70)	(348.05, 162.24)	6252.337	0.25	41.5961	1.386536	309.0385	
6281707840000	6272949343773	None	Pursuit	(45.27, 167.74)	(348.05, 162.10)	6252.337	0.2666016	1.700939	1.413605	311.0775	
6281724506000	6272966009577	None	Pursuit	(44.64, 167.48)	(348.26, 161.99)	6252.337	0.2832031	2.957291	1.359599	314.4863	
6281741173000	6272982676343	None	Pursuit	(45.25, 167.61)	(348.28, 162.11)	6252.337	0.2998047	1.532695	1.327293	312.7981	
6281757840000	6272999343152	None	Fixation	(45.46, 167.15)	(348.66, 162.28)	6251.837	0.8168945	NaN	NaN	NaN	
6281774506000	6273016008952	None	Fixation	(45.18, 167.09)	(348.52, 162.36)	6251.837	0.8334961	NaN	NaN	NaN	
6281791173000	6273032675740	None	Fixation	(46.68, 165.38)	(349.79, 163.71)	6251.837	0.8500977	NaN	NaN	NaN	
6281807839000	6273049341545	None	Fixation	(45.83, 165.30)	(350.43, 163.88)	6251.837	0.8666992	NaN	NaN	NaN	
6281824506000	6273066008316	None	Fixation	(45.22, 165.25)	(350.13, 164.04)	6251.837	0.8833008	NaN	NaN	NaN	
6281841172000	6273082674086	None	Fixation	(45.79, 165.21)	(350.06, 163.82)	6251.837	0.8999023	NaN	NaN	NaN	
6281857839000	6273099340889	None	Fixation	(45.60, 165.51)	(350.46, 163.36)	6251.837	0.9165039	NaN	NaN	NaN	
6281874505000	6273116006717	None	Fixation	(44.72, 165.32)	(350.38, 163.56)	6251.837	0.9331055	NaN	NaN	NaN	
6281891172000	6273132673710	None	Fixation	(45.35, 165.50)	(350.27, 163.29)	6251.837	0.9501953	NaN	NaN	NaN	
6281907837000	6273149338270	None	Fixation	(45.01, 165.49)	(350.35, 163.18)	6251.837	0.9667969	NaN	NaN	NaN	
6281924504000	6273166005054	None	Fixation	(44.61, 165.64)	(350.46, 163.08)	6251.837	0.9833984	NaN	NaN	NaN	
6281941171000	6273182671867	None	Fixation	(45.38, 165.55)	(350.26, 163.31)	6251.837	1	NaN	NaN	NaN	
6281957838000	6273199338682	None	Fixation	(44.93, 165.55)	(350.31, 163.26)	6251.837	1.016602	NaN	NaN	NaN	
6281974503000	6273216003468	None	Fixation	(44.77, 165.52)	(350.17, 163.16)	6251.837	1.033203	NaN	NaN	NaN	
6281991170000	6273232670568	None	Fixation	(44.70, 165.57)	(350.20, 163.21)	6251.837	1.049805	NaN	NaN	NaN	
6282007836000	6273249336053	None	Fixation	(44.73, 165.64)	(350.19, 163.09)	6251.837	1.066895	NaN	NaN	NaN	
6282024503000	6273266002837	None	Fixation	(45.23, 165.53)	(350.02, 163.12)	6251.837	1.083496	NaN	NaN	NaN	
6282041171000	6273282670631	None	Fixation	(44.71, 165.70)	(349.87, 162.86)	6251.837	1.100098	NaN	NaN	NaN	
6282057838000	6273299337448	None	Fixation	(44.32, 165.94)	(350.07, 162.71)	6251.837	1.116699	NaN	NaN	NaN	
6282074502000	6273316001806	None	Fixation	(44.76, 165.78)	(350.20, 162.83)	6251.837	1.133301	NaN	NaN	NaN	
6282091169000	6273332668024	None	Fixation	(44.44, 165.70)	(350.27, 162.79)	6251.837	1.149902	NaN	NaN	NaN	
6282107835000	6273349334451	None	Fixation	(44.62, 165.56)	(350.40, 162.75)	6251.837	1.166504	NaN	NaN	NaN	
6282124502000	6273366001120	None	Fixation	(44.37, 165.38)	(350.32, 162.99)	6251.837	1.183105	NaN	NaN	NaN	
6282141169000	6273382667400	None	Fixation	(43.38, 166.87)	(349.79, 161.54)	6251.837	1.200195	NaN	NaN	NaN	
6282157835000	6273399333209	None	Fixation	(43.31, 166.94)	(349.99, 161.72)	6251.837	1.216797	NaN	NaN	NaN	
6282174502000	6273415999992	None	Fixation	(43.50, 167.00)	(349.99, 161.80)	6251.837	1.233398	NaN	NaN	NaN	
6282191168000	6273432665806	None	Fixation	(43.94, 166.68)	(350.08, 161.79)	6251.837	1.25	NaN	NaN	NaN	
6282207835000	6273449332600	None	Fixation	(44.17, 166.68)	(350.03, 161.79)	6251.837	1.266602	NaN	NaN	NaN	
6282224501000	6273465998369	None	Fixation	(44.00, 166.76)	(350.34, 161.86)	6251.837	1.283203	NaN	NaN	NaN	
6282241168000	6273482665169	None	Fixation	(43.73, 166.40)	(350.12, 161.86)	6251.837	1.299805	NaN	NaN	NaN	
6282257834000	6273499330977	None	Fixation	(44.58, 166.09)	(350.30, 162.29)	6251.837	1.316895	NaN	NaN	NaN	
6282274501000	6273515998125	None	Saccade	(46.71, 163.89)	(351.11, 165.79)	6253.154	0.01660156	37.71254	1.472998	195.5367	
6282291167000	6273532663546	None	Pursuit	(46.65, 163.74)	(351.40, 165.06)	6253.154	0.03320313	1.926719	1.281289	208.4167	
6282307835000	6273549331340	None	Pursuit	(47.02, 163.82)	(350.83, 165.57)	6253.154	0.04980469	4.719686	1.366922	214.1328	
6282324502000	6273565998142	None	Pursuit	(46.93, 163.80)	(351.18, 165.46)	6253.154	0.06640625	4.49828	1.349478	177.551	
6282341167000	6273582662906	None	Fixation	(47.35, 163.18)	(351.23, 165.76)	6253.22	0.01660156	NaN	NaN	NaN	
6282357833000	6273599328745	None	Fixation	(48.32, 162.68)	(351.49, 166.68)	6253.22	0.03320313	NaN	NaN	NaN	
6282374500000	6273615995539	None	Saccade	(52.96, 161.56)	(350.60, 170.28)	6253.253	0.01660156	58.7243	1.957477	225.1773	
6282391166000	6273632661336	None	Pursuit	(52.02, 161.70)	(350.09, 169.69)	6253.253	0.03369141	9.598174	1.363283	217.9756	
6282407833000	6273649328127	None	Pursuit	(52.90, 161.63)	(349.71, 170.43)	6253.287	0.01660156	10.83406	0.3611352	252.1574	
6282424499000	6273665993907	None	Pursuit	(53.55, 161.64)	(349.81, 169.93)	6253.287	0.03320313	8.016006	0.627628	254.496	
6282441166000	6273682660703	None	Unknown	(53.74, 161.34)	(349.98, 170.12)	NaN	NaN	NaN	NaN	NaN	
6282457832000	6273699326507	None	Fixation	(52.96, 161.05)	(350.01, 170.24)	6253.337	0.01660156	NaN	NaN	NaN	
6282474499000	6273715993308	None	Fixation	(53.76, 161.21)	(350.13, 170.00)	6253.337	0.03320313	NaN	NaN	NaN	
6282491165000	6273732659119	None	Fixation	(52.70, 161.04)	(350.35, 170.02)	6253.337	0.04980469	NaN	NaN	NaN	
6282507832000	6273749325911	None	Saccade	(56.35, 158.98)	(350.78, 174.96)	6253.387	0.01708984	51.50044	2.030657	207.8123	
6282524498000	6273765991671	None	Pursuit	(58.94, 159.50)	(350.03, 173.72)	6253.387	0.03369141	32.41224	2.632375	243.1443	
6282541165000	6273782658792	None	Pursuit	(57.36, 159.37)	(350.15, 174.82)	6253.387	0.05029297	19.44579	2.028392	237.3077	
6282557831000	6273799324275	None	Pursuit	(55.68, 159.57)	(350.30, 173.79)	6253.387	0.06689453	20.81565	1.360296	230.8437	
6282574500000	6273815993077	None	Pursuit	(55.06, 159.41)	(350.74, 173.26)	6253.387	0.08349609	7.900794	1.173177	222.4308	
6282591166000	6273832658863	None	Pursuit	(54.92, 159.06)	(350.71, 172.95)	6253.387	0.1000977	4.626056	1.215714	215.3153	
6282591166000	6273832658822	None	Pursuit	(54.92, 159.06)	(350.71, 172.95)	6253.387	0.1000977	4.626056	1.215714	215.3153	
6282624498000	6273865990438	None	Fixation	(54.87, 159.63)	(350.44, 172.65)	6253.503	0.01660156	NaN	NaN	NaN	
6282641164000	6273882656258	None	Fixation	(56.58, 158.98)	(350.73, 173.98)	6253.503	0.03369141	NaN	NaN	NaN	
6282657830000	6273899322058	None	Saccade	(60.31, 158.55)	(348.66, 178.14)	6253.537	0.01660156	46.18827	1.904037	234.889	
6282674499000	6273915990863	None	Pursuit	(59.28, 158.61)	(348.49, 176.59)	6253.537	0.03320313	12.60302	1.120238	249.268	
6282691166000	6273932657627	None	Pursuit	(59.20, 158.89)	(348.20, 176.65)	6253.537	0.04980469	3.614193	1.074495	255.0909	
6282707830000	6273949321430	None	Pursuit	(58.63, 159.23)	(348.31, 175.53)	6253.57	0.03320313	13.85348	0.4381979	3.334257	
6282724497000	6273965988517	None	Fixation	(58.16, 158.89)	(348.51, 175.15)	6253.604	0.01660156	NaN	NaN	NaN	
6282741162000	6273982653016	None	Fixation	(57.62, 158.66)	(348.52, 174.81)	6253.604	0.03320313	NaN	NaN	NaN	
6282757829000	6273999319833	None	Saccade	(60.97, 157.25)	(349.41, 178.80)	6253.637	0.01708984	44.64313	1.673902	207.2685	
6282774495000	6274015985931	None	Pursuit	(62.90, 156.93)	(348.49, 180.25)	6253.637	0.03369141	24.05772	2.276099	238.7695	
6282791162000	6274032652868	None	Pursuit	(62.10, 156.64)	(348.44, 179.95)	6253.637	0.05029297	10.39242	2.01474	232.6834	
6282791162000	6274032652612	None	Pursuit	(62.10, 156.64)	(348.44, 179.95)	6253.637	0.05029297	10.39242	2.01474	232.6834	
6282824495000	6274065984985	None	Unknown	(61.03, 157.49)	(348.57, 177.92)	NaN	NaN	NaN	NaN	NaN	
6282841163000	6274082652782	None	Fixation	(59.96, 157.36)	(348.50, 177.32)	6253.72	0.01660156	NaN	NaN	NaN	
6282857830000	6274099319565	None	Fixation	(59.70, 157.51)	(348.65, 176.63)	6253.72	0.03320313	NaN	NaN	NaN	
6282874494000	6274115983359	None	Saccade	(55.11, 160.41)	(347.92, 172.18)	6253.753	0.01660156	66.84808	2.228269	24.21828	
6282891161000	6274132650167	None	Saccade	(46.63, 167.10)	(347.25, 165.70)	6253.753	0.03369141	132.7932	6.646425	40.73425	
6282907828000	6274149316998	None	Unknown	(44.58, 169.43)	(347.30, 163.59)	NaN	NaN	NaN	NaN	NaN	
6282924494000	6274165982903	None	Pursuit	(44.21, 169.88)	(347.88, 162.74)	6253.804	0.01660156	7.170205	0.2390068	26.51413	
6282924494000	6274165982760	None	Pursuit	(44.21, 169.88)	(347.88, 162.74)	6253.804	0.01660156	7.170205	0.2390068	26.51413	
6282941161000	6274182649560	None	Pursuit	(42.68, 169.02)	(348.48, 161.98)	6253.804	0.03320313	21.5785	0.7975902	89.03782	
6282957827000	6274199315352	None	Pursuit	(42.08, 169.29)	(348.26, 161.31)	6253.804	0.04980469	8.001341	1.024502	80.14482	
6282991160000	6274232647945	None	Fixation	(42.20, 169.22)	(348.63, 161.44)	6253.87	0.01660156	NaN	NaN	NaN	
6283007827000	6274249314927	None	Fixation	(42.27, 168.93)	(348.82, 161.25)	6253.87	0.03369141	NaN	NaN	NaN	
6283024493000	6274265980556	None	Fixation	(42.27, 168.76)	(348.95, 161.42)	6253.87	0.05029297	NaN	NaN	NaN	
6283041160000	6274282647333	None	Fixation	(41.76, 168.97)	(349.27, 161.31)	6253.87	0.06689453	NaN	NaN	NaN	
6283057826000	6274299313150	None	Fixation	(41.78, 168.40)	(349.65, 161.36)	6253.87	0.08349609	NaN	NaN	NaN	
6283057826000	6274299313116	None	Fixation	(41.78, 168.40)	(349.65, 161.36)	6253.87	0.08349609	NaN	NaN	NaN	
6283074493000	6274315979943	None	Fixation	(41.81, 168.33)	(349.74, 161.38)	6253.87	0.1000977	NaN	NaN	NaN	
6283091159000	6274332645712	None	Saccade	(44.72, 165.34)	(351.49, 164.77)	6253.97	0.01660156	51.32999	1.711	188.4461	
6283107826000	6274349312525	None	Pursuit	(45.08, 165.49)	(350.97, 164.73)	6253.97	0.03320313	4.782526	1.775915	216.0754	
6283124492000	6274365978309	None	Pursuit	(45.56, 165.28)	(350.50, 165.36)	6253.97	0.04980469	6.40656	1.98089	217.9057	
6283141159000	6274382645102	None	Pursuit	(45.46, 165.24)	(350.96, 165.33)	6253.97	0.06689453	1.301751	1.961598	216.776	
6283157825000	6274399310901	None	Unknown	(45.72, 164.99)	(351.00, 165.11)	NaN	NaN	NaN	NaN	NaN	
6283174492000	6274415977685	None	Fixation	(45.73, 164.75)	(351.24, 165.07)	6254.054	0.01660156	NaN	NaN	NaN	
6283191158000	6274432643492	None	Fixation	(45.49, 164.68)	(351.30, 165.01)	6254.054	0.03320313	NaN	NaN	NaN	
6283207825000	6274449310260	None	Fixation	(45.57, 164.97)	(351.06, 164.96)	6254.054	0.04980469	NaN	NaN	NaN	
6283224491000	6274465976064	None	Fixation	(45.30, 164.59)	(351.16, 164.88)	6254.054	0.06640625	NaN	NaN	NaN	
6283241158000	6274482642854	None	Fixation	(45.33, 164.58)	(351.00, 164.91)	6254.054	0.08300781	NaN	NaN	NaN	
6283257824000	6274499308665	None	Fixation	(45.48, 164.51)	(351.28, 165.14)	6254.054	0.1000977	NaN	NaN	NaN	
6283274491000	6274515975474	None	Fixation	(45.88, 164.41)	(351.06, 165.31)	6254.054	0.1166992	NaN	NaN	NaN	
6283291157000	6274532641268	None	Fixation	(46.24, 164.12)	(351.41, 165.81)	6254.054	0.1333008	NaN	NaN	NaN	
6283307824000	6274549308054	None	Fixation	(46.63, 164.14)	(351.84, 165.93)	6254.054	0.1499023	NaN	NaN	NaN	
6283324490000	6274565973859	None	Fixation	(45.33, 165.68)	(350.49, 164.73)	6254.054	0.1665039	NaN	NaN	NaN	
6283341159000	6274582642644	None	Fixation	(46.16, 165.13)	(350.90, 165.19)	6254.054	0.1831055	NaN	NaN	NaN	
6283357825000	6274599308448	None	Fixation	(46.20, 164.74)	(350.84, 165.09)	6254.054	0.199707	NaN	NaN	NaN	
6283374492000	6274615975209	None	Fixation	(46.48, 164.40)	(351.12, 165.62)	6254.054	0.2163086	NaN	NaN	NaN	
6283391158000	6274632641023	None	Fixation	(46.62, 164.18)	(351.40, 165.67)	6254.054	0.2333984	NaN	NaN	NaN	
6283407823000	6274649305860	None	Fixation	(46.78, 164.03)	(351.63, 166.02)	6254.054	0.25	NaN	NaN	NaN	
6283424490000	6274665972916	None	Fixation	(46.81, 163.63)	(351.19, 166.24)	6254.054	0.2666016	NaN	NaN	NaN	
6283441156000	6274682638403	None	Fixation	(47.38, 163.47)	(351.41, 166.52)	6254.054	0.2832031	NaN	NaN	NaN	
6283457823000	6274699305207	None	Fixation	(47.28, 163.25)	(351.81, 166.74)	6254.054	0.2998047	NaN	NaN	NaN	
6283474489000	6274715971033	None	Fixation	(47.39, 162.83)	(352.01, 166.72)	6254.054	0.3164063	NaN	NaN	NaN	
6283491156000	6274732637774	None	Fixation	(47.60, 163.07)	(352.01, 166.75)	6254.054	0.3330078	NaN	NaN	NaN	
6283507824000	6274749305587	None	Fixation	(47.34, 162.99)	(351.91, 166.68)	6254.054	0.3500977	NaN	NaN	NaN	
6283524491000	6274765972410	None	Fixation	(47.25, 162.79)	(352.14, 166.80)	6254.054	0.3666992	NaN	NaN	NaN	
6283541155000	6274782636190	None	Fixation	(47.30, 162.70)	(352.18, 166.99)	6254.054	0.3833008	NaN	NaN	NaN	
6283557822000	6274799302982	None	Fixation	(45.94, 164.08)	(351.48, 165.24)	6254.054	0.3999023	NaN	NaN	NaN	
6283574487000	6274815967792	None	Fixation	(45.50, 165.02)	(350.94, 164.85)	6254.054	0.4165039	NaN	NaN	NaN	
6283591154000	6274832634575	None	Fixation	(46.35, 164.67)	(351.10, 165.34)	6254.054	0.4331055	NaN	NaN	NaN	
6283607820000	6274849300382	None	Fixation	(46.33, 163.96)	(351.49, 165.55)	6254.054	0.449707	NaN	NaN	NaN	
6283624487000	6274865967435	None	Fixation	(46.60, 163.37)	(351.77, 165.98)	6254.054	0.4663086	NaN	NaN	NaN	
6283641154000	6274882633968	None	Fixation	(47.11, 163.36)	(352.19, 166.40)	6254.054	0.4833984	NaN	NaN	NaN	
6283657820000	6274899299699	None	Fixation	(47.38, 162.90)	(352.17, 166.54)	6254.054	0.5	NaN	NaN	NaN	
6283674487000	6274915966588	None	Fixation	(47.34, 162.74)	(352.25, 167.15)	6254.054	0.5166016	NaN	NaN	NaN	
6283691154000	6274932633354	None	Fixation	(48.07, 162.67)	(352.40, 167.12)	6254.054	0.5332031	NaN	NaN	NaN	
6283707820000	6274949299131	None	Fixation	(47.85, 162.59)	(352.47, 167.02)	6254.054	0.5498047	NaN	NaN	NaN	
6283724487000	6274965965943	None	Fixation	(47.24, 162.76)	(352.77, 166.97)	6254.054	0.5664063	NaN	NaN	NaN	
6283741154000	6274982632768	None	Fixation	(47.03, 162.75)	(352.59, 166.86)	6254.054	0.5830078	NaN	NaN	NaN	
6283757820000	6274999298511	None	Fixation	(47.25, 162.74)	(352.98, 166.67)	6254.054	0.6000977	NaN	NaN	NaN	
6283774487000	6275015965330	None	Fixation	(47.24, 162.93)	(352.74, 166.64)	6254.054	0.6166992	NaN	NaN	NaN	
6283791153000	6275032631105	None	Fixation	(46.34, 163.24)	(352.65, 166.02)	6254.054	0.6333008	NaN	NaN	NaN	
6283807820000	6275049297926	None	Saccade	(43.88, 167.50)	(350.42, 162.46)	6254.687	0.01660156	60.5405	2.018017	178.9583	
6283824486000	6275065963852	None	Pursuit	(44.18, 166.59)	(350.71, 163.55)	6254.687	0.03320313	13.85901	1.289575	334.8462	
6283841152000	6275082629489	None	Pursuit	(44.45, 166.60)	(350.41, 163.54)	6254.72	0.01660156	3.390652	0.1130217	260.1361	
6283857819000	6275099296776	None	Pursuit	(45.09, 165.86)	(350.68, 163.85)	6254.72	0.03320313	12.08992	0.4799035	218.1825	
6283874486000	6275115963108	None	Unknown	(45.19, 165.29)	(351.24, 164.22)	NaN	NaN	NaN	NaN	NaN	
6283891152000	6275132628876	None	Fixation	(46.44, 165.01)	(351.14, 164.44)	6254.77	0.01708984	NaN	NaN	NaN	
6283907819000	6275149295696	None	Fixation	(46.09, 164.49)	(351.25, 164.78)	6254.77	0.03369141	NaN	NaN	NaN	
6283924485000	6275165961907	None	Fixation	(46.16, 164.37)	(351.34, 164.96)	6254.77	0.05029297	NaN	NaN	NaN	
6283941152000	6275182628275	None	Fixation	(46.44, 164.31)	(351.43, 164.99)	6254.77	0.06689453	NaN	NaN	NaN	
6283957818000	6275199294447	None	Fixation	(46.95, 164.20)	(351.72, 164.93)	6254.77	0.08349609	NaN	NaN	NaN	
6283974485000	6275215960866	None	Fixation	(46.29, 164.31)	(351.77, 165.02)	6254.77	0.1000977	NaN	NaN	NaN	
6283991151000	6275232626643	None	Fixation	(45.98, 164.16)	(351.61, 165.14)	6254.77	0.1166992	NaN	NaN	NaN	
6284007820000	6275249295458	None	Fixation	(45.63, 164.59)	(351.48, 164.87)	6254.77	0.1337891	NaN	NaN	NaN	
6284024486000	6275265961255	None	Fixation	(46.23, 164.56)	(351.26, 164.56)	6254.77	0.1503906	NaN	NaN	NaN	
6284041151000	6275282626411	None	Fixation	(46.17, 164.91)	(350.68, 164.44)	6254.77	0.1669922	NaN	NaN	NaN	
6284057817000	6275299291846	None	Fixation	(46.01, 164.82)	(350.74, 164.41)	6254.77	0.1835938	NaN	NaN	NaN	
6284074486000	6275315960672	None	Fixation	(45.99, 165.26)	(350.69, 164.21)	6254.77	0.2001953	NaN	NaN	NaN	
6284091152000	6275332626429	None	Fixation	(45.17, 165.26)	(350.23, 163.86)	6254.77	0.2167969	NaN	NaN	NaN	
6284107817000	6275349291248	None	Fixation	(45.39, 165.79)	(350.52, 163.54)	6254.77	0.2333984	NaN	NaN	NaN	
6284124483000	6275365957013	None	Fixation	(45.19, 165.83)	(350.43, 163.43)	6254.77	0.25	NaN	NaN	NaN	
6284141149000	6275382622805	None	Fixation	(45.10, 166.26)	(350.12, 163.43)	6254.77	0.2670898	NaN	NaN	NaN	
6284157816000	6275399289639	None	Fixation	(45.56, 165.92)	(350.40, 163.49)	6254.77	0.2836914	NaN	NaN	NaN	
6284174483000	6275415956687	None	Fixation	(45.15, 165.88)	(350.61, 163.35)	6254.77	0.300293	NaN	NaN	NaN	
6284191150000	6275432623276	None	Fixation	(44.92, 165.81)	(350.49, 163.64)	6254.77	0.3168945	NaN	NaN	NaN	
6284207816000	6275449289015	None	Fixation	(44.90, 165.81)	(350.58, 163.38)	6254.77	0.3334961	NaN	NaN	NaN	
6284224483000	6275465956123	None	Fixation	(44.91, 166.03)	(350.41, 163.10)	6254.77	0.3500977	NaN	NaN	NaN	
6284241149000	6275482621570	None	Fixation	(43.90, 165.97)	(350.46, 162.93)	6254.77	0.3666992	NaN	NaN	NaN	
6284257816000	6275499288394	None	Fixation	(44.32, 165.99)	(350.26, 163.00)	6254.77	0.3837891	NaN	NaN	NaN	
6284274484000	6275515956177	None	Fixation	(44.59, 166.06)	(350.41, 162.90)	6254.77	0.4003906	NaN	NaN	NaN	
6284291151000	6275532623324	None	Fixation	(44.51, 166.03)	(350.40, 162.88)	6254.77	0.4169922	NaN	NaN	NaN	
6284307815000	6275549286793	None	Fixation	(44.88, 165.96)	(350.53, 162.84)	6254.77	0.4335938	NaN	NaN	NaN	
6284324482000	6275565953553	None	Fixation	(44.25, 165.88)	(350.33, 162.92)	6254.77	0.4501953	NaN	NaN	NaN	
6284341148000	6275582619356	None	Fixation	(44.17, 166.00)	(350.52, 162.82)	6254.77	0.4667969	NaN	NaN	NaN	
6284357815000	6275599286172	None	Fixation	(43.85, 165.97)	(350.93, 162.46)	6254.77	0.4833984	NaN	NaN	NaN	
6284374481000	6275615951955	None	Fixation	(43.50, 165.94)	(350.83, 162.36)	6254.77	0.5	NaN	NaN	NaN	
6284391148000	6275632618765	None	Fixation	(44.83, 165.96)	(350.28, 163.11)	6254.77	0.5170898	NaN	NaN	NaN	
6284407813000	6275649283623	None	Fixation	(45.32, 165.90)	(350.52, 162.82)	6254.77	0.5336914	NaN	NaN	NaN	
6284424480000	6275665950332	None	Fixation	(45.12, 165.96)	(350.46, 162.77)	6254.77	0.550293	NaN	NaN	NaN	
6284441146000	6275682616157	None	Fixation	(45.42, 165.83)	(350.40, 162.90)	6254.77	0.5668945	NaN	NaN	NaN	
6284457813000	6275699282904	None	Fixation	(46.62, 166.10)	(350.52, 162.96)	6254.77	0.5834961	NaN	NaN	NaN	
6284474479000	6275715949212	None	Fixation	(43.74, 165.73)	(350.44, 162.81)	6254.77	0.6000977	NaN	NaN	NaN	
6284491146000	6275732615605	None	Fixation	(44.51, 165.77)	(350.42, 162.84)	6254.77	0.6166992	NaN	NaN	NaN	
6284507814000	6275749283315	None	Fixation	(44.15, 165.98)	(350.35, 162.46)	6254.77	0.6337891	NaN	NaN	NaN	
6284524481000	6275765950131	None	Fixation	(43.88, 166.01)	(349.94, 162.39)	6254.77	0.6503906	NaN	NaN	NaN	
6284541146000	6275782614930	None	Fixation	(44.31, 165.89)	(349.95, 162.38)	6254.77	0.6669922	NaN	NaN	NaN	
6284557812000	6275799280749	None	Fixation	(45.65, 166.09)	(349.67, 162.42)	6254.77	0.6835938	NaN	NaN	NaN	
6284574478000	6275815946496	None	Fixation	(44.80, 166.08)	(349.46, 162.47)	6254.77	0.7001953	NaN	NaN	NaN	
6284591145000	6275832613364	None	Fixation	(44.89, 166.13)	(349.30, 162.56)	6254.77	0.7167969	NaN	NaN	NaN	
6284607811000	6275849279082	None	Fixation	(46.45, 166.14)	(349.06, 162.59)	6254.77	0.7333984	NaN	NaN	NaN	
6284624478000	6275865945902	None	Fixation	(46.04, 166.29)	(349.40, 162.68)	6254.77	0.75	NaN	NaN	NaN	
6284641145000	6275882612710	None	Fixation	(45.72, 166.16)	(349.48, 162.70)	6254.77	0.7670898	NaN	NaN	NaN	
6284657811000	6275899278907	None	Fixation	(45.83, 165.43)	(350.45, 163.41)	6254.77	0.7836914	NaN	NaN	NaN	
6284674479000	6275915946665	None	Fixation	(47.10, 165.25)	(350.28, 163.85)	6254.77	0.800293	NaN	NaN	NaN	
6284691146000	6275932613036	None	Fixation	(45.21, 165.02)	(350.26, 163.78)	6254.77	0.8168945	NaN	NaN	NaN	
6284707811000	6275949277866	None	Fixation	(47.55, 165.20)	(350.38, 163.60)	6254.77	0.8334961	NaN	NaN	NaN	
6284724477000	6275965944164	None	Fixation	(45.14, 165.42)	(350.46, 163.57)	6254.77	0.8500977	NaN	NaN	NaN	
6284741144000	6275982610437	None	Fixation	(45.92, 165.62)	(350.63, 163.65)	6254.77	0.8666992	NaN	NaN	NaN	
6284757810000	6275999276258	None	Fixation	(45.99, 165.31)	(350.17, 163.35)	6254.77	0.8837891	NaN	NaN	NaN	
6284774477000	6276015943155	None	Fixation	(45.56, 165.84)	(350.18, 163.43)	6254.77	0.9003906	NaN	NaN	NaN	
6284791143000	6276032608837	None	Fixation	(45.87, 165.54)	(350.25, 163.37)	6254.77	0.9169922	NaN	NaN	NaN	
6284807812000	6276049277656	None	Fixation	(44.82, 165.37)	(350.15, 163.52)	6254.77	0.9335938	NaN	NaN	NaN	
6284824478000	6276065943756	None	Fixation	(46.17, 165.31)	(350.31, 163.67)	6254.77	0.9501953	NaN	NaN	NaN	
6284841143000	6276082608236	None	Fixation	(45.30, 164.99)	(350.29, 163.78)	6254.77	0.9667969	NaN	NaN	NaN	
6284874476000	6276115941168	None	Fixation	(45.59, 164.90)	(350.24, 164.00)	6254.77	1	NaN	NaN	NaN	
6284874476000	6276115941125	None	Fixation	(45.59, 164.90)	(350.24, 164.00)	6254.77	1	NaN	NaN	NaN	
6284891142000	6276132606936	None	Fixation	(45.86, 164.69)	(350.39, 163.94)	6254.77	1.01709	NaN	NaN	NaN	
6284907809000	6276149273684	None	Fixation	(46.65, 165.10)	(350.18, 164.02)	6254.77	1.033691	NaN	NaN	NaN	
6284924475000	6276165939198	None	Fixation	(46.36, 165.25)	(349.99, 164.05)	6254.77	1.050293	NaN	NaN	NaN	
6284941142000	6276182605973	None	Fixation	(46.35, 165.78)	(349.33, 163.69)	6254.77	1.066895	NaN	NaN	NaN	
6284957808000	6276199271768	None	Fixation	(47.17, 166.13)	(348.72, 163.14)	6254.77	1.083496	NaN	NaN	NaN	
6284974475000	6276215938661	None	Fixation	(46.80, 166.60)	(348.30, 162.93)	6254.77	1.100098	NaN	NaN	NaN	
6284991142000	6276232605406	None	Fixation	(47.12, 166.74)	(348.16, 162.56)	6254.77	1.116699	NaN	NaN	NaN	
6285007808000	6276249271190	None	Fixation	(45.05, 167.18)	(347.97, 162.10)	6254.77	1.133789	NaN	NaN	NaN	
6285024475000	6276265937958	None	Fixation	(45.55, 167.33)	(348.42, 162.14)	6254.77	1.150391	NaN	NaN	NaN	
6285041143000	6276282605780	None	Fixation	(43.91, 167.30)	(348.91, 161.67)	6254.77	1.166992	NaN	NaN	NaN	
6285057810000	6276299272541	None	Saccade	(43.23, 167.44)	(349.47, 161.70)	6255.937	0.01660156	8.591219	0.2863739	64.78124	
6285091141000	6276332603368	None	Fixation	(44.42, 167.23)	(349.93, 161.77)	6255.97	0.01660156	NaN	NaN	NaN	
6285091141000	6276332603140	None	Fixation	(44.42, 167.23)	(349.93, 161.77)	6255.97	0.01660156	NaN	NaN	NaN	
6285107807000	6276349268971	None	Fixation	(42.45, 167.09)	(350.16, 161.84)	6255.97	0.03320313	NaN	NaN	NaN	
6285124474000	6276365935720	None	Fixation	(42.90, 167.14)	(350.13, 161.92)	6255.97	0.04980469	NaN	NaN	NaN	
6285141140000	6276382601905	None	Fixation	(42.62, 166.97)	(351.04, 161.83)	6255.97	0.06689453	NaN	NaN	NaN	
6285157807000	6276399268356	None	Fixation	(41.20, 167.40)	(351.93, 161.76)	6255.97	0.08349609	NaN	NaN	NaN	
6285174472000	6276415933165	None	Fixation	(41.61, 167.31)	(351.27, 161.85)	6255.97	0.1000977	NaN	NaN	NaN	
6285191139000	6276432599913	None	Fixation	(41.37, 167.38)	(351.64, 161.69)	6255.97	0.1166992	NaN	NaN	NaN	
6285207805000	6276449265708	None	Fixation	(41.42, 167.41)	(351.62, 161.67)	6255.97	0.1333008	NaN	NaN	NaN	
6285224472000	6276465932519	None	Fixation	(41.66, 167.45)	(351.90, 161.34)	6255.97	0.1499023	NaN	NaN	NaN	
6285257807000	6276499267342	None	Fixation	(40.74, 167.17)	(352.11, 161.39)	6255.97	0.1831055	NaN	NaN	NaN	
6285274470000	6276515930104	None	Fixation	(41.54, 167.28)	(352.08, 161.32)	6255.97	0.2001953	NaN	NaN	NaN	
6285291137000	6276532597295	None	Fixation	(41.13, 167.22)	(352.05, 161.38)	6255.97	0.2167969	NaN	NaN	NaN	
6285307805000	6276549264758	None	Fixation	(41.61, 167.39)	(351.95, 161.26)	6255.97	0.2333984	NaN	NaN	NaN	
6285307805000	6276549264464	None	Fixation	(41.61, 167.39)	(351.95, 161.26)	6255.97	0.2333984	NaN	NaN	NaN	
6285341136000	6276582595261	None	Pursuit	(36.73, 169.35)	(353.12, 159.14)	6256.204	0.03320313	10.47477	2.15784	55.15047	
6285357803000	6276599262134	None	Pursuit	(36.62, 169.77)	(353.32, 158.93)	6256.204	0.04980469	5.321455	2.266115	51.50941	
6285374469000	6276615927903	None	Pursuit	(36.00, 169.64)	(353.72, 158.57)	6256.204	0.06640625	7.775459	2.47818	55.11272	
6285391136000	6276632594667	None	Fixation	(35.14, 169.16)	(354.23, 158.07)	6254.77	1.51709	NaN	NaN	NaN	
6285407802000	6276649261712	None	Fixation	(34.67, 169.38)	(354.92, 157.96)	6256.287	0.01660156	NaN	NaN	NaN	
6285424469000	6276665927667	None	Fixation	(34.56, 169.60)	(355.20, 158.09)	6256.287	0.03320313	NaN	NaN	NaN	
6285441135000	6276682593133	None	Fixation	(34.10, 169.20)	(354.93, 158.25)	6256.287	0.04980469	NaN	NaN	NaN	
6285457802000	6276699260058	None	Fixation	(34.56, 169.04)	(354.96, 158.29)	6256.287	0.06640625	NaN	NaN	NaN	
6285474469000	6276715926969	None	Fixation	(34.62, 169.06)	(355.18, 158.26)	6256.287	0.08300781	NaN	NaN	NaN	
6285491135000	6276732592453	None	Fixation	(31.67, 170.42)	(355.65, 156.71)	6256.287	0.09960938	NaN	NaN	NaN	
6285507802000	6276749259231	None	Saccade	(31.94, 170.50)	(355.92, 156.84)	6256.387	0.01660156	3.400169	0.113339	274.1826	
6285524468000	6276765925036	None	Pursuit	(31.53, 170.81)	(356.18, 156.79)	6256.387	0.03369141	6.262906	0.1702871	6.764425	
6285541137000	6276782593818	None	Pursuit	(31.10, 170.37)	(356.43, 156.60)	6256.387	0.05029297	7.51466	0.2336433	81.57996	
6285557803000	6276799259618	None	Fixation	(30.68, 170.18)	(356.66, 156.06)	6254.77	1.683594	NaN	NaN	NaN	
6285574468000	6276815924750	None	Fixation	(30.31, 170.49)	(357.17, 156.05)	6256.454	0.01660156	NaN	NaN	NaN	
6285591134000	6276832590267	None	Fixation	(30.40, 170.38)	(357.18, 156.17)	6256.454	0.03320313	NaN	NaN	NaN	
6285607801000	6276849257459	None	Fixation	(30.81, 170.23)	(357.23, 156.08)	6256.454	0.04980469	NaN	NaN	NaN	
6285624467000	6276865923171	None	Fixation	(30.26, 170.32)	(357.36, 155.84)	6256.454	0.06640625	NaN	NaN	NaN	
6285641133000	6276882588985	None	Fixation	(30.67, 170.25)	(357.38, 155.86)	6256.454	0.08349609	NaN	NaN	NaN	
6285657800000	6276899255693	None	Fixation	(30.23, 170.42)	(357.33, 155.65)	6256.454	0.1000977	NaN	NaN	NaN	
6285674467000	6276915922192	None	Fixation	(30.59, 170.23)	(357.22, 155.47)	6256.454	0.1166992	NaN	NaN	NaN	
6285691133000	6276932588021	None	Fixation	(29.68, 170.60)	(357.60, 155.28)	6256.454	0.1333008	NaN	NaN	NaN	
6285707800000	6276949254791	None	Fixation	(29.50, 170.49)	(357.68, 155.35)	6256.454	0.1499023	NaN	NaN	NaN	
6285724466000	6276965920564	None	Fixation	(30.13, 170.28)	(357.95, 155.10)	6256.454	0.1665039	NaN	NaN	NaN	
6285741133000	6276982587559	None	Fixation	(29.43, 170.50)	(358.11, 155.19)	6256.454	0.1831055	NaN	NaN	NaN	
6285757799000	6276999253174	None	Fixation	(29.43, 170.45)	(358.29, 155.13)	6256.454	0.199707	NaN	NaN	NaN	
6285774466000	6277015919962	None	Fixation	(32.21, 169.12)	(358.08, 157.02)	6256.454	0.2167969	NaN	NaN	NaN	
6285791132000	6277032585764	None	WinkLeft	(39.07, 167.21)	(355.32, 161.01)	NaN	NaN	NaN	NaN	NaN	
6285807799000	6277049252540	None	WinkLeft	(40.87, 166.52)	(354.31, 162.92)	NaN	NaN	NaN	NaN	NaN	
6285824466000	6277065919375	None	WinkLeft	(41.27, 166.66)	(354.08, 162.55)	NaN	NaN	NaN	NaN	NaN	
6285841132000	6277082585148	None	WinkLeft	(41.50, 166.58)	(353.79, 162.28)	NaN	NaN	NaN	NaN	NaN	
6285857798000	6277099250938	None	WinkLeft	(44.67, 166.14)	(353.99, 162.05)	NaN	NaN	NaN	NaN	NaN	
6285874465000	6277115917766	None	WinkLeft	(40.28, 166.01)	(354.00, 161.72)	NaN	NaN	NaN	NaN	NaN	
6285891132000	6277132584576	None	WinkLeft	(41.63, 166.43)	(354.04, 161.72)	NaN	NaN	NaN	NaN	NaN	
6285907798000	6277149250336	None	Saccade	(41.44, 166.36)	(353.72, 162.13)	6256.67	0.1333008	118.4932	3.949775	236.9193	
6285924465000	6277165917484	None	Unknown	(42.82, 167.06)	(351.78, 162.34)	NaN	NaN	NaN	NaN	NaN	
6285941131000	6277182583328	None	Pursuit	(43.45, 167.02)	(351.32, 162.59)	6256.82	0.01660156	7.73862	0.257954	253.5645	
6285957798000	6277199250084	None	Pursuit	(45.54, 167.25)	(350.85, 162.68)	6256.82	0.03320313	25.94115	1.119915	260.9076	
6285974464000	6277215915894	None	Pursuit	(45.05, 167.29)	(350.53, 162.67)	6256.82	0.04980469	6.100911	0.9197623	262.9399	
6285991131000	6277232582307	None	Fixation	(45.52, 167.27)	(350.55, 162.53)	6256.87	0.01660156	NaN	NaN	NaN	
6286007797000	6277249248181	None	Saccade	(47.61, 167.26)	(350.47, 162.29)	6256.887	0.01660156	25.61034	0.853678	256.6263	
6286024464000	6277265914922	None	Pursuit	(43.18, 167.45)	(350.37, 162.09)	6256.887	0.03369141	54.5213	0.96477	72.68533	
6286041131000	6277282582071	None	Pursuit	(45.17, 167.56)	(350.02, 162.02)	6256.887	0.05029297	24.50603	0.1891486	37.77298	
6286057798000	6277299248506	None	Pursuit	(45.51, 167.75)	(349.92, 162.06)	6256.887	0.06689453	4.8168	0.1980084	348.8361	
6286074462000	6277315912303	None	Pursuit	(43.26, 167.34)	(350.07, 161.99)	6256.887	0.08349609	28.13523	0.9288999	75.32687	
6286091129000	6277332579102	None	Pursuit	(47.64, 165.66)	(350.45, 164.64)	6256.887	0.1000977	57.62691	1.087785	219.7526	
6286107796000	6277349245911	None	WinkLeft	(46.31, 166.00)	(350.42, 163.93)	NaN	NaN	NaN	NaN	NaN	
6286124463000	6277365912686	None	WinkLeft	(46.46, 165.87)	(350.15, 164.40)	NaN	NaN	NaN	NaN	NaN	
6286141128000	6277382577475	None	WinkLeft	(48.04, 165.65)	(350.44, 164.24)	NaN	NaN	NaN	NaN	NaN	
6286157795000	6277399244261	None	WinkLeft	(49.16, 165.26)	(350.35, 164.41)	NaN	NaN	NaN	NaN	NaN	
6286174461000	6277415910080	None	WinkLeft	(47.03, 165.26)	(350.75, 164.61)	NaN	NaN	NaN	NaN	NaN	
6286191128000	6277432576866	None	WinkLeft	(46.89, 165.22)	(350.89, 164.53)	NaN	NaN	NaN	NaN	NaN	
6286207794000	6277449242657	None	WinkLeft	(48.22, 164.87)	(350.76, 164.59)	NaN	NaN	NaN	NaN	NaN	
6286224461000	6277465909455	None	Pursuit	(46.12, 165.04)	(351.09, 164.39)	6256.887	0.2333984	20.14257	0.9465705	182.0107	
6286241129000	6277482577640	None	Pursuit	(48.92, 164.75)	(351.15, 164.35)	6256.887	0.25	34.6065	1.734093	220.4212	
6286257796000	6277499244374	None	Pursuit	(46.04, 165.24)	(351.15, 164.13)	6256.887	0.2666016	35.93653	0.8593228	181.2525	
6286274461000	6277515908815	None	Fixation	(45.54, 165.17)	(351.04, 163.96)	6256.87	0.300293	NaN	NaN	NaN	
6286291127000	6277532574678	None	Fixation	(46.12, 164.92)	(351.01, 163.73)	6257.17	0.01660156	NaN	NaN	NaN	
6286307795000	6277549242899	None	Fixation	(47.03, 165.22)	(350.96, 163.60)	6257.17	0.03320313	NaN	NaN	NaN	
6286307795000	6277549242261	None	Fixation	(47.03, 165.22)	(350.96, 163.60)	6257.17	0.03320313	NaN	NaN	NaN	
6286341127000	6277582574118	None	Fixation	(44.64, 165.44)	(351.07, 163.31)	6257.17	0.06640625	NaN	NaN	NaN	
6286357793000	6277599240223	None	Fixation	(44.92, 165.38)	(351.02, 163.20)	6257.17	0.08300781	NaN	NaN	NaN	
6286374460000	6277615906864	None	Fixation	(45.05, 165.23)	(351.49, 163.35)	6257.17	0.09960938	NaN	NaN	NaN	
6286391126000	6277632572637	None	Fixation	(44.86, 165.20)	(351.54, 163.40)	6257.17	0.1166992	NaN	NaN	NaN	
6286407793000	6277649239246	None	Fixation	(46.79, 164.81)	(351.60, 163.34)	6257.17	0.1333008	NaN	NaN	NaN	
6286424459000	6277665905140	None	Fixation	(47.24, 164.71)	(351.54, 163.56)	6257.17	0.1499023	NaN	NaN	NaN	
6286441126000	6277682571783	None	Fixation	(44.74, 164.86)	(351.69, 163.36)	6257.17	0.1665039	NaN	NaN	NaN	
6286457792000	6277699237896	None	Fixation	(47.81, 165.20)	(351.92, 163.64)	6257.17	0.1831055	NaN	NaN	NaN	
6286474459000	6277715904669	None	Fixation	(45.53, 164.62)	(351.94, 163.62)	6257.17	0.199707	NaN	NaN	NaN	
6286491125000	6277732570531	None	Fixation	(47.76, 164.42)	(351.66, 163.43)	6257.17	0.2163086	NaN	NaN	NaN	
6286507792000	6277749237207	None	Saccade	(44.73, 164.76)	(351.80, 163.55)	6257.387	0.01660156	37.43668	1.247889	70.55296	
6286524458000	6277765903299	None	Pursuit	(48.62, 163.22)	(350.52, 163.38)	6257.387	0.03369141	51.43997	0.6055797	202.7985	
6286541125000	6277782569861	None	Pursuit	(46.22, 165.32)	(350.93, 163.37)	6257.387	0.05029297	39.25436	0.7317116	46.73709	
6286557791000	6277799235362	None	Pursuit	(46.36, 165.32)	(350.70, 163.32)	6257.387	0.06689453	1.714173	0.6836644	44.23171	
6286574458000	6277815902273	None	Pursuit	(45.49, 165.59)	(350.79, 163.36)	6257.387	0.08349609	11.21984	1.048947	49.66367	
6286591124000	6277832567964	None	Pursuit	(45.13, 165.81)	(350.31, 163.18)	6257.387	0.1000977	5.090638	1.218152	49.01524	
6286607791000	6277849234842	None	Fixation	(45.26, 165.98)	(350.33, 162.94)	6256.87	0.6333008	NaN	NaN	NaN	
6286624457000	6277865900571	None	Fixation	(45.94, 165.74)	(350.15, 162.75)	6257.503	0.01660156	NaN	NaN	NaN	
6286641124000	6277882567332	None	Fixation	(44.32, 165.99)	(350.56, 162.77)	6257.503	0.03369141	NaN	NaN	NaN	
6286657791000	6277899234180	None	Fixation	(45.63, 165.83)	(350.68, 162.73)	6257.503	0.05029297	NaN	NaN	NaN	
6286674457000	6277915899955	None	Fixation	(45.84, 165.78)	(350.52, 162.99)	6257.503	0.06689453	NaN	NaN	NaN	
6286691123000	6277932565723	None	Fixation	(47.26, 165.98)	(350.78, 163.03)	6257.503	0.08349609	NaN	NaN	NaN	
6286707790000	6277949232517	None	Fixation	(44.79, 165.75)	(350.56, 163.23)	6257.503	0.1000977	NaN	NaN	NaN	
6286724457000	6277965899340	None	Fixation	(46.76, 165.44)	(350.69, 163.36)	6257.503	0.1166992	NaN	NaN	NaN	
6286741123000	6277982565116	None	Fixation	(46.52, 165.24)	(350.72, 163.31)	6257.503	0.1333008	NaN	NaN	NaN	
6286757790000	6277999231998	None	Fixation	(46.40, 165.20)	(350.79, 163.48)	6257.503	0.1499023	NaN	NaN	NaN	
6286774456000	6278015897793	None	Fixation	(45.25, 164.94)	(350.80, 163.47)	6257.503	0.1669922	NaN	NaN	NaN	
6286791123000	6278032564593	None	Fixation	(44.97, 165.09)	(350.92, 163.42)	6257.503	0.1835938	NaN	NaN	NaN	
6286807789000	6278049230405	None	Fixation	(45.89, 165.31)	(350.86, 163.42)	6257.503	0.2001953	NaN	NaN	NaN	
6286824456000	6278065897111	None	Fixation	(46.31, 165.16)	(351.05, 163.41)	6257.503	0.2167969	NaN	NaN	NaN	
6286841121000	6278082561872	None	Fixation	(48.13, 165.23)	(350.81, 163.27)	6257.503	0.2333984	NaN	NaN	NaN	
6286857788000	6278099228671	None	Fixation	(45.43, 165.29)	(350.89, 163.34)	6257.503	0.25	NaN	NaN	NaN	
6286874455000	6278115895466	None	Fixation	(46.23, 165.24)	(351.14, 163.54)	6257.503	0.2666016	NaN	NaN	NaN	
6286891122000	6278132562302	None	Fixation	(45.51, 165.14)	(351.09, 163.78)	6257.503	0.2836914	NaN	NaN	NaN	
6286907787000	6278149227155	None	Fixation	(45.89, 165.14)	(350.69, 163.56)	6257.503	0.300293	NaN	NaN	NaN	
6286924454000	6278165893856	None	Fixation	(45.50, 165.13)	(350.85, 163.67)	6257.503	0.3168945	NaN	NaN	NaN	
6286941120000	6278182559656	None	Fixation	(45.27, 165.26)	(350.57, 163.49)	6257.503	0.3334961	NaN	NaN	NaN	
6286957787000	6278199226477	None	Fixation	(47.29, 165.79)	(349.81, 163.44)	6257.503	0.3500977	NaN	NaN	NaN	
6286974453000	6278215892245	None	Fixation	(45.87, 165.46)	(349.74, 163.63)	6257.503	0.3666992	NaN	NaN	NaN	
6286991120000	6278232559209	None	Fixation	(46.40, 165.84)	(349.65, 163.40)	6257.503	0.3833008	NaN	NaN	NaN	
6287007786000	6278249224839	None	Fixation	(46.53, 165.93)	(349.61, 163.29)	6257.503	0.3999023	NaN	NaN	NaN	
6287024453000	6278265891650	None	Fixation	(48.38, 166.30)	(349.97, 163.12)	6257.503	0.4169922	NaN	NaN	NaN	
6287041121000	6278282559478	None	Fixation	(47.05, 165.98)	(349.85, 162.95)	6257.503	0.4335938	NaN	NaN	NaN	
6287057788000	6278299226220	None	Fixation	(45.35, 165.80)	(349.79, 162.99)	6257.503	0.4501953	NaN	NaN	NaN	
6287074452000	6278315890007	None	Fixation	(47.18, 165.66)	(349.94, 163.01)	6257.503	0.4667969	NaN	NaN	NaN	
6287091119000	6278332557002	None	Fixation	(46.54, 165.50)	(350.02, 163.31)	6257.503	0.4833984	NaN	NaN	NaN	
6287107785000	6278349222620	None	Fixation	(45.58, 165.30)	(350.04, 163.51)	6257.503	0.5	NaN	NaN	NaN	
6287124452000	6278365889476	None	Saccade	(50.23, 162.39)	(351.75, 166.66)	6258.003	0.01660156	67.41225	2.247075	194.727	
6287141118000	6278382555208	None	Pursuit	(49.90, 162.51)	(352.16, 166.63)	6258.003	0.03369141	4.26659	2.108353	224.0764	
6287157785000	6278399222057	None	Pursuit	(48.33, 162.79)	(351.73, 166.88)	6258.003	0.05029297	19.56156	1.528873	214.5248	
6287174452000	6278415888833	None	Pursuit	(49.18, 162.83)	(351.79, 166.33)	6258.003	0.06689453	10.46683	1.79218	222.4543	
6287191118000	6278432554614	None	Unknown	(47.88, 162.96)	(352.28, 165.80)	NaN	NaN	NaN	NaN	NaN	
6287207785000	6278449221440	None	Fixation	(46.32, 163.05)	(351.70, 165.47)	6258.087	0.01660156	NaN	NaN	NaN	
6287224451000	6278465887155	None	Fixation	(47.17, 162.97)	(351.91, 165.03)	6258.087	0.03320313	NaN	NaN	NaN	
6287241119000	6278482554975	None	Fixation	(47.99, 163.84)	(351.49, 164.47)	6258.087	0.04980469	NaN	NaN	NaN	
6287257786000	6278499221790	None	Saccade	(44.98, 167.28)	(349.06, 161.19)	6258.137	0.01660156	56.24965	1.874988	182.3403	
6287274451000	6278515887005	None	Pursuit	(42.83, 168.22)	(348.85, 161.42)	6258.137	0.03369141	28.86131	2.776198	36.71278	
6287291117000	6278532552612	None	Pursuit	(44.60, 168.71)	(348.46, 160.76)	6258.137	0.05029297	22.63111	2.433804	21.85462	
6287307786000	6278549221578	None	Pursuit	(44.24, 169.05)	(348.57, 160.68)	6258.137	0.06689453	6.056273	2.631665	22.76169	
6287324452000	6278565887291	None	Unknown	(42.71, 168.81)	(348.64, 160.13)	NaN	NaN	NaN	NaN	NaN	
6287341117000	6278582552007	None	Fixation	(42.46, 169.34)	(348.24, 159.85)	6258.22	0.01660156	NaN	NaN	NaN	
6287357783000	6278599217708	None	Fixation	(42.55, 169.56)	(348.24, 159.69)	6258.22	0.03320313	NaN	NaN	NaN	
6287374450000	6278615884351	None	Fixation	(41.52, 170.09)	(347.59, 159.28)	6258.22	0.04980469	NaN	NaN	NaN	
6287391116000	6278632550154	None	Saccade	(41.47, 173.92)	(345.19, 156.75)	6258.27	0.01708984	47.11443	1.570481	338.6964	
6287407783000	6278649216963	None	Pursuit	(42.81, 173.16)	(345.74, 157.24)	6258.27	0.03369141	18.92082	1.367291	324.3549	
6287424449000	6278665882734	None	Pursuit	(43.16, 173.10)	(345.66, 156.97)	6258.27	0.05029297	4.349275	1.404213	318.5553	
6287441116000	6278682549504	None	Pursuit	(40.88, 173.17)	(345.57, 156.87)	6258.27	0.06689453	28.04337	1.290947	358.8683	
6287457782000	6278699215350	None	Fixation	(42.55, 173.21)	(345.51, 156.33)	6258.337	0.01660156	NaN	NaN	NaN	
6287474449000	6278715882615	None	Saccade	(39.04, 174.40)	(345.18, 155.73)	6258.354	0.01660156	45.69758	1.523253	58.25342	
6287491115000	6278732548438	None	Pursuit	(39.47, 174.63)	(345.02, 155.48)	6258.354	0.03320313	5.984684	1.391689	52.34972	
6287507782000	6278749215302	None	Pursuit	(39.25, 175.15)	(344.48, 154.87)	6258.354	0.04980469	6.970088	1.569971	46.57244	
6287524448000	6278765880657	None	Pursuit	(38.70, 175.81)	(344.25, 154.29)	6258.354	0.06689453	10.58123	1.906442	43.06853	
6287541115000	6278782547303	None	Saccade	(36.57, 178.58)	(342.53, 152.69)	6258.42	0.01660156	29.00973	0.9669911	325.9453	
6287557781000	6278799213128	None	Pursuit	(36.88, 179.97)	(340.33, 151.35)	6258.354	0.1000977	17.46578	3.618424	27.01845	
6287574448000	6278815879912	None	Pursuit	(38.23, 180.11)	(340.92, 151.39)	6258.354	0.1166992	16.63894	3.338598	19.11822	
6287591115000	6278832546878	None	Pursuit	(35.72, 180.85)	(340.96, 151.24)	6258.354	0.1333008	32.19321	4.204459	28.82407	
6287607781000	6278849212487	None	Unknown	(35.39, 180.57)	(340.80, 151.00)	NaN	NaN	NaN	NaN	NaN	
6287624447000	6278865878386	None	Fixation	(37.47, 180.57)	(340.65, 150.87)	6258.503	0.01660156	NaN	NaN	NaN	
6287641116000	6278882547065	None	Fixation	(35.22, 180.87)	(340.42, 150.72)	6258.503	0.03369141	NaN	NaN	NaN	
6287657783000	6278899213938	None	Fixation	(35.35, 181.09)	(340.15, 150.48)	6258.503	0.05029297	NaN	NaN	NaN	
6287674449000	6278915879772	None	Fixation	(35.27, 181.04)	(340.16, 150.51)	6258.503	0.06689453	NaN	NaN	NaN	
6287691116000	6278932546575	None	Fixation	(34.86, 181.22)	(340.14, 150.47)	6258.503	0.08349609	NaN	NaN	NaN	
6287707780000	6278949210303	None	Fixation	(35.36, 181.13)	(340.02, 150.50)	6258.503	0.1000977	NaN	NaN	NaN	
6287724447000	6278965877146	None	Fixation	(37.73, 180.98)	(340.29, 150.51)	6258.503	0.1166992	NaN	NaN	NaN	
6287741113000	6278982542882	None	Saccade	(34.14, 182.84)	(339.15, 149.52)	6258.62	0.01660156	49.71502	1.657167	49.49495	
6287757780000	6278999209692	None	Saccade	(33.52, 184.62)	(337.29, 148.34)	6258.637	0.01660156	27.03935	0.9013118	315.3138	
6287774446000	6279015875492	None	Pursuit	(33.90, 184.74)	(337.20, 148.08)	6258.653	0.01708984	4.966298	0.1655433	274.3003	
6287791113000	6279032542246	None	Pursuit	(33.56, 185.07)	(337.16, 148.21)	6258.653	0.03369141	5.902451	0.1880184	341.5775	
6287807779000	6279049208113	None	Unknown	(33.28, 185.14)	(336.76, 147.71)	NaN	NaN	NaN	NaN	NaN	
6287824445000	6279065873810	None	Fixation	(33.33, 185.01)	(337.03, 147.84)	6258.704	0.01660156	NaN	NaN	NaN	
6287841112000	6279082540621	None	Saccade	(37.54, 185.28)	(336.24, 147.12)	6258.72	0.01660156	51.95314	1.731771	260.7531	
6287857779000	6279099207453	None	Pursuit	(36.85, 185.43)	(336.21, 147.43)	6258.72	0.03320313	8.637852	1.456306	263.7766	
6287874445000	6279115873273	None	Pursuit	(35.69, 189.26)	(334.42, 145.50)	6258.72	0.04980469	49.27145	1.995058	317.921	
6287891112000	6279132540074	None	Saccade	(33.91, 191.02)	(332.21, 144.03)	6258.77	0.01708984	32.65403	1.088468	316.7651	
6287907778000	6279149205867	None	Pursuit	(35.52, 191.78)	(332.19, 144.02)	6258.72	0.08349609	21.84251	2.917588	329.0475	
6287924445000	6279165872632	None	Pursuit	(32.12, 191.68)	(332.07, 143.51)	6258.72	0.1000977	41.83943	2.78226	357.2452	
6287941112000	6279182539429	None	Pursuit	(31.58, 191.55)	(331.92, 143.65)	6258.72	0.1166992	6.877272	2.775312	1.971121	
6287957779000	6279199206210	None	Pursuit	(33.25, 191.32)	(331.81, 143.42)	6258.72	0.1333008	20.70403	2.589583	347.7289	
6287974445000	6279215872110	None	Pursuit	(32.51, 191.62)	(332.16, 143.68)	6258.72	0.1499023	9.72084	2.730435	354.0198	
6287991112000	6279232538816	None	Fixation	(37.32, 187.65)	(334.18, 145.23)	6258.837	0.04980469	NaN	NaN	NaN	
6288007777000	6279249203659	None	Saccade	(41.35, 175.75)	(343.22, 155.05)	6258.887	0.01660156	154.5992	5.473063	168.0389	
6288024444000	6279265870372	None	Saccade	(46.32, 167.54)	(348.88, 163.35)	6258.887	0.03369141	118.0465	9.565678	172.5194	
6288041112000	6279282538168	None	Unknown	(45.42, 166.51)	(350.26, 164.27)	NaN	NaN	NaN	NaN	NaN	
6288057779000	6279299205074	None	Pursuit	(46.27, 166.53)	(350.53, 164.45)	6258.937	0.01660156	10.52367	0.350789	258.1455	
6288074445000	6279315870797	None	Pursuit	(47.15, 166.52)	(350.68, 163.80)	6258.937	0.03320313	10.81954	0.7113827	257.4063	
6288091112000	6279332537554	None	Unknown	(45.72, 165.75)	(350.80, 163.96)	NaN	NaN	NaN	NaN	NaN	
6288107777000	6279349202375	None	Fixation	(44.93, 165.56)	(350.75, 163.90)	6258.987	0.01660156	NaN	NaN	NaN	
6288124443000	6279365868166	None	Fixation	(45.53, 165.72)	(350.96, 163.77)	6258.987	0.03320313	NaN	NaN	NaN	
6288141110000	6279382534973	None	Fixation	(45.58, 165.79)	(350.88, 163.77)	6258.987	0.05029297	NaN	NaN	NaN	
6288157776000	6279399200816	None	Fixation	(46.74, 166.02)	(351.10, 163.83)	6258.987	0.06689453	NaN	NaN	NaN	
6288174443000	6279415867560	None	Fixation	(44.96, 165.89)	(350.83, 163.51)	6258.987	0.08349609	NaN	NaN	NaN	
6288191109000	6279432533682	None	Fixation	(44.83, 166.02)	(351.03, 163.34)	6258.987	0.1000977	NaN	NaN	NaN	
6288207776000	6279449200218	None	Fixation	(45.79, 166.34)	(350.86, 163.22)	6258.987	0.1166992	NaN	NaN	NaN	
6288224442000	6279465865932	None	Fixation	(44.29, 166.32)	(350.84, 162.91)	6258.987	0.1333008	NaN	NaN	NaN	
6288241109000	6279482532699	None	Fixation	(45.90, 166.36)	(351.02, 163.13)	6258.987	0.1499023	NaN	NaN	NaN	
6288257775000	6279499198535	None	Fixation	(44.24, 166.23)	(350.99, 163.15)	6258.987	0.1665039	NaN	NaN	NaN	
6288274442000	6279515865611	None	Fixation	(44.63, 166.01)	(350.88, 163.02)	6258.987	0.1835938	NaN	NaN	NaN	
6288291108000	6279532531128	None	Fixation	(45.09, 165.60)	(350.91, 163.41)	6258.987	0.2001953	NaN	NaN	NaN	
6288307775000	6279549197930	None	Fixation	(47.71, 165.69)	(350.48, 163.92)	6258.987	0.2167969	NaN	NaN	NaN	
6288324441000	6279565863729	None	Fixation	(45.58, 165.64)	(350.48, 163.91)	6258.987	0.2333984	NaN	NaN	NaN	
6288341108000	6279582530596	None	Fixation	(45.52, 165.58)	(350.49, 163.74)	6258.987	0.25	NaN	NaN	NaN	
6288357774000	6279599196366	None	Fixation	(45.28, 165.74)	(350.18, 163.78)	6258.987	0.2666016	NaN	NaN	NaN	
6288374441000	6279615863500	None	Fixation	(45.21, 166.12)	(350.50, 163.57)	6258.987	0.2832031	NaN	NaN	NaN	
6288391108000	6279632530890	None	Fixation	(45.94, 166.04)	(350.28, 163.40)	6258.987	0.2998047	NaN	NaN	NaN	
6288407774000	6279649196068	None	Fixation	(45.01, 166.12)	(350.55, 163.62)	6258.987	0.3168945	NaN	NaN	NaN	
6288424441000	6279665862508	None	Fixation	(45.08, 165.88)	(350.08, 163.20)	6258.987	0.3334961	NaN	NaN	NaN	
6288441107000	6279682528635	None	Fixation	(46.09, 166.01)	(350.30, 163.18)	6258.987	0.3500977	NaN	NaN	NaN	
6288457774000	6279699195126	None	Fixation	(46.62, 166.16)	(350.37, 163.06)	6258.987	0.3666992	NaN	NaN	NaN	
6288474440000	6279715860878	None	Fixation	(45.71, 165.69)	(350.29, 163.25)	6258.987	0.3833008	NaN	NaN	NaN	
6288491107000	6279732527991	None	Fixation	(45.25, 165.51)	(350.54, 163.27)	6258.987	0.3999023	NaN	NaN	NaN	
6288507773000	6279749193752	None	Fixation	(45.94, 165.54)	(350.42, 163.44)	6258.987	0.4165039	NaN	NaN	NaN	
6288524440000	6279765860651	None	Fixation	(45.62, 165.49)	(350.31, 163.68)	6258.987	0.4335938	NaN	NaN	NaN	
6288541108000	6279782528093	None	Fixation	(45.49, 165.45)	(350.33, 163.67)	6258.987	0.4501953	NaN	NaN	NaN	
6288557775000	6279799194855	None	Fixation	(45.67, 165.52)	(350.42, 163.77)	6258.987	0.4667969	NaN	NaN	NaN	
6288574440000	6279815859651	None	Fixation	(45.79, 165.32)	(350.27, 163.79)	6258.987	0.4833984	NaN	NaN	NaN	
6288591107000	6279832526478	None	Fixation	(47.00, 165.34)	(350.28, 163.76)	6258.987	0.5	NaN	NaN	NaN	
6288607771000	6279849190351	None	Fixation	(46.06, 165.34)	(350.22, 163.76)	6258.987	0.5166016	NaN	NaN	NaN	
6288624438000	6279865857013	None	Fixation	(48.23, 166.78)	(350.41, 163.69)	6258.987	0.5332031	NaN	NaN	NaN	
6288641105000	6279882523838	None	Fixation	(45.45, 165.78)	(350.06, 163.29)	6258.987	0.5498047	NaN	NaN	NaN	
6288657771000	6279899189714	None	Fixation	(45.17, 165.89)	(349.83, 163.10)	6258.987	0.5668945	NaN	NaN	NaN	
6288674439000	6279915857483	None	Fixation	(45.36, 166.05)	(349.72, 162.81)	6258.987	0.5834961	NaN	NaN	NaN	
6288691106000	6279932524276	None	Fixation	(46.67, 166.73)	(349.51, 162.73)	6258.987	0.6000977	NaN	NaN	NaN	
6288707770000	6279949188059	None	Fixation	(45.05, 166.34)	(349.50, 162.41)	6258.987	0.6166992	NaN	NaN	NaN	
6288724437000	6279965854881	None	Fixation	(44.90, 166.34)	(349.65, 162.66)	6258.987	0.6333008	NaN	NaN	NaN	
6288741103000	6279982520645	None	Fixation	(45.08, 166.35)	(349.63, 162.55)	6258.987	0.6499023	NaN	NaN	NaN	
6288757770000	6279999187424	None	Fixation	(45.23, 166.25)	(349.83, 162.75)	6258.987	0.6665039	NaN	NaN	NaN	
6288774436000	6280015853217	None	Fixation	(45.29, 166.00)	(349.92, 162.93)	6258.987	0.6835938	NaN	NaN	NaN	
6288791103000	6280032520021	None	Fixation	(45.65, 166.06)	(350.03, 162.93)	6258.987	0.7001953	NaN	NaN	NaN	
6288807771000	6280049187829	None	Fixation	(45.59, 166.13)	(350.04, 162.81)	6258.987	0.7167969	NaN	NaN	NaN	
6288824438000	6280065854595	None	Fixation	(44.95, 166.19)	(349.94, 162.78)	6258.987	0.7333984	NaN	NaN	NaN	
6288841102000	6280082518477	None	Fixation	(45.22, 166.13)	(350.05, 162.87)	6258.987	0.75	NaN	NaN	NaN	
6288857769000	6280099185202	None	Fixation	(45.23, 166.18)	(349.95, 162.83)	6258.987	0.7666016	NaN	NaN	NaN	
6288874436000	6280115851997	None	Fixation	(45.24, 166.17)	(349.94, 162.75)	6258.987	0.7832031	NaN	NaN	NaN	
6288891102000	6280132518178	None	Fixation	(45.68, 166.24)	(349.84, 162.66)	6258.987	0.7998047	NaN	NaN	NaN	
6288907769000	6280149184612	None	Fixation	(45.25, 166.48)	(349.66, 162.29)	6258.987	0.8168945	NaN	NaN	NaN	
6288924435000	6280165850374	None	Fixation	(45.12, 166.42)	(349.38, 162.07)	6258.987	0.8334961	NaN	NaN	NaN	
6288941102000	6280182517160	None	Fixation	(47.20, 167.11)	(349.37, 161.99)	6258.987	0.8500977	NaN	NaN	NaN	
6288957768000	6280199182969	None	Fixation	(45.68, 166.95)	(349.50, 161.74)	6258.987	0.8666992	NaN	NaN	NaN	
6288974435000	6280215850145	None	Fixation	(44.28, 166.98)	(349.34, 161.48)	6258.987	0.8833008	NaN	NaN	NaN	
6288991101000	6280232515577	None	Fixation	(43.96, 167.05)	(349.50, 161.33)	6258.987	0.8999023	NaN	NaN	NaN	
6289007770000	6280249184404	None	Fixation	(44.17, 167.05)	(349.59, 161.42)	6258.987	0.9165039	NaN	NaN	NaN	
6289024436000	6280265850192	None	Fixation	(45.23, 165.69)	(350.24, 162.62)	6258.987	0.9335938	NaN	NaN	NaN	
6289041101000	6280282514960	None	Fixation	(44.76, 165.80)	(350.35, 162.54)	6258.987	0.9501953	NaN	NaN	NaN	
6289057767000	6280299181296	None	Fixation	(45.04, 165.69)	(350.54, 162.78)	6258.987	0.9667969	NaN	NaN	NaN	
6289074436000	6280315849539	None	Fixation	(45.15, 165.61)	(350.25, 162.75)	6258.987	0.9833984	NaN	NaN	NaN	
6289091102000	6280332515373	None	Fixation	(44.92, 165.42)	(350.44, 162.80)	6258.987	1	NaN	NaN	NaN	
6289107767000	6280349180154	None	Fixation	(45.07, 165.36)	(350.46, 163.03)	6258.987	1.016602	NaN	NaN	NaN	
6289124433000	6280365845934	None	Fixation	(45.92, 165.54)	(350.36, 162.87)	6258.987	1.033203	NaN	NaN	NaN	
6289141100000	6280382512887	None	Fixation	(45.23, 165.84)	(350.27, 162.75)	6258.987	1.049805	NaN	NaN	NaN	
6289157766000	6280399178543	None	Fixation	(45.03, 165.95)	(350.09, 162.53)	6258.987	1.066895	NaN	NaN	NaN	
6289174433000	6280415845363	None	Fixation	(45.05, 166.34)	(349.85, 162.27)	6258.987	1.083496	NaN	NaN	NaN	
6289191099000	6280432511098	None	Fixation	(45.92, 166.40)	(349.80, 162.17)	6258.987	1.100098	NaN	NaN	NaN	
6289207766000	6280449177917	None	Fixation	(44.33, 166.72)	(349.75, 161.87)	6258.987	1.116699	NaN	NaN	NaN	
6289224433000	6280465844691	None	Fixation	(44.12, 166.68)	(349.68, 161.67)	6258.987	1.133301	NaN	NaN	NaN	
6289241099000	6280482510519	None	Fixation	(46.53, 167.94)	(349.55, 161.55)	6258.987	1.149902	NaN	NaN	NaN	
6289257766000	6280499177254	None	Fixation	(44.25, 166.91)	(349.65, 161.68)	6258.987	1.166504	NaN	NaN	NaN	
6289274432000	6280515843336	None	Fixation	(44.09, 166.97)	(349.54, 161.77)	6258.987	1.183594	NaN	NaN	NaN	
6289291099000	6280532510365	None	Fixation	(44.52, 166.79)	(349.41, 161.83)	6258.987	1.200195	NaN	NaN	NaN	
6289307765000	6280549175709	None	Saccade	(46.17, 164.98)	(350.71, 163.84)	6260.187	0.01660156	30.10778	1.003593	209.2142	
6289324432000	6280565842473	None	Pursuit	(46.72, 164.75)	(350.72, 164.23)	6260.187	0.03320313	7.297062	1.228377	214.011	
6289341099000	6280582509330	None	Saccade	(46.32, 164.85)	(350.54, 164.66)	6260.22	0.01660156	5.705104	0.1901701	216.653	
6289357765000	6280599175508	None	Unknown	(46.40, 164.77)	(350.69, 164.50)	NaN	NaN	NaN	NaN	NaN	
6289374432000	6280615842200	None	Fixation	(46.37, 164.28)	(351.16, 164.40)	6260.253	0.01660156	NaN	NaN	NaN	
6289391098000	6280632508010	None	Fixation	(45.90, 164.10)	(351.17, 164.47)	6260.253	0.03320313	NaN	NaN	NaN	
6289407763000	6280649172870	None	Fixation	(46.47, 164.27)	(351.07, 164.52)	6260.253	0.05029297	NaN	NaN	NaN	
6289424430000	6280665839651	None	Fixation	(46.51, 164.43)	(351.06, 164.53)	6260.253	0.06689453	NaN	NaN	NaN	
6289441096000	6280682505088	None	Fixation	(46.00, 164.54)	(351.09, 164.42)	6260.253	0.08349609	NaN	NaN	NaN	
6289457763000	6280699172231	None	Fixation	(45.83, 164.60)	(350.85, 164.28)	6260.253	0.1000977	NaN	NaN	NaN	
6289474428000	6280715837005	None	Fixation	(46.40, 164.71)	(350.75, 164.11)	6260.253	0.1166992	NaN	NaN	NaN	
6289491095000	6280732503471	None	Fixation	(47.00, 164.73)	(350.62, 164.14)	6260.253	0.1333008	NaN	NaN	NaN	
6289507763000	6280749171441	None	Fixation	(46.17, 165.03)	(350.34, 163.81)	6260.253	0.1499023	NaN	NaN	NaN	
6289524430000	6280765838106	None	Fixation	(45.32, 166.16)	(349.54, 163.22)	6260.253	0.1669922	NaN	NaN	NaN	
6289541094000	6280782501836	None	Fixation	(45.43, 166.26)	(349.36, 162.95)	6260.253	0.1835938	NaN	NaN	NaN	
6289557761000	6280799168629	None	Fixation	(44.93, 166.29)	(349.45, 162.71)	6260.253	0.2001953	NaN	NaN	NaN	
6289574427000	6280815834568	None	Fixation	(45.49, 166.18)	(349.56, 162.83)	6260.253	0.2167969	NaN	NaN	NaN	
6289591094000	6280832501232	None	Fixation	(44.69, 166.08)	(349.82, 162.76)	6260.253	0.2333984	NaN	NaN	NaN	
6289607761000	6280849168077	None	Fixation	(44.61, 166.22)	(349.92, 162.70)	6260.253	0.25	NaN	NaN	NaN	
6289624428000	6280865834826	None	Fixation	(45.04, 165.89)	(350.03, 162.94)	6260.253	0.2666016	NaN	NaN	NaN	
6289641093000	6280882499623	None	Fixation	(45.76, 165.59)	(350.33, 163.03)	6260.253	0.2832031	NaN	NaN	NaN	
6289657760000	6280899166449	None	Fixation	(45.13, 165.49)	(350.26, 163.23)	6260.253	0.300293	NaN	NaN	NaN	
6289674428000	6280915834196	None	Fixation	(45.73, 165.29)	(350.40, 163.32)	6260.253	0.3168945	NaN	NaN	NaN	
6289691095000	6280932501087	None	Fixation	(45.63, 165.23)	(350.34, 163.40)	6260.253	0.3334961	NaN	NaN	NaN	
6289707760000	6280949165828	None	Fixation	(45.55, 165.25)	(350.31, 163.35)	6260.253	0.3500977	NaN	NaN	NaN	
6289724426000	6280965831570	None	Fixation	(45.42, 165.28)	(350.31, 163.25)	6260.253	0.3666992	NaN	NaN	NaN	
6289741093000	6280982498379	None	Fixation	(45.57, 165.47)	(350.17, 163.08)	6260.253	0.3833008	NaN	NaN	NaN	
6289757759000	6280999164183	None	Fixation	(45.04, 165.69)	(350.25, 163.03)	6260.253	0.3999023	NaN	NaN	NaN	
6289774426000	6281015830995	None	Fixation	(45.33, 165.72)	(350.14, 162.84)	6260.253	0.4169922	NaN	NaN	NaN	
6289791092000	6281032496770	None	Fixation	(44.47, 165.86)	(349.89, 162.49)	6260.253	0.4335938	NaN	NaN	NaN	
6289807759000	6281049164035	None	Fixation	(45.15, 165.86)	(349.91, 162.38)	6260.253	0.4501953	NaN	NaN	NaN	
6289824425000	6281065829747	None	Fixation	(44.48, 165.91)	(349.96, 162.37)	6260.253	0.4667969	NaN	NaN	NaN	
6289841093000	6281082497129	None	Fixation	(44.39, 165.91)	(349.94, 162.42)	6260.253	0.4833984	NaN	NaN	NaN	
6289857760000	6281099163937	None	Fixation	(44.87, 165.87)	(350.02, 162.29)	6260.253	0.5	NaN	NaN	NaN	
6289874425000	6281115829162	None	Fixation	(44.77, 165.70)	(350.09, 162.42)	6260.253	0.5166016	NaN	NaN	NaN	
6289891091000	6281132494564	None	Fixation	(45.22, 165.63)	(350.05, 162.54)	6260.253	0.5332031	NaN	NaN	NaN	
6289907758000	6281149161334	None	Fixation	(44.17, 165.53)	(350.17, 162.57)	6260.253	0.550293	NaN	NaN	NaN	
6289924424000	6281165827215	None	Fixation	(44.71, 165.65)	(350.36, 162.51)	6260.253	0.5668945	NaN	NaN	NaN	
6289941091000	6281182493998	None	Fixation	(44.87, 165.30)	(350.61, 162.89)	6260.253	0.5834961	NaN	NaN	NaN	
6289957757000	6281199159736	None	Fixation	(45.95, 165.01)	(350.43, 163.23)	6260.253	0.6000977	NaN	NaN	NaN	
6289974424000	6281215826541	None	Fixation	(45.47, 165.02)	(350.48, 163.22)	6260.253	0.6166992	NaN	NaN	NaN	
6289991090000	6281232492330	None	Fixation	(45.54, 165.14)	(350.29, 163.34)	6260.253	0.6333008	NaN	NaN	NaN	
6290007759000	6281249161189	None	Fixation	(45.46, 165.19)	(350.50, 163.50)	6260.253	0.6499023	NaN	NaN	NaN	
6290024425000	6281265826960	None	Fixation	(46.25, 165.14)	(350.15, 163.33)	6260.253	0.6669922	NaN	NaN	NaN	
6290041090000	6281282491688	None	Fixation	(45.69, 165.06)	(350.03, 163.40)	6260.253	0.6835938	NaN	NaN	NaN	
6290057756000	6281299157501	None	Fixation	(45.71, 165.46)	(349.89, 163.38)	6260.253	0.7001953	NaN	NaN	NaN	
6290074425000	6281315826298	None	Fixation	(45.96, 165.36)	(349.77, 163.26)	6260.253	0.7167969	NaN	NaN	NaN	
6290091091000	6281332492104	None	Fixation	(45.25, 165.49)	(349.56, 163.26)	6260.253	0.7333984	NaN	NaN	NaN	
6290107756000	6281349156902	None	Fixation	(45.88, 165.55)	(349.79, 163.15)	6260.253	0.75	NaN	NaN	NaN	
6290124422000	6281365822673	None	Fixation	(45.92, 165.62)	(349.61, 162.90)	6260.253	0.7666016	NaN	NaN	NaN	
6290141088000	6281382488765	None	Fixation	(45.71, 165.71)	(349.45, 162.93)	6260.253	0.7832031	NaN	NaN	NaN	
6290157755000	6281399155279	None	Fixation	(45.51, 165.71)	(349.84, 162.81)	6260.253	0.800293	NaN	NaN	NaN	
6290174422000	6281415822107	None	Fixation	(45.14, 165.93)	(349.83, 162.71)	6260.253	0.8168945	NaN	NaN	NaN	
6290191089000	6281432488887	None	Fixation	(45.48, 165.63)	(349.92, 162.90)	6260.253	0.8334961	NaN	NaN	NaN	
6290207755000	6281449154685	None	Fixation	(46.08, 165.60)	(350.27, 162.84)	6260.253	0.8500977	NaN	NaN	NaN	
6290224422000	6281465821476	None	Fixation	(44.64, 165.26)	(350.33, 162.95)	6260.253	0.8666992	NaN	NaN	NaN	
6290241088000	6281482487252	None	Fixation	(45.70, 165.16)	(350.28, 163.04)	6260.253	0.8833008	NaN	NaN	NaN	
6290257755000	6281499154026	None	Fixation	(45.59, 165.20)	(350.55, 163.13)	6260.253	0.8999023	NaN	NaN	NaN	
6290274421000	6281515819841	None	Fixation	(44.58, 165.12)	(350.39, 162.94)	6260.253	0.9169922	NaN	NaN	NaN	
6290291088000	6281532486669	None	Fixation	(44.81, 165.47)	(350.36, 162.92)	6260.253	0.9335938	NaN	NaN	NaN	
6290307754000	6281549152426	None	Fixation	(44.83, 165.59)	(350.11, 162.74)	6260.253	0.9501953	NaN	NaN	NaN	
6290324421000	6281565819283	None	Fixation	(44.62, 165.65)	(350.20, 162.68)	6260.253	0.9667969	NaN	NaN	NaN	
6290341087000	6281582485023	None	Fixation	(44.91, 165.72)	(350.13, 162.74)	6260.253	0.9833984	NaN	NaN	NaN	
6290357754000	6281599151835	None	Fixation	(45.88, 165.97)	(350.10, 162.53)	6260.253	1	NaN	NaN	NaN	
6290374422000	6281615819617	None	Fixation	(44.61, 165.94)	(350.16, 162.53)	6260.253	1.016602	NaN	NaN	NaN	
6290391089000	6281632486798	None	Fixation	(44.27, 165.82)	(350.18, 162.39)	6260.253	1.033203	NaN	NaN	NaN	
6290407752000	6281649149603	None	Fixation	(44.84, 165.93)	(350.21, 162.48)	6260.253	1.050293	NaN	NaN	NaN	
6290424419000	6281665816017	None	Fixation	(44.80, 165.91)	(350.45, 162.59)	6260.253	1.066895	NaN	NaN	NaN	
6290441085000	6281682481805	None	Fixation	(45.98, 165.37)	(350.65, 163.10)	6260.253	1.083496	NaN	NaN	NaN	
6290457752000	6281699148620	None	Fixation	(44.91, 165.08)	(350.40, 163.31)	6260.253	1.100098	NaN	NaN	NaN	
6290474418000	6281715814726	None	Fixation	(44.64, 165.23)	(350.19, 163.36)	6260.253	1.116699	NaN	NaN	NaN	
6290491085000	6281732481201	None	Fixation	(44.74, 164.98)	(350.49, 163.27)	6260.253	1.133301	NaN	NaN	NaN	
6290507751000	6281749147343	None	Fixation	(45.50, 165.25)	(350.38, 163.29)	6260.253	1.149902	NaN	NaN	NaN	
6290524418000	6281765813818	None	Fixation	(46.14, 165.29)	(350.32, 163.27)	6260.253	1.166992	NaN	NaN	NaN	
6290541085000	6281782480576	None	Fixation	(44.74, 164.92)	(350.49, 163.35)	6260.253	1.183594	NaN	NaN	NaN	
6290557751000	6281799146415	None	Fixation	(45.12, 165.14)	(350.54, 163.36)	6260.253	1.200195	NaN	NaN	NaN	
6290574419000	6281815814209	None	Fixation	(46.99, 165.10)	(350.45, 163.46)	6260.253	1.216797	NaN	NaN	NaN	
6290591086000	6281832481001	None	Fixation	(45.41, 165.11)	(350.19, 163.37)	6260.253	1.233398	NaN	NaN	NaN	
6290607752000	6281849146793	None	Fixation	(46.30, 165.42)	(350.54, 163.37)	6260.253	1.25	NaN	NaN	NaN	
6290624419000	6281865813573	None	Fixation	(45.09, 165.46)	(350.19, 163.33)	6260.253	1.266602	NaN	NaN	NaN	
6290641085000	6281882479340	None	Fixation	(44.86, 165.64)	(349.97, 163.06)	6260.253	1.283203	NaN	NaN	NaN	
6290657752000	6281899146156	None	Fixation	(45.05, 167.52)	(348.19, 161.72)	6260.253	1.300293	NaN	NaN	NaN	
6290674417000	6281915810975	None	Fixation	(44.98, 166.87)	(348.59, 162.13)	6260.253	1.316895	NaN	NaN	NaN	
6290691083000	6281932476756	None	Fixation	(45.19, 166.96)	(348.76, 162.06)	6260.253	1.333496	NaN	NaN	NaN	
6290707750000	6281949143544	None	Fixation	(45.34, 166.86)	(348.68, 161.94)	6260.253	1.350098	NaN	NaN	NaN	
6290724416000	6281965809355	None	Fixation	(45.28, 166.71)	(349.10, 162.05)	6260.253	1.366699	NaN	NaN	NaN	
6290741085000	6281982478131	None	Fixation	(44.75, 166.55)	(349.55, 161.98)	6260.253	1.383301	NaN	NaN	NaN	
6290757751000	6281999143960	None	Fixation	(43.96, 166.10)	(349.71, 162.25)	6260.253	1.399902	NaN	NaN	NaN	
6290774416000	6282015808721	None	Fixation	(44.36, 166.22)	(350.06, 162.31)	6260.253	1.416992	NaN	NaN	NaN	
6290791082000	6282032474506	None	Fixation	(45.16, 165.88)	(350.63, 162.58)	6260.253	1.433594	NaN	NaN	NaN	
6290807749000	6282049141326	None	Fixation	(44.39, 164.80)	(352.01, 163.18)	6260.253	1.450195	NaN	NaN	NaN	
6290824415000	6282065807161	None	Saccade	(43.90, 164.27)	(353.62, 163.95)	6261.704	0.01660156	22.02467	0.7341557	128.4801	
6290841082000	6282082473910	None	Pursuit	(43.50, 163.97)	(353.55, 163.98)	6261.704	0.03320313	1.001214	0.7117389	130.4399	
6290857748000	6282099139718	None	Pursuit	(43.45, 163.96)	(353.91, 164.16)	6261.704	0.04980469	4.93044	0.8759956	130.0427	
6290874415000	6282115806497	None	Fixation	(43.34, 163.82)	(354.46, 163.86)	6260.253	1.516602	NaN	NaN	NaN	
6290891081000	6282132472329	None	Fixation	(42.59, 163.45)	(354.41, 163.93)	6260.253	1.533203	NaN	NaN	NaN	
6290907748000	6282149139094	None	Fixation	(42.74, 163.40)	(355.12, 164.13)	6260.253	1.550293	NaN	NaN	NaN	
6290924414000	6282165804869	None	Fixation	(42.40, 163.59)	(355.23, 164.16)	6260.253	1.566895	NaN	NaN	NaN	
6290941081000	6282182471670	None	Fixation	(42.20, 163.27)	(355.64, 163.96)	6260.253	1.583496	NaN	NaN	NaN	
6290957747000	6282199137479	None	Saccade	(41.45, 162.30)	(357.99, 165.24)	6261.837	0.01660156	32.96833	1.098945	131.57	
6290974414000	6282215804267	None	Pursuit	(39.63, 161.83)	(360.32, 166.13)	6261.837	0.03320313	30.58001	2.113575	127.8926	
6290991081000	6282232471092	None	Saccade	(39.87, 161.67)	(360.46, 166.17)	6261.87	0.01660156	3.545988	0.1181996	221.5952	
6291007747000	6282249136921	None	Pursuit	(38.93, 161.56)	(361.19, 166.27)	6261.87	0.03320313	11.54933	0.3075753	98.56414	
6291024414000	6282265803698	None	Pursuit	(38.56, 161.54)	(362.00, 166.17)	6261.837	0.08349609	10.05556	2.759377	122.1589	
6291041080000	6282282469464	None	Fixation	(38.42, 160.84)	(362.14, 166.20)	6261.92	0.01660156	NaN	NaN	NaN	
6291057747000	6282299136258	None	Fixation	(37.81, 160.87)	(362.55, 166.48)	6261.92	0.03320313	NaN	NaN	NaN	
6291074413000	6282315802070	None	Fixation	(38.62, 160.49)	(363.17, 166.45)	6261.92	0.04980469	NaN	NaN	NaN	
6291091080000	6282332468858	None	Fixation	(37.65, 160.47)	(363.74, 166.49)	6261.92	0.06640625	NaN	NaN	NaN	
6291107746000	6282349134647	None	Fixation	(37.82, 160.29)	(364.04, 166.52)	6261.92	0.08300781	NaN	NaN	NaN	
6291124413000	6282365801468	None	Fixation	(37.54, 160.06)	(364.37, 166.53)	6261.92	0.09960938	NaN	NaN	NaN	
6291141079000	6282382467272	None	Fixation	(37.03, 159.82)	(364.99, 166.68)	6261.92	0.1162109	NaN	NaN	NaN	
6291157746000	6282399134055	None	Fixation	(37.03, 159.62)	(365.29, 166.73)	6261.92	0.1333008	NaN	NaN	NaN	
6291174412000	6282415800283	None	Fixation	(37.10, 158.48)	(366.74, 167.80)	6261.92	0.1499023	NaN	NaN	NaN	
6291191079000	6282432466656	None	Saccade	(36.63, 158.11)	(368.14, 168.52)	6262.07	0.01660156	19.43468	0.6478226	130.1435	
6291207745000	6282449132417	None	Pursuit	(36.36, 157.66)	(367.98, 168.62)	6262.07	0.03320313	2.30062	0.6111972	136.2814	
6291224412000	6282465799447	None	Pursuit	(35.98, 158.20)	(368.33, 168.58)	6262.07	0.04980469	4.237976	0.7262214	129.2242	
6291241079000	6282482466404	None	Fixation	(36.36, 157.72)	(368.47, 168.34)	6261.92	0.2163086	NaN	NaN	NaN	
6291257746000	6282499133129	None	Fixation	(36.09, 157.41)	(368.70, 168.45)	6261.92	0.2329102	NaN	NaN	NaN	
6291274410000	6282515797032	None	Fixation	(35.97, 157.45)	(368.63, 168.51)	6261.92	0.25	NaN	NaN	NaN	
6291291077000	6282532463411	None	Fixation	(36.40, 157.18)	(369.10, 168.54)	6261.92	0.2666016	NaN	NaN	NaN	
6291307743000	6282549129253	None	Fixation	(36.35, 157.18)	(368.96, 168.43)	6261.92	0.2832031	NaN	NaN	NaN	
6291324410000	6282565795991	None	Fixation	(36.22, 157.04)	(369.06, 168.51)	6261.92	0.2998047	NaN	NaN	NaN	
6291341076000	6282582462074	None	Fixation	(36.10, 157.02)	(369.27, 168.53)	6261.92	0.3164063	NaN	NaN	NaN	
6291357743000	6282599128590	None	Fixation	(35.97, 157.05)	(368.99, 168.40)	6261.92	0.3330078	NaN	NaN	NaN	
6291357743000	6282599128549	None	Fixation	(35.97, 157.05)	(368.99, 168.40)	6261.92	0.3330078	NaN	NaN	NaN	
6291391076000	6282632461197	None	Fixation	(36.07, 157.20)	(369.41, 168.41)	6261.92	0.3662109	NaN	NaN	NaN	
6291407742000	6282649126973	None	WinkLeft	(36.08, 157.23)	(369.30, 168.34)	NaN	NaN	NaN	NaN	NaN	
6291424409000	6282665794113	None	WinkLeft	(35.88, 157.17)	(369.27, 168.30)	NaN	NaN	NaN	NaN	NaN	
6291441075000	6282682460255	None	WinkLeft	(36.07, 157.85)	(368.11, 167.45)	NaN	NaN	NaN	NaN	NaN	
6291457742000	6282699126368	None	WinkLeft	(37.02, 162.77)	(361.27, 164.60)	NaN	NaN	NaN	NaN	NaN	
6291474409000	6282715793191	None	WinkLeft	(41.21, 166.12)	(355.69, 164.49)	NaN	NaN	NaN	NaN	NaN	
6291491075000	6282732458980	None	WinkLeft	(42.88, 166.41)	(354.37, 163.54)	NaN	NaN	NaN	NaN	NaN	
6291507742000	6282749126208	None	WinkLeft	(42.17, 165.72)	(353.69, 163.13)	NaN	NaN	NaN	NaN	NaN	
6291524408000	6282765791940	None	Saccade	(41.93, 165.35)	(354.70, 163.64)	6262.287	0.1333008	123.5254	6.339629	306.1361	
6291541075000	6282782458353	None	Unknown	(41.75, 165.50)	(354.04, 162.75)	NaN	NaN	NaN	NaN	NaN	
6291557741000	6282799124448	None	Pursuit	(41.91, 165.43)	(354.52, 162.78)	6262.437	0.01660156	2.055255	0.06850851	234.026	
6291574408000	6282815791437	None	Pursuit	(41.92, 165.35)	(354.72, 163.19)	6262.437	0.03320313	1.07739	0.09284019	214.9615	
6291574408000	6282815791148	None	Pursuit	(41.92, 165.35)	(354.72, 163.19)	6262.437	0.03320313	1.07739	0.09284019	214.9615	
6291607741000	6282849123852	None	Fixation	(43.38, 164.85)	(353.26, 163.95)	6262.487	0.01660156	NaN	NaN	NaN	
6291624407000	6282865789877	None	Fixation	(44.02, 165.27)	(352.37, 163.97)	6262.487	0.03320313	NaN	NaN	NaN	
6291641073000	6282882455109	None	Fixation	(44.16, 165.38)	(352.48, 163.96)	6262.487	0.04980469	NaN	NaN	NaN	
6291657740000	6282899121950	None	Fixation	(44.14, 165.33)	(352.67, 163.88)	6262.487	0.06689453	NaN	NaN	NaN	
6291657740000	6282899122406	None	Fixation	(44.14, 165.33)	(352.67, 163.88)	6262.487	0.06689453	NaN	NaN	NaN	
6291674407000	6282915788939	None	Fixation	(43.67, 165.11)	(352.66, 163.76)	6262.487	0.08349609	NaN	NaN	NaN	
6291707740000	6282949121308	None	Fixation	(43.83, 164.85)	(352.87, 163.59)	6262.487	0.1166992	NaN	NaN	NaN	
6291724406000	6282965787109	None	Fixation	(43.67, 165.04)	(352.56, 163.64)	6262.487	0.1333008	NaN	NaN	NaN	
6291724406000	6282965787093	None	Fixation	(43.67, 165.04)	(352.56, 163.64)	6262.487	0.1333008	NaN	NaN	NaN	
6291741073000	6282982453922	None	Fixation	(44.22, 165.19)	(352.82, 163.77)	6262.487	0.1499023	NaN	NaN	NaN	
6291757739000	6282999119843	None	Fixation	(44.17, 167.07)	(350.32, 162.68)	6262.487	0.1665039	NaN	NaN	NaN	
6291791072000	6283032452289	None	Fixation	(44.90, 166.56)	(350.59, 163.28)	6262.487	0.2001953	NaN	NaN	NaN	
6291791072000	6283032452279	None	Fixation	(44.90, 166.56)	(350.59, 163.28)	6262.487	0.2001953	NaN	NaN	NaN	
6291807739000	6283049119103	None	Fixation	(45.29, 166.48)	(350.19, 163.21)	6262.487	0.2167969	NaN	NaN	NaN	
6291841072000	6283082451691	None	Fixation	(44.98, 166.17)	(350.65, 163.03)	6262.487	0.25	NaN	NaN	NaN	
6291857738000	6283099117513	None	Fixation	(44.73, 165.68)	(350.35, 163.11)	6262.487	0.2666016	NaN	NaN	NaN	
6291857738000	6283099117491	None	Fixation	(44.73, 165.68)	(350.35, 163.11)	6262.487	0.2666016	NaN	NaN	NaN	
6291874405000	6283115784273	None	Fixation	(44.82, 165.74)	(350.35, 162.96)	6262.487	0.2832031	NaN	NaN	NaN	
6291891071000	6283132450097	None	Fixation	(44.81, 165.86)	(350.31, 163.07)	6262.487	0.2998047	NaN	NaN	NaN	
6291907738000	6283149116862	None	Fixation	(45.07, 165.83)	(350.13, 162.92)	6262.487	0.3168945	NaN	NaN	NaN	
6291924405000	6283165783669	None	Fixation	(45.36, 165.90)	(350.39, 162.84)	6262.487	0.3334961	NaN	NaN	NaN	
6291941071000	6283182449466	None	Fixation	(44.92, 165.95)	(350.24, 162.98)	6262.487	0.3500977	NaN	NaN	NaN	
6291957737000	6283199115244	None	Fixation	(44.81, 165.85)	(350.19, 162.64)	6262.487	0.3666992	NaN	NaN	NaN	
6291974404000	6283215782048	None	Fixation	(44.78, 165.87)	(350.33, 162.55)	6262.487	0.3833008	NaN	NaN	NaN	
6291991071000	6283232448846	None	Fixation	(44.78, 165.60)	(350.69, 162.58)	6262.487	0.3999023	NaN	NaN	NaN	
6292007737000	6283249114646	None	Fixation	(44.79, 165.81)	(350.59, 162.38)	6262.487	0.4165039	NaN	NaN	NaN	
6292024404000	6283265781454	None	Fixation	(44.59, 165.59)	(350.65, 162.58)	6262.487	0.4331055	NaN	NaN	NaN	
6292041070000	6283282447249	None	Fixation	(44.96, 165.28)	(350.72, 162.73)	6262.487	0.4501953	NaN	NaN	NaN	
6292057737000	6283299114307	None	Fixation	(44.35, 165.20)	(350.67, 162.62)	6262.487	0.4667969	NaN	NaN	NaN	
6292074403000	6283315780560	None	Fixation	(44.69, 165.14)	(350.59, 162.72)	6262.487	0.4833984	NaN	NaN	NaN	
6292091070000	6283332446976	None	Fixation	(45.18, 164.99)	(351.05, 163.24)	6262.487	0.5	NaN	NaN	NaN	
6292107737000	6283349113736	None	Fixation	(46.35, 164.66)	(350.52, 164.00)	6262.487	0.5166016	NaN	NaN	NaN	
6292124404000	6283365780665	None	Fixation	(45.78, 164.76)	(350.44, 163.73)	6262.487	0.5332031	NaN	NaN	NaN	
6292141069000	6283382445021	None	Fixation	(46.18, 164.96)	(350.41, 163.70)	6262.487	0.5498047	NaN	NaN	NaN	
6292157736000	6283399111815	None	Fixation	(45.79, 165.03)	(350.48, 163.65)	6262.487	0.5668945	NaN	NaN	NaN	
6292174404000	6283415779633	None	Fixation	(45.51, 165.05)	(350.23, 163.52)	6262.487	0.5834961	NaN	NaN	NaN	
6292191070000	6283432445384	None	Fixation	(46.20, 165.36)	(350.21, 163.23)	6262.487	0.6000977	NaN	NaN	NaN	
6292207735000	6283449110225	None	Fixation	(45.26, 165.25)	(350.19, 163.21)	6262.487	0.6166992	NaN	NaN	NaN	
6292224402000	6283465776985	None	Fixation	(44.24, 165.36)	(350.63, 163.15)	6262.487	0.6333008	NaN	NaN	NaN	
6292241068000	6283482442779	None	Fixation	(44.79, 165.18)	(350.60, 163.01)	6262.487	0.6499023	NaN	NaN	NaN	
6292257735000	6283499109590	None	Fixation	(45.10, 165.20)	(350.75, 163.17)	6262.487	0.6665039	NaN	NaN	NaN	
6292274401000	6283515775367	None	Fixation	(45.20, 165.28)	(350.67, 163.13)	6262.487	0.6831055	NaN	NaN	NaN	
6292291068000	6283532442167	None	Fixation	(45.97, 165.40)	(350.76, 163.16)	6262.487	0.7001953	NaN	NaN	NaN	
6292307736000	6283549110008	None	Fixation	(44.73, 165.14)	(350.70, 163.15)	6262.487	0.7167969	NaN	NaN	NaN	
6292324403000	6283565776781	None	Fixation	(45.24, 165.23)	(350.55, 163.13)	6262.487	0.7333984	NaN	NaN	NaN	
6292341068000	6283582441568	None	Fixation	(45.09, 165.28)	(350.52, 163.16)	6262.487	0.75	NaN	NaN	NaN	
6292357734000	6283599107380	None	Fixation	(45.69, 165.24)	(350.52, 163.29)	6262.487	0.7666016	NaN	NaN	NaN	
6292374401000	6283615774154	None	Fixation	(45.09, 165.19)	(350.40, 163.35)	6262.487	0.7832031	NaN	NaN	NaN	
6292391067000	6283632440344	None	Fixation	(45.76, 165.15)	(350.48, 163.31)	6262.487	0.7998047	NaN	NaN	NaN	
6292407734000	6283649107107	None	Fixation	(45.14, 165.15)	(350.54, 163.24)	6262.487	0.8168945	NaN	NaN	NaN	
6292424400000	6283665772958	None	Fixation	(45.90, 165.01)	(350.62, 163.14)	6262.487	0.8334961	NaN	NaN	NaN	
6292441067000	6283682439512	None	Fixation	(44.88, 164.83)	(350.50, 163.09)	6262.487	0.8500977	NaN	NaN	NaN	
6292457733000	6283699105136	None	Fixation	(45.51, 165.05)	(350.71, 163.24)	6262.487	0.8666992	NaN	NaN	NaN	
6292474399000	6283715770963	None	Fixation	(45.23, 165.07)	(350.58, 163.04)	6262.487	0.8833008	NaN	NaN	NaN	
6292491066000	6283732437738	None	Fixation	(45.06, 165.02)	(350.33, 162.93)	6262.487	0.8999023	NaN	NaN	NaN	
6292507733000	6283749104548	None	Fixation	(45.80, 165.19)	(350.44, 162.89)	6262.487	0.9165039	NaN	NaN	NaN	
6292524399000	6283765770323	None	Fixation	(45.56, 165.32)	(350.37, 162.66)	6262.487	0.9331055	NaN	NaN	NaN	
6292541068000	6283782439126	None	Fixation	(46.09, 165.65)	(349.91, 162.79)	6262.487	0.9501953	NaN	NaN	NaN	
6292557734000	6283799104936	None	Fixation	(45.60, 165.25)	(349.52, 163.04)	6262.487	0.9667969	NaN	NaN	NaN	
6292574399000	6283815769746	None	Fixation	(45.64, 165.77)	(349.78, 162.91)	6262.487	0.9833984	NaN	NaN	NaN	
6292591065000	6283832435572	None	Fixation	(45.31, 165.54)	(349.75, 162.76)	6262.487	1	NaN	NaN	NaN	
6292607732000	6283849102464	None	Fixation	(45.40, 165.70)	(349.79, 162.83)	6262.487	1.016602	NaN	NaN	NaN	
6292624398000	6283865768096	None	Fixation	(45.88, 165.46)	(349.94, 162.74)	6262.487	1.033203	NaN	NaN	NaN	
6292641065000	6283882434925	None	Fixation	(44.94, 165.24)	(350.26, 162.70)	6262.487	1.049805	NaN	NaN	NaN	
6292657731000	6283899100723	None	Fixation	(44.98, 165.09)	(350.19, 162.86)	6262.487	1.066895	NaN	NaN	NaN	
6292674400000	6283915769510	None	Fixation	(44.75, 165.20)	(350.31, 162.94)	6262.487	1.083496	NaN	NaN	NaN	
6292691066000	6283932435311	None	Fixation	(44.84, 164.93)	(350.38, 162.96)	6262.487	1.100098	NaN	NaN	NaN	
6292707731000	6283949100101	None	Fixation	(45.72, 165.07)	(350.51, 162.96)	6262.487	1.116699	NaN	NaN	NaN	
6292724397000	6283965765889	None	Fixation	(45.68, 165.10)	(350.73, 163.22)	6262.487	1.133301	NaN	NaN	NaN	
6292741064000	6283982432724	None	Fixation	(45.27, 165.01)	(350.39, 163.03)	6262.487	1.149902	NaN	NaN	NaN	
6292757730000	6283999098473	None	Fixation	(45.17, 165.13)	(350.53, 163.02)	6262.487	1.166504	NaN	NaN	NaN	
6292774397000	6284015765289	None	Fixation	(45.09, 164.98)	(350.49, 162.83)	6262.487	1.183105	NaN	NaN	NaN	
6292791064000	6284032432079	None	Fixation	(45.84, 165.26)	(350.50, 162.82)	6262.487	1.200195	NaN	NaN	NaN	
6292807732000	6284049099878	None	Fixation	(44.77, 165.26)	(350.53, 162.86)	6262.487	1.216797	NaN	NaN	NaN	
6292824399000	6284065766698	None	Fixation	(45.72, 165.36)	(350.69, 162.94)	6262.487	1.233398	NaN	NaN	NaN	
6292841063000	6284082431019	None	Fixation	(44.61, 165.37)	(350.44, 162.88)	6262.487	1.25	NaN	NaN	NaN	
6292857730000	6284099097558	None	Fixation	(45.66, 165.26)	(350.54, 162.70)	6262.487	1.266602	NaN	NaN	NaN	
6292874396000	6284115763081	None	Fixation	(45.32, 165.31)	(350.54, 162.79)	6262.487	1.283203	NaN	NaN	NaN	
6292891063000	6284132429872	None	Fixation	(45.59, 165.22)	(350.46, 162.67)	6262.487	1.299805	NaN	NaN	NaN	
6292907731000	6284149097666	None	Fixation	(44.57, 165.33)	(350.82, 162.82)	6262.487	1.316895	NaN	NaN	NaN	
6292924397000	6284165763440	None	Fixation	(43.65, 166.47)	(349.90, 161.74)	6262.487	1.333496	NaN	NaN	NaN	
6292941062000	6284182428265	None	Saccade	(42.30, 168.05)	(348.87, 160.26)	6263.82	0.01660156	25.54889	0.8516298	27.64325	
6292957729000	6284199095082	None	Pursuit	(42.92, 168.40)	(349.20, 160.74)	6263.82	0.03320313	8.865768	0.8455853	7.592012	
6292974395000	6284215760854	None	Pursuit	(42.56, 168.11)	(349.44, 160.39)	6263.82	0.04980469	5.724159	0.805375	20.56977	
6292991062000	6284232427629	None	Fixation	(42.48, 167.62)	(349.73, 160.76)	6262.487	1.399902	NaN	NaN	NaN	
6293007727000	6284249092468	None	Fixation	(42.36, 167.39)	(349.97, 160.71)	6263.887	0.01660156	NaN	NaN	NaN	
6293024394000	6284265759727	None	Fixation	(43.18, 167.52)	(350.03, 160.88)	6263.887	0.03320313	NaN	NaN	NaN	
6293041060000	6284282425219	None	Fixation	(44.15, 166.69)	(350.78, 161.77)	6263.887	0.05029297	NaN	NaN	NaN	
6293057727000	6284299091836	None	Saccade	(46.36, 163.33)	(352.39, 165.76)	6263.937	0.01660156	49.48832	1.767183	185.6089	
6293074395000	6284315759643	None	Pursuit	(45.94, 163.58)	(352.11, 165.09)	6263.937	0.03320313	5.998793	1.473485	196.7999	
6293091062000	6284332426399	None	Pursuit	(46.26, 163.38)	(352.17, 165.94)	6263.937	0.04980469	4.718062	1.612911	199.5042	
6293107726000	6284349090339	None	Pursuit	(46.12, 162.85)	(352.60, 165.86)	6263.937	0.06640625	6.681192	1.771358	194.1974	
6293124393000	6284365757025	None	Unknown	(46.47, 162.55)	(353.09, 166.14)	NaN	NaN	NaN	NaN	NaN	
6293141060000	6284382423801	None	Fixation	(46.49, 161.82)	(353.30, 167.01)	6264.02	0.01660156	NaN	NaN	NaN	
6293157726000	6284399089595	None	Saccade	(50.94, 160.15)	(354.15, 169.93)	6264.037	0.01708984	58.44537	1.948179	206.4925	
6293174393000	6284415756396	None	Pursuit	(51.72, 159.08)	(353.71, 171.44)	6264.037	0.03369141	19.33782	1.825329	187.6444	
6293191059000	6284432422533	None	Pursuit	(53.59, 158.90)	(353.77, 171.86)	6264.07	0.01660156	23.19865	0.7732882	251.6615	
6293207727000	6284449090283	None	Pursuit	(53.55, 158.72)	(353.73, 172.22)	6264.07	0.03320313	2.309188	0.7663776	245.9535	
6293224394000	6284465756854	None	Unknown	(53.31, 158.73)	(353.91, 172.15)	NaN	NaN	NaN	NaN	NaN	
6293241058000	6284482420603	None	Fixation	(51.98, 158.11)	(354.25, 172.52)	6264.12	0.01660156	NaN	NaN	NaN	
6293257725000	6284499087353	None	Fixation	(53.10, 157.98)	(354.51, 172.47)	6264.12	0.03320313	NaN	NaN	NaN	
6293274391000	6284515753194	None	Fixation	(53.77, 158.23)	(354.33, 172.30)	6264.12	0.04980469	NaN	NaN	NaN	
6293291058000	6284532419988	None	Fixation	(52.33, 158.13)	(354.30, 172.31)	6264.12	0.06689453	NaN	NaN	NaN	
6293307725000	6284549086794	None	Fixation	(52.08, 157.98)	(354.04, 172.27)	6264.12	0.08349609	NaN	NaN	NaN	
6293324391000	6284565752571	None	Fixation	(52.24, 157.82)	(354.28, 172.56)	6264.12	0.1000977	NaN	NaN	NaN	
6293341058000	6284582419468	None	Fixation	(52.51, 157.69)	(354.24, 172.69)	6264.12	0.1166992	NaN	NaN	NaN	
6293357724000	6284599085158	None	Saccade	(55.06, 155.85)	(355.35, 175.44)	6264.237	0.01660156	38.7452	1.291507	221.1594	
6293374391000	6284615752222	None	Saccade	(57.40, 154.70)	(355.08, 176.74)	6264.253	0.01660156	16.38284	0.5460946	204.7463	
6293391057000	6284632417737	None	Pursuit	(57.10, 154.64)	(355.21, 177.62)	6264.237	0.04980469	3.821148	2.262079	223.3311	
6293407724000	6284649084563	None	Pursuit	(57.15, 154.38)	(355.48, 177.67)	6264.237	0.06689453	3.239907	2.340559	221.4836	
6293424390000	6284665750376	None	Unknown	(58.43, 154.15)	(355.82, 177.51)	NaN	NaN	NaN	NaN	NaN	
6293441057000	6284682417207	None	Fixation	(56.91, 153.65)	(355.81, 178.09)	6264.32	0.01660156	NaN	NaN	NaN	
6293457723000	6284699082938	None	Fixation	(57.44, 153.33)	(356.00, 178.03)	6264.32	0.03320313	NaN	NaN	NaN	
6293474390000	6284715749748	None	Fixation	(57.07, 153.71)	(356.03, 178.65)	6264.32	0.04980469	NaN	NaN	NaN	
6293491056000	6284732415535	None	Fixation	(58.17, 152.55)	(356.47, 179.77)	6264.32	0.06640625	NaN	NaN	NaN	
6293507722000	6284749081338	None	Saccade	(62.31, 150.38)	(357.65, 184.11)	6264.387	0.01660156	57.48756	1.916252	203.5712	
6293524388000	6284765747132	None	Pursuit	(61.84, 150.42)	(357.45, 183.29)	6264.387	0.03320313	5.780385	1.739938	226.9822	
6293541055000	6284782413955	None	Pursuit	(61.79, 150.32)	(357.38, 183.60)	6264.387	0.05029297	1.435805	1.740946	225.4069	
6293557721000	6284799079725	None	Pursuit	(62.68, 150.35)	(357.54, 183.58)	6264.387	0.06689453	10.98276	2.056415	231.0339	
6293574388000	6284815746542	None	Unknown	(62.34, 149.95)	(357.84, 183.90)	NaN	NaN	NaN	NaN	NaN	
6293591054000	6284832412324	None	Fixation	(63.59, 149.67)	(358.17, 183.95)	6264.47	0.01660156	NaN	NaN	NaN	
6293607721000	6284849079158	None	Fixation	(62.81, 149.66)	(357.99, 184.32)	6264.47	0.03320313	NaN	NaN	NaN	
6293624387000	6284865744921	None	Fixation	(62.87, 149.45)	(358.36, 184.54)	6264.47	0.04980469	NaN	NaN	NaN	
6293641054000	6284882411684	None	Fixation	(62.77, 149.17)	(358.38, 184.66)	6264.47	0.06640625	NaN	NaN	NaN	
6293657720000	6284899077519	None	Fixation	(62.95, 149.09)	(358.00, 184.93)	6264.47	0.08349609	NaN	NaN	NaN	
6293674389000	6284915746306	None	Fixation	(63.69, 149.24)	(358.07, 184.78)	6264.47	0.1000977	NaN	NaN	NaN	
6293691055000	6284932412107	None	Fixation	(63.30, 148.90)	(358.19, 185.10)	6264.47	0.1166992	NaN	NaN	NaN	
6293707720000	6284949077184	None	Fixation	(63.29, 148.89)	(358.07, 185.48)	6264.47	0.1333008	NaN	NaN	NaN	
6293724387000	6284965743673	None	Fixation	(63.96, 148.79)	(358.31, 185.27)	6264.47	0.1499023	NaN	NaN	NaN	
6293741053000	6284982409834	None	Fixation	(63.43, 148.72)	(358.34, 185.19)	6264.47	0.1665039	NaN	NaN	NaN	
6293757720000	6284999076310	None	Fixation	(63.46, 148.71)	(358.21, 185.88)	6264.47	0.1831055	NaN	NaN	NaN	
6293774386000	6285015742078	None	Fixation	(64.03, 148.55)	(358.36, 185.68)	6264.47	0.199707	NaN	NaN	NaN	
6293791053000	6285032408861	None	Fixation	(63.97, 148.48)	(358.54, 186.34)	6264.47	0.2167969	NaN	NaN	NaN	
6293807721000	6285049077162	None	Fixation	(63.80, 148.09)	(358.57, 186.35)	6264.47	0.2333984	NaN	NaN	NaN	
6293824388000	6285065743821	None	Fixation	(64.22, 148.07)	(358.48, 186.41)	6264.47	0.25	NaN	NaN	NaN	
6293841052000	6285082407604	None	Fixation	(64.07, 148.03)	(358.54, 186.53)	6264.47	0.2666016	NaN	NaN	NaN	
6293857719000	6285099074057	None	Fixation	(64.38, 147.97)	(358.52, 186.71)	6264.47	0.2832031	NaN	NaN	NaN	
6293874385000	6285115739848	None	Fixation	(63.81, 148.01)	(358.73, 186.84)	6264.47	0.2998047	NaN	NaN	NaN	
6293891051000	6285132405659	None	Fixation	(64.12, 147.99)	(358.48, 186.67)	6264.47	0.3164063	NaN	NaN	NaN	
6293907717000	6285149071459	None	Fixation	(64.14, 147.98)	(358.74, 186.60)	6264.47	0.3334961	NaN	NaN	NaN	
6293924384000	6285165738303	None	Saccade	(61.47, 149.69)	(357.34, 183.67)	6264.804	0.01660156	39.9056	1.330187	347.5252	
6293941050000	6285182404292	None	Saccade	(54.89, 158.29)	(352.94, 173.66)	6264.82	0.01660156	133.1097	4.436991	24.43222	
6293957717000	6285199071055	None	Saccade	(47.86, 166.09)	(348.81, 166.54)	6264.82	0.03320313	129.271	8.739015	184.7696	
6293974383000	6285215736697	None	Unknown	(47.74, 166.17)	(348.94, 165.48)	NaN	NaN	NaN	NaN	NaN	
6293991050000	6285232403470	None	Pursuit	(46.62, 165.37)	(349.42, 165.12)	6264.87	0.01660156	16.91564	0.5638546	112.3839	
6294007718000	6285249071538	None	Pursuit	(46.98, 164.95)	(349.35, 165.10)	6264.87	0.03320313	6.803367	0.5890353	134.9358	
6294024385000	6285265738518	None	Unknown	(46.50, 165.06)	(349.66, 164.93)	NaN	NaN	NaN	NaN	NaN	
6294041051000	6285282403805	None	Fixation	(46.53, 165.02)	(349.76, 164.91)	6264.92	0.01708984	NaN	NaN	NaN	
6294074382000	6285315734634	None	Fixation	(46.30, 164.69)	(349.88, 164.91)	6264.92	0.05029297	NaN	NaN	NaN	
6294074382000	6285315734410	None	Fixation	(46.30, 164.69)	(349.88, 164.91)	6264.92	0.05029297	NaN	NaN	NaN	
6294091049000	6285332401280	None	Fixation	(46.90, 164.63)	(349.79, 164.78)	6264.92	0.06689453	NaN	NaN	NaN	
6294124384000	6285365736428	None	Fixation	(47.15, 164.66)	(350.04, 165.00)	6264.92	0.1000977	NaN	NaN	NaN	
6294141050000	6285382401814	None	Fixation	(46.30, 164.53)	(349.87, 164.68)	6264.92	0.1166992	NaN	NaN	NaN	
6294157717000	6285399068627	None	Fixation	(45.69, 164.60)	(350.05, 164.75)	6264.92	0.1337891	NaN	NaN	NaN	
6294157717000	6285399068406	None	Fixation	(45.69, 164.60)	(350.05, 164.75)	6264.92	0.1337891	NaN	NaN	NaN	
6294174382000	6285415733677	None	Fixation	(45.85, 164.41)	(349.87, 164.77)	6264.92	0.1503906	NaN	NaN	NaN	
6294191048000	6285432399084	None	Fixation	(46.00, 164.70)	(350.03, 164.68)	6264.92	0.1669922	NaN	NaN	NaN	
6294207715000	6285449065816	None	Fixation	(45.56, 165.39)	(349.55, 164.15)	6264.92	0.1835938	NaN	NaN	NaN	
6294241048000	6285482398619	None	Fixation	(45.55, 165.69)	(349.07, 163.62)	6264.92	0.2167969	NaN	NaN	NaN	
6294257714000	6285499064377	None	Fixation	(46.55, 165.66)	(349.06, 163.57)	6264.92	0.2333984	NaN	NaN	NaN	
6294274381000	6285515731200	None	Fixation	(44.89, 165.43)	(348.98, 163.68)	6264.92	0.25	NaN	NaN	NaN	
6294291047000	6285532396972	None	Fixation	(45.33, 165.55)	(349.33, 163.46)	6264.92	0.2670898	NaN	NaN	NaN	
6294307715000	6285549064759	None	Fixation	(45.21, 165.55)	(349.23, 163.36)	6264.92	0.2836914	NaN	NaN	NaN	
6294324382000	6285565731782	None	Fixation	(46.09, 165.47)	(349.32, 163.42)	6264.92	0.300293	NaN	NaN	NaN	
6294341047000	6285582396365	None	Fixation	(45.19, 165.36)	(349.35, 163.60)	6264.92	0.3168945	NaN	NaN	NaN	
6294357713000	6285599062439	None	Fixation	(45.68, 165.37)	(349.47, 163.50)	6264.92	0.3334961	NaN	NaN	NaN	
6294374382000	6285615730955	None	Fixation	(45.13, 165.31)	(349.48, 163.44)	6264.92	0.3500977	NaN	NaN	NaN	
6294391048000	6285632396744	None	Fixation	(45.19, 165.07)	(349.37, 163.30)	6264.92	0.3666992	NaN	NaN	NaN	
6294407713000	6285649061537	None	Fixation	(45.18, 164.97)	(349.65, 163.43)	6264.92	0.3837891	NaN	NaN	NaN	
6294424379000	6285665727373	None	Fixation	(45.26, 164.85)	(349.78, 163.48)	6264.92	0.4003906	NaN	NaN	NaN	
6294441046000	6285682394135	None	Fixation	(45.42, 164.97)	(349.50, 163.30)	6264.92	0.4169922	NaN	NaN	NaN	
6294457712000	6285699059982	None	Fixation	(45.64, 164.74)	(349.89, 163.56)	6264.92	0.4335938	NaN	NaN	NaN	
6294474379000	6285715727617	None	Fixation	(45.82, 164.85)	(349.66, 163.57)	6264.92	0.4501953	NaN	NaN	NaN	
6294491045000	6285732392594	None	Fixation	(45.69, 164.63)	(349.74, 163.67)	6264.92	0.4667969	NaN	NaN	NaN	
6294507712000	6285749059334	None	Fixation	(45.55, 164.45)	(349.83, 163.56)	6264.92	0.4833984	NaN	NaN	NaN	
6294524379000	6285765726130	None	Fixation	(45.49, 164.34)	(349.95, 163.69)	6264.92	0.5	NaN	NaN	NaN	
6294541047000	6285782393926	None	Fixation	(45.58, 164.54)	(349.85, 163.74)	6264.92	0.5170898	NaN	NaN	NaN	
6294557713000	6285799059737	None	Fixation	(45.46, 164.36)	(350.01, 163.57)	6264.92	0.5336914	NaN	NaN	NaN	
6294574378000	6285815724901	None	Fixation	(46.70, 164.63)	(349.81, 163.48)	6264.92	0.550293	NaN	NaN	NaN	
6294591044000	6285832390307	None	Fixation	(45.75, 164.45)	(349.89, 163.47)	6264.92	0.5668945	NaN	NaN	NaN	
6294607711000	6285849057202	None	Fixation	(45.73, 164.41)	(350.12, 163.70)	6264.92	0.5834961	NaN	NaN	NaN	
6294607711000	6285849056904	None	Fixation	(45.73, 164.41)	(350.12, 163.70)	6264.92	0.5834961	NaN	NaN	NaN	
6294641044000	6285882389703	None	Fixation	(45.03, 164.99)	(349.89, 163.10)	6264.92	0.6166992	NaN	NaN	NaN	
6294657710000	6285899055491	None	Fixation	(44.89, 165.39)	(349.72, 163.08)	6264.92	0.6337891	NaN	NaN	NaN	
6294674379000	6285915724316	None	Fixation	(44.61, 165.05)	(349.63, 162.91)	6264.92	0.6503906	NaN	NaN	NaN	
6294691046000	6285932391099	None	Fixation	(45.48, 165.36)	(349.95, 162.90)	6264.92	0.6669922	NaN	NaN	NaN	
6294707710000	6285949054887	None	Fixation	(45.04, 165.24)	(350.15, 162.81)	6264.92	0.6835938	NaN	NaN	NaN	
6294724377000	6285965721687	None	Fixation	(44.88, 165.55)	(350.33, 163.09)	6264.92	0.7001953	NaN	NaN	NaN	
6294741043000	6285982387480	None	Fixation	(45.10, 165.12)	(350.32, 162.83)	6264.92	0.7167969	NaN	NaN	NaN	
6294757710000	6285999054323	None	Fixation	(44.51, 165.04)	(350.25, 162.90)	6264.92	0.7333984	NaN	NaN	NaN	
6294774376000	6286015720076	None	Fixation	(45.19, 164.91)	(350.38, 163.02)	6264.92	0.75	NaN	NaN	NaN	
6294791043000	6286032386893	None	Fixation	(45.11, 164.87)	(350.19, 162.90)	6264.92	0.7670898	NaN	NaN	NaN	
6294807711000	6286049054794	None	Fixation	(44.66, 164.70)	(350.09, 163.15)	6264.92	0.7836914	NaN	NaN	NaN	
6294824378000	6286065721468	None	Fixation	(44.88, 164.83)	(350.14, 163.12)	6264.92	0.800293	NaN	NaN	NaN	
6294841041000	6286082384277	None	Fixation	(44.57, 164.74)	(350.14, 163.12)	6264.92	0.8168945	NaN	NaN	NaN	
6294857708000	6286099051062	None	Fixation	(44.73, 165.09)	(350.07, 162.92)	6264.92	0.8334961	NaN	NaN	NaN	
6294874374000	6286115716877	None	Fixation	(44.87, 165.26)	(350.00, 162.87)	6264.92	0.8500977	NaN	NaN	NaN	
6294891041000	6286132383650	None	Fixation	(44.92, 165.41)	(349.74, 162.73)	6264.92	0.8666992	NaN	NaN	NaN	
6294907709000	6286149051437	None	Fixation	(44.57, 165.05)	(349.99, 162.77)	6264.92	0.8833008	NaN	NaN	NaN	
6294924376000	6286165718223	None	Fixation	(44.39, 165.34)	(349.76, 162.60)	6264.92	0.9003906	NaN	NaN	NaN	
6294941040000	6286182382044	None	Fixation	(44.79, 165.38)	(350.05, 162.69)	6264.92	0.9169922	NaN	NaN	NaN	
6294957707000	6286199048890	None	Fixation	(44.66, 165.28)	(350.15, 162.70)	6264.92	0.9335938	NaN	NaN	NaN	
6294974373000	6286215714634	None	Fixation	(44.78, 165.34)	(350.06, 162.76)	6264.92	0.9501953	NaN	NaN	NaN	
6294991040000	6286232381502	None	Fixation	(44.66, 165.09)	(350.23, 162.92)	6264.92	0.9667969	NaN	NaN	NaN	
6295007706000	6286249047246	None	Fixation	(44.49, 164.89)	(350.22, 162.78)	6264.92	0.9833984	NaN	NaN	NaN	
6295024373000	6286265714109	None	Fixation	(44.78, 165.01)	(350.30, 162.92)	6264.92	1	NaN	NaN	NaN	
6295041039000	6286282379829	None	Fixation	(44.98, 165.15)	(350.25, 163.06)	6264.92	1.01709	NaN	NaN	NaN	
6295057706000	6286299046608	None	Fixation	(45.08, 165.11)	(350.25, 163.09)	6264.92	1.033691	NaN	NaN	NaN	
6295074372000	6286315712509	None	Fixation	(44.65, 164.94)	(349.97, 163.07)	6264.92	1.050293	NaN	NaN	NaN	
6295091039000	6286332379498	None	Fixation	(45.58, 165.10)	(350.22, 162.95)	6264.92	1.066895	NaN	NaN	NaN	
6295107705000	6286349045018	None	Fixation	(45.00, 165.09)	(350.07, 163.04)	6264.92	1.083496	NaN	NaN	NaN	
6295124372000	6286365711809	None	Fixation	(45.03, 165.40)	(349.57, 163.19)	6264.92	1.100098	NaN	NaN	NaN	
6295141038000	6286382377652	None	Fixation	(45.06, 165.16)	(349.63, 163.06)	6264.92	1.116699	NaN	NaN	NaN	
6295157705000	6286399044509	None	Fixation	(45.13, 165.49)	(349.77, 162.91)	6264.92	1.133301	NaN	NaN	NaN	
6295174374000	6286415713245	None	Fixation	(45.49, 165.47)	(349.64, 162.90)	6264.92	1.150391	NaN	NaN	NaN	
6295191040000	6286432379011	None	Fixation	(44.60, 165.58)	(349.75, 162.76)	6264.92	1.166992	NaN	NaN	NaN	
6295207705000	6286449043827	None	Fixation	(44.89, 165.53)	(349.57, 162.93)	6264.92	1.183594	NaN	NaN	NaN	
6295224372000	6286465710986	None	Fixation	(44.76, 165.36)	(349.45, 162.68)	6264.92	1.200195	NaN	NaN	NaN	
6295241038000	6286482376724	None	Fixation	(46.01, 165.55)	(349.70, 162.70)	6264.92	1.216797	NaN	NaN	NaN	
6295257704000	6286499042551	None	Fixation	(45.72, 165.50)	(349.71, 162.84)	6264.92	1.233398	NaN	NaN	NaN	
6295274371000	6286515708983	None	Fixation	(45.73, 165.50)	(350.00, 162.81)	6264.92	1.25	NaN	NaN	NaN	
6295291037000	6286532374805	None	Fixation	(44.84, 165.17)	(349.81, 162.69)	6264.92	1.26709	NaN	NaN	NaN	
6295307704000	6286549041609	None	Fixation	(45.46, 165.46)	(350.05, 162.84)	6264.92	1.283691	NaN	NaN	NaN	
6295324370000	6286565707383	None	Fixation	(45.35, 165.24)	(349.94, 162.76)	6264.92	1.300293	NaN	NaN	NaN	
6295341037000	6286582374217	None	Fixation	(44.97, 165.20)	(349.67, 162.67)	6264.92	1.316895	NaN	NaN	NaN	
6295357703000	6286599039961	None	Fixation	(45.40, 165.54)	(349.60, 162.66)	6264.92	1.333496	NaN	NaN	NaN	
6295374370000	6286615706759	None	Fixation	(44.86, 165.56)	(349.66, 162.51)	6264.92	1.350098	NaN	NaN	NaN	
6295391036000	6286632372932	None	Fixation	(45.29, 165.78)	(349.49, 162.47)	6264.92	1.366699	NaN	NaN	NaN	
6295407703000	6286649039338	None	Fixation	(44.57, 165.96)	(349.16, 162.40)	6264.92	1.383301	NaN	NaN	NaN	
6295424369000	6286665705163	None	Fixation	(45.41, 166.55)	(349.00, 161.86)	6264.92	1.400391	NaN	NaN	NaN	
6295441036000	6286682371967	None	Fixation	(44.18, 166.75)	(348.92, 161.79)	6264.92	1.416992	NaN	NaN	NaN	
6295457702000	6286699037869	None	Fixation	(44.33, 167.22)	(348.89, 161.38)	6264.92	1.433594	NaN	NaN	NaN	
6295474369000	6286715704735	None	Fixation	(42.88, 167.43)	(349.01, 161.12)	6264.92	1.450195	NaN	NaN	NaN	
6295491036000	6286732371396	None	Fixation	(42.90, 167.66)	(349.11, 160.85)	6264.92	1.466797	NaN	NaN	NaN	
6295507702000	6286749037153	None	Fixation	(43.23, 168.11)	(349.24, 160.60)	6264.92	1.483398	NaN	NaN	NaN	
6295524369000	6286765703952	None	Fixation	(42.97, 168.28)	(349.49, 160.30)	6264.92	1.5	NaN	NaN	NaN	
6295541035000	6286782369790	None	Fixation	(41.18, 170.30)	(348.43, 158.38)	6264.92	1.51709	NaN	NaN	NaN	
6295557702000	6286799036533	None	Saccade	(41.64, 170.86)	(348.08, 157.42)	6266.437	0.01660156	8.967571	0.4175386	330.0765	
6295574368000	6286815702326	None	Pursuit	(38.64, 172.03)	(348.13, 157.46)	6266.437	0.03320313	39.70961	1.261379	42.62878	
6295591035000	6286832369153	None	Pursuit	(43.20, 172.27)	(348.12, 157.19)	6266.437	0.04980469	56.13497	1.158324	301.4111	
6295607703000	6286849036914	None	Pursuit	(37.24, 172.07)	(348.09, 156.84)	6266.437	0.06640625	73.30077	1.770063	52.79532	
6295624370000	6286865703774	None	Pursuit	(37.97, 172.31)	(348.11, 156.17)	6266.437	0.08300781	9.465895	1.554834	44.82018	
6295641034000	6286882367526	None	Pursuit	(36.67, 172.91)	(347.95, 155.80)	6266.437	0.09960938	17.56191	2.136662	46.8492	
6295657701000	6286899034403	None	Pursuit	(36.03, 173.29)	(347.75, 155.41)	6266.437	0.1162109	9.144134	2.441446	46.76084	
6295674367000	6286915700118	None	Pursuit	(34.69, 174.51)	(347.64, 155.01)	6266.437	0.1333008	22.31975	3.173162	43.98999	
6295691034000	6286932366896	None	Pursuit	(34.69, 174.28)	(347.66, 154.60)	6266.437	0.1499023	2.868755	3.121138	45.45081	
6295707699000	6286949031700	None	Pursuit	(37.76, 174.24)	(347.67, 154.17)	6266.437	0.1665039	37.74829	2.13916	27.93722	
6295724366000	6286965698499	None	Fixation	(36.35, 174.09)	(347.62, 153.98)	6266.487	0.1333008	NaN	NaN	NaN	
6295724366000	6286965698285	None	Fixation	(36.35, 174.09)	(347.62, 153.98)	6266.487	0.1333008	NaN	NaN	NaN	
6295741032000	6286982364114	None	Saccade	(34.39, 174.85)	(347.59, 153.71)	6266.62	0.01660156	25.89446	0.8631487	55.89521	
6295774365000	6287015696992	None	Pursuit	(32.88, 175.72)	(347.34, 152.94)	6266.62	0.04980469	5.102154	1.573528	51.87038	
6295791032000	6287032363769	None	Pursuit	(33.03, 176.01)	(347.00, 152.73)	6266.62	0.06689453	3.993343	1.574334	47.02337	
6295807698000	6287049029528	None	Fixation	(32.56, 176.92)	(347.28, 152.43)	6266.487	0.2167969	NaN	NaN	NaN	
6295824365000	6287065696665	None	Saccade	(31.48, 179.28)	(345.01, 150.48)	6266.704	0.01660156	31.90916	1.230818	167.6315	
6295841031000	6287082362091	None	Pursuit	(31.71, 178.94)	(344.95, 150.42)	6266.704	0.03320313	5.162416	0.8944629	9.797917	
6295857698000	6287099028908	None	Pursuit	(31.57, 179.71)	(344.68, 150.08)	6266.704	0.04980469	9.719233	1.212898	6.516067	
6295874364000	6287115695126	None	Pursuit	(30.95, 179.39)	(344.61, 149.76)	6266.704	0.06640625	4.036373	1.54993	327.9286	
6295891031000	6287132361781	None	Fixation	(30.89, 179.68)	(344.81, 149.59)	6266.77	0.01660156	NaN	NaN	NaN	
6295907697000	6287149027753	None	Fixation	(30.39, 179.71)	(344.91, 149.38)	6266.77	0.03320313	NaN	NaN	NaN	
6295924364000	6287165694111	None	Fixation	(30.33, 180.06)	(344.64, 149.19)	6266.77	0.05029297	NaN	NaN	NaN	
6295941030000	6287182359861	None	Fixation	(29.95, 180.32)	(344.53, 149.05)	6266.77	0.06689453	NaN	NaN	NaN	
6295957697000	6287199026694	None	Fixation	(30.10, 180.53)	(344.82, 149.07)	6266.77	0.08349609	NaN	NaN	NaN	
6295974364000	6287215693554	None	Fixation	(30.07, 180.52)	(344.62, 148.85)	6266.77	0.1000977	NaN	NaN	NaN	
6295991030000	6287232359259	None	Fixation	(29.49, 180.68)	(344.54, 148.76)	6266.77	0.1166992	NaN	NaN	NaN	
6296007697000	6287249026081	None	Fixation	(29.53, 180.99)	(344.11, 148.47)	6266.77	0.1333008	NaN	NaN	NaN	
6296024363000	6287265691901	None	Fixation	(29.54, 181.11)	(344.23, 148.24)	6266.77	0.1499023	NaN	NaN	NaN	
6296041030000	6287282358669	None	Saccade	(27.91, 183.89)	(342.53, 146.71)	6266.92	0.01708984	39.65276	1.321759	17.41092	
6296057696000	6287299024469	None	Saccade	(26.92, 184.49)	(341.81, 145.77)	6266.937	0.01660156	14.44194	0.4813981	335.756	
6296074364000	6287315692303	None	Pursuit	(27.76, 185.02)	(341.79, 145.48)	6266.92	0.05029297	12.24434	1.759849	11.49402	
6296091031000	6287332359032	None	Pursuit	(27.33, 184.75)	(342.16, 145.40)	6266.92	0.06689453	6.236466	1.747484	18.27793	
6296107696000	6287349023865	None	Unknown	(26.71, 184.82)	(342.54, 145.05)	NaN	NaN	NaN	NaN	NaN	
6296124362000	6287365689639	None	Fixation	(27.09, 185.03)	(342.22, 144.82)	6267.003	0.01660156	NaN	NaN	NaN	
6296124362000	6287365689635	None	Fixation	(27.09, 185.03)	(342.22, 144.82)	6267.003	0.01660156	NaN	NaN	NaN	
6296157695000	6287399022312	None	Fixation	(26.48, 185.14)	(342.10, 144.72)	6267.003	0.04980469	NaN	NaN	NaN	
6296174362000	6287415689107	None	Fixation	(26.47, 185.22)	(342.27, 144.70)	6267.003	0.06689453	NaN	NaN	NaN	
6296191029000	6287432355925	None	Fixation	(26.10, 185.43)	(342.20, 144.39)	6267.003	0.08349609	NaN	NaN	NaN	
6296207695000	6287449021619	None	Fixation	(26.08, 185.53)	(342.15, 144.27)	6267.003	0.1000977	NaN	NaN	NaN	
6296224362000	6287465688436	None	Fixation	(25.64, 185.91)	(341.83, 144.16)	6267.003	0.1166992	NaN	NaN	NaN	
6296241029000	6287482355259	None	Fixation	(25.81, 185.75)	(342.09, 143.95)	6267.003	0.1333008	NaN	NaN	NaN	
6296257695000	6287499021055	None	Fixation	(25.51, 185.98)	(341.96, 144.02)	6267.003	0.1499023	NaN	NaN	NaN	
6296274362000	6287515687810	None	Fixation	(25.42, 185.93)	(342.20, 143.83)	6267.003	0.1665039	NaN	NaN	NaN	
6296291028000	6287532353901	None	Fixation	(26.66, 184.78)	(342.96, 144.50)	6267.003	0.1835938	NaN	NaN	NaN	
6296307695000	6287549020413	None	Saccade	(33.11, 176.45)	(346.29, 151.51)	6267.187	0.01660156	129.553	4.318434	186.1498	
6296324361000	6287565686215	None	Saccade	(41.06, 169.63)	(349.69, 159.49)	6267.187	0.03320313	128.9319	8.571719	189.6834	
6296341028000	6287582353020	None	Unknown	(42.80, 168.18)	(350.37, 160.96)	NaN	NaN	NaN	NaN	NaN	
6296357694000	6287599018787	None	Pursuit	(42.20, 167.81)	(350.15, 161.05)	6267.237	0.01660156	8.615625	0.2871875	108.1271	
6296357694000	6287599018706	None	Pursuit	(42.20, 167.81)	(350.15, 161.05)	6267.237	0.01660156	8.615625	0.2871875	108.1271	
6296391027000	6287632351469	None	Unknown	(41.56, 167.72)	(350.39, 160.89)	NaN	NaN	NaN	NaN	NaN	
6296407694000	6287649018240	None	Fixation	(41.92, 167.39)	(350.44, 160.82)	6267.287	0.01660156	NaN	NaN	NaN	
6296424360000	6287665684076	None	Fixation	(42.03, 167.39)	(350.44, 161.03)	6267.287	0.03369141	NaN	NaN	NaN	
6296441027000	6287682350887	None	Saccade	(46.45, 165.40)	(350.76, 164.00)	6267.32	0.01660156	59.60271	1.986757	232.8634	
6296457694000	6287699017676	None	Saccade	(45.12, 166.36)	(350.20, 163.65)	6267.337	0.01660156	8.182038	0.2727346	314.6876	
6296474360000	6287715683487	None	Pursuit	(45.46, 166.19)	(350.03, 163.76)	6267.354	0.01660156	4.673629	0.1557876	231.5569	
6296491026000	6287732349230	None	Pursuit	(44.82, 166.13)	(349.96, 163.70)	6267.354	0.03320313	7.92607	0.1532814	114.0766	
6296507693000	6287749016003	None	Fixation	(46.14, 166.12)	(350.27, 163.37)	6267.387	0.01660156	NaN	NaN	NaN	
6296524360000	6287765682821	None	Fixation	(46.33, 165.98)	(350.11, 163.06)	6267.403	0.01660156	NaN	NaN	NaN	
6296541028000	6287782350623	None	Fixation	(45.32, 166.15)	(350.19, 163.02)	6267.403	0.03369141	NaN	NaN	NaN	
6296557694000	6287799016386	None	Fixation	(45.37, 166.36)	(349.81, 162.63)	6267.403	0.05029297	NaN	NaN	NaN	
6296574359000	6287815681647	None	Fixation	(45.47, 166.50)	(349.89, 162.50)	6267.403	0.06689453	NaN	NaN	NaN	
6296591026000	6287832348393	None	Fixation	(44.88, 166.53)	(350.04, 162.32)	6267.403	0.08349609	NaN	NaN	NaN	
6296607694000	6287849015820	None	Fixation	(43.98, 166.50)	(349.91, 162.32)	6267.403	0.1000977	NaN	NaN	NaN	
6296624360000	6287865681685	None	Fixation	(44.43, 166.50)	(349.97, 162.22)	6267.403	0.1166992	NaN	NaN	NaN	
6296641025000	6287882346388	None	Fixation	(44.21, 166.34)	(350.13, 162.45)	6267.403	0.1333008	NaN	NaN	NaN	
6296657692000	6287899013174	None	Fixation	(44.10, 166.44)	(350.02, 162.42)	6267.403	0.1499023	NaN	NaN	NaN	
6296674359000	6287915679980	None	Fixation	(44.20, 166.28)	(350.10, 162.49)	6267.403	0.1669922	NaN	NaN	NaN	
6296691026000	6287932346977	None	Fixation	(44.17, 166.22)	(350.06, 162.40)	6267.403	0.1835938	NaN	NaN	NaN	
6296707690000	6287949010553	None	Fixation	(45.00, 165.67)	(350.33, 163.12)	6267.403	0.2001953	NaN	NaN	NaN	
6296724357000	6287965677345	None	Fixation	(45.74, 165.73)	(349.60, 163.24)	6267.403	0.2167969	NaN	NaN	NaN	
6296741023000	6287982343185	None	Fixation	(44.88, 165.68)	(349.50, 163.10)	6267.403	0.2333984	NaN	NaN	NaN	
6296757690000	6287999010000	None	Fixation	(45.49, 166.06)	(349.56, 163.07)	6267.403	0.25	NaN	NaN	NaN	
6296774356000	6288015675796	None	Fixation	(45.33, 165.86)	(349.45, 162.89)	6267.403	0.2666016	NaN	NaN	NaN	
6296791023000	6288032342522	None	Fixation	(44.83, 165.70)	(349.46, 162.94)	6267.403	0.2836914	NaN	NaN	NaN	
6296807689000	6288049008388	None	Fixation	(45.58, 165.74)	(349.54, 162.98)	6267.403	0.300293	NaN	NaN	NaN	
6296824356000	6288065675117	None	Fixation	(45.95, 165.78)	(349.53, 163.08)	6267.403	0.3168945	NaN	NaN	NaN	
6296841022000	6288082340918	None	Fixation	(45.43, 165.61)	(349.65, 163.33)	6267.403	0.3334961	NaN	NaN	NaN	
6296857689000	6288099007772	None	Fixation	(45.25, 165.37)	(349.50, 163.39)	6267.403	0.3500977	NaN	NaN	NaN	
6296874355000	6288115673563	None	Fixation	(45.65, 165.48)	(349.60, 163.36)	6267.403	0.3666992	NaN	NaN	NaN	
6296891022000	6288132340791	None	Fixation	(45.74, 165.55)	(349.47, 163.52)	6267.403	0.3833008	NaN	NaN	NaN	
6296907688000	6288149007023	None	Fixation	(45.91, 165.57)	(349.21, 163.43)	6267.403	0.3999023	NaN	NaN	NaN	
6296924355000	6288165672927	None	Fixation	(45.80, 165.65)	(349.39, 163.19)	6267.403	0.4169922	NaN	NaN	NaN	
6296941022000	6288182339733	None	Fixation	(45.81, 165.57)	(349.43, 163.38)	6267.403	0.4335938	NaN	NaN	NaN	
6296957688000	6288199005513	None	Fixation	(45.66, 165.70)	(349.56, 163.14)	6267.403	0.4501953	NaN	NaN	NaN	
6296974355000	6288215672312	None	Fixation	(45.50, 165.49)	(349.51, 163.01)	6267.403	0.4667969	NaN	NaN	NaN	
6296991021000	6288232338392	None	Fixation	(44.90, 165.59)	(349.51, 162.89)	6267.403	0.4833984	NaN	NaN	NaN	
6297007689000	6288249006261	None	Fixation	(45.05, 165.33)	(349.68, 162.86)	6267.403	0.5	NaN	NaN	NaN	
6297024356000	6288265672683	None	Fixation	(45.00, 165.47)	(350.00, 162.77)	6267.403	0.5166016	NaN	NaN	NaN	
6297041023000	6288282339485	None	Fixation	(44.87, 165.52)	(350.13, 163.00)	6267.403	0.5336914	NaN	NaN	NaN	
6297057689000	6288299005324	None	Fixation	(44.75, 165.54)	(349.95, 162.72)	6267.403	0.550293	NaN	NaN	NaN	
6297074356000	6288315672143	None	Fixation	(45.01, 165.50)	(350.08, 162.84)	6267.403	0.5668945	NaN	NaN	NaN	
6297091022000	6288332337956	None	Fixation	(44.85, 165.41)	(349.96, 162.76)	6267.403	0.5834961	NaN	NaN	NaN	
6297107687000	6288349002707	None	Fixation	(44.94, 165.53)	(349.78, 162.75)	6267.403	0.6000977	NaN	NaN	NaN	
6297124353000	6288365668529	None	Fixation	(44.63, 165.54)	(349.85, 162.74)	6267.403	0.6166992	NaN	NaN	NaN	
6297141019000	6288382334932	None	Fixation	(44.75, 165.65)	(350.04, 162.70)	6267.403	0.6333008	NaN	NaN	NaN	
6297157686000	6288399001113	None	Fixation	(44.89, 165.38)	(350.02, 162.64)	6267.403	0.6499023	NaN	NaN	NaN	
6297174353000	6288415667905	None	Fixation	(44.65, 165.42)	(350.10, 162.52)	6267.403	0.6669922	NaN	NaN	NaN	
6297191019000	6288432333676	None	Fixation	(44.86, 165.44)	(350.26, 162.46)	6267.403	0.6835938	NaN	NaN	NaN	
6297207686000	6288449000500	None	Fixation	(44.11, 165.47)	(350.38, 162.50)	6267.403	0.7001953	NaN	NaN	NaN	
6297224352000	6288465666328	None	Fixation	(43.98, 165.52)	(350.54, 162.56)	6267.403	0.7167969	NaN	NaN	NaN	
6297241019000	6288482333135	None	Fixation	(44.19, 165.50)	(350.50, 162.48)	6267.403	0.7333984	NaN	NaN	NaN	
6297257685000	6288498998885	None	Fixation	(44.56, 165.49)	(350.57, 162.62)	6267.403	0.75	NaN	NaN	NaN	
6297274352000	6288515666129	None	Fixation	(44.76, 165.60)	(350.51, 162.83)	6267.403	0.7666016	NaN	NaN	NaN	
6297291018000	6288532331550	None	WinkRight	(45.13, 167.61)	(350.37, 165.38)	NaN	NaN	NaN	NaN	NaN	
6297307685000	6288548998599	None	Blink	(45.92, 170.78)	(349.33, 169.66)	NaN	NaN	NaN	NaN	NaN	
6297324351000	6288565664069	None	Blink	(46.38, 174.63)	(345.97, 176.48)	NaN	NaN	NaN	NaN	NaN	
6297341018000	6288582330941	None	Blink	(50.66, 176.02)	(0.00, 0.00)	NaN	NaN	NaN	NaN	NaN	
6297357684000	6288598996634	None	Blink	(53.92, 172.08)	(0.00, 0.00)	NaN	NaN	NaN	NaN	NaN	
6297374351000	6288615663461	None	Blink	(47.95, 167.39)	(345.40, 166.11)	NaN	NaN	NaN	NaN	NaN	
6297391017000	6288632329250	None	Blink	(45.15, 166.87)	(347.35, 159.55)	NaN	NaN	NaN	NaN	NaN	
6297407684000	6288648996044	None	Blink	(45.03, 165.99)	(350.45, 164.59)	NaN	NaN	NaN	NaN	NaN	
6297424350000	6288665661865	None	Blink	(45.42, 165.87)	(351.03, 164.61)	NaN	NaN	NaN	NaN	NaN	
6297441017000	6288682328635	None	Blink	(46.42, 165.92)	(350.94, 164.55)	NaN	NaN	NaN	NaN	NaN	
6297457684000	6288698995442	None	Blink	(45.02, 165.67)	(351.17, 163.91)	NaN	NaN	NaN	NaN	NaN	
6297474350000	6288715661217	None	Blink	(44.69, 165.53)	(350.76, 163.53)	NaN	NaN	NaN	NaN	NaN	
6297491017000	6288732328031	None	Blink	(44.47, 165.37)	(350.53, 163.26)	NaN	NaN	NaN	NaN	NaN	
6297507683000	6288748993897	None	Fixation	(44.58, 165.30)	(350.95, 163.01)	6267.403	1	NaN	NaN	NaN	
6297524350000	6288765660697	None	Fixation	(44.67, 165.28)	(350.97, 162.99)	6267.403	1.016602	NaN	NaN	NaN	
6297541018000	6288782328428	None	Fixation	(44.57, 165.13)	(351.28, 163.18)	6267.403	1.033691	NaN	NaN	NaN	
6297557685000	6288798995258	None	Fixation	(44.54, 164.94)	(351.13, 162.87)	6267.403	1.050293	NaN	NaN	NaN	
6297574349000	6288815659030	None	Fixation	(44.72, 165.02)	(351.30, 163.16)	6267.403	1.066895	NaN	NaN	NaN	
6297591016000	6288832325879	None	Fixation	(44.36, 165.19)	(351.14, 163.10)	6267.403	1.083496	NaN	NaN	NaN	
6297607682000	6288848992052	None	Fixation	(44.67, 165.00)	(351.29, 163.22)	6267.403	1.100098	NaN	NaN	NaN	
6297624349000	6288865658742	None	Fixation	(44.32, 165.12)	(351.55, 163.23)	6267.403	1.116699	NaN	NaN	NaN	
6297641015000	6288882324321	None	Fixation	(44.21, 165.03)	(351.60, 163.24)	6267.403	1.133301	NaN	NaN	NaN	
6297657681000	6288898990061	None	Fixation	(43.88, 165.00)	(351.71, 163.19)	6267.403	1.149902	NaN	NaN	NaN	
6297674347000	6288915655820	None	Fixation	(43.60, 165.29)	(352.24, 163.20)	6267.403	1.166992	NaN	NaN	NaN	
6297691014000	6288932322707	None	Fixation	(43.34, 165.02)	(352.38, 163.13)	6267.403	1.183594	NaN	NaN	NaN	
6297707682000	6288948990459	None	Fixation	(43.12, 165.07)	(352.81, 162.89)	6267.403	1.200195	NaN	NaN	NaN	
6297724349000	6288965657217	None	Fixation	(42.90, 165.21)	(352.83, 162.78)	6267.403	1.216797	NaN	NaN	NaN	
6297741013000	6288982321156	None	Fixation	(40.46, 166.15)	(353.91, 161.87)	6267.403	1.233398	NaN	NaN	NaN	
6297757680000	6288998987814	None	Saccade	(38.86, 166.42)	(355.39, 161.97)	6268.637	0.01660156	19.89246	0.663082	67.36816	
6297774345000	6289015652727	None	Pursuit	(39.01, 166.60)	(354.82, 161.55)	6268.637	0.03320313	2.907666	0.6227909	59.50251	
6297791012000	6289032319424	None	Pursuit	(38.07, 166.44)	(355.26, 161.42)	6268.637	0.05029297	11.71237	0.9857627	70.03138	
6297807678000	6289048985255	None	Fixation	(37.89, 166.17)	(356.10, 161.25)	6267.387	1.316895	NaN	NaN	NaN	
6297824345000	6289065652268	None	Fixation	(37.60, 166.41)	(356.01, 160.81)	6268.704	0.01660156	NaN	NaN	NaN	
6297841013000	6289082319763	None	Fixation	(37.45, 166.19)	(356.24, 161.04)	6268.704	0.03320313	NaN	NaN	NaN	
6297857680000	6289098986563	None	Fixation	(36.82, 166.32)	(356.69, 160.83)	6268.704	0.04980469	NaN	NaN	NaN	
6297874344000	6289115650633	None	Fixation	(36.67, 166.11)	(356.80, 160.70)	6268.704	0.06640625	NaN	NaN	NaN	
6297891011000	6289132317188	None	Fixation	(36.05, 166.39)	(356.99, 160.62)	6268.704	0.08300781	NaN	NaN	NaN	
6297907677000	6289148982989	None	Fixation	(36.30, 165.97)	(357.28, 160.54)	6268.704	0.09960938	NaN	NaN	NaN	
6297924344000	6289165649778	None	Fixation	(35.85, 165.92)	(357.36, 160.15)	6268.704	0.1166992	NaN	NaN	NaN	
6297941010000	6289182315613	None	Fixation	(34.94, 166.25)	(358.00, 160.00)	6268.704	0.1333008	NaN	NaN	NaN	
6297957677000	6289198982371	None	Fixation	(33.39, 166.83)	(358.73, 159.03)	6268.704	0.1499023	NaN	NaN	NaN	
6297974343000	6289215648193	None	Fixation	(33.28, 166.64)	(358.84, 159.09)	6268.704	0.1665039	NaN	NaN	NaN	
6297991010000	6289232315010	None	Fixation	(32.66, 166.92)	(359.35, 159.05)	6268.704	0.1831055	NaN	NaN	NaN	
6298007678000	6289248982805	None	Fixation	(32.45, 166.40)	(359.40, 158.90)	6268.704	0.199707	NaN	NaN	NaN	
6298024345000	6289265649806	None	Fixation	(32.53, 166.41)	(359.50, 158.52)	6268.704	0.2163086	NaN	NaN	NaN	
6298041010000	6289282314337	None	Fixation	(32.09, 166.77)	(359.70, 158.61)	6268.704	0.2329102	NaN	NaN	NaN	
6298057676000	6289298980169	None	Fixation	(32.39, 166.37)	(359.99, 158.43)	6268.704	0.25	NaN	NaN	NaN	
6298074343000	6289315646947	None	Fixation	(31.91, 166.44)	(360.30, 158.52)	6268.704	0.2666016	NaN	NaN	NaN	
6298091009000	6289332312766	None	Fixation	(31.85, 166.42)	(360.31, 158.32)	6268.704	0.2832031	NaN	NaN	NaN	
6298107677000	6289348980671	None	Fixation	(31.74, 166.48)	(360.19, 158.19)	6268.704	0.2998047	NaN	NaN	NaN	
6298124344000	6289365647371	None	Fixation	(31.58, 166.49)	(360.71, 158.32)	6268.704	0.3164063	NaN	NaN	NaN	
6298141009000	6289382312211	None	Fixation	(31.65, 166.39)	(360.67, 158.22)	6268.704	0.3330078	NaN	NaN	NaN	
6298157675000	6289398977991	None	Fixation	(31.56, 166.19)	(360.63, 158.17)	6268.704	0.3496094	NaN	NaN	NaN	
6298174342000	6289415644752	None	Fixation	(31.07, 166.29)	(361.03, 158.22)	6268.704	0.3666992	NaN	NaN	NaN	
6298191008000	6289432310644	None	Fixation	(31.17, 166.35)	(360.73, 157.92)	6268.704	0.3833008	NaN	NaN	NaN	
6298207675000	6289448977349	None	Fixation	(32.04, 166.17)	(360.64, 158.69)	6268.704	0.3999023	NaN	NaN	NaN	
6298224341000	6289465643173	None	WinkRight	(38.27, 165.06)	(0.00, 0.00)	NaN	NaN	NaN	NaN	NaN	
6298241008000	6289482309927	None	WinkRight	(41.34, 165.48)	(354.68, 163.12)	NaN	NaN	NaN	NaN	NaN	
6298257674000	6289498975752	None	WinkRight	(41.99, 165.35)	(353.69, 163.04)	NaN	NaN	NaN	NaN	NaN	
6298274341000	6289515642559	None	WinkRight	(42.16, 165.09)	(353.89, 162.89)	NaN	NaN	NaN	NaN	NaN	
6298291007000	6289532308350	None	WinkRight	(42.28, 164.97)	(353.71, 162.85)	NaN	NaN	NaN	NaN	NaN	
6298307674000	6289548975157	None	WinkRight	(41.93, 164.78)	(353.70, 162.57)	NaN	NaN	NaN	NaN	NaN	
6298324340000	6289565640942	None	WinkRight	(42.11, 164.84)	(353.72, 162.46)	NaN	NaN	NaN	NaN	NaN	
6298341007000	6289582307738	None	Saccade	(42.15, 165.12)	(353.21, 162.72)	6269.104	0.1333008	125.0848	4.169493	252.7944	
6298357674000	6289598974496	None	Unknown	(43.78, 165.66)	(352.11, 163.60)	NaN	NaN	NaN	NaN	NaN	
6298374340000	6289615640314	None	Pursuit	(44.86, 165.70)	(351.00, 163.84)	6269.253	0.01660156	13.31525	0.4438417	259.3814	
6298391006000	6289632306141	None	Pursuit	(44.78, 165.66)	(351.23, 163.78)	6269.253	0.03320313	1.057064	0.4127026	257.1738	
6298407673000	6289648972907	None	Unknown	(44.71, 165.47)	(350.85, 163.72)	NaN	NaN	NaN	NaN	NaN	
6298424340000	6289665639709	None	Fixation	(44.47, 165.57)	(351.12, 163.67)	6269.303	0.01708984	NaN	NaN	NaN	
6298441006000	6289682305798	None	Fixation	(44.68, 165.59)	(351.11, 163.56)	6269.303	0.03369141	NaN	NaN	NaN	
6298457672000	6289698971700	None	Fixation	(44.51, 165.45)	(351.05, 163.44)	6269.303	0.05029297	NaN	NaN	NaN	
6298474339000	6289715638402	None	Fixation	(44.55, 165.47)	(351.07, 163.59)	6269.303	0.06689453	NaN	NaN	NaN	
6298491005000	6289732304355	None	Fixation	(44.55, 165.41)	(350.92, 163.78)	6269.303	0.08349609	NaN	NaN	NaN	
6298507672000	6289748970722	None	Fixation	(44.32, 165.46)	(351.16, 163.47)	6269.303	0.1000977	NaN	NaN	NaN	
6298524339000	6289765637492	None	Fixation	(44.19, 165.53)	(350.97, 163.40)	6269.303	0.1166992	NaN	NaN	NaN	
6298541007000	6289782305339	None	Fixation	(44.51, 165.46)	(351.10, 163.35)	6269.303	0.1333008	NaN	NaN	NaN	
6298557674000	6289798972131	None	Fixation	(44.26, 165.32)	(351.04, 163.30)	6269.303	0.1503906	NaN	NaN	NaN	
6298574338000	6289815635940	None	Fixation	(44.20, 165.42)	(350.94, 163.21)	6269.303	0.1669922	NaN	NaN	NaN	
6298591005000	6289832302689	None	Fixation	(44.23, 165.35)	(350.91, 163.24)	6269.303	0.1835938	NaN	NaN	NaN	
6298607671000	6289848968514	None	Fixation	(44.04, 165.43)	(351.06, 163.19)	6269.303	0.2001953	NaN	NaN	NaN	
6298624338000	6289865635274	None	Fixation	(44.40, 165.47)	(351.06, 163.23)	6269.303	0.2167969	NaN	NaN	NaN	
6298641004000	6289882301062	None	Fixation	(44.00, 165.36)	(351.10, 163.22)	6269.303	0.2333984	NaN	NaN	NaN	
6298657671000	6289898967918	None	Fixation	(44.17, 165.36)	(351.05, 163.27)	6269.303	0.25	NaN	NaN	NaN	
6298674337000	6289915633665	None	Fixation	(44.67, 165.57)	(350.43, 163.26)	6269.303	0.2670898	NaN	NaN	NaN	
6298691004000	6289932300472	None	Fixation	(44.65, 165.50)	(350.65, 163.27)	6269.303	0.2836914	NaN	NaN	NaN	
6298707670000	6289948966270	None	Fixation	(44.72, 165.51)	(350.73, 163.24)	6269.303	0.300293	NaN	NaN	NaN	
6298724337000	6289965633325	None	Fixation	(44.35, 165.35)	(350.58, 163.14)	6269.303	0.3168945	NaN	NaN	NaN	
6298741003000	6289982298856	None	Fixation	(44.40, 165.51)	(350.73, 163.11)	6269.303	0.3334961	NaN	NaN	NaN	
6298757670000	6289998965662	None	Fixation	(44.03, 165.56)	(350.79, 163.11)	6269.303	0.3500977	NaN	NaN	NaN	
6298774335000	6290015630671	None	Fixation	(44.23, 165.42)	(350.95, 162.97)	6269.303	0.3666992	NaN	NaN	NaN	
6298791002000	6290032297297	None	Fixation	(44.35, 165.21)	(351.09, 163.12)	6269.303	0.3833008	NaN	NaN	NaN	
6298807668000	6290048963051	None	Fixation	(44.46, 165.10)	(350.81, 163.12)	6269.303	0.4003906	NaN	NaN	NaN	
6298824335000	6290065629825	None	Fixation	(44.46, 165.18)	(350.97, 163.00)	6269.303	0.4169922	NaN	NaN	NaN	
6298841003000	6290082297627	None	Fixation	(44.33, 165.14)	(350.85, 162.95)	6269.303	0.4335938	NaN	NaN	NaN	
6298857670000	6290098964437	None	Fixation	(44.17, 165.14)	(350.75, 162.82)	6269.303	0.4501953	NaN	NaN	NaN	
6298874334000	6290115628379	None	Fixation	(44.14, 165.15)	(350.89, 162.79)	6269.303	0.4667969	NaN	NaN	NaN	
6298891001000	6290132295032	None	Fixation	(43.97, 165.20)	(350.82, 162.62)	6269.303	0.4833984	NaN	NaN	NaN	
6298907668000	6290148962304	None	Fixation	(43.84, 165.09)	(350.96, 162.73)	6269.303	0.5	NaN	NaN	NaN	
6298924334000	6290165628031	None	Fixation	(43.75, 165.26)	(350.96, 162.59)	6269.303	0.5170898	NaN	NaN	NaN	
6298941001000	6290182294432	None	Fixation	(43.78, 165.32)	(350.98, 162.62)	6269.303	0.5336914	NaN	NaN	NaN	
6298957667000	6290198960241	None	Fixation	(43.53, 165.09)	(350.94, 162.58)	6269.303	0.550293	NaN	NaN	NaN	
6298974333000	6290215626027	None	Fixation	(43.90, 165.13)	(350.66, 162.56)	6269.303	0.5668945	NaN	NaN	NaN	
6298991000000	6290232292846	None	Fixation	(43.90, 165.05)	(350.68, 162.64)	6269.303	0.5834961	NaN	NaN	NaN	
6299007667000	6290248959637	None	Fixation	(44.49, 164.66)	(351.12, 163.24)	6269.303	0.6000977	NaN	NaN	NaN	
6299024333000	6290265625395	None	Fixation	(44.70, 164.78)	(350.71, 163.32)	6269.303	0.6166992	NaN	NaN	NaN	
6299041000000	6290282300329	None	Fixation	(44.50, 164.59)	(350.89, 163.52)	6269.303	0.6333008	NaN	NaN	NaN	
6299057666000	6290298957993	None	Fixation	(45.14, 164.73)	(350.66, 163.37)	6269.303	0.6503906	NaN	NaN	NaN	
6299074333000	6290315624789	None	Fixation	(44.51, 164.76)	(350.93, 163.43)	6269.303	0.6669922	NaN	NaN	NaN	
6299090999000	6290332290581	None	Fixation	(44.68, 164.61)	(350.86, 163.44)	6269.303	0.6835938	NaN	NaN	NaN	
6299107666000	6290348957388	None	Fixation	(44.75, 164.76)	(350.82, 163.28)	6269.303	0.7001953	NaN	NaN	NaN	
6299124332000	6290365623227	None	Fixation	(45.14, 165.01)	(350.58, 163.30)	6269.303	0.7167969	NaN	NaN	NaN	
6299140998000	6290382289002	None	Fixation	(44.88, 165.03)	(350.50, 163.08)	6269.303	0.7333984	NaN	NaN	NaN	
6299157665000	6290398955804	None	Fixation	(44.72, 165.12)	(350.66, 163.15)	6269.303	0.75	NaN	NaN	NaN	
6299174332000	6290415622607	None	Fixation	(45.14, 165.30)	(350.33, 162.96)	6269.303	0.7670898	NaN	NaN	NaN	
6299190998000	6290432288417	None	Fixation	(44.16, 165.13)	(350.66, 163.04)	6269.303	0.7836914	NaN	NaN	NaN	
6299207665000	6290448955199	None	Fixation	(44.23, 165.36)	(350.79, 162.86)	6269.303	0.800293	NaN	NaN	NaN	
6299224331000	6290465621022	None	Fixation	(44.42, 165.54)	(350.60, 162.63)	6269.303	0.8168945	NaN	NaN	NaN	
6299240998000	6290482288153	None	Fixation	(43.73, 165.15)	(350.64, 162.64)	6269.303	0.8334961	NaN	NaN	NaN	
6299257664000	6290498953828	None	Fixation	(43.78, 165.33)	(350.81, 162.64)	6269.303	0.8500977	NaN	NaN	NaN	
6299274331000	6290515621014	None	Fixation	(43.59, 165.21)	(351.06, 162.70)	6269.303	0.8666992	NaN	NaN	NaN	
6299290997000	6290532286549	None	Fixation	(43.80, 164.81)	(351.08, 162.72)	6269.303	0.8833008	NaN	NaN	NaN	
6299307666000	6290548955293	None	Fixation	(44.48, 165.08)	(350.90, 162.81)	6269.303	0.9003906	NaN	NaN	NaN	
6299324332000	6290565621187	None	Fixation	(44.19, 164.87)	(351.02, 163.00)	6269.303	0.9169922	NaN	NaN	NaN	
6299340997000	6290582285567	None	Fixation	(45.09, 165.02)	(350.46, 163.60)	6269.303	0.9335938	NaN	NaN	NaN	
6299357663000	6290598951368	None	Fixation	(44.76, 164.85)	(350.43, 163.42)	6269.303	0.9501953	NaN	NaN	NaN	
6299374330000	6290615618167	None	Fixation	(45.92, 165.28)	(350.51, 163.22)	6269.303	0.9667969	NaN	NaN	NaN	
6299390997000	6290632285031	None	Fixation	(45.00, 165.18)	(350.39, 163.12)	6269.303	0.9833984	NaN	NaN	NaN	
6299407663000	6290648950764	None	Fixation	(44.40, 165.43)	(350.42, 162.95)	6269.303	1	NaN	NaN	NaN	
6299424329000	6290665616557	None	Fixation	(44.62, 165.54)	(350.63, 162.69)	6269.303	1.01709	NaN	NaN	NaN	
6299440996000	6290682283340	None	Fixation	(44.11, 165.59)	(350.53, 162.76)	6269.303	1.033691	NaN	NaN	NaN	
6299457663000	6290698950137	None	Fixation	(44.22, 165.51)	(350.35, 162.69)	6269.303	1.050293	NaN	NaN	NaN	
6299474329000	6290715615949	None	Fixation	(45.08, 165.80)	(350.62, 162.58)	6269.303	1.066895	NaN	NaN	NaN	
6299490996000	6290732283163	None	Fixation	(44.04, 165.93)	(350.53, 162.57)	6269.303	1.083496	NaN	NaN	NaN	
6299507662000	6290748948837	None	Fixation	(43.78, 165.76)	(350.65, 162.77)	6269.303	1.100098	NaN	NaN	NaN	
6299524329000	6290765615340	None	Fixation	(44.14, 165.77)	(350.49, 162.63)	6269.303	1.116699	NaN	NaN	NaN	
6299540995000	6290782281123	None	Fixation	(43.95, 165.79)	(350.60, 162.64)	6269.303	1.133301	NaN	NaN	NaN	
6299557662000	6290798947932	None	Fixation	(45.06, 165.87)	(350.67, 162.73)	6269.303	1.150391	NaN	NaN	NaN	
6299574328000	6290815613726	None	Fixation	(47.16, 165.47)	(350.84, 162.69)	6269.303	1.166992	NaN	NaN	NaN	
6299590994000	6290832279540	None	Fixation	(45.12, 165.79)	(350.95, 162.63)	6269.303	1.183594	NaN	NaN	NaN	
6299607660000	6290848945560	None	Fixation	(43.36, 165.75)	(350.82, 162.74)	6269.303	1.200195	NaN	NaN	NaN	
6299624327000	6290865612127	None	Saccade	(47.56, 165.42)	(350.93, 162.75)	6270.503	0.01660156	51.83051	1.727684	252.4227	
6299640994000	6290882278912	None	Pursuit	(43.64, 165.68)	(350.64, 162.75)	6270.503	0.03320313	48.32611	0.1185132	243.0432	
6299657661000	6290898946025	None	Pursuit	(45.29, 165.48)	(351.08, 162.74)	6270.503	0.04980469	20.49855	0.801065	248.9311	
6299674326000	6290915610516	None	Pursuit	(44.77, 165.60)	(351.14, 162.50)	6270.503	0.06689453	6.566937	0.5832801	250.7791	
6299690993000	6290932277307	None	Pursuit	(43.97, 165.54)	(350.84, 162.64)	6270.503	0.08349609	9.957561	0.2647127	237.1584	
6299707659000	6290948943080	None	Fixation	(45.40, 165.72)	(350.66, 162.58)	6269.303	1.300293	NaN	NaN	NaN	
6299724326000	6290965609902	None	Fixation	(44.28, 165.73)	(350.93, 162.60)	6270.604	0.01660156	NaN	NaN	NaN	
6299740992000	6290982275711	None	Fixation	(43.67, 166.12)	(350.91, 162.32)	6270.604	0.03320313	NaN	NaN	NaN	
6299757659000	6290998942523	None	Fixation	(43.23, 165.83)	(351.13, 162.18)	6270.604	0.04980469	NaN	NaN	NaN	
6299774325000	6291015608295	None	Fixation	(44.57, 165.82)	(351.24, 162.46)	6270.604	0.06640625	NaN	NaN	NaN	
6299790992000	6291032275087	None	Fixation	(42.70, 165.58)	(351.70, 162.32)	6270.604	0.08300781	NaN	NaN	NaN	
6299807658000	6291048940871	None	Fixation	(42.88, 165.51)	(351.98, 162.47)	6270.604	0.1000977	NaN	NaN	NaN	
6299824325000	6291065607679	None	Fixation	(44.36, 165.10)	(352.61, 162.55)	6270.604	0.1166992	NaN	NaN	NaN	
6299840993000	6291082275491	None	Fixation	(41.69, 165.07)	(352.91, 162.56)	6270.604	0.1333008	NaN	NaN	NaN	
6299857660000	6291098942305	None	Fixation	(44.21, 164.90)	(353.57, 162.70)	6270.604	0.1499023	NaN	NaN	NaN	
6299874325000	6291115607078	None	Fixation	(41.51, 164.56)	(354.05, 162.81)	6270.604	0.1665039	NaN	NaN	NaN	
6299890991000	6291132272894	None	Saccade	(42.84, 162.31)	(355.84, 165.13)	6270.77	0.01660156	32.23027	1.199995	176.5276	
6299907657000	6291148938683	None	Pursuit	(42.00, 162.40)	(356.68, 165.12)	6270.77	0.03320313	10.42664	0.907971	179.7872	
6299924324000	6291165605480	None	Pursuit	(42.18, 162.25)	(357.04, 165.90)	6270.77	0.05029297	2.995856	0.9892617	183.2943	
6299940991000	6291182272276	None	Pursuit	(41.82, 161.90)	(357.86, 165.63)	6270.77	0.06689453	10.60309	1.942922	139.5432	
6299957657000	6291198938095	None	Fixation	(41.72, 161.72)	(358.29, 165.59)	6270.837	0.01660156	NaN	NaN	NaN	
6299974324000	6291215604876	None	Fixation	(41.43, 161.31)	(358.54, 165.67)	6270.837	0.03320313	NaN	NaN	NaN	
6299990990000	6291232270698	None	Fixation	(41.84, 161.28)	(359.10, 166.03)	6270.837	0.04980469	NaN	NaN	NaN	
6300007657000	6291248937540	None	Fixation	(41.13, 161.07)	(359.80, 166.14)	6270.837	0.06640625	NaN	NaN	NaN	
6300024323000	6291265603248	None	Fixation	(40.68, 160.82)	(360.43, 166.60)	6270.837	0.08300781	NaN	NaN	NaN	
6300040990000	6291282270043	None	Fixation	(40.99, 160.49)	(360.80, 166.45)	6270.837	0.09960938	NaN	NaN	NaN	
6300057656000	6291298935853	None	Fixation	(40.00, 160.21)	(361.16, 166.77)	6270.837	0.1166992	NaN	NaN	NaN	
6300074325000	6291315605059	None	Saccade	(40.37, 158.55)	(363.43, 168.60)	6270.954	0.01660156	35.83173	1.194391	141.8412	
6300090991000	6291332270803	None	Pursuit	(40.16, 158.51)	(364.05, 168.56)	6270.954	0.03320313	7.746531	1.395938	134.6741	
6300107656000	6291348935250	None	Pursuit	(42.08, 158.21)	(364.05, 168.97)	6270.954	0.04980469	5.048959	1.490327	140.2113	
6300124322000	6291365601092	None	Pursuit	(39.58, 158.28)	(364.65, 168.87)	6270.954	0.06640625	7.401867	1.670827	134.1008	
6300140989000	6291382267859	None	Fixation	(39.74, 157.92)	(365.26, 168.76)	6270.837	0.199707	NaN	NaN	NaN	
6300157655000	6291398933652	None	Fixation	(40.31, 157.57)	(365.80, 169.04)	6270.837	0.2163086	NaN	NaN	NaN	
6300174322000	6291415600458	None	Fixation	(38.96, 157.46)	(366.02, 169.09)	6270.837	0.2333984	NaN	NaN	NaN	
6300190988000	6291432266315	None	Fixation	(38.71, 157.43)	(366.39, 169.32)	6270.837	0.25	NaN	NaN	NaN	
6300207655000	6291448933057	None	Fixation	(38.36, 157.39)	(366.73, 169.43)	6270.837	0.2666016	NaN	NaN	NaN	
6300224321000	6291465598842	None	Fixation	(38.65, 156.93)	(367.05, 169.64)	6270.837	0.2832031	NaN	NaN	NaN	
6300240988000	6291482265634	None	Fixation	(38.30, 157.14)	(367.09, 169.55)	6270.837	0.2998047	NaN	NaN	NaN	
6300257654000	6291498931434	None	Fixation	(38.68, 156.56)	(367.41, 169.78)	6270.837	0.3164063	NaN	NaN	NaN	
6300274323000	6291515600702	None	Fixation	(38.49, 156.55)	(367.66, 169.74)	6270.837	0.3330078	NaN	NaN	NaN	
6300290989000	6291532266029	None	Fixation	(38.59, 156.39)	(367.74, 169.69)	6270.837	0.3496094	NaN	NaN	NaN	
6300290989000	6291532266016	None	Fixation	(38.59, 156.39)	(367.74, 169.69)	6270.837	0.3496094	NaN	NaN	NaN	
6300324320000	6291565596643	None	Fixation	(38.20, 156.38)	(367.88, 169.61)	6270.837	0.3833008	NaN	NaN	NaN	
6300340989000	6291582265911	None	Fixation	(38.21, 156.59)	(368.04, 169.63)	6270.837	0.3999023	NaN	NaN	NaN	
6300357655000	6291598931502	None	Fixation	(37.75, 156.43)	(368.34, 169.67)	6270.837	0.4165039	NaN	NaN	NaN	
6300374320000	6291615596026	None	Fixation	(37.93, 156.24)	(368.49, 169.69)	6270.837	0.4331055	NaN	NaN	NaN	
6300390987000	6291632262823	None	Fixation	(38.20, 155.82)	(368.51, 169.84)	6270.837	0.449707	NaN	NaN	NaN	
6300390987000	6291632262808	None	Fixation	(38.20, 155.82)	(368.51, 169.84)	6270.837	0.449707	NaN	NaN	NaN	
6300424320000	6291665595869	None	Fixation	(38.18, 155.63)	(368.70, 169.84)	6270.837	0.4833984	NaN	NaN	NaN	
6300424320000	6291665595605	None	Fixation	(38.18, 155.63)	(368.70, 169.84)	6270.837	0.4833984	NaN	NaN	NaN	
6300440987000	6291682262550	None	Fixation	(38.01, 155.96)	(368.69, 169.84)	6270.837	0.5	NaN	NaN	NaN	
6300474320000	6291715594807	None	Fixation	(37.98, 156.02)	(368.63, 170.04)	6270.837	0.5332031	NaN	NaN	NaN	
6300474320000	6291715594810	None	Fixation	(37.98, 156.02)	(368.63, 170.04)	6270.837	0.5332031	NaN	NaN	NaN	
6300490987000	6291732261595	None	Fixation	(38.47, 155.76)	(368.69, 169.99)	6270.837	0.5498047	NaN	NaN	NaN	
6300507654000	6291748928425	None	Fixation	(38.42, 155.66)	(368.16, 169.73)	6270.837	0.5664063	NaN	NaN	NaN	
6300524320000	6291765594190	None	Fixation	(38.36, 155.64)	(368.73, 169.88)	6270.837	0.5830078	NaN	NaN	NaN	
6300540986000	6291782260006	None	Fixation	(38.59, 155.49)	(368.87, 170.05)	6270.837	0.5996094	NaN	NaN	NaN	
6300557653000	6291798926820	None	Fixation	(38.32, 155.45)	(368.81, 169.95)	6270.837	0.6166992	NaN	NaN	NaN	
6300574319000	6291815592580	None	Fixation	(39.00, 156.61)	(367.04, 169.57)	6270.837	0.6333008	NaN	NaN	NaN	
6300590986000	6291832259402	None	Saccade	(40.36, 159.91)	(361.60, 166.86)	6271.47	0.01660156	43.93957	2.490803	317.0653	
6300607652000	6291848925200	None	Pursuit	(42.00, 161.70)	(359.39, 166.31)	6271.47	0.03320313	29.92469	2.425481	316.4771	
6300624319000	6291865591974	None	Pursuit	(41.83, 161.55)	(358.88, 165.75)	6271.47	0.04980469	2.854527	2.335273	317.2057	
6300640985000	6291882258198	None	Pursuit	(41.61, 161.12)	(358.43, 165.49)	6271.47	0.06640625	5.930837	2.137929	316.9036	
6300657651000	6291898923608	None	Pursuit	(41.57, 161.29)	(358.34, 165.39)	6271.503	0.04980469	1.595733	0.5721389	324.18	
6300674317000	6291915589386	None	Pursuit	(41.58, 163.30)	(356.13, 163.48)	6271.503	0.06689453	35.92656	1.769679	323.8785	
6300690984000	6291932256205	None	Saccade	(42.37, 167.31)	(350.76, 161.73)	6271.57	0.01660156	50.35847	1.678615	335.8899	
6300707650000	6291948922008	None	Unknown	(42.97, 167.31)	(351.35, 161.80)	NaN	NaN	NaN	NaN	NaN	
6300724317000	6291965588776	None	Pursuit	(42.36, 166.84)	(350.94, 161.75)	6271.604	0.01660156	9.402686	0.3134229	114.5809	
6300740983000	6291982254560	None	Pursuit	(42.65, 166.49)	(350.80, 161.70)	6271.604	0.03320313	5.643949	0.360765	145.9972	
6300757650000	6291998921682	None	Unknown	(42.15, 166.33)	(351.64, 161.68)	NaN	NaN	NaN	NaN	NaN	
6300774316000	6292015587404	None	Fixation	(42.57, 166.24)	(351.85, 161.44)	6271.653	0.01660156	NaN	NaN	NaN	
6300790983000	6292032254413	None	Fixation	(42.17, 165.82)	(351.66, 161.83)	6271.653	0.03320313	NaN	NaN	NaN	
6300807651000	6292048921775	None	Fixation	(42.11, 165.97)	(351.87, 161.91)	6271.653	0.05029297	NaN	NaN	NaN	
6300824318000	6292065588567	None	Fixation	(42.20, 165.83)	(351.79, 161.85)	6271.653	0.06689453	NaN	NaN	NaN	
6300840984000	6292082254375	None	Fixation	(43.61, 165.05)	(351.86, 163.19)	6271.653	0.08349609	NaN	NaN	NaN	
6300857651000	6292098921177	None	Fixation	(44.72, 164.73)	(351.18, 163.63)	6271.653	0.1000977	NaN	NaN	NaN	
6300874316000	6292115585979	None	Saccade	(46.26, 164.74)	(351.35, 163.69)	6271.753	0.01660156	18.99525	0.6331751	257.3721	
6300890982000	6292132251750	None	Pursuit	(45.03, 164.75)	(351.26, 163.68)	6271.753	0.03320313	15.16469	0.1278474	259.9483	
6300907650000	6292148919555	None	Fixation	(44.65, 164.72)	(351.55, 163.71)	6271.653	0.1499023	NaN	NaN	NaN	
6300924317000	6292165586352	None	Fixation	(44.11, 164.48)	(351.65, 163.60)	6271.803	0.01708984	NaN	NaN	NaN	
6300940982000	6292182251150	None	Fixation	(44.44, 164.42)	(351.76, 163.51)	6271.803	0.03369141	NaN	NaN	NaN	
6300957648000	6292198916923	None	Fixation	(44.95, 164.51)	(351.82, 163.55)	6271.803	0.05029297	NaN	NaN	NaN	
6300974315000	6292215583810	None	Fixation	(45.58, 164.53)	(351.70, 163.66)	6271.803	0.06689453	NaN	NaN	NaN	
6300990981000	6292232249542	None	Fixation	(45.55, 164.51)	(351.80, 163.51)	6271.803	0.08349609	NaN	NaN	NaN	
6301007648000	6292248916332	None	Fixation	(44.05, 164.42)	(351.84, 163.44)	6271.803	0.1000977	NaN	NaN	NaN	
6301024314000	6292265582139	None	Fixation	(44.21, 164.47)	(351.86, 163.50)	6271.803	0.1166992	NaN	NaN	NaN	
6301040981000	6292282248963	None	Fixation	(45.04, 165.07)	(351.28, 163.08)	6271.803	0.1333008	NaN	NaN	NaN	
6301057647000	6292298914738	None	Fixation	(44.06, 164.82)	(351.35, 163.11)	6271.803	0.1503906	NaN	NaN	NaN	
6301074315000	6292315582564	None	Fixation	(44.48, 165.01)	(351.52, 163.15)	6271.803	0.1669922	NaN	NaN	NaN	
6301090982000	6292332249328	None	Fixation	(44.18, 164.85)	(351.49, 163.27)	6271.803	0.1835938	NaN	NaN	NaN	
6301107647000	6292348914130	None	Fixation	(44.32, 164.54)	(351.41, 163.24)	6271.803	0.2001953	NaN	NaN	NaN	
6301124313000	6292365579940	None	Fixation	(44.43, 164.73)	(351.74, 163.26)	6271.803	0.2167969	NaN	NaN	NaN	
6301140981000	6292382248140	None	Fixation	(44.29, 164.52)	(351.72, 163.28)	6271.803	0.2333984	NaN	NaN	NaN	
6301157648000	6292398914884	None	Fixation	(44.46, 164.60)	(351.55, 163.25)	6271.803	0.25	NaN	NaN	NaN	
6301174313000	6292415579341	None	Fixation	(44.06, 164.73)	(351.51, 163.24)	6271.803	0.2670898	NaN	NaN	NaN	
6301190979000	6292432245129	None	Fixation	(44.46, 164.84)	(351.43, 163.05)	6271.803	0.2836914	NaN	NaN	NaN	
6301207646000	6292448911938	None	Fixation	(44.14, 165.13)	(350.94, 162.97)	6271.803	0.300293	NaN	NaN	NaN	
6301224312000	6292465577712	None	Fixation	(44.07, 165.18)	(351.07, 162.70)	6271.803	0.3168945	NaN	NaN	NaN	
6301240981000	6292482246512	None	Fixation	(44.43, 165.25)	(350.75, 162.68)	6271.803	0.3334961	NaN	NaN	NaN	
6301257647000	6292498912367	None	Fixation	(44.33, 165.26)	(350.90, 162.57)	6271.803	0.3500977	NaN	NaN	NaN	
6301274312000	6292515577130	None	Fixation	(44.33, 165.44)	(350.69, 162.66)	6271.803	0.3666992	NaN	NaN	NaN	
6301290978000	6292532242914	None	Fixation	(46.13, 166.96)	(347.95, 162.56)	6271.803	0.3833008	NaN	NaN	NaN	
6301307645000	6292548910054	None	Saccade	(48.04, 166.68)	(346.88, 164.05)	6272.187	0.01708984	23.73255	0.7910851	238.7876	
6301324311000	6292565575491	None	Pursuit	(48.33, 166.76)	(346.83, 163.48)	6272.187	0.03369141	3.784205	0.9083663	251.8509	
6301340978000	6292582242599	None	Pursuit	(48.50, 166.88)	(346.09, 163.78)	6272.187	0.05029297	2.499616	0.9721897	255.117	
6301357644000	6292598908119	None	Unknown	(49.17, 166.75)	(346.42, 163.98)	NaN	NaN	NaN	NaN	NaN	
6301374311000	6292615574904	None	Fixation	(48.63, 166.49)	(346.30, 163.74)	6272.253	0.01660156	NaN	NaN	NaN	
6301390978000	6292632241695	None	Fixation	(48.83, 166.49)	(346.17, 163.41)	6272.253	0.03320313	NaN	NaN	NaN	
6301407644000	6292648907507	None	Fixation	(49.30, 166.57)	(345.57, 163.41)	6272.253	0.04980469	NaN	NaN	NaN	
6301424310000	6292665573322	None	Fixation	(48.92, 166.70)	(345.58, 163.65)	6272.253	0.06640625	NaN	NaN	NaN	
6301440977000	6292682240086	None	Fixation	(49.14, 166.70)	(345.50, 163.75)	6272.253	0.08349609	NaN	NaN	NaN	
6301457644000	6292698907147	None	Fixation	(52.03, 167.41)	(342.89, 164.91)	6272.253	0.1000977	NaN	NaN	NaN	
6301474310000	6292715572999	None	Saccade	(53.53, 167.51)	(341.73, 165.09)	6272.354	0.01660156	18.47836	0.6159454	267.4985	
6301490977000	6292732239786	None	Pursuit	(53.00, 167.94)	(341.61, 164.80)	6272.354	0.03320313	8.343018	0.4519873	285.6521	
6301507643000	6292748905294	None	Pursuit	(53.49, 167.90)	(341.13, 164.88)	6272.354	0.04980469	6.075593	0.6316491	275.6169	
6301524310000	6292765572064	None	Unknown	(53.09, 167.65)	(341.28, 164.82)	NaN	NaN	NaN	NaN	NaN	
6301540977000	6292782238887	None	Fixation	(52.97, 167.61)	(341.28, 164.84)	6272.42	0.01660156	NaN	NaN	NaN	
6301557644000	6292798905686	None	Fixation	(53.08, 167.45)	(341.13, 164.36)	6272.42	0.03369141	NaN	NaN	NaN	
6301574309000	6292815570466	None	Fixation	(53.99, 167.67)	(341.02, 164.89)	6272.42	0.05029297	NaN	NaN	NaN	
6301590976000	6292832237503	None	Fixation	(53.28, 167.59)	(340.77, 164.85)	6272.42	0.06689453	NaN	NaN	NaN	
6301607642000	6292848903091	None	Fixation	(53.39, 167.60)	(340.69, 164.66)	6272.42	0.08349609	NaN	NaN	NaN	
6301624309000	6292865569866	None	Fixation	(53.78, 167.52)	(340.57, 164.54)	6272.42	0.1000977	NaN	NaN	NaN	
6301640974000	6292882234676	None	Fixation	(54.38, 168.23)	(339.43, 164.65)	6272.42	0.1166992	NaN	NaN	NaN	
6301657641000	6292898901473	None	Saccade	(55.65, 169.03)	(337.25, 165.27)	6272.537	0.01660156	27.90195	0.930065	267.3135	
6301674307000	6292915567255	None	Pursuit	(55.90, 168.84)	(337.40, 164.86)	6272.537	0.03320313	5.38536	0.8351904	277.2328	
6301690974000	6292932234094	None	Pursuit	(56.37, 169.01)	(336.88, 165.02)	6272.537	0.05029297	6.725814	1.055821	274.8034	
6301707642000	6292948901852	None	Fixation	(56.26, 168.95)	(336.68, 165.01)	6272.42	0.1835938	NaN	NaN	NaN	
6301724309000	6292965568682	None	Fixation	(56.02, 168.84)	(336.82, 165.32)	6272.42	0.2001953	NaN	NaN	NaN	
6301740973000	6292982232488	None	Fixation	(56.55, 168.85)	(336.81, 165.09)	6272.42	0.2167969	NaN	NaN	NaN	
6301757640000	6292998899249	None	Fixation	(56.73, 169.17)	(336.52, 165.07)	6272.42	0.2333984	NaN	NaN	NaN	
6301774306000	6293015565452	None	Fixation	(56.66, 168.94)	(336.55, 165.35)	6272.42	0.25	NaN	NaN	NaN	
6301790973000	6293032231872	None	Fixation	(56.64, 169.14)	(336.16, 165.15)	6272.42	0.2666016	NaN	NaN	NaN	
6301807641000	6293048899928	None	Fixation	(58.46, 169.52)	(336.08, 165.22)	6272.42	0.2836914	NaN	NaN	NaN	
6301824308000	6293065566664	None	Fixation	(56.62, 169.03)	(336.07, 165.18)	6272.42	0.300293	NaN	NaN	NaN	
6301840971000	6293082229653	None	Fixation	(56.96, 168.96)	(336.11, 165.19)	6272.42	0.3168945	NaN	NaN	NaN	
6301857638000	6293098896338	None	Fixation	(56.51, 168.90)	(336.08, 165.19)	6272.42	0.3334961	NaN	NaN	NaN	
6301874304000	6293115561864	None	Fixation	(56.97, 168.97)	(336.10, 165.04)	6272.42	0.3500977	NaN	NaN	NaN	
6301890971000	6293132228632	None	Fixation	(57.34, 169.35)	(336.19, 165.21)	6272.42	0.3666992	NaN	NaN	NaN	
6301907637000	6293148894454	None	Fixation	(56.92, 169.37)	(336.19, 165.00)	6272.42	0.3833008	NaN	NaN	NaN	
6301924304000	6293165561320	None	Fixation	(56.85, 169.39)	(336.09, 165.12)	6272.42	0.3999023	NaN	NaN	NaN	
6301940971000	6293182228022	None	Fixation	(55.50, 168.41)	(337.56, 164.92)	6272.42	0.4169922	NaN	NaN	NaN	
6301957637000	6293198893860	None	Saccade	(50.47, 167.79)	(343.14, 163.88)	6272.837	0.01660156	62.25249	2.325739	88.26447	
6301974304000	6293215560682	None	Unknown	(48.10, 168.09)	(345.14, 163.69)	NaN	NaN	NaN	NaN	NaN	
6301990970000	6293232226503	None	Pursuit	(47.83, 168.22)	(346.29, 164.16)	6272.87	0.01660156	3.670263	0.1223421	52.28969	
6302007639000	6293248895245	None	Pursuit	(47.06, 167.62)	(346.84, 163.77)	6272.87	0.03320313	12.04812	0.4707461	101.4765	
6302024305000	6293265561074	None	Pursuit	(47.08, 167.25)	(347.09, 163.39)	6272.87	0.04980469	5.561618	0.8090048	94.25213	
6302040972000	6293282227822	None	WinkLeft	(46.83, 167.08)	(347.13, 163.60)	NaN	NaN	NaN	NaN	NaN	
6302057638000	6293298894141	None	WinkLeft	(46.64, 167.23)	(347.30, 163.63)	NaN	NaN	NaN	NaN	NaN	
6302074303000	6293315558448	None	WinkLeft	(46.66, 167.07)	(347.42, 163.43)	NaN	NaN	NaN	NaN	NaN	
6302090969000	6293332224244	None	WinkLeft	(47.06, 167.01)	(347.51, 163.43)	NaN	NaN	NaN	NaN	NaN	
6302107636000	6293348891016	None	WinkLeft	(46.94, 167.00)	(347.43, 163.62)	NaN	NaN	NaN	NaN	NaN	
6302124302000	6293365556798	None	WinkLeft	(47.15, 166.82)	(347.68, 163.32)	NaN	NaN	NaN	NaN	NaN	
6302140969000	6293382223608	None	WinkLeft	(46.77, 166.82)	(347.54, 163.32)	NaN	NaN	NaN	NaN	NaN	
6302157635000	6293398889433	None	Fixation	(46.52, 166.84)	(347.74, 163.04)	6272.92	0.1333008	NaN	NaN	NaN	
6302174302000	6293415556215	None	Fixation	(46.78, 166.80)	(347.68, 163.29)	6272.92	0.1499023	NaN	NaN	NaN	
6302190968000	6293432221995	None	Fixation	(46.08, 166.77)	(347.90, 163.18)	6272.92	0.1669922	NaN	NaN	NaN	
6302207635000	6293448888871	None	Fixation	(45.83, 166.08)	(349.16, 163.31)	6272.92	0.1835938	NaN	NaN	NaN	
6302224301000	6293465554616	None	Fixation	(45.00, 165.95)	(349.77, 163.22)	6272.92	0.2001953	NaN	NaN	NaN	
6302240968000	6293482221417	None	Fixation	(45.21, 166.23)	(349.57, 163.44)	6272.92	0.2167969	NaN	NaN	NaN	
6302257634000	6293498887234	None	Fixation	(46.32, 166.11)	(349.93, 163.35)	6272.92	0.2333984	NaN	NaN	NaN	
6302274301000	6293515554040	None	Fixation	(45.25, 165.90)	(349.84, 163.22)	6272.92	0.25	NaN	NaN	NaN	
6302290967000	6293532220164	None	Fixation	(45.04, 165.90)	(349.88, 163.25)	6272.92	0.2666016	NaN	NaN	NaN	
6302307634000	6293548886771	None	Fixation	(46.49, 165.83)	(349.76, 163.29)	6272.92	0.2836914	NaN	NaN	NaN	
6302324300000	6293565552903	None	Fixation	(45.21, 165.73)	(349.86, 163.05)	6272.92	0.300293	NaN	NaN	NaN	
6302340967000	6293582219504	None	Fixation	(45.04, 165.63)	(349.81, 163.04)	6272.92	0.3168945	NaN	NaN	NaN	
6302357633000	6293598885307	None	Fixation	(44.76, 165.50)	(349.92, 162.94)	6272.92	0.3334961	NaN	NaN	NaN	
6302374300000	6293615551798	None	Fixation	(44.41, 165.60)	(349.93, 162.96)	6272.92	0.3500977	NaN	NaN	NaN	
6302390966000	6293632217612	None	Fixation	(44.73, 165.57)	(350.08, 163.02)	6272.92	0.3666992	NaN	NaN	NaN	
6302407633000	6293648884426	None	Fixation	(44.86, 165.49)	(349.89, 162.84)	6272.92	0.3833008	NaN	NaN	NaN	
6302424300000	6293665551177	None	Fixation	(45.21, 165.59)	(350.24, 162.86)	6272.92	0.3999023	NaN	NaN	NaN	
6302440966000	6293682217376	None	Fixation	(44.73, 165.45)	(350.22, 162.70)	6272.92	0.4169922	NaN	NaN	NaN	
6302457633000	6293698883772	None	Fixation	(45.72, 165.51)	(349.88, 162.75)	6272.92	0.4335938	NaN	NaN	NaN	
6302474299000	6293715549604	None	Fixation	(45.83, 165.25)	(350.43, 162.81)	6272.92	0.4501953	NaN	NaN	NaN	
6302490966000	6293732216369	None	Fixation	(44.82, 165.16)	(350.00, 162.66)	6272.92	0.4667969	NaN	NaN	NaN	
6302507632000	6293748882466	None	Fixation	(44.42, 165.07)	(350.36, 162.68)	6272.92	0.4833984	NaN	NaN	NaN	
6302524299000	6293765548982	None	Fixation	(44.71, 165.32)	(350.43, 162.69)	6272.92	0.5	NaN	NaN	NaN	
6302540965000	6293782214782	None	Fixation	(45.55, 165.32)	(350.18, 162.68)	6272.92	0.5166016	NaN	NaN	NaN	
6302557632000	6293798881577	None	Fixation	(45.04, 165.33)	(350.40, 162.78)	6272.92	0.5336914	NaN	NaN	NaN	
6302574298000	6293815547382	None	Fixation	(45.61, 165.24)	(350.36, 162.61)	6272.92	0.550293	NaN	NaN	NaN	
6302590964000	6293832213267	None	Fixation	(44.82, 165.31)	(350.15, 162.51)	6272.92	0.5668945	NaN	NaN	NaN	
6302607631000	6293848879962	None	Fixation	(45.34, 165.28)	(350.28, 162.61)	6272.92	0.5834961	NaN	NaN	NaN	
6302624297000	6293865545799	None	Fixation	(45.10, 165.21)	(350.18, 162.73)	6272.92	0.6000977	NaN	NaN	NaN	
6302640964000	6293882212570	None	Fixation	(44.65, 165.35)	(350.11, 162.67)	6272.92	0.6166992	NaN	NaN	NaN	
6302657631000	6293898879364	None	Fixation	(44.86, 165.30)	(350.23, 162.85)	6272.92	0.6333008	NaN	NaN	NaN	
6302674297000	6293915545161	None	Fixation	(44.86, 165.28)	(350.33, 162.69)	6272.92	0.6499023	NaN	NaN	NaN	
6302690964000	6293932211941	None	Fixation	(44.86, 165.40)	(350.30, 162.54)	6272.92	0.6669922	NaN	NaN	NaN	
6302707629000	6293948876751	None	Fixation	(44.91, 165.36)	(350.24, 162.73)	6272.92	0.6835938	NaN	NaN	NaN	
6302724296000	6293965543558	None	Fixation	(44.62, 165.34)	(350.33, 162.71)	6272.92	0.7001953	NaN	NaN	NaN	
6302740962000	6293982209374	None	Fixation	(45.66, 165.42)	(350.42, 162.66)	6272.92	0.7167969	NaN	NaN	NaN	
6302757629000	6293998876165	None	Fixation	(45.18, 165.22)	(350.20, 162.74)	6272.92	0.7333984	NaN	NaN	NaN	
6302790962000	6294032208979	None	Fixation	(44.93, 165.28)	(350.38, 162.76)	6272.92	0.7666016	NaN	NaN	NaN	
6302790962000	6294032208762	None	Fixation	(44.93, 165.28)	(350.38, 162.76)	6272.92	0.7666016	NaN	NaN	NaN	
6302807628000	6294048874561	None	Fixation	(44.65, 165.15)	(350.24, 162.77)	6272.92	0.7836914	NaN	NaN	NaN	
6302824295000	6294065541452	None	Fixation	(44.78, 165.38)	(350.25, 162.68)	6272.92	0.800293	NaN	NaN	NaN	
6302840961000	6294082207212	None	Fixation	(44.58, 165.30)	(350.09, 162.84)	6272.92	0.8168945	NaN	NaN	NaN	
6302857628000	6294098873943	None	Fixation	(44.74, 165.48)	(350.26, 162.92)	6272.92	0.8334961	NaN	NaN	NaN	
6302874294000	6294115540077	None	Fixation	(45.77, 165.69)	(349.91, 162.71)	6272.92	0.8500977	NaN	NaN	NaN	
6302890961000	6294132206528	None	Fixation	(45.57, 165.70)	(349.53, 162.67)	6272.92	0.8666992	NaN	NaN	NaN	
6302907627000	6294148872308	None	Fixation	(46.18, 165.81)	(349.78, 163.28)	6272.92	0.8833008	NaN	NaN	NaN	
6302924294000	6294165539723	None	Blink	(45.40, 167.30)	(349.60, 165.46)	NaN	NaN	NaN	NaN	NaN	
6302957627000	6294198872223	None	Blink	(43.23, 167.71)	(349.10, 168.53)	NaN	NaN	NaN	NaN	NaN	
6302974294000	6294215539220	None	Blink	(42.94, 166.24)	(349.79, 166.74)	NaN	NaN	NaN	NaN	NaN	
6302974294000	6294215538528	None	Blink	(42.94, 166.24)	(349.79, 166.74)	NaN	NaN	NaN	NaN	NaN	
6302990960000	6294232204402	None	Blink	(44.86, 166.29)	(346.93, 165.21)	NaN	NaN	NaN	NaN	NaN	
6303007627000	6294248871213	None	Blink	(44.68, 166.73)	(350.26, 164.08)	NaN	NaN	NaN	NaN	NaN	
6303024293000	6294265536941	None	Blink	(44.94, 166.67)	(350.12, 163.88)	NaN	NaN	NaN	NaN	NaN	
6303040960000	6294282203792	None	Blink	(45.32, 166.36)	(350.21, 163.92)	NaN	NaN	NaN	NaN	NaN	
6303074294000	6294315537545	None	Blink	(45.14, 165.87)	(350.17, 163.78)	NaN	NaN	NaN	NaN	NaN	
6303074294000	6294315537320	None	Blink	(45.14, 165.87)	(350.17, 163.78)	NaN	NaN	NaN	NaN	NaN	
6303090961000	6294332204447	None	Fixation	(47.41, 166.10)	(350.21, 163.30)	6272.92	1.066895	NaN	NaN	NaN	
6303107626000	6294348868919	None	Fixation	(46.84, 165.94)	(350.32, 162.89)	6272.92	1.083496	NaN	NaN	NaN	
6303124292000	6294365534731	None	Fixation	(44.45, 165.79)	(350.37, 162.94)	6272.92	1.100098	NaN	NaN	NaN	
6303157625000	6294398867506	None	Saccade	(43.51, 165.55)	(350.85, 162.53)	6274.037	0.01660156	25.66438	0.8554795	85.10833	
6303174292000	6294415534296	None	Fixation	(43.73, 165.50)	(350.84, 162.35)	6273.053	1.016602	NaN	NaN	NaN	
6303190958000	6294432200111	None	Fixation	(42.34, 166.07)	(351.05, 162.37)	6274.07	0.01708984	NaN	NaN	NaN	
6303190958000	6294432199979	None	Fixation	(42.34, 166.07)	(351.05, 162.37)	6274.07	0.01708984	NaN	NaN	NaN	
6303207625000	6294448866740	None	Fixation	(43.91, 165.56)	(351.17, 162.22)	6274.07	0.03369141	NaN	NaN	NaN	
6303240958000	6294482199517	None	Fixation	(42.67, 165.58)	(351.40, 162.32)	6274.07	0.06689453	NaN	NaN	NaN	
6303257624000	6294498865284	None	Fixation	(43.35, 165.43)	(351.29, 162.28)	6274.07	0.08349609	NaN	NaN	NaN	
6303274293000	6294515534080	None	Fixation	(44.61, 166.37)	(351.16, 163.70)	6274.07	0.1000977	NaN	NaN	NaN	
6303290959000	6294532199909	None	Blink	(43.83, 169.29)	(350.84, 168.20)	NaN	NaN	NaN	NaN	NaN	
6303307624000	6294548864772	None	Blink	(47.37, 174.15)	(0.00, 0.00)	NaN	NaN	NaN	NaN	NaN	
6303324290000	6294565530512	None	Blink	(0.00, 0.00)	(0.00, 0.00)	NaN	NaN	NaN	NaN	NaN	
6303340959000	6294582199317	None	Blink	(0.00, 0.00)	(0.00, 0.00)	NaN	NaN	NaN	NaN	NaN	
6303357625000	6294598865090	None	Blink	(0.00, 0.00)	(0.00, 0.00)	NaN	NaN	NaN	NaN	NaN	
6303374292000	6294615531887	None	Blink	(44.43, 166.92)	(0.00, 0.00)	NaN	NaN	NaN	NaN	NaN	
6303374292000	6294615531736	None	Blink	(44.43, 166.92)	(0.00, 0.00)	NaN	NaN	NaN	NaN	NaN	
6303407623000	6294648862570	None	Blink	(43.83, 167.38)	(351.16, 160.51)	NaN	NaN	NaN	NaN	NaN	
6303424289000	6294665528288	None	Blink	(44.06, 166.98)	(350.08, 163.54)	NaN	NaN	NaN	NaN	NaN	
6303440956000	6294682195053	None	Blink	(43.71, 166.72)	(350.42, 163.16)	NaN	NaN	NaN	NaN	NaN	
6303457622000	6294698860873	None	Blink	(43.63, 166.21)	(350.48, 162.91)	NaN	NaN	NaN	NaN	NaN	
6303474289000	6294715527654	None	Blink	(43.99, 166.09)	(350.49, 162.65)	NaN	NaN	NaN	NaN	NaN	
6303490956000	6294732194460	None	WinkRight	(43.90, 165.89)	(350.61, 162.88)	NaN	NaN	NaN	NaN	NaN	
6303507622000	6294748860274	None	Fixation	(44.32, 165.79)	(350.62, 162.76)	6274.07	0.3334961	NaN	NaN	NaN	
6303524289000	6294765527062	None	Fixation	(43.66, 165.80)	(350.65, 162.79)	6274.07	0.3500977	NaN	NaN	NaN	
6303540957000	6294782194847	None	Fixation	(44.32, 165.62)	(350.56, 162.78)	6274.07	0.3666992	NaN	NaN	NaN	
6303557624000	6294798861649	None	Fixation	(43.74, 165.83)	(350.56, 162.74)	6274.07	0.3837891	NaN	NaN	NaN	
6303557624000	6294798861501	None	Fixation	(43.74, 165.83)	(350.56, 162.74)	6274.07	0.3837891	NaN	NaN	NaN	
6303590955000	6294832192255	None	Fixation	(44.12, 165.62)	(350.50, 162.72)	6274.07	0.4169922	NaN	NaN	NaN	
6303590955000	6294832192080	None	Fixation	(44.12, 165.62)	(350.50, 162.72)	6274.07	0.4169922	NaN	NaN	NaN	
6303624288000	6294865524883	None	Fixation	(44.12, 165.40)	(350.47, 162.75)	6274.07	0.4501953	NaN	NaN	NaN	
6303640954000	6294882190652	None	Fixation	(44.19, 165.42)	(350.52, 162.76)	6274.07	0.4667969	NaN	NaN	NaN	
6303657621000	6294898857448	None	Fixation	(44.09, 165.36)	(350.60, 162.84)	6274.07	0.4833984	NaN	NaN	NaN	
6303674289000	6294915525280	None	Fixation	(43.86, 165.33)	(350.73, 162.68)	6274.07	0.5	NaN	NaN	NaN	
6303690956000	6294932192106	None	Fixation	(43.46, 165.58)	(350.84, 162.67)	6274.07	0.5170898	NaN	NaN	NaN	
6303707619000	6294948854961	None	Fixation	(44.10, 165.30)	(350.79, 162.87)	6274.07	0.5336914	NaN	NaN	NaN	
6303724286000	6294965521657	None	Fixation	(44.07, 165.42)	(350.79, 162.74)	6274.07	0.550293	NaN	NaN	NaN	
6303740952000	6294982187441	None	Fixation	(43.97, 165.62)	(350.72, 162.87)	6274.07	0.5668945	NaN	NaN	NaN	
6303757619000	6294998854241	None	Fixation	(45.69, 165.36)	(349.59, 163.43)	6274.07	0.5834961	NaN	NaN	NaN	
6303774285000	6295015520096	None	Fixation	(45.33, 165.28)	(349.58, 163.43)	6274.07	0.6000977	NaN	NaN	NaN	
6303790952000	6295032186822	None	Fixation	(45.23, 165.39)	(349.69, 163.47)	6274.07	0.6166992	NaN	NaN	NaN	
6303807620000	6295048854643	None	Fixation	(45.52, 165.54)	(349.55, 163.23)	6274.07	0.6337891	NaN	NaN	NaN	
6303824287000	6295065521489	None	Fixation	(45.54, 165.60)	(349.72, 163.32)	6274.07	0.6503906	NaN	NaN	NaN	
6303840951000	6295082185233	None	Fixation	(45.39, 165.61)	(349.70, 163.08)	6274.07	0.6669922	NaN	NaN	NaN	
6303857618000	6295098852019	None	Fixation	(44.80, 165.36)	(350.11, 163.17)	6274.07	0.6835938	NaN	NaN	NaN	
6303874284000	6295115517838	None	Fixation	(44.86, 165.59)	(349.97, 163.08)	6274.07	0.7001953	NaN	NaN	NaN	
6303890951000	6295132184585	None	Fixation	(44.07, 165.32)	(350.34, 163.09)	6274.07	0.7167969	NaN	NaN	NaN	
6303907617000	6295148850441	None	Fixation	(43.96, 165.35)	(350.64, 163.11)	6274.07	0.7333984	NaN	NaN	NaN	
6303924284000	6295165517301	None	Fixation	(44.47, 165.54)	(350.87, 162.92)	6274.07	0.75	NaN	NaN	NaN	
6303940950000	6295182183012	None	Fixation	(43.60, 165.40)	(350.97, 162.90)	6274.07	0.7670898	NaN	NaN	NaN	
6303957617000	6295198849844	None	Fixation	(43.40, 165.51)	(351.19, 162.93)	6274.07	0.7836914	NaN	NaN	NaN	
6303974284000	6295215516606	None	Fixation	(43.99, 165.46)	(351.62, 162.88)	6274.07	0.800293	NaN	NaN	NaN	
6303974284000	6295215516408	None	Fixation	(43.99, 165.46)	(351.62, 162.88)	6274.07	0.800293	NaN	NaN	NaN	
6304007617000	6295248849245	None	Fixation	(41.61, 165.76)	(352.07, 163.01)	6274.07	0.8334961	NaN	NaN	NaN	
6304024283000	6295265515093	None	Fixation	(42.23, 163.95)	(354.43, 163.92)	6274.07	0.8500977	NaN	NaN	NaN	
6304040950000	6295282181867	None	Saccade	(41.49, 163.90)	(354.90, 163.70)	6274.92	0.01660156	6.344999	0.2115	78.00062	
6304057616000	6295298848047	None	Pursuit	(41.60, 163.89)	(354.74, 164.00)	6274.92	0.03369141	4.195139	0.1303446	118.1123	
6304074283000	6295315514397	None	Pursuit	(41.12, 163.94)	(356.09, 164.17)	6274.92	0.05029297	16.68561	0.6855396	111.7444	
6304090949000	6295332180237	None	Fixation	(40.98, 163.50)	(356.06, 163.75)	6274.07	0.9169922	NaN	NaN	NaN	
6304107615000	6295348847609	None	Fixation	(40.28, 163.49)	(356.29, 163.61)	6274.07	0.9335938	NaN	NaN	NaN	
6304124282000	6295365512795	None	Fixation	(40.21, 163.34)	(356.82, 163.92)	6274.07	0.9501953	NaN	NaN	NaN	
6304140950000	6295382180909	None	Fixation	(40.17, 163.47)	(356.46, 163.46)	6274.07	0.9667969	NaN	NaN	NaN	
6304157617000	6295398847427	None	Fixation	(39.51, 163.25)	(357.36, 163.52)	6274.07	0.9833984	NaN	NaN	NaN	
6304174283000	6295415513560	None	Fixation	(39.10, 163.38)	(357.53, 163.59)	6274.07	1	NaN	NaN	NaN	
6304190950000	6295432180002	None	Fixation	(36.77, 163.66)	(359.18, 162.83)	6274.07	1.01709	NaN	NaN	NaN	
6304190950000	6295432179814	None	Fixation	(36.77, 163.66)	(359.18, 162.83)	6274.07	1.01709	NaN	NaN	NaN	
6304224283000	6295465512610	None	Pursuit	(36.46, 163.04)	(360.52, 163.49)	6275.087	0.03320313	4.506785	0.2835318	139.8609	
6304240948000	6295482177416	None	Pursuit	(35.77, 162.84)	(361.49, 163.37)	6275.087	0.04980469	12.0652	0.9747366	116.0465	
6304257614000	6295498843193	None	Fixation	(35.95, 162.45)	(361.48, 163.21)	6275.137	0.01660156	NaN	NaN	NaN	
6304274281000	6295515510287	None	Fixation	(35.62, 162.58)	(361.84, 163.38)	6275.137	0.03320313	NaN	NaN	NaN	
6304290947000	6295532176279	None	Fixation	(35.19, 162.52)	(362.00, 163.42)	6275.137	0.04980469	NaN	NaN	NaN	
6304307614000	6295548842923	None	Fixation	(35.46, 162.20)	(362.66, 163.42)	6275.137	0.06689453	NaN	NaN	NaN	
6304324280000	6295565508460	None	Fixation	(35.17, 162.30)	(362.68, 163.21)	6275.137	0.08349609	NaN	NaN	NaN	
6304340947000	6295582175188	None	Fixation	(34.84, 162.07)	(362.83, 163.15)	6275.137	0.1000977	NaN	NaN	NaN	
6304357613000	6295598841059	None	Fixation	(34.82, 161.91)	(363.41, 163.30)	6275.137	0.1166992	NaN	NaN	NaN	
6304374282000	6295615509783	None	Fixation	(34.65, 161.81)	(363.45, 163.19)	6275.137	0.1333008	NaN	NaN	NaN	
6304390948000	6295632175631	None	Fixation	(34.03, 161.90)	(363.81, 163.12)	6275.137	0.1499023	NaN	NaN	NaN	
6304407613000	6295648840429	None	Fixation	(34.14, 161.82)	(364.03, 163.12)	6275.137	0.1665039	NaN	NaN	NaN	
6304424279000	6295665506191	None	Fixation	(33.94, 161.71)	(364.13, 163.14)	6275.137	0.1831055	NaN	NaN	NaN	
6304440946000	6295682172977	None	Fixation	(33.85, 161.57)	(364.51, 163.24)	6275.137	0.2001953	NaN	NaN	NaN	
6304457613000	6295698839831	None	Fixation	(33.35, 162.08)	(364.29, 162.90)	6275.137	0.2167969	NaN	NaN	NaN	
6304474279000	6295715505555	None	Fixation	(33.93, 161.73)	(364.44, 163.19)	6275.137	0.2333984	NaN	NaN	NaN	
6304490945000	6295732171368	None	Fixation	(33.98, 161.73)	(364.20, 163.04)	6275.137	0.25	NaN	NaN	NaN	
6304507612000	6295748838241	None	Fixation	(34.86, 162.35)	(362.67, 163.08)	6275.137	0.2666016	NaN	NaN	NaN	
6304524279000	6295765505034	None	Saccade	(38.60, 163.69)	(358.27, 163.16)	6275.403	0.01660156	48.89882	1.803707	279.3471	
6304540945000	6295782170773	None	Pursuit	(40.57, 165.24)	(355.02, 163.20)	6275.403	0.03320313	30.8573	2.626467	283.8168	
6304557612000	6295798838185	None	Pursuit	(41.58, 164.87)	(354.75, 162.70)	6275.403	0.05029297	13.23434	2.945613	277.54	
6304574280000	6295815505793	None	Pursuit	(42.61, 164.32)	(354.54, 162.74)	6275.403	0.06689453	14.32761	3.281551	271.2811	
6304590946000	6295832171388	None	Pursuit	(40.81, 164.35)	(354.78, 163.05)	6275.403	0.08349609	22.12917	2.5769	275.5798	
6304607613000	6295848837937	None	Unknown	(40.72, 164.12)	(354.57, 162.33)	NaN	NaN	NaN	NaN	NaN	
6304624280000	6295865504805	None	Fixation	(40.55, 164.02)	(355.36, 162.86)	6275.503	0.01660156	NaN	NaN	NaN	
6304640945000	6295882169599	None	Fixation	(40.76, 164.16)	(355.18, 162.69)	6275.503	0.03320313	NaN	NaN	NaN	
6304657612000	6295898836736	None	Fixation	(40.88, 163.99)	(354.47, 162.31)	6275.503	0.04980469	NaN	NaN	NaN	
6304674279000	6295915503189	None	Fixation	(40.75, 164.08)	(354.84, 162.33)	6275.503	0.06640625	NaN	NaN	NaN	
6304674279000	6295915502954	None	Fixation	(40.75, 164.08)	(354.84, 162.33)	6275.503	0.06640625	NaN	NaN	NaN	
6304690946000	6295932169842	None	Fixation	(40.97, 164.10)	(355.30, 162.41)	6275.503	0.08349609	NaN	NaN	NaN	
6304724278000	6295965501810	None	Fixation	(40.74, 163.91)	(355.48, 162.54)	6275.503	0.1166992	NaN	NaN	NaN	
6304740943000	6295982166397	None	Fixation	(40.85, 163.77)	(354.94, 162.27)	6275.503	0.1333008	NaN	NaN	NaN	
6304757610000	6295998833158	None	Fixation	(41.62, 163.86)	(354.73, 162.19)	6275.503	0.1499023	NaN	NaN	NaN	
6304774276000	6296015498935	None	Fixation	(41.49, 164.47)	(353.91, 162.07)	6275.503	0.1665039	NaN	NaN	NaN	
6304790943000	6296032165753	None	Saccade	(44.20, 165.52)	(350.88, 162.78)	6275.67	0.01660156	35.83964	1.276275	273.9848	
6304807609000	6296048831678	None	Pursuit	(43.61, 165.65)	(351.38, 163.04)	6275.67	0.03320313	7.409564	0.9974635	286.0142	
6304824276000	6296065498696	None	Pursuit	(44.54, 165.39)	(350.60, 163.21)	6275.67	0.05029297	11.81743	1.30658	273.7365	
6304840944000	6296082166307	None	Unknown	(43.89, 165.34)	(350.76, 163.17)	NaN	NaN	NaN	NaN	NaN	
6304857611000	6296098832955	None	Fixation	(43.95, 165.28)	(351.14, 163.22)	6275.737	0.01660156	NaN	NaN	NaN	
6304874275000	6296115497117	None	Fixation	(45.26, 165.28)	(351.02, 162.88)	6275.737	0.03320313	NaN	NaN	NaN	
6304890942000	6296132163543	None	Fixation	(44.73, 165.34)	(350.79, 163.37)	6275.737	0.04980469	NaN	NaN	NaN	
6304907608000	6296148829411	None	Fixation	(45.72, 165.46)	(350.70, 163.16)	6275.737	0.06640625	NaN	NaN	NaN	
6304924275000	6296165496500	None	Fixation	(45.32, 165.45)	(350.68, 163.28)	6275.737	0.08300781	NaN	NaN	NaN	
6304940941000	6296182162272	None	Fixation	(46.21, 165.82)	(350.58, 163.22)	6275.737	0.1000977	NaN	NaN	NaN	
6304957608000	6296198828761	None	Fixation	(44.09, 165.30)	(350.66, 163.34)	6275.737	0.1166992	NaN	NaN	NaN	
6304974274000	6296215494515	None	Fixation	(44.73, 165.54)	(350.52, 163.30)	6275.737	0.1333008	NaN	NaN	NaN	
6304990941000	6296232161318	None	Fixation	(44.74, 165.56)	(350.59, 163.19)	6275.737	0.1499023	NaN	NaN	NaN	
6305007607000	6296248827205	None	Fixation	(44.34, 165.44)	(350.70, 163.30)	6275.737	0.1665039	NaN	NaN	NaN	
6305024274000	6296265493982	None	Fixation	(45.45, 165.53)	(350.51, 163.00)	6275.737	0.1831055	NaN	NaN	NaN	
6305040941000	6296282160870	None	Fixation	(44.21, 165.47)	(350.55, 163.33)	6275.737	0.199707	NaN	NaN	NaN	
6305057607000	6296298826976	None	Fixation	(43.99, 165.41)	(350.67, 163.09)	6275.737	0.2163086	NaN	NaN	NaN	
6305074274000	6296315493611	None	Fixation	(44.13, 165.33)	(350.67, 163.10)	6275.737	0.2333984	NaN	NaN	NaN	
6305090940000	6296332159432	None	Fixation	(44.43, 165.28)	(350.72, 163.05)	6275.737	0.25	NaN	NaN	NaN	
6305107609000	6296348828179	None	Fixation	(44.02, 165.27)	(350.64, 162.91)	6275.737	0.2666016	NaN	NaN	NaN	
6305124275000	6296365493996	None	Fixation	(44.47, 165.31)	(350.48, 163.12)	6275.737	0.2832031	NaN	NaN	NaN	
6305140941000	6296382159515	None	Fixation	(44.59, 165.41)	(350.06, 162.97)	6275.737	0.2998047	NaN	NaN	NaN	
6305157608000	6296398826363	None	Fixation	(44.75, 165.26)	(350.15, 162.76)	6275.737	0.3164063	NaN	NaN	NaN	
6305174273000	6296415491174	None	Fixation	(45.18, 165.40)	(350.22, 162.90)	6275.737	0.3330078	NaN	NaN	NaN	
6305190939000	6296432156934	None	Fixation	(44.36, 165.13)	(350.47, 162.81)	6275.737	0.3500977	NaN	NaN	NaN	
6305207606000	6296448823763	None	Fixation	(45.34, 165.27)	(350.62, 162.79)	6275.737	0.3666992	NaN	NaN	NaN	
6305224272000	6296465489542	None	Fixation	(45.22, 165.19)	(350.67, 162.80)	6275.737	0.3833008	NaN	NaN	NaN	
6305240939000	6296482156604	None	Fixation	(44.55, 165.02)	(350.70, 162.79)	6275.737	0.3999023	NaN	NaN	NaN	
6305257605000	6296498822101	None	Fixation	(44.69, 165.07)	(350.23, 162.61)	6275.737	0.4165039	NaN	NaN	NaN	
6305274272000	6296515489406	None	Fixation	(44.52, 165.02)	(350.71, 162.74)	6275.737	0.4331055	NaN	NaN	NaN	
6305290938000	6296532154704	None	Fixation	(44.48, 165.03)	(350.74, 162.70)	6275.737	0.449707	NaN	NaN	NaN	
6305307607000	6296548824022	None	Fixation	(44.53, 164.93)	(350.65, 162.68)	6275.737	0.4663086	NaN	NaN	NaN	
6305324273000	6296565489348	None	Fixation	(45.06, 164.98)	(350.74, 162.79)	6275.737	0.4833984	NaN	NaN	NaN	
6305340938000	6296582154355	None	Fixation	(44.31, 164.90)	(350.79, 162.75)	6275.737	0.5	NaN	NaN	NaN	
6305357604000	6296598819918	None	Fixation	(45.28, 164.93)	(350.85, 162.68)	6275.737	0.5166016	NaN	NaN	NaN	
6305374271000	6296615486728	None	Fixation	(44.65, 165.09)	(350.86, 162.85)	6275.737	0.5332031	NaN	NaN	NaN	
6305390937000	6296632152510	None	Fixation	(44.84, 164.95)	(350.98, 162.90)	6275.737	0.5498047	NaN	NaN	NaN	
6305407604000	6296648819397	None	Fixation	(45.09, 164.94)	(351.13, 162.86)	6275.737	0.5664063	NaN	NaN	NaN	
6305424270000	6296665485215	None	Fixation	(44.56, 164.90)	(351.01, 162.86)	6275.737	0.5830078	NaN	NaN	NaN	
6305440937000	6296682151897	None	Fixation	(45.38, 165.00)	(350.92, 162.80)	6275.737	0.6000977	NaN	NaN	NaN	
6305457603000	6296698818100	None	Fixation	(44.11, 164.76)	(351.07, 162.85)	6275.737	0.6166992	NaN	NaN	NaN	
6305474270000	6296715484846	None	Fixation	(44.16, 164.91)	(350.90, 162.93)	6275.737	0.6333008	NaN	NaN	NaN	
6305490936000	6296732150350	None	Fixation	(45.09, 165.12)	(350.73, 162.97)	6275.737	0.6499023	NaN	NaN	NaN	
6305507603000	6296748817091	None	Fixation	(45.27, 165.14)	(350.68, 162.75)	6275.737	0.6665039	NaN	NaN	NaN	
6305524269000	6296765482874	None	Fixation	(45.47, 165.13)	(350.84, 162.68)	6275.737	0.6831055	NaN	NaN	NaN	
6305540936000	6296782149729	None	Fixation	(44.19, 164.89)	(350.90, 162.90)	6275.737	0.699707	NaN	NaN	NaN	
6305557602000	6296798815549	None	Fixation	(44.80, 164.96)	(350.79, 162.78)	6275.737	0.7163086	NaN	NaN	NaN	
6305574271000	6296815484287	None	Fixation	(45.16, 164.96)	(350.93, 162.87)	6275.737	0.7333984	NaN	NaN	NaN	
6305590937000	6296832150104	None	Fixation	(44.65, 164.90)	(350.86, 162.81)	6275.737	0.75	NaN	NaN	NaN	
6305607602000	6296848814888	None	Fixation	(44.72, 164.97)	(351.00, 162.92)	6275.737	0.7666016	NaN	NaN	NaN	
6305624269000	6296865481677	None	Fixation	(44.61, 164.86)	(351.04, 162.74)	6275.737	0.7832031	NaN	NaN	NaN	
6305640937000	6296882149513	None	Fixation	(44.76, 164.85)	(350.90, 162.74)	6275.737	0.7998047	NaN	NaN	NaN	
6305657603000	6296898815329	None	Fixation	(45.55, 164.97)	(351.00, 162.91)	6275.737	0.8164063	NaN	NaN	NaN	
6305674268000	6296915480085	None	Fixation	(44.49, 164.80)	(351.04, 162.80)	6275.737	0.8330078	NaN	NaN	NaN	
6305690935000	6296932146866	None	Fixation	(45.28, 164.89)	(351.16, 162.89)	6275.737	0.8500977	NaN	NaN	NaN	
6305707601000	6296948812714	None	Fixation	(45.47, 164.99)	(350.99, 162.81)	6275.737	0.8666992	NaN	NaN	NaN	
6305724268000	6296965479755	None	Fixation	(44.85, 164.90)	(351.03, 162.78)	6275.737	0.8833008	NaN	NaN	NaN	
6305740934000	6296982145624	None	Fixation	(44.69, 165.58)	(349.80, 162.88)	6275.737	0.8999023	NaN	NaN	NaN	
6305757601000	6296998812400	None	Fixation	(45.41, 165.67)	(350.11, 162.57)	6275.737	0.9165039	NaN	NaN	NaN	
6305774267000	6297015477903	None	Fixation	(44.78, 165.47)	(349.98, 162.61)	6275.737	0.9331055	NaN	NaN	NaN	
6305790934000	6297032144666	None	Fixation	(43.86, 165.81)	(349.87, 162.44)	6275.737	0.949707	NaN	NaN	NaN	
6305807599000	6297048809518	None	Fixation	(45.02, 165.91)	(350.02, 162.47)	6275.737	0.9663086	NaN	NaN	NaN	
6305824266000	6297065476291	None	Fixation	(45.00, 165.84)	(349.93, 162.10)	6275.737	0.9833984	NaN	NaN	NaN	
6305840932000	6297082142124	None	Fixation	(44.92, 165.80)	(349.99, 162.12)	6275.737	1	NaN	NaN	NaN	
6305857599000	6297098808886	None	Fixation	(43.73, 165.62)	(350.04, 162.33)	6275.737	1.016602	NaN	NaN	NaN	
6305874265000	6297115474684	None	Fixation	(44.69, 165.94)	(349.98, 162.23)	6275.737	1.033203	NaN	NaN	NaN	
6305890932000	6297132141469	None	Fixation	(43.88, 165.69)	(350.16, 162.32)	6275.737	1.049805	NaN	NaN	NaN	
6305907598000	6297148807248	None	Fixation	(43.80, 165.61)	(350.29, 162.41)	6275.737	1.066406	NaN	NaN	NaN	
6305924265000	6297165474078	None	Fixation	(44.11, 165.44)	(350.44, 162.33)	6275.737	1.083008	NaN	NaN	NaN	
6305940931000	6297182139857	None	Fixation	(43.38, 165.64)	(350.38, 162.40)	6275.737	1.100098	NaN	NaN	NaN	
6305957598000	6297198806659	None	Fixation	(44.36, 165.43)	(350.33, 162.32)	6275.737	1.116699	NaN	NaN	NaN	
6305974264000	6297215472488	None	Fixation	(45.29, 165.37)	(350.62, 162.22)	6275.737	1.133301	NaN	NaN	NaN	
6305990931000	6297232139363	None	Fixation	(43.65, 165.20)	(350.54, 162.43)	6275.737	1.149902	NaN	NaN	NaN	
6306007596000	6297248804104	None	Fixation	(44.15, 165.01)	(350.69, 162.61)	6275.737	1.166504	NaN	NaN	NaN	
6306024263000	6297265470890	None	Fixation	(43.95, 164.88)	(350.60, 162.69)	6275.737	1.183105	NaN	NaN	NaN	
6306040929000	6297282136634	None	Fixation	(44.22, 164.85)	(350.53, 162.64)	6275.737	1.199707	NaN	NaN	NaN	
6306057596000	6297298803605	None	Fixation	(44.68, 164.81)	(350.22, 162.70)	6275.737	1.216309	NaN	NaN	NaN	
6306074264000	6297315471291	None	Fixation	(45.38, 164.56)	(350.36, 163.18)	6275.737	1.233398	NaN	NaN	NaN	
6306090931000	6297332138060	None	Saccade	(48.63, 164.06)	(349.01, 165.42)	6276.97	0.01660156	40.4071	1.346903	248.2822	
6306107596000	6297348802969	None	Saccade	(48.43, 163.77)	(348.93, 165.33)	6276.987	0.01660156	1.557175	0.05190584	331.1477	
6306124262000	6297365468661	None	Pursuit	(49.25, 163.93)	(348.73, 165.88)	6276.97	0.04980469	10.21379	1.606479	247.7903	
6306140930000	6297382136434	None	Pursuit	(49.35, 163.76)	(348.47, 165.79)	6276.97	0.06640625	2.528964	1.663307	245.6078	
6306157597000	6297398803244	None	Fixation	(49.14, 163.30)	(348.75, 165.85)	6277.037	0.01660156	NaN	NaN	NaN	
6306174262000	6297415468116	None	Fixation	(49.32, 163.03)	(348.75, 166.17)	6277.053	0.01660156	NaN	NaN	NaN	
6306190928000	6297432133835	None	Fixation	(49.97, 162.63)	(348.70, 166.52)	6277.053	0.03369141	NaN	NaN	NaN	
6306207595000	6297448800700	None	Fixation	(50.36, 162.84)	(348.78, 166.95)	6277.053	0.05029297	NaN	NaN	NaN	
6306224261000	6297465466441	None	Fixation	(51.97, 162.26)	(348.48, 167.78)	6277.053	0.06689453	NaN	NaN	NaN	
6306240929000	6297482134312	None	Fixation	(51.75, 162.04)	(348.64, 167.84)	6277.053	0.08349609	NaN	NaN	NaN	
6306257596000	6297498801137	None	Fixation	(51.82, 161.87)	(348.57, 167.82)	6277.053	0.1000977	NaN	NaN	NaN	
6306274261000	6297515466306	None	Fixation	(52.14, 161.89)	(348.79, 168.45)	6277.053	0.1166992	NaN	NaN	NaN	
6306290927000	6297532131684	None	Fixation	(53.63, 161.34)	(348.63, 169.48)	6277.053	0.1333008	NaN	NaN	NaN	
6306307595000	6297548799520	None	Saccade	(59.12, 159.91)	(346.63, 174.77)	6277.187	0.01660156	69.7259	2.324197	228.0328	
6306324262000	6297565466212	None	Unknown	(58.53, 160.29)	(346.14, 174.15)	NaN	NaN	NaN	NaN	NaN	
6306340927000	6297582131305	None	Pursuit	(60.04, 160.45)	(345.63, 174.94)	6277.22	0.01660156	18.67843	0.6226143	262.9655	
6306357593000	6297598796854	None	Pursuit	(63.18, 160.44)	(345.78, 174.91)	6277.22	0.03320313	38.56427	1.905702	258.8449	
6306374260000	6297615463616	None	Pursuit	(60.09, 159.72)	(346.07, 174.83)	6277.22	0.04980469	39.06281	0.6773289	236.9299	
6306390926000	6297632129394	None	Pursuit	(60.29, 159.40)	(345.88, 174.64)	6277.22	0.06640625	4.697491	0.8082847	230.2789	
6306407593000	6297648796281	None	Fixation	(60.24, 159.66)	(345.75, 174.94)	6277.27	0.03320313	NaN	NaN	NaN	
6306424259000	6297665462044	None	Fixation	(60.64, 159.63)	(345.52, 174.99)	6277.303	0.01660156	NaN	NaN	NaN	
6306440926000	6297682128835	None	Fixation	(60.43, 159.47)	(345.62, 174.96)	6277.303	0.03369141	NaN	NaN	NaN	
6306457592000	6297698794672	None	Fixation	(60.70, 159.44)	(345.61, 175.01)	6277.303	0.05029297	NaN	NaN	NaN	
6306474259000	6297715461418	None	Fixation	(60.78, 159.36)	(345.62, 175.13)	6277.303	0.06689453	NaN	NaN	NaN	
6306490925000	6297732127208	None	Fixation	(61.17, 159.49)	(345.58, 175.25)	6277.303	0.08349609	NaN	NaN	NaN	
6306507592000	6297748794021	None	Fixation	(61.14, 159.26)	(345.43, 175.37)	6277.303	0.1000977	NaN	NaN	NaN	
6306524258000	6297765459825	None	Fixation	(61.24, 159.11)	(345.32, 175.49)	6277.303	0.1166992	NaN	NaN	NaN	
6306540927000	6297782128633	None	Fixation	(62.13, 158.92)	(345.57, 176.29)	6277.303	0.1333008	NaN	NaN	NaN	
6306557593000	6297798794788	None	Saccade	(64.36, 158.04)	(344.88, 178.48)	6277.437	0.01660156	29.45814	0.9819379	235.201	
6306574260000	6297815461271	None	Saccade	(63.95, 158.29)	(344.59, 178.26)	6277.453	0.01708984	4.522357	0.1507452	319.5214	
6306590926000	6297832127088	None	Pursuit	(64.62, 158.26)	(344.50, 178.86)	6277.437	0.05029297	8.255551	1.055182	242.1221	
6306607593000	6297848793824	None	Unknown	(64.83, 158.32)	(344.40, 178.31)	NaN	NaN	NaN	NaN	NaN	
6306624259000	6297865459621	None	Fixation	(64.66, 157.98)	(344.61, 179.18)	6277.503	0.01660156	NaN	NaN	NaN	
6306640924000	6297882124411	None	Fixation	(64.84, 157.95)	(344.35, 178.75)	6277.503	0.03320313	NaN	NaN	NaN	
6306657591000	6297898791237	None	Fixation	(64.92, 157.85)	(344.05, 178.79)	6277.503	0.04980469	NaN	NaN	NaN	
6306674259000	6297915458995	None	Fixation	(65.29, 157.89)	(343.99, 178.94)	6277.503	0.06640625	NaN	NaN	NaN	
6306690925000	6297932124827	None	Fixation	(65.48, 157.90)	(344.05, 179.08)	6277.503	0.08349609	NaN	NaN	NaN	
6306707590000	6297948789609	None	Saccade	(69.24, 158.23)	(344.08, 179.31)	6277.587	0.01660156	46.32563	1.544188	262.0101	
6306724257000	6297965456453	None	Fixation	(65.05, 158.07)	(344.02, 179.02)	6277.503	0.1166992	NaN	NaN	NaN	
6306740923000	6297982122318	None	Fixation	(65.55, 157.90)	(343.93, 179.52)	6277.503	0.1333008	NaN	NaN	NaN	
6306757590000	6297998789012	None	Pursuit	(65.54, 157.89)	(343.62, 179.40)	6277.637	0.01660156	0.1089066	0.003630221	105.7304	
6306774256000	6298015454806	None	Pursuit	(65.31, 158.07)	(343.50, 179.09)	6277.637	0.03320313	3.622745	0.1222189	40.23798	
6306790923000	6298032121675	None	Saccade	(59.24, 160.46)	(344.20, 173.05)	6277.67	0.01660156	74.78436	2.492812	19.59037	
6306807589000	6298048787402	None	Saccade	(50.75, 165.99)	(345.24, 167.74)	6277.687	0.01660156	124.62	4.70648	32.85306	
6306824256000	6298065454237	None	Unknown	(47.51, 168.33)	(346.56, 165.49)	NaN	NaN	NaN	NaN	NaN	
6306840922000	6298082120058	None	Pursuit	(46.73, 168.22)	(347.37, 164.82)	6277.72	0.01660156	9.727653	0.3242551	84.98401	
6306857589000	6298098786782	None	Pursuit	(45.61, 167.04)	(348.06, 164.28)	6277.72	0.03320313	19.96901	0.9415997	111.0169	
6306874254000	6298115451623	None	Pursuit	(45.45, 166.60)	(348.35, 164.08)	6277.72	0.04980469	5.813466	1.104107	116.9513	
6306890921000	6298132118382	None	Unknown	(45.58, 166.90)	(348.09, 163.93)	NaN	NaN	NaN	NaN	NaN	
6306907588000	6298148785487	None	Fixation	(45.54, 166.84)	(348.30, 163.99)	6277.787	0.01660156	NaN	NaN	NaN	
6306924255000	6298165452384	None	Fixation	(45.70, 166.55)	(348.43, 163.50)	6277.787	0.03320313	NaN	NaN	NaN	
6306940920000	6298182116796	None	Fixation	(45.39, 166.47)	(348.34, 163.33)	6277.787	0.05029297	NaN	NaN	NaN	
6306957587000	6298198783590	None	Fixation	(45.55, 166.32)	(348.28, 163.12)	6277.787	0.06689453	NaN	NaN	NaN	
6306974253000	6298215449767	None	Fixation	(44.90, 166.37)	(348.79, 163.20)	6277.787	0.08349609	NaN	NaN	NaN	
6306990920000	6298232116239	None	Fixation	(45.16, 166.23)	(348.53, 163.05)	6277.787	0.1000977	NaN	NaN	NaN	
6307007586000	6298248781980	None	Fixation	(44.97, 166.41)	(348.63, 162.91)	6277.787	0.1166992	NaN	NaN	NaN	
6307024253000	6298265448814	None	Fixation	(44.82, 166.23)	(348.66, 162.77)	6277.787	0.1333008	NaN	NaN	NaN	
6307040921000	6298282116583	None	Fixation	(44.70, 166.28)	(348.71, 162.71)	6277.787	0.1499023	NaN	NaN	NaN	
6307057588000	6298298783388	None	Fixation	(44.75, 166.18)	(348.60, 162.61)	6277.787	0.1665039	NaN	NaN	NaN	
6307074252000	6298315447192	None	Fixation	(44.71, 165.97)	(348.75, 162.63)	6277.787	0.1835938	NaN	NaN	NaN	
6307090919000	6298332114038	None	Fixation	(44.64, 166.10)	(348.76, 162.61)	6277.787	0.2001953	NaN	NaN	NaN	
6307107585000	6298348780098	None	Fixation	(45.08, 165.77)	(348.87, 162.66)	6277.787	0.2167969	NaN	NaN	NaN	
6307124252000	6298365446632	None	Fixation	(45.12, 165.69)	(348.70, 162.69)	6277.787	0.2333984	NaN	NaN	NaN	
6307140920000	6298382114352	None	Fixation	(45.05, 165.81)	(349.14, 163.02)	6277.787	0.25	NaN	NaN	NaN	
6307157587000	6298398781182	None	Fixation	(45.03, 165.52)	(349.27, 162.95)	6277.787	0.2666016	NaN	NaN	NaN	
6307174252000	6298415446286	None	Fixation	(44.68, 165.47)	(349.75, 162.95)	6277.787	0.2832031	NaN	NaN	NaN	
6307190918000	6298432111818	None	Fixation	(45.04, 165.38)	(349.65, 163.04)	6277.787	0.300293	NaN	NaN	NaN	
6307207585000	6298448778742	None	Fixation	(44.76, 165.45)	(349.67, 162.98)	6277.787	0.3168945	NaN	NaN	NaN	
6307224251000	6298465444416	None	Fixation	(44.53, 165.42)	(349.89, 163.08)	6277.787	0.3334961	NaN	NaN	NaN	
6307240918000	6298482111160	None	Fixation	(44.79, 165.15)	(349.89, 163.05)	6277.787	0.3500977	NaN	NaN	NaN	
6307257584000	6298498776972	None	Fixation	(44.74, 165.04)	(350.11, 163.35)	6277.787	0.3666992	NaN	NaN	NaN	
6307274251000	6298515443786	None	Fixation	(44.82, 165.11)	(350.20, 163.37)	6277.787	0.3833008	NaN	NaN	NaN	
6307290917000	6298532109577	None	Fixation	(45.05, 164.98)	(350.08, 163.23)	6277.787	0.3999023	NaN	NaN	NaN	
6307307584000	6298548776393	None	Fixation	(44.96, 165.10)	(350.17, 163.33)	6277.787	0.4165039	NaN	NaN	NaN	
6307324250000	6298565442211	None	Fixation	(45.05, 165.10)	(349.86, 163.18)	6277.787	0.4335938	NaN	NaN	NaN	
6307340918000	6298582109992	None	Fixation	(47.56, 165.46)	(349.97, 163.27)	6277.787	0.4501953	NaN	NaN	NaN	
6307357585000	6298598776879	None	Fixation	(46.38, 165.32)	(349.91, 163.22)	6277.787	0.4667969	NaN	NaN	NaN	
6307374250000	6298615441607	None	Fixation	(45.15, 165.25)	(349.70, 163.23)	6277.787	0.4833984	NaN	NaN	NaN	
6307390916000	6298632107410	None	Fixation	(45.18, 165.20)	(349.62, 163.05)	6277.787	0.5	NaN	NaN	NaN	
6307407583000	6298648774209	None	Fixation	(44.92, 165.31)	(349.77, 163.32)	6277.787	0.5166016	NaN	NaN	NaN	
6307424249000	6298665440054	None	Fixation	(44.94, 165.08)	(349.86, 163.19)	6277.787	0.5332031	NaN	NaN	NaN	
6307440916000	6298682106923	None	Fixation	(45.02, 165.02)	(349.99, 163.24)	6277.787	0.550293	NaN	NaN	NaN	
6307457583000	6298698773566	None	Fixation	(45.10, 165.00)	(350.23, 163.49)	6277.787	0.5668945	NaN	NaN	NaN	
6307474249000	6298715439349	None	Fixation	(44.88, 165.01)	(350.29, 163.38)	6277.787	0.5834961	NaN	NaN	NaN	
6307490915000	6298732105554	None	Fixation	(44.59, 164.94)	(350.13, 163.30)	6277.787	0.6000977	NaN	NaN	NaN	
6307507582000	6298748771957	None	Fixation	(44.58, 165.19)	(350.36, 163.35)	6277.787	0.6166992	NaN	NaN	NaN	
6307524248000	6298765438614	None	Fixation	(44.20, 165.38)	(350.32, 163.48)	6277.787	0.6333008	NaN	NaN	NaN	
6307540915000	6298782104541	None	Fixation	(44.56, 165.04)	(350.41, 163.41)	6277.787	0.6499023	NaN	NaN	NaN	
6307557581000	6298798770416	None	Fixation	(44.58, 165.03)	(350.49, 163.51)	6277.787	0.6665039	NaN	NaN	NaN	
6307574250000	6298815439152	None	Fixation	(44.47, 165.08)	(350.23, 163.24)	6277.787	0.6835938	NaN	NaN	NaN	
6307590916000	6298832105252	None	Fixation	(44.77, 165.02)	(350.54, 163.43)	6277.787	0.7001953	NaN	NaN	NaN	
6307607581000	6298848769741	None	Fixation	(44.59, 164.91)	(350.69, 163.42)	6277.787	0.7167969	NaN	NaN	NaN	
6307624247000	6298865435574	None	Fixation	(44.58, 164.94)	(350.97, 163.66)	6277.787	0.7333984	NaN	NaN	NaN	
6307640914000	6298882102345	None	Fixation	(44.56, 164.80)	(350.90, 163.44)	6277.787	0.75	NaN	NaN	NaN	
6307657580000	6298898768140	None	Fixation	(45.03, 164.96)	(350.73, 163.55)	6277.787	0.7666016	NaN	NaN	NaN	
6307674247000	6298915434945	None	Fixation	(44.56, 164.82)	(351.11, 163.55)	6277.787	0.7832031	NaN	NaN	NaN	
6307690913000	6298932101325	None	Fixation	(44.49, 164.88)	(350.79, 163.45)	6277.787	0.800293	NaN	NaN	NaN	
6307707580000	6298948767568	None	Fixation	(44.50, 164.94)	(350.92, 163.35)	6277.787	0.8168945	NaN	NaN	NaN	
6307724247000	6298965434338	None	Fixation	(44.03, 164.97)	(350.77, 163.25)	6277.787	0.8334961	NaN	NaN	NaN	
6307740913000	6298982100151	None	Fixation	(43.98, 166.05)	(349.74, 162.45)	6277.787	0.8500977	NaN	NaN	NaN	
6307757580000	6298998766955	None	Fixation	(44.35, 165.41)	(349.81, 162.89)	6277.787	0.8666992	NaN	NaN	NaN	
6307774248000	6299015434739	None	Fixation	(44.43, 165.72)	(350.01, 162.82)	6277.787	0.8833008	NaN	NaN	NaN	
6307790914000	6299032100560	None	Fixation	(44.34, 165.31)	(350.02, 162.86)	6277.787	0.8999023	NaN	NaN	NaN	
6307807581000	6299048767348	None	Fixation	(44.35, 165.32)	(349.90, 162.93)	6277.787	0.9165039	NaN	NaN	NaN	
6307824247000	6299065433431	None	Fixation	(44.43, 165.23)	(350.27, 162.93)	6277.787	0.9335938	NaN	NaN	NaN	
6307840912000	6299082097922	None	Fixation	(45.42, 165.26)	(350.15, 162.86)	6277.787	0.9501953	NaN	NaN	NaN	
6307857579000	6299098764751	None	Fixation	(44.62, 165.08)	(349.99, 163.10)	6277.787	0.9667969	NaN	NaN	NaN	
6307874245000	6299115430666	None	Fixation	(46.62, 165.27)	(349.99, 162.93)	6277.787	0.9833984	NaN	NaN	NaN	
6307890912000	6299132097341	None	Fixation	(44.87, 165.10)	(350.00, 163.11)	6277.787	1	NaN	NaN	NaN	
6307907578000	6299148763559	None	Fixation	(45.14, 165.05)	(349.58, 162.95)	6277.787	1.016602	NaN	NaN	NaN	
6307924245000	6299165430227	None	Fixation	(45.19, 165.06)	(349.38, 162.96)	6277.787	1.033203	NaN	NaN	NaN	
6307940910000	6299182094715	None	Fixation	(45.32, 164.95)	(349.52, 163.07)	6277.787	1.049805	NaN	NaN	NaN	
6307957577000	6299198761938	None	Fixation	(45.16, 165.00)	(349.36, 163.23)	6277.787	1.066895	NaN	NaN	NaN	
6307974243000	6299215427348	None	Fixation	(45.35, 164.98)	(349.41, 163.06)	6277.787	1.083496	NaN	NaN	NaN	
6307990910000	6299232094132	None	Fixation	(45.15, 164.93)	(349.19, 163.06)	6277.787	1.100098	NaN	NaN	NaN	
6308007578000	6299248761921	None	Fixation	(45.41, 164.99)	(349.22, 163.20)	6277.787	1.116699	NaN	NaN	NaN	
6308024245000	6299265428734	None	Fixation	(45.17, 165.04)	(349.14, 163.11)	6277.787	1.133301	NaN	NaN	NaN	
6308040909000	6299282092512	None	Fixation	(45.30, 164.98)	(349.18, 163.22)	6277.787	1.149902	NaN	NaN	NaN	
6308057576000	6299298759310	None	Fixation	(45.40, 165.30)	(349.10, 163.23)	6277.787	1.166504	NaN	NaN	NaN	
6308074244000	6299315427095	None	Fixation	(45.73, 165.14)	(349.17, 163.09)	6277.787	1.183594	NaN	NaN	NaN	
6308090911000	6299332093931	None	Fixation	(45.23, 165.17)	(348.84, 163.18)	6277.787	1.200195	NaN	NaN	NaN	
6308107577000	6299348759962	None	Fixation	(45.59, 165.42)	(349.04, 163.35)	6277.787	1.216797	NaN	NaN	NaN	
6308124244000	6299365426531	None	Fixation	(46.11, 165.31)	(349.05, 163.19)	6277.787	1.233398	NaN	NaN	NaN	
6308140908000	6299382090315	None	Fixation	(45.86, 165.30)	(349.12, 163.19)	6277.787	1.25	NaN	NaN	NaN	
6308157575000	6299398757070	None	Fixation	(45.89, 165.07)	(349.27, 163.23)	6277.787	1.266602	NaN	NaN	NaN	
6308174241000	6299415423313	None	Fixation	(44.97, 165.20)	(349.26, 163.02)	6277.787	1.283203	NaN	NaN	NaN	
6308190908000	6299432089988	None	Fixation	(45.69, 165.21)	(349.65, 163.29)	6277.787	1.299805	NaN	NaN	NaN	
6308207575000	6299448756478	None	Fixation	(45.20, 165.13)	(349.74, 163.08)	6277.787	1.316895	NaN	NaN	NaN	
6308224241000	6299465422337	None	Fixation	(44.59, 165.39)	(349.66, 163.11)	6277.787	1.333496	NaN	NaN	NaN	
6308240909000	6299482090086	None	Fixation	(44.71, 165.12)	(349.88, 163.21)	6277.787	1.350098	NaN	NaN	NaN	
6308257576000	6299498756899	None	Fixation	(44.48, 165.39)	(349.64, 162.98)	6277.787	1.366699	NaN	NaN	NaN	
6308274241000	6299515421705	None	Fixation	(44.59, 165.29)	(349.65, 163.18)	6277.787	1.383301	NaN	NaN	NaN	
6308290907000	6299532087529	None	Fixation	(44.71, 165.49)	(349.68, 163.30)	6277.787	1.399902	NaN	NaN	NaN	
6308307574000	6299548754786	None	Fixation	(45.31, 165.39)	(349.74, 163.16)	6277.787	1.416504	NaN	NaN	NaN	
6308324240000	6299565420111	None	Fixation	(45.56, 165.52)	(349.58, 163.21)	6277.787	1.433594	NaN	NaN	NaN	
6308340907000	6299582086908	None	Fixation	(45.48, 165.44)	(349.78, 163.57)	6277.787	1.450195	NaN	NaN	NaN	
6308357573000	6299598752682	None	Fixation	(44.55, 165.22)	(349.77, 163.43)	6277.787	1.466797	NaN	NaN	NaN	
6308374239000	6299615418463	None	Fixation	(45.15, 165.35)	(349.75, 163.35)	6277.787	1.483398	NaN	NaN	NaN	
6308390906000	6299632085306	None	Fixation	(44.96, 165.41)	(349.70, 163.26)	6277.787	1.5	NaN	NaN	NaN	
6308407573000	6299648752120	None	Fixation	(44.51, 165.28)	(350.04, 163.29)	6277.787	1.516602	NaN	NaN	NaN	
6308424239000	6299665417901	None	Fixation	(44.02, 165.53)	(350.10, 163.34)	6277.787	1.533203	NaN	NaN	NaN	
6308440908000	6299682086663	None	Fixation	(43.94, 165.62)	(349.97, 163.17)	6277.787	1.549805	NaN	NaN	NaN	
6308457574000	6299698752478	None	Fixation	(44.20, 165.55)	(349.96, 163.29)	6277.787	1.566895	NaN	NaN	NaN	
6308474239000	6299715417274	None	Fixation	(45.01, 165.52)	(349.51, 163.32)	6277.787	1.583496	NaN	NaN	NaN	
6308490905000	6299732083058	None	Fixation	(44.42, 165.36)	(349.70, 163.23)	6277.787	1.600098	NaN	NaN	NaN	
6308507572000	6299748749855	None	Fixation	(44.32, 165.51)	(349.73, 163.34)	6277.787	1.616699	NaN	NaN	NaN	
6308524238000	6299765415704	None	Fixation	(44.80, 165.32)	(349.80, 163.33)	6277.787	1.633301	NaN	NaN	NaN	
6308540905000	6299782082467	None	Fixation	(45.02, 165.30)	(349.73, 163.55)	6277.787	1.649902	NaN	NaN	NaN	
6308557571000	6299798748273	None	Fixation	(45.14, 165.32)	(349.77, 163.33)	6277.787	1.666504	NaN	NaN	NaN	
6308574240000	6299815417104	None	Fixation	(44.97, 165.23)	(349.56, 163.22)	6277.787	1.683594	NaN	NaN	NaN	
6308590906000	6299832082900	None	Fixation	(44.62, 165.27)	(349.80, 163.50)	6277.787	1.700195	NaN	NaN	NaN	
6308607571000	6299848747708	None	Fixation	(45.42, 165.11)	(349.50, 163.35)	6277.787	1.716797	NaN	NaN	NaN	
6308624237000	6299865413470	None	Fixation	(45.44, 165.49)	(348.75, 163.41)	6277.787	1.733398	NaN	NaN	NaN	
6308640904000	6299882080251	None	Fixation	(45.69, 165.49)	(348.90, 163.53)	6277.787	1.75	NaN	NaN	NaN	
6308657570000	6299898746045	None	Fixation	(45.59, 165.51)	(349.01, 163.57)	6277.787	1.766602	NaN	NaN	NaN	
6308674237000	6299915413042	None	Fixation	(45.51, 165.34)	(348.91, 163.64)	6277.787	1.783203	NaN	NaN	NaN	
6308690904000	6299932079654	None	Fixation	(45.58, 165.17)	(348.85, 163.52)	6277.787	1.799805	NaN	NaN	NaN	
6308707570000	6299948745467	None	Fixation	(45.49, 165.33)	(348.50, 163.27)	6277.787	1.816895	NaN	NaN	NaN	
6308724237000	6299965412243	None	Fixation	(45.91, 165.63)	(348.51, 163.18)	6277.787	1.833496	NaN	NaN	NaN	
6308740904000	6299982079030	None	Fixation	(45.79, 165.64)	(348.62, 163.20)	6277.787	1.850098	NaN	NaN	NaN	
6308757570000	6299998744882	None	Fixation	(46.07, 165.64)	(348.64, 163.17)	6277.787	1.866699	NaN	NaN	NaN	
6308774237000	6300015411675	None	Fixation	(45.36, 165.57)	(348.82, 162.93)	6277.787	1.883301	NaN	NaN	NaN	
6308790904000	6300032078779	None	Fixation	(45.14, 165.57)	(348.38, 162.88)	6277.787	1.899902	NaN	NaN	NaN	
6308807570000	6300048744251	None	Fixation	(45.51, 165.89)	(348.55, 163.06)	6277.787	1.916504	NaN	NaN	NaN	
6308824237000	6300065411037	None	Fixation	(44.93, 165.64)	(348.71, 162.97)	6277.787	1.933594	NaN	NaN	NaN	
6308840904000	6300082077846	None	Fixation	(45.80, 165.65)	(348.94, 163.18)	6277.787	1.950195	NaN	NaN	NaN	
6308857570000	6300098743637	None	Fixation	(45.11, 165.38)	(348.90, 163.18)	6277.787	1.966797	NaN	NaN	NaN	
6308874236000	6300115409441	None	Fixation	(44.96, 165.39)	(348.75, 163.06)	6277.787	1.983398	NaN	NaN	NaN	
6308890903000	6300132076258	None	Fixation	(44.98, 165.44)	(348.91, 163.10)	6277.787	2	NaN	NaN	NaN	
6308907569000	6300148742050	None	Fixation	(45.19, 165.45)	(348.92, 163.34)	6277.787	2.016602	NaN	NaN	NaN	
6308924236000	6300165408831	None	Fixation	(45.56, 165.62)	(348.97, 163.18)	6277.787	2.033203	NaN	NaN	NaN	
6308940902000	6300182074604	None	Fixation	(45.53, 165.38)	(349.07, 163.30)	6277.787	2.049805	NaN	NaN	NaN	
6308957569000	6300198741422	None	Fixation	(45.20, 165.38)	(349.08, 163.14)	6277.787	2.066895	NaN	NaN	NaN	
6308974234000	6300215406227	None	Fixation	(44.90, 165.48)	(349.10, 163.18)	6277.787	2.083496	NaN	NaN	NaN	
6308974234000	6300215406253	None	Fixation	(44.90, 165.48)	(349.10, 163.18)	6277.787	2.083496	NaN	NaN	NaN	
6309007567000	6300248738834	None	Fixation	(45.01, 165.55)	(349.17, 163.09)	6277.787	2.116699	NaN	NaN	NaN	
6309024234000	6300265405619	None	Fixation	(44.83, 165.41)	(349.09, 163.04)	6277.787	2.133301	NaN	NaN	NaN	
6309040902000	6300282073419	None	Fixation	(45.23, 165.68)	(349.22, 163.12)	6277.787	2.149902	NaN	NaN	NaN	
6309057569000	6300298740232	None	Fixation	(44.85, 165.45)	(349.28, 163.09)	6277.787	2.166504	NaN	NaN	NaN	
6309074233000	6300315404034	None	Fixation	(45.62, 165.69)	(349.11, 163.15)	6277.787	2.183594	NaN	NaN	NaN	
6309090900000	6300332070815	None	Fixation	(45.30, 165.73)	(349.41, 163.10)	6277.787	2.200195	NaN	NaN	NaN	
6309107566000	6300348736612	None	Fixation	(45.05, 165.55)	(349.23, 163.01)	6277.787	2.216797	NaN	NaN	NaN	
6309107566000	6300348736608	None	Fixation	(45.05, 165.55)	(349.23, 163.01)	6277.787	2.216797	NaN	NaN	NaN	
6309124233000	6300365403406	None	Fixation	(45.20, 165.40)	(349.42, 163.14)	6277.787	2.233398	NaN	NaN	NaN	
6309157566000	6300398735991	None	Fixation	(44.48, 165.32)	(349.77, 163.07)	6277.787	2.266602	NaN	NaN	NaN	
6309157566000	6300398735985	None	Fixation	(44.48, 165.32)	(349.77, 163.07)	6277.787	2.266602	NaN	NaN	NaN	
6309174234000	6300415403811	None	Fixation	(45.58, 165.44)	(349.63, 163.16)	6277.787	2.283203	NaN	NaN	NaN	
6309190901000	6300432070591	None	Fixation	(44.80, 165.32)	(349.75, 162.96)	6277.787	2.299805	NaN	NaN	NaN	
6309207565000	6300448734401	None	Fixation	(44.73, 165.35)	(349.81, 162.97)	6277.787	2.316895	NaN	NaN	NaN	
6309240898000	6300482067023	None	Fixation	(44.73, 165.69)	(349.66, 162.95)	6277.787	2.350098	NaN	NaN	NaN	
6309257565000	6300498733818	None	Fixation	(44.81, 165.45)	(349.54, 163.01)	6277.787	2.366699	NaN	NaN	NaN	
6309257565000	6300498733799	None	Fixation	(44.81, 165.45)	(349.54, 163.01)	6277.787	2.366699	NaN	NaN	NaN	
6309274232000	6300515400925	None	Fixation	(45.24, 164.90)	(350.32, 163.63)	6277.787	2.383301	NaN	NaN	NaN	
6309290898000	6300532066668	None	Fixation	(45.27, 164.56)	(350.77, 163.94)	6277.787	2.399902	NaN	NaN	NaN	
6309307566000	6300548734191	None	Fixation	(44.74, 164.57)	(350.99, 164.05)	6277.787	2.416504	NaN	NaN	NaN	
6309324233000	6300565400999	None	Fixation	(44.57, 164.69)	(351.14, 164.08)	6277.787	2.433594	NaN	NaN	NaN	
6309340898000	6300582066281	None	Fixation	(44.51, 164.68)	(351.15, 164.02)	6277.787	2.450195	NaN	NaN	NaN	
6309357564000	6300598731839	None	Fixation	(44.53, 164.46)	(351.06, 164.02)	6277.787	2.466797	NaN	NaN	NaN	
6309374231000	6300615398380	None	Fixation	(44.47, 164.69)	(351.11, 163.93)	6277.787	2.483398	NaN	NaN	NaN	
6309390897000	6300632064290	None	Fixation	(44.48, 164.62)	(350.96, 163.72)	6277.787	2.5	NaN	NaN	NaN	
6309407565000	6300648731985	None	Fixation	(44.72, 165.00)	(350.68, 163.47)	6277.787	2.516602	NaN	NaN	NaN	
6309424232000	6300665398802	None	Fixation	(44.05, 166.83)	(348.95, 162.61)	6277.787	2.533203	NaN	NaN	NaN	
6309440897000	6300682063578	None	Saccade	(45.21, 168.67)	(345.99, 161.90)	6280.32	0.01660156	26.77351	1.247879	305.7948	
6309457563000	6300698729391	None	Pursuit	(45.17, 168.98)	(346.44, 161.71)	6280.32	0.03369141	3.871361	0.9959086	319.6702	
6309474230000	6300715396194	None	Pursuit	(45.47, 168.76)	(345.88, 161.57)	6280.32	0.05029297	4.564478	0.9829453	310.8828	
6309490896000	6300732061968	None	Unknown	(45.25, 168.72)	(345.59, 161.57)	NaN	NaN	NaN	NaN	NaN	
6309507565000	6300748731121	None	Fixation	(44.92, 168.77)	(345.59, 161.17)	6280.387	0.01660156	NaN	NaN	NaN	
6309524231000	6300765396582	None	Fixation	(45.33, 169.04)	(345.38, 160.81)	6280.387	0.03320313	NaN	NaN	NaN	
6309540896000	6300782061858	None	Fixation	(45.47, 169.10)	(344.85, 160.83)	6280.387	0.04980469	NaN	NaN	NaN	
6309557562000	6300798727357	None	Fixation	(45.83, 169.44)	(344.64, 160.76)	6280.387	0.06640625	NaN	NaN	NaN	
6309574229000	6300815393961	None	Fixation	(46.15, 170.85)	(343.10, 160.16)	6280.387	0.08349609	NaN	NaN	NaN	
6309590895000	6300832059758	None	Saccade	(47.48, 171.97)	(340.82, 160.42)	6280.47	0.01660156	21.45388	0.9436201	286.8023	
6309607562000	6300848726582	None	Pursuit	(47.80, 171.77)	(340.93, 160.14)	6280.47	0.03320313	4.624563	0.7754725	286.1289	
6309624228000	6300865392368	None	Pursuit	(47.75, 172.30)	(340.32, 160.05)	6280.47	0.04980469	6.619921	0.8896251	299.1839	
6309640895000	6300882059170	None	Unknown	(47.52, 172.50)	(339.98, 159.54)	NaN	NaN	NaN	NaN	NaN	
6309657561000	6300898724968	None	Fixation	(47.81, 172.37)	(339.99, 159.32)	6280.537	0.01660156	NaN	NaN	NaN	
6309674228000	6300915392152	None	Fixation	(47.68, 172.53)	(339.52, 159.02)	6280.537	0.03320313	NaN	NaN	NaN	
6309690894000	6300932057921	None	Fixation	(47.89, 172.89)	(338.94, 158.85)	6280.537	0.04980469	NaN	NaN	NaN	
6309707561000	6300948724351	None	Fixation	(48.00, 173.20)	(338.85, 158.85)	6280.537	0.06689453	NaN	NaN	NaN	
6309724227000	6300965390177	None	Fixation	(48.66, 174.63)	(336.81, 158.33)	6280.537	0.08349609	NaN	NaN	NaN	
6309740894000	6300982056953	None	Saccade	(49.97, 176.63)	(334.21, 158.44)	6280.62	0.01660156	29.33968	1.068662	297.189	
6309757561000	6300998723740	None	Pursuit	(50.03, 176.61)	(334.36, 158.15)	6280.62	0.03320313	0.8023767	0.9869809	312.3525	
6309774227000	6301015389578	None	Pursuit	(50.66, 176.30)	(333.86, 158.10)	6280.62	0.04980469	8.701735	1.067926	296.7599	
6309790894000	6301032056351	None	Unknown	(50.26, 176.82)	(333.72, 158.15)	NaN	NaN	NaN	NaN	NaN	
6309807560000	6301048722138	None	Fixation	(50.41, 176.11)	(333.81, 157.92)	6280.687	0.01660156	NaN	NaN	NaN	
6309824227000	6301065388930	None	Fixation	(50.11, 176.89)	(333.59, 157.62)	6280.687	0.03369141	NaN	NaN	NaN	
6309840895000	6301082056747	None	Fixation	(50.44, 176.06)	(333.49, 157.83)	6280.687	0.05029297	NaN	NaN	NaN	
6309857561000	6301098722540	None	Fixation	(50.48, 176.60)	(333.40, 157.81)	6280.687	0.06689453	NaN	NaN	NaN	
6309874226000	6301115387354	None	Fixation	(50.01, 177.13)	(333.45, 157.65)	6280.687	0.08349609	NaN	NaN	NaN	
6309890893000	6301132054150	None	Fixation	(49.90, 176.82)	(333.59, 157.64)	6280.687	0.1000977	NaN	NaN	NaN	
6309907561000	6301148721935	None	Fixation	(50.07, 177.67)	(332.22, 157.22)	6280.687	0.1166992	NaN	NaN	NaN	
6309924227000	6301165387722	None	Saccade	(50.42, 179.47)	(329.20, 156.37)	6280.803	0.01660156	38.55737	1.285246	298.8623	
6309940892000	6301182052526	None	Pursuit	(50.99, 179.78)	(329.91, 156.64)	6280.803	0.03320313	9.309902	0.9767634	297.1331	
6309957559000	6301198719321	None	Saccade	(50.91, 180.33)	(329.54, 156.41)	6280.836	0.01708984	6.834404	0.2278135	355.5265	
6309974225000	6301215385126	None	Unknown	(50.45, 179.65)	(329.42, 156.27)	NaN	NaN	NaN	NaN	NaN	
6309990892000	6301232051936	None	Fixation	(50.54, 179.64)	(329.45, 156.03)	6280.87	0.01660156	NaN	NaN	NaN	
6310007560000	6301248719723	None	Fixation	(50.18, 180.44)	(329.44, 155.80)	6280.87	0.03320313	NaN	NaN	NaN	
6310024227000	6301265386521	None	Fixation	(50.36, 180.00)	(329.07, 155.81)	6280.87	0.04980469	NaN	NaN	NaN	
6310040890000	6301282049317	None	Fixation	(50.57, 180.04)	(329.26, 155.88)	6280.87	0.06640625	NaN	NaN	NaN	
6310057557000	6301298716129	None	Fixation	(50.22, 180.49)	(328.98, 155.48)	6280.87	0.08300781	NaN	NaN	NaN	
6310074224000	6301315382927	None	Saccade	(51.60, 183.84)	(325.09, 154.88)	6280.953	0.01708984	44.6295	1.613558	308.2554	
6310090891000	6301332049707	None	Pursuit	(52.56, 184.38)	(324.74, 155.34)	6280.953	0.03369141	13.5635	1.862762	315.999	
6310107556000	6301348714558	None	Pursuit	(52.85, 184.40)	(324.36, 155.17)	6280.953	0.05029297	3.613662	1.934882	313.087	
6310124223000	6301365381319	None	Pursuit	(52.86, 183.72)	(324.07, 155.08)	6280.953	0.06689453	8.384809	1.712259	307.7658	
6310140891000	6301382049142	None	Unknown	(52.56, 183.61)	(323.94, 154.92)	NaN	NaN	NaN	NaN	NaN	
6310157558000	6301398715906	None	Fixation	(52.68, 184.04)	(324.11, 154.57)	6281.037	0.01660156	NaN	NaN	NaN	
6310174224000	6301415381716	None	Fixation	(53.01, 184.10)	(323.57, 154.55)	6281.037	0.03320313	NaN	NaN	NaN	
6310190891000	6301432048505	None	Fixation	(52.79, 184.62)	(323.40, 154.74)	6281.037	0.04980469	NaN	NaN	NaN	
6310207554000	6301448711295	None	Fixation	(52.65, 184.57)	(323.77, 154.60)	6281.037	0.06689453	NaN	NaN	NaN	
6310224221000	6301465378115	None	Saccade	(50.66, 179.05)	(330.17, 156.10)	6281.104	0.01660156	72.1146	2.693577	131.7171	
6310240889000	6301482045902	None	Saccade	(49.20, 173.34)	(339.95, 160.59)	6281.104	0.03320313	72.59271	7.074183	136.6238	
6310257555000	6301498711717	None	Unknown	(47.59, 169.69)	(345.43, 163.85)	NaN	NaN	NaN	NaN	NaN	
6310274220000	6301515376864	None	Pursuit	(46.99, 169.09)	(346.68, 164.34)	6281.153	0.01660156	10.38584	0.3461947	121.6465	
6310290887000	6301532043280	None	Pursuit	(46.56, 168.30)	(347.01, 163.72)	6281.153	0.03320313	11.15313	0.7104512	130.2466	
6310307554000	6301548710098	None	Pursuit	(46.74, 168.21)	(347.31, 163.65)	6281.153	0.04980469	2.563912	0.6995442	137.1399	
6310324220000	6301565375907	None	Unknown	(46.32, 167.89)	(347.07, 163.47)	NaN	NaN	NaN	NaN	NaN	
6310340887000	6301582042707	None	Fixation	(46.35, 167.67)	(347.30, 163.48)	6281.22	0.01660156	NaN	NaN	NaN	
6310357553000	6301598708497	None	Fixation	(46.38, 167.66)	(347.46, 163.23)	6281.22	0.03320313	NaN	NaN	NaN	
6310374220000	6301615375306	None	Fixation	(46.24, 167.40)	(347.52, 162.97)	6281.22	0.04980469	NaN	NaN	NaN	
6310390886000	6301632041095	None	Fixation	(46.02, 167.30)	(347.41, 162.91)	6281.22	0.06640625	NaN	NaN	NaN	
6310407552000	6301648706901	None	Fixation	(46.13, 167.25)	(347.56, 162.91)	6281.22	0.08300781	NaN	NaN	NaN	
6310424219000	6301665373701	None	Fixation	(45.88, 167.04)	(347.48, 162.76)	6281.22	0.09960938	NaN	NaN	NaN	
6310440886000	6301682040480	None	Fixation	(45.81, 167.16)	(347.67, 162.73)	6281.22	0.1162109	NaN	NaN	NaN	
6310457552000	6301698706276	None	Fixation	(45.81, 167.15)	(347.57, 162.74)	6281.22	0.1333008	NaN	NaN	NaN	
6310474220000	6301715374090	None	Fixation	(44.95, 166.67)	(349.03, 162.72)	6281.22	0.1499023	NaN	NaN	NaN	
6310490887000	6301732041114	None	Fixation	(44.62, 166.68)	(349.56, 162.75)	6281.22	0.1665039	NaN	NaN	NaN	
6310507552000	6301748706262	None	Fixation	(44.96, 166.34)	(349.33, 162.84)	6281.22	0.1831055	NaN	NaN	NaN	
6310524218000	6301765371475	None	Fixation	(44.75, 166.25)	(349.53, 162.91)	6281.22	0.199707	NaN	NaN	NaN	
6310540887000	6301782040680	None	Fixation	(44.71, 166.11)	(349.90, 162.75)	6281.22	0.2163086	NaN	NaN	NaN	
6310557553000	6301798706429	None	Fixation	(44.78, 166.05)	(349.84, 162.84)	6281.22	0.2329102	NaN	NaN	NaN	
6310574218000	6301815371136	None	Fixation	(44.96, 165.86)	(349.79, 162.96)	6281.22	0.25	NaN	NaN	NaN	
6310590884000	6301832036669	None	Fixation	(44.75, 165.74)	(349.78, 162.79)	6281.22	0.2666016	NaN	NaN	NaN	
6310607551000	6301848703555	None	Fixation	(44.66, 165.70)	(349.74, 162.81)	6281.22	0.2832031	NaN	NaN	NaN	
6310624217000	6301865369615	None	Fixation	(44.51, 165.84)	(349.76, 162.80)	6281.22	0.2998047	NaN	NaN	NaN	
6310640884000	6301882036300	None	Fixation	(44.60, 165.75)	(349.60, 162.65)	6281.22	0.3164063	NaN	NaN	NaN	
6310657550000	6301898701874	None	Fixation	(44.68, 166.00)	(349.89, 162.68)	6281.22	0.3330078	NaN	NaN	NaN	
6310674217000	6301915368686	None	Fixation	(44.06, 166.18)	(349.62, 162.81)	6281.22	0.3496094	NaN	NaN	NaN	
6310690883000	6301932034440	None	Fixation	(44.69, 165.57)	(349.96, 162.71)	6281.22	0.3662109	NaN	NaN	NaN	
6310707550000	6301948701250	None	Fixation	(44.63, 165.61)	(350.02, 162.90)	6281.22	0.3833008	NaN	NaN	NaN	
6310724216000	6301965367047	None	Fixation	(44.40, 165.66)	(350.14, 162.69)	6281.22	0.3999023	NaN	NaN	NaN	
6310740883000	6301982033883	None	Fixation	(44.53, 165.57)	(350.25, 162.81)	6281.22	0.4165039	NaN	NaN	NaN	
6310757549000	6301998699667	None	Fixation	(44.61, 165.43)	(350.14, 162.92)	6281.22	0.4331055	NaN	NaN	NaN	
6310774218000	6302015368452	None	Fixation	(44.47, 165.44)	(350.20, 162.95)	6281.22	0.449707	NaN	NaN	NaN	
6310790884000	6302032034304	None	Fixation	(44.38, 165.37)	(350.16, 162.76)	6281.22	0.4663086	NaN	NaN	NaN	
6310807549000	6302048699065	None	Fixation	(44.60, 165.40)	(350.24, 162.81)	6281.22	0.4829102	NaN	NaN	NaN	
6310824216000	6302065365925	None	Fixation	(44.06, 165.61)	(350.10, 162.68)	6281.22	0.5	NaN	NaN	NaN	
6310840882000	6302082031653	None	Fixation	(44.29, 165.66)	(350.36, 162.61)	6281.22	0.5166016	NaN	NaN	NaN	
6310857549000	6302098698440	None	Fixation	(44.40, 165.35)	(350.22, 162.63)	6281.22	0.5332031	NaN	NaN	NaN	
6310874217000	6302115366289	None	Fixation	(44.34, 165.64)	(350.13, 162.56)	6281.22	0.5498047	NaN	NaN	NaN	
6310890883000	6302132032140	None	Fixation	(43.84, 166.02)	(350.24, 162.50)	6281.22	0.5664063	NaN	NaN	NaN	
6310907548000	6302148697187	None	Fixation	(44.00, 166.03)	(350.74, 163.06)	6281.22	0.5830078	NaN	NaN	NaN	
6310924214000	6302165363036	None	Fixation	(44.51, 167.50)	(349.94, 163.83)	6281.22	0.5996094	NaN	NaN	NaN	
6310940881000	6302182029830	None	Blink	(45.04, 168.99)	(349.94, 166.71)	NaN	NaN	NaN	NaN	NaN	
6310957548000	6302198696436	None	Blink	(44.47, 169.33)	(350.14, 167.37)	NaN	NaN	NaN	NaN	NaN	
6310974214000	6302215362389	None	Blink	(45.13, 167.46)	(350.05, 166.62)	NaN	NaN	NaN	NaN	NaN	
6310990881000	6302232028888	None	Blink	(44.41, 166.58)	(353.52, 161.80)	NaN	NaN	NaN	NaN	NaN	
6311007547000	6302248694644	None	Blink	(44.84, 166.84)	(350.29, 164.00)	NaN	NaN	NaN	NaN	NaN	
6311024214000	6302265361448	None	Blink	(44.98, 166.81)	(349.32, 163.31)	NaN	NaN	NaN	NaN	NaN	
6311040882000	6302282029263	None	Blink	(45.46, 166.38)	(349.90, 163.86)	NaN	NaN	NaN	NaN	NaN	
6311057549000	6302298696040	None	WinkRight	(45.82, 165.74)	(350.23, 164.18)	NaN	NaN	NaN	NaN	NaN	
6311074212000	6302315358842	None	Fixation	(45.41, 165.63)	(350.19, 163.86)	6281.22	0.7495117	NaN	NaN	NaN	
6311090879000	6302332025608	None	Fixation	(45.28, 165.61)	(350.21, 163.71)	6281.22	0.7666016	NaN	NaN	NaN	
6311107547000	6302348693429	None	Fixation	(45.23, 165.65)	(349.96, 163.38)	6281.22	0.7832031	NaN	NaN	NaN	
6311124214000	6302365360214	None	Fixation	(44.80, 165.49)	(350.15, 163.36)	6281.22	0.7998047	NaN	NaN	NaN	
6311140880000	6302382026415	None	Fixation	(44.86, 165.71)	(350.26, 163.26)	6281.22	0.8164063	NaN	NaN	NaN	
6311157547000	6302398693193	None	Fixation	(44.37, 165.97)	(349.98, 162.89)	6281.22	0.8330078	NaN	NaN	NaN	
6311174212000	6302415358057	None	Fixation	(44.22, 166.04)	(349.87, 162.60)	6281.22	0.8496094	NaN	NaN	NaN	
6311190879000	6302432024415	None	Fixation	(44.40, 166.29)	(349.72, 162.49)	6281.22	0.8662109	NaN	NaN	NaN	
6311207544000	6302448689277	None	Fixation	(44.30, 166.53)	(349.66, 162.14)	6281.22	0.8833008	NaN	NaN	NaN	
6311224211000	6302465356017	None	Fixation	(44.24, 166.43)	(349.56, 162.21)	6281.22	0.8999023	NaN	NaN	NaN	
6311240878000	6302482022793	None	Fixation	(44.56, 166.48)	(349.19, 162.10)	6281.22	0.9165039	NaN	NaN	NaN	
6311257545000	6302498689625	None	Fixation	(45.04, 166.53)	(349.18, 161.98)	6281.22	0.9331055	NaN	NaN	NaN	
6311274210000	6302515354444	None	Fixation	(44.59, 166.45)	(349.07, 162.04)	6281.22	0.949707	NaN	NaN	NaN	
6311290877000	6302532021743	None	Fixation	(44.65, 166.36)	(348.94, 162.11)	6281.22	0.9663086	NaN	NaN	NaN	
6311307545000	6302548689021	None	Fixation	(44.48, 166.44)	(349.07, 162.16)	6281.22	0.9829102	NaN	NaN	NaN	
6311324212000	6302565355815	None	Fixation	(44.88, 166.94)	(349.13, 162.35)	6281.22	0.9995117	NaN	NaN	NaN	
6311340876000	6302582019612	None	Fixation	(44.58, 167.74)	(349.34, 163.50)	6281.22	1.016602	NaN	NaN	NaN	
6311374209000	6302615352395	None	Blink	(44.94, 169.98)	(342.15, 173.26)	NaN	NaN	NaN	NaN	NaN	
6311390876000	6302632019216	None	Blink	(49.31, 175.88)	(0.00, 0.00)	NaN	NaN	NaN	NaN	NaN	
6311407544000	6302648687012	None	Blink	(49.42, 172.79)	(346.31, 186.93)	NaN	NaN	NaN	NaN	NaN	
6311424211000	6302665353796	None	Blink	(44.43, 167.42)	(348.27, 168.86)	NaN	NaN	NaN	NaN	NaN	
6311424211000	6302665353613	None	Blink	(44.43, 167.42)	(348.27, 168.86)	NaN	NaN	NaN	NaN	NaN	
6311440876000	6302682018724	None	Blink	(43.70, 166.81)	(353.07, 158.12)	NaN	NaN	NaN	NaN	NaN	
6311457542000	6302698684200	None	Blink	(43.78, 166.81)	(351.31, 163.60)	NaN	NaN	NaN	NaN	NaN	
6311474209000	6302715351038	None	Blink	(43.50, 166.47)	(350.64, 163.39)	NaN	NaN	NaN	NaN	NaN	
6311490875000	6302732016806	None	Blink	(43.76, 166.42)	(350.76, 163.07)	NaN	NaN	NaN	NaN	NaN	
6311507542000	6302748683597	None	Blink	(44.26, 166.15)	(350.55, 162.92)	NaN	NaN	NaN	NaN	NaN	
6311524208000	6302765349411	None	Blink	(44.20, 165.79)	(350.58, 162.79)	NaN	NaN	NaN	NaN	NaN	
6311540875000	6302782016505	None	WinkRight	(44.58, 165.63)	(350.42, 162.81)	NaN	NaN	NaN	NaN	NaN	
6311557541000	6302798681985	None	Fixation	(43.83, 165.34)	(350.69, 163.01)	6281.22	1.23291	NaN	NaN	NaN	
6311574208000	6302815348806	None	Fixation	(43.93, 165.34)	(350.85, 163.07)	6281.22	1.249512	NaN	NaN	NaN	
6311590874000	6302832014997	None	Fixation	(44.43, 165.02)	(351.19, 163.41)	6281.22	1.266602	NaN	NaN	NaN	
6311607541000	6302848681875	None	Fixation	(44.12, 165.11)	(351.24, 163.57)	6281.22	1.283203	NaN	NaN	NaN	
6311624207000	6302865347825	None	Fixation	(44.46, 164.65)	(351.43, 163.82)	6281.22	1.299805	NaN	NaN	NaN	
6311640874000	6302882014243	None	Fixation	(44.16, 164.79)	(351.17, 163.66)	6281.22	1.316406	NaN	NaN	NaN	
6311674207000	6302915347198	None	Fixation	(44.34, 164.89)	(351.31, 163.50)	6281.22	1.349609	NaN	NaN	NaN	
6311674207000	6302915346610	None	Fixation	(44.34, 164.89)	(351.31, 163.50)	6281.22	1.349609	NaN	NaN	NaN	
6311690873000	6302932012384	None	Fixation	(43.99, 164.96)	(351.04, 163.78)	6281.22	1.366211	NaN	NaN	NaN	
6311724206000	6302965345184	None	Fixation	(43.95, 166.27)	(349.46, 162.69)	6281.22	1.399902	NaN	NaN	NaN	
6311724206000	6302965344975	None	Fixation	(43.95, 166.27)	(349.46, 162.69)	6281.22	1.399902	NaN	NaN	NaN	
6311757539000	6302998677753	None	Fixation	(44.28, 166.58)	(349.55, 162.51)	6281.22	1.433105	NaN	NaN	NaN	
6311757539000	6302998677565	None	Fixation	(44.28, 166.58)	(349.55, 162.51)	6281.22	1.433105	NaN	NaN	NaN	
6311774206000	6303015344382	None	Fixation	(44.42, 166.51)	(349.64, 162.82)	6281.22	1.449707	NaN	NaN	NaN	
6311790872000	6303032010156	None	Fixation	(43.95, 166.46)	(349.54, 162.60)	6281.22	1.466309	NaN	NaN	NaN	
6311807541000	6303048678996	None	Fixation	(43.89, 166.40)	(349.38, 162.58)	6281.22	1.48291	NaN	NaN	NaN	
6311824207000	6303065344758	None	Fixation	(44.27, 166.19)	(349.30, 162.76)	6281.22	1.499512	NaN	NaN	NaN	
6311857540000	6303098677568	None	Fixation	(44.03, 166.32)	(349.37, 162.93)	6281.22	1.533203	NaN	NaN	NaN	
6311857540000	6303098677394	None	Fixation	(44.03, 166.32)	(349.37, 162.93)	6281.22	1.533203	NaN	NaN	NaN	
6311890873000	6303132010473	None	Fixation	(44.37, 166.25)	(349.32, 162.78)	6281.22	1.566406	NaN	NaN	NaN	
6311907538000	6303148674957	None	Fixation	(44.62, 166.32)	(349.58, 162.85)	6281.22	1.583008	NaN	NaN	NaN	
6311924204000	6303165340746	None	Fixation	(44.45, 166.36)	(349.63, 162.74)	6281.22	1.599609	NaN	NaN	NaN	
6311940871000	6303182007582	None	Fixation	(45.57, 166.47)	(349.66, 162.79)	6281.22	1.616211	NaN	NaN	NaN	
6311957538000	6303198674383	None	Fixation	(44.08, 166.14)	(349.90, 162.91)	6281.22	1.633301	NaN	NaN	NaN	
6311974204000	6303215340244	None	Fixation	(45.29, 166.41)	(350.06, 162.94)	6281.22	1.649902	NaN	NaN	NaN	
6311990871000	6303232006964	None	Fixation	(43.94, 166.09)	(350.18, 162.92)	6281.22	1.666504	NaN	NaN	NaN	
6311990871000	6303232006819	None	Fixation	(43.94, 166.09)	(350.18, 162.92)	6281.22	1.666504	NaN	NaN	NaN	
6312024204000	6303265339566	None	Fixation	(45.18, 166.17)	(350.27, 163.02)	6281.22	1.699707	NaN	NaN	NaN	
6312040870000	6303282005385	None	Fixation	(44.36, 166.08)	(350.08, 162.96)	6281.22	1.716309	NaN	NaN	NaN	
6312057537000	6303298672177	None	Fixation	(44.53, 166.06)	(349.91, 162.89)	6281.22	1.73291	NaN	NaN	NaN	
6312074205000	6303315339967	None	Fixation	(44.47, 165.97)	(349.96, 162.92)	6281.22	1.749512	NaN	NaN	NaN	
6312090872000	6303332007144	None	Fixation	(44.58, 165.88)	(350.12, 163.02)	6281.22	1.766602	NaN	NaN	NaN	
6312107538000	6303348672565	None	Fixation	(44.95, 165.96)	(349.79, 163.19)	6281.22	1.783203	NaN	NaN	NaN	
6312124205000	6303365339354	None	Fixation	(45.07, 165.67)	(350.04, 163.26)	6281.22	1.799805	NaN	NaN	NaN	
6312140868000	6303382002127	None	Fixation	(45.00, 165.41)	(349.82, 163.43)	6281.22	1.816406	NaN	NaN	NaN	
6312157535000	6303398669337	None	Saccade	(49.10, 163.63)	(349.32, 166.92)	6283.037	0.01660156	55.04697	1.834899	217.3974	
6312174201000	6303415334770	None	Pursuit	(49.74, 164.43)	(348.28, 166.93)	6283.037	0.03320313	12.7817	1.567386	216.7888	
6312190868000	6303432002279	None	Pursuit	(50.97, 164.09)	(347.97, 167.34)	6283.07	0.01660156	15.63613	0.5212044	241.2415	
6312190868000	6303432001750	None	Pursuit	(50.97, 164.09)	(347.97, 167.34)	6283.07	0.01660156	15.63613	0.5212044	241.2415	
6312224201000	6303465334350	None	Unknown	(51.12, 163.74)	(347.69, 167.37)	NaN	NaN	NaN	NaN	NaN	
6312240867000	6303481999934	None	Fixation	(51.42, 163.49)	(347.58, 167.36)	6283.12	0.01660156	NaN	NaN	NaN	
6312257534000	6303498666735	None	Fixation	(51.34, 163.32)	(347.41, 167.42)	6283.12	0.03320313	NaN	NaN	NaN	
6312274200000	6303515332918	None	Fixation	(51.70, 163.49)	(347.23, 167.48)	6283.12	0.04980469	NaN	NaN	NaN	
6312290867000	6303531999325	None	Fixation	(51.74, 163.42)	(347.03, 167.85)	6283.12	0.06640625	NaN	NaN	NaN	
6312307533000	6303548665133	None	Fixation	(51.81, 163.41)	(347.30, 167.72)	6283.12	0.08300781	NaN	NaN	NaN	
6312324200000	6303565331936	None	Fixation	(52.34, 163.16)	(347.66, 167.57)	6283.12	0.09960938	NaN	NaN	NaN	
6312340866000	6303581997729	None	Fixation	(54.52, 162.53)	(347.11, 169.98)	6283.12	0.1166992	NaN	NaN	NaN	
6312357533000	6303598664559	None	Saccade	(56.29, 162.97)	(345.31, 171.22)	6283.237	0.01660156	22.53097	0.8950369	259.7356	
6312374200000	6303615331291	None	Pursuit	(56.01, 162.40)	(345.60, 171.21)	6283.237	0.03320313	7.900163	0.6147746	251.7784	
6312390866000	6303631997152	None	Pursuit	(57.11, 162.42)	(345.33, 171.64)	6283.237	0.04980469	13.50696	1.063464	254.4175	
6312407533000	6303648663950	None	Unknown	(57.44, 162.02)	(345.43, 171.69)	NaN	NaN	NaN	NaN	NaN	
6312424199000	6303665329833	None	Fixation	(57.06, 161.87)	(345.38, 171.47)	6283.303	0.01660156	NaN	NaN	NaN	
6312440865000	6303681995589	None	Fixation	(57.28, 161.80)	(345.50, 171.32)	6283.303	0.03320313	NaN	NaN	NaN	
6312457532000	6303698662345	None	Fixation	(57.29, 161.81)	(345.53, 171.61)	6283.303	0.05029297	NaN	NaN	NaN	
6312474199000	6303715329192	None	Fixation	(57.65, 161.77)	(345.56, 171.64)	6283.303	0.06689453	NaN	NaN	NaN	
6312490865000	6303731994941	None	Fixation	(57.60, 161.87)	(345.68, 171.62)	6283.303	0.08349609	NaN	NaN	NaN	
6312507533000	6303748662759	None	Fixation	(57.11, 161.56)	(345.52, 171.58)	6283.303	0.1000977	NaN	NaN	NaN	
6312524200000	6303765329593	None	Fixation	(57.70, 161.62)	(345.52, 171.67)	6283.303	0.1166992	NaN	NaN	NaN	
6312540865000	6303781994393	None	Fixation	(58.08, 161.52)	(345.21, 171.87)	6283.303	0.1333008	NaN	NaN	NaN	
6312557531000	6303798660155	None	Fixation	(57.73, 161.40)	(345.25, 171.86)	6283.303	0.1499023	NaN	NaN	NaN	
6312574198000	6303815326945	None	Fixation	(57.96, 161.41)	(345.09, 171.91)	6283.303	0.1665039	NaN	NaN	NaN	
6312590864000	6303831992821	None	Fixation	(58.23, 161.31)	(345.18, 172.11)	6283.303	0.1835938	NaN	NaN	NaN	
6312607533000	6303848661521	None	Fixation	(58.24, 161.32)	(344.98, 171.99)	6283.303	0.2001953	NaN	NaN	NaN	
6312624199000	6303865327428	None	Fixation	(58.54, 161.34)	(344.95, 172.33)	6283.303	0.2167969	NaN	NaN	NaN	
6312640864000	6303881992126	None	Fixation	(58.33, 161.12)	(344.93, 172.39)	6283.303	0.2333984	NaN	NaN	NaN	
6312657530000	6303898657907	None	Fixation	(58.66, 161.32)	(345.22, 172.95)	6283.303	0.25	NaN	NaN	NaN	
6312674199000	6303915326710	None	Fixation	(58.68, 160.91)	(344.88, 172.71)	6283.303	0.2666016	NaN	NaN	NaN	
6312690865000	6303931992515	None	Fixation	(59.10, 161.07)	(344.68, 172.92)	6283.303	0.2832031	NaN	NaN	NaN	
6312707530000	6303948657332	None	Fixation	(61.42, 160.29)	(344.52, 175.40)	6283.303	0.300293	NaN	NaN	NaN	
6312724196000	6303965323183	None	Saccade	(66.42, 159.85)	(341.99, 179.70)	6283.604	0.01660156	61.6943	2.056477	237.7142	
6312740863000	6303981989965	None	Unknown	(66.38, 159.67)	(341.56, 179.68)	NaN	NaN	NaN	NaN	NaN	
6312740863000	6303981989764	None	Unknown	(66.38, 159.67)	(341.56, 179.68)	NaN	NaN	NaN	NaN	NaN	
6312774196000	6304015322546	None	Pursuit	(67.10, 159.96)	(341.10, 179.76)	6283.637	0.03320313	1.804726	0.3197479	278.877	
6312790862000	6304031988539	None	Unknown	(66.90, 159.45)	(341.22, 179.60)	NaN	NaN	NaN	NaN	NaN	
6312807529000	6304048655421	None	Fixation	(67.00, 159.21)	(341.27, 179.38)	6283.687	0.01660156	NaN	NaN	NaN	
6312824195000	6304065320964	None	Fixation	(66.94, 159.43)	(340.94, 179.26)	6283.687	0.03320313	NaN	NaN	NaN	
6312840862000	6304081987793	None	Fixation	(67.27, 159.56)	(340.80, 179.51)	6283.687	0.05029297	NaN	NaN	NaN	
6312857529000	6304098654521	None	Fixation	(67.32, 159.33)	(340.72, 179.11)	6283.687	0.06689453	NaN	NaN	NaN	
6312874195000	6304115320328	None	Fixation	(67.15, 159.38)	(340.69, 179.26)	6283.687	0.08349609	NaN	NaN	NaN	
6312890862000	6304131987385	None	Fixation	(67.25, 159.44)	(340.54, 179.17)	6283.687	0.1000977	NaN	NaN	NaN	
6312907529000	6304148654454	None	Fixation	(67.05, 159.40)	(340.37, 179.33)	6283.687	0.1166992	NaN	NaN	NaN	
6312924195000	6304165319700	None	Fixation	(67.13, 159.53)	(340.34, 178.99)	6283.687	0.1333008	NaN	NaN	NaN	
6312940862000	6304181986515	None	Fixation	(67.11, 159.57)	(340.27, 178.95)	6283.687	0.1499023	NaN	NaN	NaN	
6312957529000	6304198653319	None	Fixation	(67.00, 159.48)	(340.14, 178.84)	6283.687	0.1669922	NaN	NaN	NaN	
6312974195000	6304215319151	None	Fixation	(67.01, 159.42)	(340.44, 178.83)	6283.687	0.1835938	NaN	NaN	NaN	
6312990862000	6304231985993	None	Fixation	(66.71, 159.45)	(340.42, 178.76)	6283.687	0.2001953	NaN	NaN	NaN	
6313007528000	6304248651745	None	Fixation	(66.11, 159.51)	(340.56, 178.19)	6283.687	0.2167969	NaN	NaN	NaN	
6313024195000	6304265318487	None	Saccade	(56.95, 162.22)	(343.93, 171.50)	6283.903	0.01660156	117.5016	3.916721	50.11721	
6313040861000	6304281984321	None	Saccade	(49.09, 165.74)	(346.87, 167.78)	6283.903	0.03320313	105.9079	7.430685	50.54556	
6313057528000	6304298651120	None	Unknown	(46.46, 166.81)	(349.46, 166.39)	NaN	NaN	NaN	NaN	NaN	
6313074194000	6304315317292	None	Pursuit	(45.83, 166.48)	(350.28, 166.06)	6283.953	0.01660156	8.742821	0.2914274	105.0775	
6313090861000	6304331983709	None	Pursuit	(45.50, 165.49)	(350.57, 165.58)	6283.953	0.03369141	12.82712	0.6694753	131.2129	
6313107527000	6304348650055	None	Pursuit	(45.77, 165.20)	(350.52, 165.45)	6283.953	0.05029297	4.868317	0.7191814	143.995	
6313124194000	6304365316362	None	Unknown	(46.19, 165.49)	(350.27, 165.37)	NaN	NaN	NaN	NaN	NaN	
6313140860000	6304381982089	None	Fixation	(46.00, 165.19)	(350.49, 165.48)	6284.02	0.01660156	NaN	NaN	NaN	
6313157527000	6304398648915	None	Fixation	(45.87, 164.95)	(350.54, 165.22)	6284.02	0.03320313	NaN	NaN	NaN	
6313174193000	6304415314696	None	Fixation	(45.80, 164.78)	(350.42, 165.18)	6284.02	0.04980469	NaN	NaN	NaN	
6313190860000	6304431981517	None	Fixation	(46.03, 164.79)	(350.49, 165.46)	6284.02	0.06640625	NaN	NaN	NaN	
6313207526000	6304448647341	None	Fixation	(46.33, 164.74)	(350.42, 165.26)	6284.02	0.08349609	NaN	NaN	NaN	
6313224193000	6304465314094	None	Fixation	(46.14, 164.51)	(350.43, 165.41)	6284.02	0.1000977	NaN	NaN	NaN	
6313240858000	6304481978907	None	Fixation	(46.10, 164.72)	(350.33, 165.13)	6284.02	0.1166992	NaN	NaN	NaN	
6313257525000	6304498645722	None	Fixation	(46.12, 164.68)	(350.27, 165.07)	6284.02	0.1333008	NaN	NaN	NaN	
6313274191000	6304515311524	None	Fixation	(44.75, 166.62)	(348.77, 163.14)	6284.02	0.1499023	NaN	NaN	NaN	
6313290858000	6304531978364	None	Fixation	(44.91, 166.30)	(348.92, 163.60)	6284.02	0.1665039	NaN	NaN	NaN	
6313307524000	6304548644096	None	Fixation	(45.08, 166.75)	(348.89, 163.36)	6284.02	0.1831055	NaN	NaN	NaN	
6313324191000	6304565310986	None	Fixation	(44.54, 166.48)	(348.94, 163.02)	6284.02	0.199707	NaN	NaN	NaN	
6313340859000	6304581978698	None	Fixation	(44.51, 166.26)	(348.91, 163.06)	6284.02	0.2167969	NaN	NaN	NaN	
6313357526000	6304598645540	None	Fixation	(44.60, 166.43)	(349.33, 162.84)	6284.02	0.2333984	NaN	NaN	NaN	
6313374190000	6304615309753	None	Fixation	(44.72, 166.26)	(349.27, 163.09)	6284.02	0.25	NaN	NaN	NaN	
6313390857000	6304631976569	None	Fixation	(44.63, 166.11)	(349.50, 163.04)	6284.02	0.2666016	NaN	NaN	NaN	
6313407523000	6304648641884	None	Fixation	(44.41, 166.11)	(349.50, 163.25)	6284.02	0.2832031	NaN	NaN	NaN	
6313424190000	6304665309155	None	Fixation	(44.58, 165.96)	(349.41, 163.05)	6284.02	0.2998047	NaN	NaN	NaN	
6313440856000	6304681974807	None	Fixation	(44.67, 165.98)	(349.51, 163.02)	6284.02	0.3164063	NaN	NaN	NaN	
6313457523000	6304698641690	None	Fixation	(44.69, 165.85)	(349.53, 163.23)	6284.02	0.3334961	NaN	NaN	NaN	
6313474190000	6304715309396	None	Fixation	(44.52, 165.82)	(349.67, 163.43)	6284.02	0.3500977	NaN	NaN	NaN	
6313490856000	6304731973873	None	Fixation	(44.66, 165.80)	(349.62, 163.17)	6284.02	0.3666992	NaN	NaN	NaN	
6313507523000	6304748640684	None	Fixation	(44.58, 165.96)	(349.66, 163.14)	6284.02	0.3833008	NaN	NaN	NaN	
6313524189000	6304765306532	None	Fixation	(44.69, 165.74)	(349.89, 163.31)	6284.02	0.3999023	NaN	NaN	NaN	
6313540856000	6304781973399	None	Fixation	(44.63, 165.70)	(349.78, 163.37)	6284.02	0.4165039	NaN	NaN	NaN	
6313557522000	6304798654561	None	Fixation	(44.57, 165.65)	(349.86, 163.16)	6284.02	0.4331055	NaN	NaN	NaN	
6313574190000	6304815306911	None	Fixation	(44.70, 165.41)	(349.75, 163.30)	6284.02	0.449707	NaN	NaN	NaN	
6313590857000	6304831973722	None	Fixation	(44.95, 165.41)	(350.12, 163.52)	6284.02	0.4667969	NaN	NaN	NaN	
6313607523000	6304848639522	None	Fixation	(44.75, 165.44)	(350.25, 163.66)	6284.02	0.4833984	NaN	NaN	NaN	
6313624190000	6304865306487	None	Fixation	(44.41, 165.33)	(350.28, 163.44)	6284.02	0.5	NaN	NaN	NaN	
6313640855000	6304881971143	None	Fixation	(44.73, 165.36)	(350.62, 163.74)	6284.02	0.5166016	NaN	NaN	NaN	
6313657521000	6304898636878	None	Fixation	(44.32, 165.25)	(350.63, 163.39)	6284.02	0.5332031	NaN	NaN	NaN	
6313674187000	6304915302717	None	Fixation	(44.43, 165.27)	(350.53, 163.43)	6284.02	0.5498047	NaN	NaN	NaN	
6313690854000	6304931969872	None	Fixation	(44.89, 165.11)	(350.68, 163.76)	6284.02	0.5664063	NaN	NaN	NaN	
6313707521000	6304948636296	None	Fixation	(44.73, 165.15)	(350.62, 163.70)	6284.02	0.5834961	NaN	NaN	NaN	
6313724187000	6304965302155	None	Fixation	(44.60, 165.19)	(350.63, 163.75)	6284.02	0.6000977	NaN	NaN	NaN	
6313740854000	6304981968917	None	Fixation	(45.06, 165.09)	(350.41, 163.77)	6284.02	0.6166992	NaN	NaN	NaN	
6313757520000	6304998634686	None	Fixation	(44.52, 165.15)	(350.59, 163.70)	6284.02	0.6333008	NaN	NaN	NaN	
6313774187000	6305015301718	None	Fixation	(44.70, 164.88)	(350.36, 163.67)	6284.02	0.6499023	NaN	NaN	NaN	
6313790853000	6305031967358	None	Fixation	(44.59, 164.99)	(350.70, 163.75)	6284.02	0.6665039	NaN	NaN	NaN	
6313807522000	6305048636142	None	Fixation	(44.34, 165.11)	(350.73, 163.62)	6284.02	0.6831055	NaN	NaN	NaN	
6313824188000	6305065301888	None	Fixation	(44.12, 165.17)	(350.75, 163.50)	6284.02	0.699707	NaN	NaN	NaN	
6313840853000	6305081966671	None	Fixation	(43.69, 166.10)	(349.73, 162.43)	6284.02	0.7167969	NaN	NaN	NaN	
6313857519000	6305098632895	None	Fixation	(43.73, 165.88)	(350.01, 162.93)	6284.02	0.7333984	NaN	NaN	NaN	
6313874186000	6305115299326	None	Fixation	(43.87, 165.97)	(350.04, 162.62)	6284.02	0.75	NaN	NaN	NaN	
6313890852000	6305131965109	None	Fixation	(43.80, 165.81)	(350.01, 162.58)	6284.02	0.7666016	NaN	NaN	NaN	
6313907519000	6305148631861	None	Fixation	(44.10, 165.85)	(350.02, 162.64)	6284.02	0.7832031	NaN	NaN	NaN	
6313924186000	6305165298747	None	Fixation	(43.89, 165.72)	(350.05, 162.52)	6284.02	0.7998047	NaN	NaN	NaN	
6313940852000	6305181964496	None	Fixation	(43.33, 166.17)	(349.82, 162.55)	6284.02	0.8164063	NaN	NaN	NaN	
6313957518000	6305198630280	None	Fixation	(44.28, 165.74)	(349.79, 162.60)	6284.02	0.8334961	NaN	NaN	NaN	
6313974185000	6305215297077	None	Fixation	(44.47, 165.67)	(349.79, 162.69)	6284.02	0.8500977	NaN	NaN	NaN	
6313990851000	6305231962836	None	Fixation	(44.32, 165.31)	(349.85, 162.81)	6284.02	0.8666992	NaN	NaN	NaN	
6314007518000	6305248629720	None	Fixation	(44.56, 165.48)	(349.77, 162.89)	6284.02	0.8833008	NaN	NaN	NaN	
6314024184000	6305265295468	None	Fixation	(44.59, 165.40)	(349.79, 163.00)	6284.02	0.8999023	NaN	NaN	NaN	
6314040851000	6305281962319	None	Fixation	(44.69, 165.35)	(349.66, 163.10)	6284.02	0.9165039	NaN	NaN	NaN	
6314057517000	6305298628080	None	Fixation	(45.00, 165.45)	(349.49, 163.01)	6284.02	0.9331055	NaN	NaN	NaN	
6314074184000	6305315294982	None	Fixation	(45.13, 165.40)	(349.38, 163.12)	6284.02	0.949707	NaN	NaN	NaN	
6314090850000	6305331960656	None	Fixation	(45.14, 165.55)	(349.38, 162.94)	6284.02	0.9667969	NaN	NaN	NaN	
6314107519000	6305348629448	None	Fixation	(45.29, 165.58)	(348.93, 163.02)	6284.02	0.9833984	NaN	NaN	NaN	
6314124185000	6305365295323	None	Fixation	(45.12, 165.67)	(348.93, 162.87)	6284.02	1	NaN	NaN	NaN	
6314140852000	6305381962109	None	Fixation	(45.39, 165.57)	(348.82, 162.81)	6284.02	1.016602	NaN	NaN	NaN	
6314157518000	6305398627882	None	Fixation	(45.42, 165.74)	(348.51, 162.82)	6284.02	1.033203	NaN	NaN	NaN	
6314174183000	6305415292763	None	Fixation	(45.86, 165.90)	(348.63, 162.76)	6284.02	1.049805	NaN	NaN	NaN	
6314190850000	6305431959528	None	Fixation	(45.02, 165.90)	(348.56, 162.81)	6284.02	1.066406	NaN	NaN	NaN	
6314207516000	6305448625329	None	Fixation	(44.65, 165.80)	(349.13, 162.67)	6284.02	1.083496	NaN	NaN	NaN	
6314224183000	6305465292039	None	Fixation	(44.75, 165.75)	(348.98, 162.53)	6284.02	1.100098	NaN	NaN	NaN	
6314240849000	6305481957812	None	Fixation	(44.73, 165.77)	(349.48, 162.97)	6284.02	1.116699	NaN	NaN	NaN	
6314257516000	6305498624644	None	Fixation	(44.75, 165.52)	(349.51, 162.95)	6284.02	1.133301	NaN	NaN	NaN	
6314274182000	6305515290926	None	Fixation	(44.69, 165.46)	(349.60, 162.91)	6284.02	1.149902	NaN	NaN	NaN	
6314290849000	6305531957286	None	Fixation	(44.78, 165.42)	(349.57, 163.04)	6284.02	1.166504	NaN	NaN	NaN	
6314307515000	6305548623101	None	Fixation	(44.80, 165.50)	(349.62, 163.14)	6284.02	1.183105	NaN	NaN	NaN	
6314324182000	6305565289849	None	Fixation	(44.95, 165.39)	(349.50, 163.35)	6284.02	1.199707	NaN	NaN	NaN	
6314340847000	6305581954664	None	Fixation	(45.21, 165.33)	(349.53, 163.37)	6284.02	1.216797	NaN	NaN	NaN	
6314357514000	6305598621479	None	Fixation	(45.04, 165.34)	(349.44, 163.43)	6284.02	1.233398	NaN	NaN	NaN	
6314374180000	6305615287272	None	Fixation	(44.96, 165.53)	(349.48, 163.37)	6284.02	1.25	NaN	NaN	NaN	
6314390847000	6305631954083	None	Fixation	(45.02, 165.49)	(349.46, 163.05)	6284.02	1.266602	NaN	NaN	NaN	
6314407513000	6305648619880	None	Fixation	(44.70, 165.55)	(349.47, 163.02)	6284.02	1.283203	NaN	NaN	NaN	
6314424180000	6305665286653	None	Fixation	(44.89, 165.57)	(349.43, 162.86)	6284.02	1.299805	NaN	NaN	NaN	
6314440845000	6305681951439	None	Fixation	(44.93, 165.51)	(349.31, 162.85)	6284.02	1.316406	NaN	NaN	NaN	
6314457512000	6305698618227	None	Fixation	(44.58, 165.45)	(349.31, 162.79)	6284.02	1.333008	NaN	NaN	NaN	
6314474178000	6305715284055	None	Fixation	(44.99, 165.63)	(349.27, 162.87)	6284.02	1.350098	NaN	NaN	NaN	
6314490845000	6305731950850	None	Fixation	(44.25, 165.75)	(349.37, 162.79)	6284.02	1.366699	NaN	NaN	NaN	
6314507511000	6305748616652	None	Fixation	(44.78, 165.60)	(349.20, 162.82)	6284.02	1.383301	NaN	NaN	NaN	
6314524178000	6305765283512	None	Fixation	(44.67, 165.55)	(349.38, 162.69)	6284.02	1.399902	NaN	NaN	NaN	
6314540844000	6305781949249	None	Fixation	(44.62, 165.53)	(349.28, 162.78)	6284.02	1.416504	NaN	NaN	NaN	
6314557511000	6305798616049	None	Fixation	(44.82, 165.61)	(349.18, 162.81)	6284.02	1.433105	NaN	NaN	NaN	
6314574177000	6305815281866	None	Fixation	(44.66, 165.48)	(349.25, 162.81)	6284.02	1.449707	NaN	NaN	NaN	
6314590844000	6305831948644	None	Fixation	(44.73, 165.53)	(349.64, 163.14)	6284.02	1.466797	NaN	NaN	NaN	
6314607510000	6305848614491	None	Fixation	(45.20, 165.51)	(349.37, 162.99)	6284.02	1.483398	NaN	NaN	NaN	
6314624177000	6305865281331	None	Fixation	(45.30, 165.50)	(349.36, 162.95)	6284.02	1.5	NaN	NaN	NaN	
6314640845000	6305881949063	None	Fixation	(45.39, 165.65)	(349.04, 163.05)	6284.02	1.516602	NaN	NaN	NaN	
6314657512000	6305898615872	None	Fixation	(45.42, 165.61)	(348.89, 163.02)	6284.02	1.533203	NaN	NaN	NaN	
6314674176000	6305915279674	None	Fixation	(45.71, 165.62)	(348.69, 162.96)	6284.02	1.549805	NaN	NaN	NaN	
6314690843000	6305931946460	None	Fixation	(45.94, 166.01)	(348.12, 162.82)	6284.02	1.566406	NaN	NaN	NaN	
6314707510000	6305948613235	None	Fixation	(46.17, 166.04)	(348.15, 162.82)	6284.02	1.583008	NaN	NaN	NaN	
6314724176000	6305965279030	None	Saccade	(47.04, 168.18)	(345.24, 162.06)	6285.603	0.01708984	36.91228	1.230409	297.5313	
6314740843000	6305981945826	None	Saccade	(48.64, 168.68)	(343.10, 163.02)	6285.62	0.01660156	20.64527	0.6881756	274.3139	
6314757509000	6305998612068	None	Pursuit	(49.19, 168.83)	(343.49, 162.86)	6285.62	0.03320313	7.005134	0.9215735	273.8066	
6314774177000	6306015279455	None	Pursuit	(49.50, 168.66)	(342.76, 162.90)	6285.62	0.04980469	4.3322	1.026492	267.9589	
6314790844000	6306031946260	None	Unknown	(49.62, 168.66)	(342.67, 163.06)	NaN	NaN	NaN	NaN	NaN	
6314807509000	6306048611047	None	Fixation	(49.50, 168.78)	(342.53, 162.80)	6285.687	0.01660156	NaN	NaN	NaN	
6314824175000	6306065276872	None	Fixation	(49.82, 168.86)	(342.17, 162.65)	6285.687	0.03320313	NaN	NaN	NaN	
6314840843000	6306081944675	None	Fixation	(49.97, 168.83)	(341.87, 162.97)	6285.687	0.05029297	NaN	NaN	NaN	
6314857510000	6306098611438	None	Fixation	(50.00, 168.95)	(341.81, 162.96)	6285.687	0.06689453	NaN	NaN	NaN	
6314874175000	6306115276276	None	Fixation	(50.34, 169.31)	(341.60, 162.90)	6285.687	0.08349609	NaN	NaN	NaN	
6314890841000	6306131942095	None	Fixation	(50.41, 169.59)	(341.22, 163.02)	6285.687	0.1000977	NaN	NaN	NaN	
6314907508000	6306148608829	None	Fixation	(52.59, 170.18)	(339.41, 163.46)	6285.687	0.1166992	NaN	NaN	NaN	
6314924174000	6306165274614	None	Fixation	(52.52, 170.14)	(338.82, 163.28)	6285.687	0.1333008	NaN	NaN	NaN	
6314940841000	6306181941509	None	Fixation	(52.69, 170.35)	(338.50, 163.12)	6285.687	0.1499023	NaN	NaN	NaN	
6314957507000	6306198607230	None	Fixation	(53.21, 170.25)	(338.21, 163.25)	6285.687	0.1665039	NaN	NaN	NaN	
6314974174000	6306215274215	None	Fixation	(53.30, 170.10)	(338.06, 163.12)	6285.687	0.1835938	NaN	NaN	NaN	
6314990840000	6306231939819	None	Fixation	(53.37, 170.60)	(337.56, 162.74)	6285.687	0.2001953	NaN	NaN	NaN	
6315007507000	6306248606644	None	Fixation	(53.77, 170.81)	(337.20, 162.83)	6285.687	0.2167969	NaN	NaN	NaN	
6315024173000	6306265272513	None	Fixation	(54.04, 171.16)	(336.22, 162.85)	6285.687	0.2333984	NaN	NaN	NaN	
6315040840000	6306281939358	None	Saccade	(55.17, 173.18)	(333.60, 162.55)	6285.92	0.01660156	32.4124	1.080413	289.5521	
6315057506000	6306298605077	None	Saccade	(55.57, 172.52)	(333.62, 162.74)	6285.937	0.01660156	9.494256	0.3164752	197.998	
6315074175000	6306315273804	None	Pursuit	(56.06, 172.94)	(333.29, 162.68)	6285.92	0.04980469	4.178217	1.203351	286.4217	
6315090841000	6306331939623	None	Fixation	(56.36, 173.20)	(332.96, 162.88)	6285.97	0.01708984	NaN	NaN	NaN	
6315107506000	6306348604742	None	Fixation	(56.51, 172.95)	(332.63, 162.81)	6285.97	0.03369141	NaN	NaN	NaN	
6315124172000	6306365270196	None	Fixation	(56.52, 172.91)	(332.39, 162.72)	6285.97	0.05029297	NaN	NaN	NaN	
6315140839000	6306381937088	None	Fixation	(56.90, 173.21)	(331.81, 162.75)	6285.97	0.06689453	NaN	NaN	NaN	
6315157505000	6306398602860	None	Fixation	(56.84, 173.12)	(331.66, 162.70)	6285.97	0.08349609	NaN	NaN	NaN	
6315174172000	6306415270035	None	Fixation	(57.02, 173.77)	(331.44, 162.54)	6285.97	0.1000977	NaN	NaN	NaN	
6315190838000	6306431935398	None	Fixation	(57.16, 173.84)	(331.26, 162.53)	6285.97	0.1166992	NaN	NaN	NaN	
6315207505000	6306448602211	None	Fixation	(57.18, 173.62)	(330.95, 162.43)	6285.97	0.1333008	NaN	NaN	NaN	
6315224172000	6306465269060	None	Fixation	(57.09, 173.96)	(330.79, 162.47)	6285.97	0.1503906	NaN	NaN	NaN	
6315240840000	6306481937948	None	Fixation	(57.29, 173.98)	(330.66, 162.48)	6285.97	0.1669922	NaN	NaN	NaN	
6315257506000	6306498602683	None	Fixation	(57.52, 174.20)	(330.33, 162.61)	6285.97	0.1835938	NaN	NaN	NaN	
6315274171000	6306515267445	None	Fixation	(57.75, 173.98)	(330.08, 162.60)	6285.97	0.2001953	NaN	NaN	NaN	
6315290838000	6306531934230	None	Fixation	(57.50, 174.23)	(330.04, 162.51)	6285.97	0.2167969	NaN	NaN	NaN	
6315307504000	6306548600007	None	Fixation	(57.62, 174.35)	(330.10, 162.58)	6285.97	0.2333984	NaN	NaN	NaN	
6315324171000	6306565266858	None	Fixation	(57.57, 174.21)	(329.84, 162.47)	6285.97	0.25	NaN	NaN	NaN	
6315340837000	6306581932612	None	Fixation	(57.66, 174.34)	(329.69, 162.67)	6285.97	0.2670898	NaN	NaN	NaN	
6315357504000	6306598599655	None	Fixation	(57.72, 174.61)	(329.61, 162.40)	6285.97	0.2836914	NaN	NaN	NaN	
6315374170000	6306615265223	None	Fixation	(57.59, 174.21)	(329.76, 162.32)	6285.97	0.300293	NaN	NaN	NaN	
6315390837000	6306631931990	None	Fixation	(57.69, 174.70)	(329.58, 162.26)	6285.97	0.3168945	NaN	NaN	NaN	
6315407503000	6306648597797	None	Fixation	(57.72, 174.73)	(329.70, 162.32)	6285.97	0.3334961	NaN	NaN	NaN	
6315424170000	6306665264589	None	Fixation	(57.49, 174.32)	(329.41, 162.25)	6285.97	0.3500977	NaN	NaN	NaN	
6315440836000	6306681930381	None	Fixation	(57.73, 174.57)	(329.46, 162.32)	6285.97	0.3666992	NaN	NaN	NaN	
6315457503000	6306698597651	None	Fixation	(57.94, 174.77)	(329.10, 162.09)	6285.97	0.3833008	NaN	NaN	NaN	
6315474168000	6306715262486	None	Fixation	(57.81, 174.44)	(329.02, 162.14)	6285.97	0.4003906	NaN	NaN	NaN	
6315490835000	6306731929102	None	Fixation	(57.76, 174.74)	(329.11, 162.04)	6285.97	0.4169922	NaN	NaN	NaN	
6315507501000	6306748595051	None	Fixation	(57.86, 174.63)	(329.16, 162.34)	6285.97	0.4335938	NaN	NaN	NaN	
6315524168000	6306765261400	None	Saccade	(54.06, 170.38)	(336.07, 162.37)	6286.403	0.01660156	70.12481	2.831346	114.2326	
6315540836000	6306781929206	None	Saccade	(50.23, 169.26)	(342.60, 164.13)	6286.403	0.03320313	49.08098	5.559875	111.375	
6315557503000	6306798596398	None	Unknown	(48.14, 168.42)	(345.63, 164.83)	NaN	NaN	NaN	NaN	NaN	
6315574167000	6306815259896	None	Pursuit	(47.77, 167.99)	(346.56, 164.73)	6286.453	0.01660156	7.035808	0.2345269	126.0289	
6315590834000	6306831926598	None	Pursuit	(47.26, 167.40)	(347.23, 164.00)	6286.453	0.03369141	9.628163	0.5554637	126.2098	
6315607500000	6306848592716	None	Pursuit	(47.14, 167.27)	(347.13, 163.94)	6286.453	0.05029297	2.155178	0.6273022	126.2409	
6315624167000	6306865259277	None	Unknown	(47.06, 167.30)	(347.14, 164.33)	NaN	NaN	NaN	NaN	NaN	
6315640835000	6306881927418	None	Fixation	(46.97, 167.42)	(347.29, 164.16)	6286.52	0.01660156	NaN	NaN	NaN	
6315657502000	6306898594249	None	Fixation	(47.24, 167.15)	(347.22, 163.87)	6286.52	0.03320313	NaN	NaN	NaN	
6315674167000	6306915258603	None	Fixation	(46.97, 167.02)	(347.38, 163.81)	6286.52	0.04980469	NaN	NaN	NaN	
6315690834000	6306931925835	None	Fixation	(47.10, 166.88)	(347.63, 163.96)	6286.52	0.06640625	NaN	NaN	NaN	
6315707499000	6306948590218	None	Fixation	(46.95, 166.80)	(347.65, 163.97)	6286.52	0.08300781	NaN	NaN	NaN	
6315724166000	6306965256951	None	Fixation	(47.03, 166.79)	(347.44, 163.88)	6286.52	0.1000977	NaN	NaN	NaN	
6315740832000	6306981923598	None	Fixation	(46.76, 166.85)	(347.56, 163.80)	6286.52	0.1166992	NaN	NaN	NaN	
6315757499000	6306998589579	None	Fixation	(46.75, 166.84)	(347.65, 163.74)	6286.52	0.1333008	NaN	NaN	NaN	
6315774166000	6307015256384	None	Fixation	(46.78, 166.78)	(347.71, 163.68)	6286.52	0.1499023	NaN	NaN	NaN	
6315790832000	6307031922450	None	Fixation	(45.10, 166.42)	(349.13, 163.22)	6286.52	0.1665039	NaN	NaN	NaN	
6315807500000	6307048589970	None	Fixation	(45.14, 166.53)	(349.25, 163.55)	6286.52	0.1831055	NaN	NaN	NaN	
6315824167000	6307065256819	None	Fixation	(45.14, 166.53)	(349.10, 163.17)	6286.52	0.199707	NaN	NaN	NaN	
6315840832000	6307081921572	None	Fixation	(45.17, 166.39)	(349.41, 163.22)	6286.52	0.2167969	NaN	NaN	NaN	
6315857498000	6307098587384	None	Fixation	(45.03, 166.37)	(349.29, 163.13)	6286.52	0.2333984	NaN	NaN	NaN	
6315874166000	6307115255170	None	Fixation	(44.93, 166.31)	(349.29, 163.22)	6286.52	0.25	NaN	NaN	NaN	
6315890833000	6307131922010	None	Fixation	(44.87, 166.63)	(349.36, 163.21)	6286.52	0.2666016	NaN	NaN	NaN	
6315907498000	6307148586762	None	Fixation	(44.89, 166.29)	(349.13, 163.18)	6286.52	0.2832031	NaN	NaN	NaN	
6315924164000	6307165252574	None	Fixation	(45.17, 166.19)	(349.18, 163.25)	6286.52	0.2998047	NaN	NaN	NaN	
6315940832000	6307181920356	None	Fixation	(45.14, 166.18)	(349.23, 163.34)	6286.52	0.3164063	NaN	NaN	NaN	
6315957499000	6307198587223	None	Fixation	(45.13, 166.19)	(349.15, 163.15)	6286.52	0.3330078	NaN	NaN	NaN	
6315974164000	6307215251962	None	Fixation	(45.26, 166.28)	(349.12, 163.22)	6286.52	0.3500977	NaN	NaN	NaN	
6315990830000	6307231917759	None	Fixation	(45.23, 165.97)	(349.24, 163.18)	6286.52	0.3666992	NaN	NaN	NaN	
6316007497000	6307248584566	None	Fixation	(44.97, 166.24)	(349.40, 163.05)	6286.52	0.3833008	NaN	NaN	NaN	
6316024163000	6307265250353	None	Fixation	(45.26, 166.20)	(349.32, 163.22)	6286.52	0.3999023	NaN	NaN	NaN	
6316040832000	6307281919148	None	Fixation	(45.05, 166.18)	(349.17, 163.20)	6286.52	0.4165039	NaN	NaN	NaN	
6316057498000	6307298584996	None	Fixation	(45.37, 166.05)	(349.19, 163.33)	6286.52	0.4331055	NaN	NaN	NaN	
6316074163000	6307315249766	None	Fixation	(45.24, 166.17)	(348.92, 163.33)	6286.52	0.449707	NaN	NaN	NaN	
6316090829000	6307331915524	None	Fixation	(45.41, 166.11)	(349.12, 163.30)	6286.52	0.4667969	NaN	NaN	NaN	
6316107496000	6307348582763	None	Fixation	(45.22, 166.27)	(348.90, 163.14)	6286.52	0.4833984	NaN	NaN	NaN	
6316124162000	6307365248459	None	Fixation	(45.30, 166.20)	(349.02, 163.10)	6286.52	0.5	NaN	NaN	NaN	
6316140831000	6307381917025	None	Fixation	(45.12, 166.00)	(348.93, 162.88)	6286.52	0.5166016	NaN	NaN	NaN	
6316157497000	6307398582792	None	Fixation	(44.97, 166.07)	(349.47, 162.91)	6286.52	0.5332031	NaN	NaN	NaN	
6316174162000	6307415247543	None	Fixation	(44.78, 166.06)	(349.15, 162.71)	6286.52	0.5498047	NaN	NaN	NaN	
6316190828000	6307431913425	None	Fixation	(44.42, 166.09)	(349.52, 162.59)	6286.52	0.5664063	NaN	NaN	NaN	
6316207495000	6307448580489	None	Fixation	(44.43, 165.59)	(349.90, 162.94)	6286.52	0.5830078	NaN	NaN	NaN	
6316224162000	6307465247246	None	Fixation	(44.28, 165.53)	(350.19, 162.73)	6286.52	0.6000977	NaN	NaN	NaN	
6316240828000	6307481913144	None	Fixation	(44.14, 165.69)	(349.82, 162.86)	6286.52	0.6166992	NaN	NaN	NaN	
6316257495000	6307498579863	None	Fixation	(44.25, 165.59)	(350.12, 162.79)	6286.52	0.6333008	NaN	NaN	NaN	
6316274161000	6307515245341	None	Fixation	(44.38, 165.50)	(350.24, 162.77)	6286.52	0.6499023	NaN	NaN	NaN	
6316290828000	6307531912152	None	Fixation	(44.38, 165.40)	(350.18, 162.66)	6286.52	0.6665039	NaN	NaN	NaN	
6316307496000	6307548579958	None	Fixation	(44.45, 165.25)	(350.03, 162.68)	6286.52	0.6831055	NaN	NaN	NaN	
6316324162000	6307565245734	None	Fixation	(44.69, 165.30)	(350.03, 162.72)	6286.52	0.699707	NaN	NaN	NaN	
6316340827000	6307581910547	None	Fixation	(44.56, 165.38)	(350.21, 162.93)	6286.52	0.7167969	NaN	NaN	NaN	
6316357494000	6307598577334	None	Fixation	(44.59, 165.27)	(349.90, 162.91)	6286.52	0.7333984	NaN	NaN	NaN	
6316374160000	6307615243141	None	Fixation	(44.47, 165.43)	(349.99, 162.68)	6286.52	0.75	NaN	NaN	NaN	
6316390827000	6307631909958	None	Fixation	(44.62, 165.39)	(349.98, 162.70)	6286.52	0.7666016	NaN	NaN	NaN	
6316407493000	6307648576058	None	Fixation	(44.53, 165.52)	(349.79, 162.43)	6286.52	0.7832031	NaN	NaN	NaN	
6316424160000	6307665242517	None	Fixation	(44.19, 165.75)	(349.74, 162.47)	6286.52	0.7998047	NaN	NaN	NaN	
6316440826000	6307681908308	None	Fixation	(44.25, 165.75)	(349.82, 162.38)	6286.52	0.8164063	NaN	NaN	NaN	
6316457493000	6307698575131	None	Fixation	(44.39, 165.89)	(349.70, 162.37)	6286.52	0.8330078	NaN	NaN	NaN	
6316474159000	6307715240934	None	Fixation	(44.27, 165.77)	(349.65, 162.24)	6286.52	0.8500977	NaN	NaN	NaN	
6316490826000	6307731907720	None	Fixation	(44.29, 165.86)	(349.80, 162.34)	6286.52	0.8666992	NaN	NaN	NaN	
6316507493000	6307748574554	None	Fixation	(44.10, 165.85)	(349.72, 162.42)	6286.52	0.8833008	NaN	NaN	NaN	
6316524160000	6307765241331	None	Fixation	(44.26, 165.77)	(349.77, 162.40)	6286.52	0.8999023	NaN	NaN	NaN	
6316540824000	6307781905101	None	Fixation	(44.05, 165.86)	(349.79, 162.40)	6286.52	0.9165039	NaN	NaN	NaN	
6316557491000	6307798572320	None	Fixation	(44.41, 165.73)	(349.74, 162.48)	6286.52	0.9331055	NaN	NaN	NaN	
6316574159000	6307815240058	None	Fixation	(44.34, 165.75)	(349.83, 162.69)	6286.52	0.949707	NaN	NaN	NaN	
6316590826000	6307831906518	None	Fixation	(44.54, 165.61)	(349.86, 162.72)	6286.52	0.9667969	NaN	NaN	NaN	
6316607490000	6307848570313	None	Fixation	(44.40, 165.67)	(349.90, 162.72)	6286.52	0.9833984	NaN	NaN	NaN	
6316624157000	6307865237184	None	Fixation	(44.34, 165.60)	(349.85, 162.68)	6286.52	1	NaN	NaN	NaN	
6316640823000	6307881902922	None	Fixation	(44.92, 165.14)	(350.00, 163.27)	6286.52	1.016602	NaN	NaN	NaN	
6316657490000	6307898569702	None	Fixation	(45.62, 165.07)	(349.77, 163.71)	6286.52	1.033203	NaN	NaN	NaN	
6316674158000	6307915237525	None	Fixation	(45.18, 164.86)	(349.94, 163.66)	6286.52	1.049805	NaN	NaN	NaN	
6316690825000	6307931904316	None	Fixation	(45.69, 164.97)	(349.88, 163.75)	6286.52	1.066406	NaN	NaN	NaN	
6316707491000	6307948570141	None	Fixation	(45.80, 165.10)	(349.81, 163.73)	6286.52	1.083008	NaN	NaN	NaN	
6316724158000	6307965236913	None	Fixation	(45.27, 165.07)	(350.03, 163.79)	6286.52	1.100098	NaN	NaN	NaN	
6316740822000	6307981900717	None	Fixation	(45.31, 164.87)	(349.90, 163.61)	6286.52	1.116699	NaN	NaN	NaN	
6316757489000	6307998568067	None	Fixation	(45.33, 165.01)	(350.06, 163.71)	6286.52	1.133301	NaN	NaN	NaN	
6316774155000	6308015233530	None	Fixation	(45.24, 164.96)	(349.80, 163.51)	6286.52	1.149902	NaN	NaN	NaN	
6316790822000	6308031900116	None	Fixation	(45.58, 164.95)	(349.99, 163.73)	6286.52	1.166504	NaN	NaN	NaN	
6316807489000	6308048567279	None	Fixation	(45.43, 165.06)	(349.92, 163.61)	6286.52	1.183105	NaN	NaN	NaN	
6316824155000	6308065233106	None	Fixation	(45.36, 165.21)	(349.87, 163.44)	6286.52	1.199707	NaN	NaN	NaN	
6316840822000	6308081899502	None	Fixation	(45.20, 165.18)	(349.86, 163.42)	6286.52	1.216797	NaN	NaN	NaN	
6316857488000	6308098565726	None	Fixation	(44.95, 165.29)	(349.66, 163.31)	6286.52	1.233398	NaN	NaN	NaN	
6316874155000	6308115232363	None	Fixation	(44.67, 165.66)	(349.57, 162.90)	6286.52	1.25	NaN	NaN	NaN	
6316890821000	6308131897927	None	Fixation	(44.34, 165.66)	(349.85, 162.74)	6286.52	1.266602	NaN	NaN	NaN	
6316907488000	6308148565071	None	Fixation	(44.03, 165.93)	(350.03, 162.71)	6286.52	1.283203	NaN	NaN	NaN	
6316924154000	6308165230838	None	Fixation	(43.67, 166.19)	(349.98, 162.33)	6286.52	1.299805	NaN	NaN	NaN	
6316940821000	6308181897294	None	Fixation	(43.57, 166.39)	(350.02, 162.20)	6286.52	1.316406	NaN	NaN	NaN	
6316957487000	6308198563096	None	Fixation	(41.70, 167.76)	(349.54, 161.04)	6286.52	1.333008	NaN	NaN	NaN	
6316974154000	6308215230190	None	Saccade	(38.94, 169.91)	(349.41, 159.21)	6287.853	0.01708984	43.13665	1.437889	39.08256	
6316990820000	6308231895705	None	Saccade	(39.30, 170.59)	(349.21, 159.15)	6287.87	0.01660156	2.519995	0.08399985	298.7206	
6317007489000	6308248564718	None	Pursuit	(38.83, 170.52)	(349.38, 158.54)	6287.853	0.05029297	5.878852	1.634005	33.11536	
6317024155000	6308265230317	None	Pursuit	(37.90, 170.81)	(349.47, 158.15)	6287.853	0.06689453	12.00532	2.000078	38.24051	
6317040822000	6308281897106	None	Fixation	(37.41, 170.78)	(349.73, 157.56)	6287.92	0.01660156	NaN	NaN	NaN	
6317057488000	6308298562912	None	Fixation	(36.71, 171.51)	(349.60, 157.10)	6287.937	0.01660156	NaN	NaN	NaN	
6317074154000	6308315228702	None	Fixation	(36.41, 171.74)	(349.62, 156.89)	6287.937	0.03320313	NaN	NaN	NaN	
6317090820000	6308331894495	None	Fixation	(35.51, 172.07)	(349.93, 156.45)	6287.937	0.05029297	NaN	NaN	NaN	
6317107487000	6308348561298	None	Fixation	(34.88, 172.37)	(349.90, 156.15)	6287.937	0.06689453	NaN	NaN	NaN	
6317124153000	6308365227081	None	Fixation	(34.61, 172.36)	(350.22, 155.76)	6287.937	0.08349609	NaN	NaN	NaN	
6317140820000	6308381893905	None	Fixation	(34.26, 172.40)	(350.20, 155.53)	6287.937	0.1000977	NaN	NaN	NaN	
6317157486000	6308398560208	None	Fixation	(33.38, 173.17)	(349.94, 154.73)	6287.937	0.1166992	NaN	NaN	NaN	
6317174152000	6308415225780	None	Saccade	(31.22, 175.14)	(350.24, 153.20)	6288.053	0.01660156	36.03334	1.201111	34.71778	
6317190819000	6308431892935	None	Pursuit	(31.28, 175.34)	(350.44, 153.26)	6288.053	0.03320313	2.604531	1.24003	31.07374	
6317207486000	6308448559527	None	Pursuit	(30.24, 175.66)	(350.43, 152.75)	6288.053	0.04980469	13.39025	1.644882	38.6183	
6317224152000	6308465225194	None	Pursuit	(29.97, 175.37)	(350.82, 152.50)	6288.053	0.06689453	4.808192	1.664518	44.12834	
6317240819000	6308481891845	None	Fixation	(29.40, 175.43)	(350.68, 151.98)	6287.92	0.2167969	NaN	NaN	NaN	
6317257485000	6308498557482	None	Fixation	(29.11, 175.93)	(350.79, 151.67)	6288.137	0.01660156	NaN	NaN	NaN	
6317274152000	6308515224278	None	Fixation	(28.81, 175.96)	(350.90, 151.80)	6288.137	0.03320313	NaN	NaN	NaN	
6317290819000	6308531891548	None	Fixation	(28.77, 176.01)	(351.04, 151.53)	6288.137	0.04980469	NaN	NaN	NaN	
6317307485000	6308548557110	None	Fixation	(28.58, 175.94)	(351.20, 151.48)	6288.137	0.06640625	NaN	NaN	NaN	
6317324152000	6308565223999	None	Fixation	(28.72, 176.13)	(351.06, 151.29)	6288.137	0.08300781	NaN	NaN	NaN	
6317340820000	6308581891456	None	Fixation	(28.36, 176.28)	(350.85, 151.17)	6288.137	0.1000977	NaN	NaN	NaN	
6317357486000	6308598557283	None	Fixation	(28.08, 176.43)	(350.88, 150.89)	6288.137	0.1166992	NaN	NaN	NaN	
6317374151000	6308615222405	None	Fixation	(27.71, 176.90)	(350.96, 150.76)	6288.137	0.1333008	NaN	NaN	NaN	
6317390818000	6308631888901	None	Fixation	(27.70, 176.79)	(350.82, 150.27)	6288.137	0.1499023	NaN	NaN	NaN	
6317407486000	6308648556689	None	Fixation	(27.45, 176.93)	(350.88, 150.11)	6288.137	0.1665039	NaN	NaN	NaN	
6317424152000	6308665222477	None	Fixation	(26.87, 177.24)	(351.00, 150.07)	6288.137	0.1831055	NaN	NaN	NaN	
6317440817000	6308681887293	None	Fixation	(26.88, 177.59)	(350.87, 149.92)	6288.137	0.199707	NaN	NaN	NaN	
6317457484000	6308698554049	None	Fixation	(26.71, 177.50)	(350.82, 149.80)	6288.137	0.2163086	NaN	NaN	NaN	
6317474150000	6308715220217	None	Fixation	(26.71, 177.43)	(350.85, 149.70)	6288.137	0.2333984	NaN	NaN	NaN	
6317490817000	6308731886670	None	Fixation	(26.86, 177.38)	(350.88, 149.65)	6288.137	0.25	NaN	NaN	NaN	
6317507483000	6308748552500	None	Fixation	(26.81, 177.39)	(351.02, 149.68)	6288.137	0.2666016	NaN	NaN	NaN	
6317524150000	6308765219657	None	Fixation	(27.25, 177.39)	(350.70, 149.68)	6288.137	0.2832031	NaN	NaN	NaN	
6317540816000	6308781885061	None	Saccade	(31.90, 173.21)	(351.80, 153.66)	6288.42	0.01660156	76.87981	2.56266	196.3066	
6317557483000	6308798551872	None	Saccade	(38.47, 169.43)	(351.96, 159.19)	6288.42	0.03320313	93.29408	5.641057	203.5637	
6317574150000	6308815218718	None	Unknown	(39.48, 168.43)	(351.79, 160.55)	NaN	NaN	NaN	NaN	NaN	
6317590817000	6308831885453	None	Pursuit	(39.73, 168.25)	(351.56, 160.40)	6288.47	0.01708984	3.890043	0.1296681	220.3896	
6317607483000	6308848551433	None	Pursuit	(40.29, 168.19)	(351.55, 160.26)	6288.47	0.03369141	6.846619	0.3459465	240.1978	
6317624150000	6308865218053	None	Unknown	(39.86, 167.96)	(351.77, 160.28)	NaN	NaN	NaN	NaN	NaN	
6317640814000	6308881881929	None	Fixation	(39.61, 167.72)	(351.65, 160.41)	6288.52	0.01660156	NaN	NaN	NaN	
6317657481000	6308898548919	None	Fixation	(39.84, 167.93)	(351.54, 160.34)	6288.52	0.03320313	NaN	NaN	NaN	
6317674148000	6308915215653	None	Fixation	(40.50, 167.74)	(351.40, 160.71)	6288.52	0.04980469	NaN	NaN	NaN	
6317690815000	6308931882616	None	Saccade	(43.58, 166.34)	(350.93, 162.88)	6288.57	0.01660156	41.54111	1.384704	232.6239	
6317707480000	6308948547315	None	Pursuit	(43.93, 166.87)	(350.41, 162.75)	6288.57	0.03320313	7.729506	1.449701	242.7192	
6317724147000	6308965213871	None	Pursuit	(43.68, 166.72)	(350.07, 162.87)	6288.57	0.05029297	3.546538	1.368512	239.2232	
6317740814000	6308981880680	None	Pursuit	(44.16, 166.69)	(349.95, 162.89)	6288.57	0.06689453	5.954359	1.561212	241.0871	
6317757480000	6308998546453	None	Fixation	(44.01, 166.83)	(350.15, 162.75)	6288.52	0.1333008	NaN	NaN	NaN	
6317757480000	6308998546458	None	Fixation	(44.01, 166.83)	(350.15, 162.75)	6288.52	0.1333008	NaN	NaN	NaN	
6317790814000	6309031880055	None	Fixation	(43.68, 166.72)	(350.18, 162.55)	6288.653	0.03320313	NaN	NaN	NaN	
6317807479000	6309048544878	None	Fixation	(43.52, 166.87)	(349.92, 162.62)	6288.653	0.04980469	NaN	NaN	NaN	
6317824146000	6309065211985	None	Fixation	(44.01, 166.62)	(350.04, 162.66)	6288.653	0.06640625	NaN	NaN	NaN	
6317824146000	6309065211869	None	Fixation	(44.01, 166.62)	(350.04, 162.66)	6288.653	0.06640625	NaN	NaN	NaN	
6317840814000	6309081879456	None	Fixation	(43.77, 166.60)	(350.06, 162.48)	6288.653	0.08300781	NaN	NaN	NaN	
6317874146000	6309115211067	None	Fixation	(43.74, 166.82)	(349.68, 162.19)	6288.653	0.1166992	NaN	NaN	NaN	
6317890812000	6309131876842	None	Fixation	(44.64, 166.04)	(349.94, 163.14)	6288.653	0.1333008	NaN	NaN	NaN	
6317907480000	6309148544686	None	Fixation	(44.73, 166.14)	(349.77, 162.88)	6288.653	0.1499023	NaN	NaN	NaN	
6317907480000	6309148544626	None	Fixation	(44.73, 166.14)	(349.77, 162.88)	6288.653	0.1499023	NaN	NaN	NaN	
6317940812000	6309181876266	None	Fixation	(44.93, 166.13)	(349.42, 162.80)	6288.653	0.1831055	NaN	NaN	NaN	
6317957478000	6309198542047	None	Fixation	(44.61, 166.08)	(349.96, 162.74)	6288.653	0.199707	NaN	NaN	NaN	
6317974145000	6309215208862	None	Fixation	(44.37, 165.96)	(349.66, 162.71)	6288.653	0.2167969	NaN	NaN	NaN	
6317974145000	6309215208847	None	Fixation	(44.37, 165.96)	(349.66, 162.71)	6288.653	0.2167969	NaN	NaN	NaN	
6317990811000	6309231874643	None	Fixation	(44.44, 165.85)	(350.05, 162.70)	6288.653	0.2333984	NaN	NaN	NaN	
6318007478000	6309248541455	None	Fixation	(44.32, 165.88)	(349.95, 162.62)	6288.653	0.25	NaN	NaN	NaN	
6318024144000	6309265207249	None	Fixation	(44.42, 166.03)	(349.99, 162.49)	6288.653	0.2666016	NaN	NaN	NaN	
6318040811000	6309281874030	None	Fixation	(44.48, 165.86)	(349.90, 162.47)	6288.653	0.2832031	NaN	NaN	NaN	
6318057477000	6309298539828	None	Fixation	(44.48, 165.95)	(349.75, 162.30)	6288.653	0.2998047	NaN	NaN	NaN	
6318074144000	6309315206650	None	Fixation	(44.17, 165.94)	(350.01, 162.36)	6288.653	0.3164063	NaN	NaN	NaN	
6318090810000	6309331872441	None	Fixation	(44.20, 166.03)	(349.87, 162.21)	6288.653	0.3330078	NaN	NaN	NaN	
6318107477000	6309348539238	None	Fixation	(43.81, 166.16)	(349.74, 162.13)	6288.653	0.3500977	NaN	NaN	NaN	
6318124143000	6309365205100	None	Fixation	(44.23, 165.90)	(349.77, 162.04)	6288.653	0.3666992	NaN	NaN	NaN	
6318140812000	6309381873849	None	Fixation	(44.53, 165.54)	(349.69, 162.41)	6288.653	0.3833008	NaN	NaN	NaN	
6318157478000	6309398539641	None	Fixation	(44.37, 165.60)	(349.75, 162.47)	6288.653	0.3999023	NaN	NaN	NaN	
6318174143000	6309415204450	None	Fixation	(44.39, 165.18)	(350.04, 162.66)	6288.653	0.4165039	NaN	NaN	NaN	
6318190809000	6309431870221	None	Fixation	(44.59, 165.52)	(350.05, 162.68)	6288.653	0.4331055	NaN	NaN	NaN	
6318207476000	6309448537050	None	Fixation	(44.75, 165.55)	(350.01, 162.90)	6288.653	0.449707	NaN	NaN	NaN	
6318224142000	6309465202852	None	Fixation	(44.81, 165.43)	(350.08, 162.66)	6288.653	0.4667969	NaN	NaN	NaN	
6318240809000	6309481869635	None	Fixation	(44.79, 165.42)	(350.07, 162.90)	6288.653	0.4833984	NaN	NaN	NaN	
6318257475000	6309498535450	None	Fixation	(44.92, 165.34)	(349.86, 162.95)	6288.653	0.5	NaN	NaN	NaN	
6318274142000	6309515202261	None	Fixation	(44.90, 165.49)	(349.91, 162.80)	6288.653	0.5166016	NaN	NaN	NaN	
6318290808000	6309531868023	None	Fixation	(44.98, 165.41)	(349.74, 162.83)	6288.653	0.5332031	NaN	NaN	NaN	
6318307475000	6309548534824	None	Fixation	(45.04, 165.35)	(349.86, 162.85)	6288.653	0.5498047	NaN	NaN	NaN	
6318324141000	6309565200649	None	Fixation	(44.78, 165.47)	(349.93, 162.74)	6288.653	0.5664063	NaN	NaN	NaN	
6318340810000	6309581869433	None	Fixation	(44.61, 165.60)	(350.10, 162.93)	6288.653	0.5830078	NaN	NaN	NaN	
6318357476000	6309598535215	None	Fixation	(44.87, 165.50)	(350.02, 162.80)	6288.653	0.6000977	NaN	NaN	NaN	
6318374141000	6309615200024	None	Fixation	(44.69, 165.53)	(350.29, 162.92)	6288.653	0.6166992	NaN	NaN	NaN	
6318390808000	6309631866820	None	Fixation	(44.75, 165.40)	(350.08, 162.75)	6288.653	0.6333008	NaN	NaN	NaN	
6318407474000	6309648532623	None	Fixation	(44.37, 165.34)	(350.26, 162.87)	6288.653	0.6499023	NaN	NaN	NaN	
6318424141000	6309665199418	None	Fixation	(44.56, 165.19)	(350.41, 162.92)	6288.653	0.6665039	NaN	NaN	NaN	
6318440807000	6309681865227	None	Fixation	(44.47, 165.31)	(350.51, 162.89)	6288.653	0.6831055	NaN	NaN	NaN	
6318457474000	6309698532029	None	Fixation	(44.61, 165.20)	(350.58, 162.97)	6288.653	0.699707	NaN	NaN	NaN	
6318474140000	6309715198047	None	Fixation	(44.67, 165.28)	(350.23, 162.82)	6288.653	0.7167969	NaN	NaN	NaN	
6318490807000	6309731864619	None	Fixation	(45.22, 165.04)	(350.43, 163.47)	6288.653	0.7333984	NaN	NaN	NaN	
6318507472000	6309748529746	None	Fixation	(45.12, 165.34)	(350.17, 163.11)	6288.653	0.75	NaN	NaN	NaN	
6318524139000	6309765196442	None	Fixation	(44.88, 165.40)	(350.08, 163.22)	6288.653	0.7666016	NaN	NaN	NaN	
6318540807000	6309781864295	None	Fixation	(44.95, 165.17)	(350.05, 162.98)	6288.653	0.7832031	NaN	NaN	NaN	
6318557473000	6309798529835	None	Fixation	(44.87, 165.21)	(350.06, 163.06)	6288.653	0.7998047	NaN	NaN	NaN	
6318574138000	6309815194612	None	Fixation	(44.90, 165.40)	(350.23, 162.87)	6288.653	0.8164063	NaN	NaN	NaN	
6318590805000	6309831861424	None	Fixation	(44.95, 165.36)	(350.16, 162.92)	6288.653	0.8330078	NaN	NaN	NaN	
6318607471000	6309848527266	None	Fixation	(44.88, 165.50)	(349.93, 162.88)	6288.653	0.8500977	NaN	NaN	NaN	
6318624138000	6309865194041	None	Fixation	(44.71, 165.68)	(349.87, 162.92)	6288.653	0.8666992	NaN	NaN	NaN	
6318640804000	6309881859818	None	Fixation	(44.98, 165.60)	(349.83, 162.73)	6288.653	0.8833008	NaN	NaN	NaN	
6318657471000	6309898526629	None	Fixation	(44.86, 165.57)	(349.88, 163.01)	6288.653	0.8999023	NaN	NaN	NaN	
6318674136000	6309915191405	None	Fixation	(44.84, 165.45)	(349.99, 162.93)	6288.653	0.9165039	NaN	NaN	NaN	
6318690803000	6309931858230	None	Fixation	(45.66, 166.32)	(349.56, 163.80)	6288.653	0.9331055	NaN	NaN	NaN	
6318707470000	6309948525014	None	Fixation	(45.44, 167.41)	(349.53, 165.66)	6288.653	0.949707	NaN	NaN	NaN	
6318724137000	6309965191823	None	Blink	(46.00, 168.87)	(349.06, 168.15)	NaN	NaN	NaN	NaN	NaN	
6318740805000	6309981860046	None	Blink	(45.22, 168.59)	(348.46, 168.49)	NaN	NaN	NaN	NaN	NaN	
6318757472000	6309998526431	None	Blink	(47.82, 168.48)	(348.67, 168.22)	NaN	NaN	NaN	NaN	NaN	
6318774136000	6310015190216	None	Blink	(48.85, 167.53)	(348.42, 167.09)	NaN	NaN	NaN	NaN	NaN	
6318790803000	6310031857026	None	Blink	(47.99, 167.20)	(350.63, 165.61)	NaN	NaN	NaN	NaN	NaN	
6318807468000	6310048521817	None	Blink	(47.74, 166.92)	(350.98, 164.88)	NaN	NaN	NaN	NaN	NaN	
6318824135000	6310065188613	None	Blink	(45.86, 167.42)	(345.08, 167.55)	NaN	NaN	NaN	NaN	NaN	
6318857470000	6310098523410	None	Blink	(0.00, 0.00)	(0.00, 0.00)	NaN	NaN	NaN	NaN	NaN	
6318874137000	6310115190211	None	Blink	(0.00, 0.00)	(0.00, 0.00)	NaN	NaN	NaN	NaN	NaN	
6318874137000	6310115189999	None	Blink	(0.00, 0.00)	(0.00, 0.00)	NaN	NaN	NaN	NaN	NaN	
6318907467000	6310148519811	None	Blink	(0.00, 0.00)	(0.00, 0.00)	NaN	NaN	NaN	NaN	NaN	
6318924134000	6310165186602	None	Blink	(0.00, 0.00)	(0.00, 0.00)	NaN	NaN	NaN	NaN	NaN	
6318940800000	6310181852727	None	Blink	(0.00, 0.00)	(0.00, 0.00)	NaN	NaN	NaN	NaN	NaN	
6318940800000	6310181852205	None	Blink	(0.00, 0.00)	(0.00, 0.00)	NaN	NaN	NaN	NaN	NaN	
6318957467000	6310198519025	None	Blink	(41.87, 164.30)	(0.00, 0.00)	NaN	NaN	NaN	NaN	NaN	
6318974133000	6310215184806	None	Blink	(47.35, 167.13)	(347.39, 165.74)	NaN	NaN	NaN	NaN	NaN	
6318990800000	6310231851866	None	Blink	(46.45, 166.12)	(349.56, 163.95)	NaN	NaN	NaN	NaN	NaN	
6319007466000	6310248517396	None	Blink	(45.67, 166.36)	(349.25, 164.07)	NaN	NaN	NaN	NaN	NaN	
6319024133000	6310265184323	None	Blink	(45.95, 165.82)	(349.21, 163.54)	NaN	NaN	NaN	NaN	NaN	
6319040801000	6310281852262	None	Blink	(45.66, 165.62)	(349.27, 163.15)	NaN	NaN	NaN	NaN	NaN	
6319057468000	6310298519135	None	Blink	(45.83, 165.46)	(349.45, 163.23)	NaN	NaN	NaN	NaN	NaN	
6319074134000	6310315184758	None	Blink	(45.53, 165.53)	(349.38, 163.00)	NaN	NaN	NaN	NaN	NaN	
6319090801000	6310331851734	None	Fixation	(45.21, 165.62)	(349.50, 162.79)	6288.653	1.333008	NaN	NaN	NaN	
6319107467000	6310348517217	None	Fixation	(45.55, 165.35)	(349.67, 163.02)	6288.653	1.350098	NaN	NaN	NaN	
6319124134000	6310365184009	None	Fixation	(45.54, 165.24)	(349.70, 163.07)	6288.653	1.366699	NaN	NaN	NaN	
6319140799000	6310381848795	None	Fixation	(45.28, 165.27)	(349.92, 162.96)	6288.653	1.383301	NaN	NaN	NaN	
6319157465000	6310398514930	None	Fixation	(45.42, 165.42)	(349.93, 163.06)	6288.653	1.399902	NaN	NaN	NaN	
6319174134000	6310415183396	None	Fixation	(45.47, 165.19)	(349.99, 163.23)	6288.653	1.416504	NaN	NaN	NaN	
6319190800000	6310431849227	None	Fixation	(45.35, 165.22)	(349.79, 163.18)	6288.653	1.433105	NaN	NaN	NaN	
6319207465000	6310448514006	None	Fixation	(45.21, 165.21)	(349.95, 163.15)	6288.653	1.449707	NaN	NaN	NaN	
6319224131000	6310465179801	None	Fixation	(45.05, 165.41)	(350.42, 163.21)	6288.653	1.466797	NaN	NaN	NaN	
6319240798000	6310481846590	None	Fixation	(44.90, 165.42)	(350.19, 163.05)	6288.653	1.483398	NaN	NaN	NaN	
6319257464000	6310498512419	None	Fixation	(44.83, 165.65)	(350.31, 163.10)	6288.653	1.5	NaN	NaN	NaN	
6319274130000	6310515178212	None	Fixation	(45.17, 165.30)	(349.84, 162.86)	6288.653	1.516602	NaN	NaN	NaN	
6319290797000	6310531845342	None	Fixation	(45.24, 165.48)	(350.21, 163.14)	6288.653	1.533203	NaN	NaN	NaN	
6319307464000	6310548512201	None	Fixation	(45.31, 165.59)	(349.74, 163.01)	6288.653	1.549805	NaN	NaN	NaN	
6319324130000	6310565177607	None	Fixation	(44.93, 165.64)	(350.03, 162.92)	6288.653	1.566406	NaN	NaN	NaN	
6319340799000	6310581846412	None	Fixation	(44.85, 165.77)	(349.44, 162.79)	6288.653	1.583008	NaN	NaN	NaN	
6319357465000	6310598512187	None	Fixation	(45.11, 165.89)	(349.69, 162.65)	6288.653	1.600098	NaN	NaN	NaN	
6319374130000	6310615176969	None	Fixation	(44.95, 165.97)	(349.47, 162.71)	6288.653	1.616699	NaN	NaN	NaN	
6319390796000	6310631842800	None	Fixation	(44.78, 165.84)	(349.61, 162.74)	6288.653	1.633301	NaN	NaN	NaN	
6319407463000	6310648509604	None	Fixation	(44.70, 165.94)	(349.72, 162.57)	6288.653	1.649902	NaN	NaN	NaN	
6319424129000	6310665175625	None	Fixation	(44.84, 166.04)	(349.98, 162.62)	6288.653	1.666504	NaN	NaN	NaN	
6319440796000	6310681842441	None	Fixation	(45.73, 164.08)	(351.73, 164.56)	6288.653	1.683105	NaN	NaN	NaN	
6319457462000	6310698507997	None	Saccade	(46.28, 162.35)	(354.03, 166.98)	6290.336	0.01660156	22.40303	1.364363	166.9997	
6319474129000	6310715175144	None	Pursuit	(45.87, 162.71)	(353.40, 166.46)	6290.336	0.03369141	6.786115	0.5648429	172.6424	
6319490796000	6310731841608	None	Pursuit	(46.03, 162.47)	(353.67, 166.76)	6290.336	0.05029297	3.577201	0.6726573	177.3782	
6319507462000	6310748507411	None	Unknown	(45.65, 162.90)	(354.03, 166.25)	NaN	NaN	NaN	NaN	NaN	
6319524129000	6310765174193	None	Fixation	(45.34, 162.85)	(353.89, 166.10)	6290.403	0.01660156	NaN	NaN	NaN	
6319540797000	6310781841980	None	Fixation	(45.28, 162.95)	(352.95, 165.40)	6290.403	0.03320313	NaN	NaN	NaN	
6319557463000	6310798507838	None	Fixation	(45.23, 163.49)	(352.95, 165.11)	6290.403	0.04980469	NaN	NaN	NaN	
6319574130000	6310815175034	None	Fixation	(44.59, 164.58)	(351.69, 163.95)	6290.403	0.06640625	NaN	NaN	NaN	
6319590796000	6310831841093	None	Saccade	(43.12, 169.13)	(347.88, 161.08)	6290.47	0.01660156	58.83379	1.961127	162.4652	
6319607461000	6310848505229	None	Pursuit	(43.55, 169.59)	(348.00, 161.13)	6290.47	0.03369141	1.609381	1.906583	320.4317	
6319624128000	6310865171991	None	Pursuit	(43.21, 169.63)	(347.60, 160.44)	6290.503	0.01660156	4.197016	0.1399005	69.73505	
6319640794000	6310881837779	None	Pursuit	(42.43, 169.64)	(347.32, 160.32)	6290.503	0.03320313	9.610652	0.4595996	74.36633	
6319657461000	6310898504738	None	Unknown	(42.34, 169.88)	(347.27, 159.73)	NaN	NaN	NaN	NaN	NaN	
6319674127000	6310915170377	None	Fixation	(41.73, 171.15)	(346.54, 158.98)	6290.553	0.01660156	NaN	NaN	NaN	
6319690794000	6310931837203	None	Saccade	(41.73, 174.79)	(342.69, 156.65)	6290.57	0.01660156	44.70029	1.846784	330.5623	
6319707460000	6310948503049	None	Pursuit	(42.33, 174.04)	(342.56, 156.98)	6290.57	0.03320313	11.70782	1.210726	335.3788	
6319724127000	6310965169798	None	Pursuit	(42.26, 175.19)	(342.01, 156.61)	6290.57	0.05029297	14.12724	1.670355	339.5073	
6319740793000	6310981835902	None	Pursuit	(42.10, 174.79)	(341.79, 156.33)	6290.57	0.06689453	5.322819	1.499918	341.2925	
6319757460000	6310998502387	None	Unknown	(41.69, 174.93)	(341.83, 155.92)	NaN	NaN	NaN	NaN	NaN	
6319774126000	6311015168230	None	Fixation	(41.83, 175.36)	(341.49, 155.47)	6290.653	0.01660156	NaN	NaN	NaN	
6319790793000	6311031834996	None	Fixation	(41.73, 175.45)	(341.19, 155.27)	6290.653	0.03320313	NaN	NaN	NaN	
6319807459000	6311048500849	None	Fixation	(41.20, 176.05)	(340.91, 155.12)	6290.653	0.04980469	NaN	NaN	NaN	
6319824126000	6311065167670	None	Fixation	(41.05, 176.52)	(340.80, 154.74)	6290.653	0.06640625	NaN	NaN	NaN	
6319840792000	6311081833377	None	Fixation	(41.23, 176.34)	(340.61, 154.54)	6290.653	0.08300781	NaN	NaN	NaN	
6319857459000	6311098500194	None	Fixation	(40.78, 176.82)	(340.48, 154.45)	6290.653	0.1000977	NaN	NaN	NaN	
6319874124000	6311115164974	None	Fixation	(40.88, 177.68)	(339.52, 153.77)	6290.653	0.1166992	NaN	NaN	NaN	
6319890791000	6311131831762	None	Saccade	(39.46, 182.29)	(335.80, 151.18)	6290.77	0.01660156	59.31597	1.977199	160.9912	
6319907457000	6311148497618	None	Unknown	(40.01, 182.22)	(335.54, 151.06)	NaN	NaN	NaN	NaN	NaN	
6319924124000	6311165164395	None	Pursuit	(39.96, 182.90)	(335.04, 150.60)	6290.803	0.01660156	8.445735	0.2815245	351.1736	
6319940791000	6311181831487	None	Pursuit	(39.81, 182.95)	(334.50, 150.19)	6290.803	0.03320313	1.928804	0.3100147	2.369537	
6319957458000	6311198497987	None	Unknown	(39.23, 183.35)	(334.46, 149.83)	NaN	NaN	NaN	NaN	NaN	
6319974123000	6311215162783	None	Fixation	(39.03, 183.53)	(334.41, 149.65)	6290.853	0.01708984	NaN	NaN	NaN	
6319990790000	6311231829573	None	Fixation	(39.26, 183.88)	(333.96, 149.64)	6290.853	0.03369141	NaN	NaN	NaN	
6320007456000	6311248495377	None	Fixation	(39.14, 184.10)	(334.11, 149.59)	6290.853	0.05029297	NaN	NaN	NaN	
6320024123000	6311265162152	None	Fixation	(39.03, 184.11)	(333.75, 149.37)	6290.853	0.06689453	NaN	NaN	NaN	
6320040789000	6311281827946	None	Fixation	(38.85, 184.31)	(333.65, 149.28)	6290.853	0.08349609	NaN	NaN	NaN	
6320057456000	6311298494812	None	Fixation	(39.03, 184.66)	(333.32, 149.12)	6290.853	0.1000977	NaN	NaN	NaN	
6320074122000	6311315160571	None	Fixation	(39.00, 185.20)	(333.32, 148.97)	6290.853	0.1166992	NaN	NaN	NaN	
6320090789000	6311331827362	None	Fixation	(39.04, 185.61)	(333.09, 148.77)	6290.853	0.1333008	NaN	NaN	NaN	
6320107455000	6311348493198	None	Fixation	(38.29, 186.72)	(331.85, 147.96)	6290.853	0.1503906	NaN	NaN	NaN	
6320124122000	6311365159985	None	Saccade	(37.37, 191.07)	(328.83, 145.86)	6291.003	0.01660156	54.64668	1.821556	338.3575	
6320140790000	6311381827785	None	Pursuit	(37.96, 190.80)	(328.91, 145.91)	6291.003	0.03320313	1.120674	1.466481	317.8239	
6320157457000	6311398494643	None	Pursuit	(37.55, 191.31)	(328.65, 145.70)	6291.037	0.01660156	8.011103	0.2670367	25.61733	
6320174121000	6311415158590	None	Pursuit	(37.33, 191.42)	(328.27, 145.48)	6291.037	0.03320313	3.064622	0.3624827	32.32598	
6320190788000	6311431825540	None	Unknown	(36.89, 191.57)	(328.26, 145.11)	NaN	NaN	NaN	NaN	NaN	
6320207455000	6311448492017	None	Fixation	(37.05, 192.11)	(327.90, 144.71)	6291.086	0.01660156	NaN	NaN	NaN	
6320224121000	6311465157783	None	Fixation	(37.22, 192.52)	(327.36, 144.77)	6291.086	0.03369141	NaN	NaN	NaN	
6320240788000	6311481824548	None	Fixation	(36.93, 192.96)	(327.21, 144.75)	6291.086	0.05029297	NaN	NaN	NaN	
6320257454000	6311498490379	None	Fixation	(36.75, 193.47)	(326.99, 144.32)	6291.086	0.06689453	NaN	NaN	NaN	
6320274122000	6311515158141	None	Fixation	(36.57, 193.62)	(326.69, 144.03)	6291.086	0.08349609	NaN	NaN	NaN	
6320290789000	6311531824942	None	Saccade	(35.59, 196.98)	(324.22, 142.76)	6291.17	0.01660156	43.00328	1.433443	156.668	
6320307454000	6311548489782	None	Pursuit	(35.60, 198.28)	(322.37, 141.92)	6291.17	0.03320313	15.94399	1.949412	358.7505	
6320324120000	6311565155595	None	Pursuit	(36.57, 199.15)	(322.78, 141.95)	6291.17	0.04980469	16.07942	2.266061	346.9409	
6320340787000	6311581822385	None	Pursuit	(35.75, 198.96)	(321.78, 141.37)	6291.17	0.06640625	10.37934	2.214011	355.6987	
6320357453000	6311598488169	None	Unknown	(35.81, 199.27)	(321.15, 141.28)	NaN	NaN	NaN	NaN	NaN	
6320374122000	6311615157028	None	Fixation	(35.80, 199.79)	(321.75, 141.41)	6291.253	0.01660156	NaN	NaN	NaN	
6320390788000	6311631822779	None	Fixation	(35.57, 199.93)	(321.08, 141.01)	6291.253	0.03320313	NaN	NaN	NaN	
6320407455000	6311648489929	None	WinkLeft	(35.73, 200.01)	(321.05, 141.17)	NaN	NaN	NaN	NaN	NaN	
6320440786000	6311681820429	None	WinkLeft	(38.83, 190.08)	(328.75, 145.73)	NaN	NaN	NaN	NaN	NaN	
6320457452000	6311698486180	None	WinkLeft	(43.12, 178.38)	(339.02, 155.04)	NaN	NaN	NaN	NaN	NaN	
6320474119000	6311715152990	None	WinkLeft	(46.19, 169.99)	(346.75, 163.41)	NaN	NaN	NaN	NaN	NaN	
6320490785000	6311731818817	None	WinkLeft	(46.49, 167.80)	(348.66, 164.71)	NaN	NaN	NaN	NaN	NaN	
6320507452000	6311748485673	None	WinkLeft	(46.61, 167.69)	(348.67, 164.64)	NaN	NaN	NaN	NaN	NaN	
6320507452000	6311748485348	None	WinkLeft	(46.61, 167.69)	(348.67, 164.64)	NaN	NaN	NaN	NaN	NaN	
6320524118000	6311765151156	None	Saccade	(46.72, 168.06)	(348.88, 164.25)	6291.287	0.1333008	415.2653	14.8529	164.5923	
6320557451000	6311798484013	None	Unknown	(45.91, 167.18)	(348.77, 164.03)	NaN	NaN	NaN	NaN	NaN	
6320574118000	6311815150815	None	Pursuit	(46.09, 167.40)	(348.72, 163.44)	6291.453	0.01660156	3.463785	0.1154595	308.2292	
6320590784000	6311831816557	None	Unknown	(45.92, 167.53)	(348.73, 163.41)	NaN	NaN	NaN	NaN	NaN	
6320590784000	6311831816367	None	Unknown	(45.92, 167.53)	(348.73, 163.41)	NaN	NaN	NaN	NaN	NaN	
6320624119000	6311865151219	None	Fixation	(45.47, 167.52)	(348.61, 163.17)	6291.486	0.03369141	NaN	NaN	NaN	
6320640784000	6311881816014	None	Fixation	(45.42, 167.49)	(348.95, 163.15)	6291.486	0.05029297	NaN	NaN	NaN	
6320657450000	6311898482111	None	Fixation	(45.28, 167.22)	(348.82, 162.97)	6291.486	0.06689453	NaN	NaN	NaN	
6320674117000	6311915148545	None	Fixation	(45.14, 167.14)	(348.84, 162.88)	6291.486	0.08349609	NaN	NaN	NaN	
6320690784000	6311931815363	None	Fixation	(45.27, 167.22)	(348.91, 162.89)	6291.486	0.1000977	NaN	NaN	NaN	
6320707450000	6311948481145	None	Fixation	(45.29, 167.01)	(349.06, 162.92)	6291.486	0.1166992	NaN	NaN	NaN	
6320724116000	6311965146951	None	Fixation	(45.71, 166.30)	(349.99, 163.60)	6291.486	0.1337891	NaN	NaN	NaN	
6320740783000	6311981813806	None	Fixation	(45.09, 166.17)	(350.08, 163.43)	6291.486	0.1503906	NaN	NaN	NaN	
6320757450000	6311998480523	None	Fixation	(45.22, 166.27)	(349.77, 163.38)	6291.486	0.1669922	NaN	NaN	NaN	
6320774118000	6312015148382	None	Fixation	(44.96, 166.42)	(349.96, 163.23)	6291.486	0.1835938	NaN	NaN	NaN	
6320790784000	6312031814174	None	Fixation	(45.10, 166.13)	(349.92, 162.98)	6291.486	0.2001953	NaN	NaN	NaN	
6320807449000	6312048479312	None	Fixation	(44.81, 165.95)	(350.33, 163.08)	6291.486	0.2167969	NaN	NaN	NaN	
6320824116000	6312065145749	None	Fixation	(45.26, 165.83)	(350.10, 163.18)	6291.486	0.2333984	NaN	NaN	NaN	
6320824116000	6312065145529	None	Fixation	(45.26, 165.83)	(350.10, 163.18)	6291.486	0.2333984	NaN	NaN	NaN	
6320857450000	6312098479756	None	Fixation	(45.13, 165.87)	(350.28, 162.99)	6291.486	0.2670898	NaN	NaN	NaN	
6320874115000	6312115144602	None	Fixation	(44.93, 165.92)	(350.25, 162.96)	6291.486	0.2836914	NaN	NaN	NaN	
6320874115000	6312115143926	None	Fixation	(44.93, 165.92)	(350.25, 162.96)	6291.486	0.2836914	NaN	NaN	NaN	
6320890781000	6312131809745	None	Fixation	(44.82, 165.76)	(350.45, 163.08)	6291.486	0.300293	NaN	NaN	NaN	
6320907448000	6312148476563	None	Fixation	(44.68, 165.83)	(350.30, 162.93)	6291.486	0.3168945	NaN	NaN	NaN	
6320924115000	6312165143344	None	Fixation	(44.89, 165.72)	(350.10, 162.94)	6291.486	0.3334961	NaN	NaN	NaN	
6320957448000	6312198476149	None	Fixation	(45.06, 165.75)	(350.37, 162.98)	6291.486	0.3666992	NaN	NaN	NaN	
6320957448000	6312198475916	None	Fixation	(45.06, 165.75)	(350.37, 162.98)	6291.486	0.3666992	NaN	NaN	NaN	
6320990780000	6312231807746	None	Fixation	(45.03, 165.65)	(350.57, 163.28)	6291.486	0.4003906	NaN	NaN	NaN	
6321007446000	6312248473554	None	Fixation	(45.13, 165.36)	(350.41, 163.21)	6291.486	0.4169922	NaN	NaN	NaN	
6321024113000	6312265140810	None	Fixation	(44.87, 165.44)	(350.42, 162.90)	6291.486	0.4335938	NaN	NaN	NaN	
6321040781000	6312281808528	None	Fixation	(45.10, 165.54)	(350.43, 162.92)	6291.486	0.4501953	NaN	NaN	NaN	
6321057448000	6312298474925	None	Fixation	(45.31, 165.57)	(350.36, 163.00)	6291.486	0.4667969	NaN	NaN	NaN	
6321074112000	6312315139161	None	Fixation	(45.07, 165.54)	(350.33, 163.06)	6291.486	0.4833984	NaN	NaN	NaN	
6321074112000	6312315138517	None	Fixation	(45.07, 165.54)	(350.33, 163.06)	6291.486	0.4833984	NaN	NaN	NaN	
6321107445000	6312348471359	None	Fixation	(45.03, 165.63)	(349.93, 162.69)	6291.486	0.5170898	NaN	NaN	NaN	
6321124112000	6312365138110	None	Fixation	(45.14, 165.72)	(350.26, 162.84)	6291.486	0.5336914	NaN	NaN	NaN	
6321140779000	6312381805095	None	Fixation	(44.94, 165.74)	(349.84, 162.63)	6291.486	0.550293	NaN	NaN	NaN	
6321157445000	6312398470716	None	Fixation	(44.84, 165.73)	(350.21, 162.79)	6291.486	0.5668945	NaN	NaN	NaN	
6321174112000	6312415137522	None	Fixation	(44.86, 165.81)	(350.35, 162.84)	6291.486	0.5834961	NaN	NaN	NaN	
6321190779000	6312431804330	None	Fixation	(44.62, 165.73)	(350.40, 162.79)	6291.486	0.6000977	NaN	NaN	NaN	
6321207445000	6312448470166	None	Fixation	(44.70, 165.54)	(350.50, 162.69)	6291.486	0.6166992	NaN	NaN	NaN	
6321224112000	6312465136931	None	Fixation	(44.65, 165.48)	(350.56, 162.93)	6291.486	0.6333008	NaN	NaN	NaN	
6321240779000	6312481804604	None	Fixation	(44.84, 165.61)	(350.51, 163.01)	6291.486	0.6503906	NaN	NaN	NaN	
6321257445000	6312498469611	None	Fixation	(44.97, 165.36)	(350.35, 162.87)	6291.486	0.6669922	NaN	NaN	NaN	
6321274112000	6312515136712	None	Fixation	(44.85, 165.42)	(350.49, 162.82)	6291.486	0.6835938	NaN	NaN	NaN	
6321290778000	6312531802114	None	Fixation	(44.69, 165.47)	(350.47, 162.98)	6291.486	0.7001953	NaN	NaN	NaN	
6321307445000	6312548468904	None	Fixation	(44.91, 165.47)	(350.28, 163.03)	6291.486	0.7167969	NaN	NaN	NaN	
6321324111000	6312565134807	None	Fixation	(45.02, 165.43)	(350.35, 163.05)	6291.486	0.7333984	NaN	NaN	NaN	
6321340778000	6312581801746	None	Fixation	(45.03, 165.38)	(350.25, 163.05)	6291.486	0.75	NaN	NaN	NaN	
6321357444000	6312598467374	None	Fixation	(44.82, 165.49)	(350.31, 162.93)	6291.486	0.7670898	NaN	NaN	NaN	
6321374111000	6312615134184	None	Fixation	(45.17, 165.67)	(350.00, 163.18)	6291.486	0.7836914	NaN	NaN	NaN	
6321390777000	6312631799906	None	Fixation	(45.05, 165.85)	(349.71, 162.86)	6291.486	0.800293	NaN	NaN	NaN	
6321407444000	6312648466705	None	Fixation	(45.14, 165.77)	(350.09, 163.00)	6291.486	0.8168945	NaN	NaN	NaN	
6321424110000	6312665132567	None	Fixation	(45.06, 165.76)	(349.76, 162.90)	6291.486	0.8334961	NaN	NaN	NaN	
6321440777000	6312681799346	None	Fixation	(44.99, 165.80)	(349.78, 162.95)	6291.486	0.8500977	NaN	NaN	NaN	
6321457443000	6312698465182	None	Fixation	(45.37, 165.90)	(349.84, 162.95)	6291.486	0.8666992	NaN	NaN	NaN	
6321474110000	6312715131889	None	Fixation	(45.14, 165.68)	(349.38, 162.69)	6291.486	0.8833008	NaN	NaN	NaN	
6321490776000	6312731797771	None	Fixation	(45.03, 165.75)	(349.68, 162.82)	6291.486	0.9003906	NaN	NaN	NaN	
6321507443000	6312748464594	None	Fixation	(44.91, 165.70)	(349.70, 162.78)	6291.486	0.9169922	NaN	NaN	NaN	
6321524109000	6312765130332	None	Fixation	(44.85, 165.68)	(349.95, 162.73)	6291.486	0.9335938	NaN	NaN	NaN	
6321540776000	6312781797556	None	Fixation	(44.89, 165.49)	(349.91, 162.80)	6291.486	0.9501953	NaN	NaN	NaN	
6321557442000	6312798463470	None	Fixation	(44.50, 165.66)	(350.07, 162.72)	6291.486	0.9667969	NaN	NaN	NaN	
6321574109000	6312815130134	None	Fixation	(44.63, 165.57)	(350.19, 162.72)	6291.486	0.9833984	NaN	NaN	NaN	
6321590775000	6312831795550	None	Fixation	(44.66, 165.39)	(350.29, 162.73)	6291.486	1	NaN	NaN	NaN	
6321607442000	6312848462338	None	Fixation	(44.89, 165.43)	(350.13, 162.95)	6291.486	1.01709	NaN	NaN	NaN	
6321624108000	6312865128115	None	Fixation	(44.66, 165.28)	(350.05, 162.71)	6291.486	1.033691	NaN	NaN	NaN	
6321640775000	6312881795035	None	Fixation	(44.92, 165.34)	(350.26, 162.65)	6291.486	1.050293	NaN	NaN	NaN	
6321657441000	6312898460721	None	Fixation	(44.70, 165.60)	(349.69, 162.49)	6291.486	1.066895	NaN	NaN	NaN	
6321674108000	6312915127486	None	Fixation	(45.05, 165.68)	(350.21, 162.68)	6291.486	1.083496	NaN	NaN	NaN	
6321690774000	6312931793392	None	Fixation	(44.75, 165.49)	(350.10, 162.58)	6291.486	1.100098	NaN	NaN	NaN	
6321707441000	6312948460067	None	Fixation	(44.88, 165.55)	(350.10, 162.75)	6291.486	1.116699	NaN	NaN	NaN	
6321724107000	6312965125967	None	Fixation	(44.65, 165.43)	(350.11, 162.64)	6291.486	1.133301	NaN	NaN	NaN	
6321740776000	6312981794702	None	Fixation	(46.96, 165.82)	(349.94, 162.67)	6291.486	1.150391	NaN	NaN	NaN	
6321757442000	6312998460501	None	Fixation	(44.68, 165.46)	(350.23, 162.67)	6291.486	1.166992	NaN	NaN	NaN	
6321774107000	6313015125373	None	Fixation	(45.30, 165.46)	(350.23, 162.74)	6291.486	1.183594	NaN	NaN	NaN	
6321790774000	6313031792127	None	Fixation	(44.76, 165.46)	(350.41, 162.49)	6291.486	1.200195	NaN	NaN	NaN	
6321807440000	6313048458029	None	Fixation	(44.83, 165.46)	(350.25, 162.63)	6291.486	1.216797	NaN	NaN	NaN	
6321824107000	6313065124760	None	Fixation	(45.06, 165.20)	(350.03, 162.76)	6291.486	1.233398	NaN	NaN	NaN	
6321840775000	6313081792491	None	Fixation	(44.65, 165.39)	(350.13, 162.76)	6291.486	1.25	NaN	NaN	NaN	
6321857441000	6313098458752	None	Fixation	(45.10, 165.43)	(349.99, 162.78)	6291.486	1.26709	NaN	NaN	NaN	
6321874106000	6313115123140	None	Fixation	(44.88, 165.19)	(350.02, 162.94)	6291.486	1.283691	NaN	NaN	NaN	
6321890773000	6313131789895	None	Fixation	(45.13, 165.39)	(350.24, 163.03)	6291.486	1.300293	NaN	NaN	NaN	
6321907439000	6313148455719	None	Fixation	(44.90, 165.34)	(350.07, 163.05)	6291.486	1.316895	NaN	NaN	NaN	
6321924106000	6313165122508	None	Fixation	(44.99, 165.38)	(349.88, 162.92)	6291.486	1.333496	NaN	NaN	NaN	
6321940772000	6313181788301	None	Fixation	(44.90, 165.41)	(350.01, 162.86)	6291.486	1.350098	NaN	NaN	NaN	
6321957439000	6313198455082	None	Fixation	(44.95, 165.52)	(350.13, 162.59)	6291.486	1.366699	NaN	NaN	NaN	
6321974105000	6313215120902	None	Fixation	(44.64, 165.46)	(350.04, 162.72)	6291.486	1.383301	NaN	NaN	NaN	
6321990772000	6313231787718	None	Fixation	(44.79, 165.63)	(350.12, 162.84)	6291.486	1.400391	NaN	NaN	NaN	
6322007437000	6313248452960	None	Fixation	(44.61, 165.69)	(350.25, 162.58)	6291.486	1.416992	NaN	NaN	NaN	
6322024104000	6313265119299	None	Fixation	(44.80, 165.59)	(350.11, 162.62)	6291.486	1.433594	NaN	NaN	NaN	
6322040772000	6313281787099	None	Fixation	(44.29, 166.05)	(350.19, 162.45)	6291.486	1.450195	NaN	NaN	NaN	
6322057439000	6313298453890	None	Fixation	(44.13, 165.94)	(350.05, 162.51)	6291.486	1.466797	NaN	NaN	NaN	
6322074103000	6313315117768	None	Fixation	(44.26, 166.17)	(349.88, 162.35)	6291.486	1.483398	NaN	NaN	NaN	
6322090770000	6313331784526	None	Fixation	(43.98, 166.26)	(349.82, 162.25)	6291.486	1.5	NaN	NaN	NaN	
6322107436000	6313348450547	None	Fixation	(44.02, 166.40)	(349.54, 162.04)	6291.486	1.51709	NaN	NaN	NaN	
6322124103000	6313365117570	None	Fixation	(44.17, 166.43)	(349.37, 161.96)	6291.486	1.533691	NaN	NaN	NaN	
6322140769000	6313381782997	None	Fixation	(44.09, 166.86)	(349.42, 161.81)	6291.486	1.550293	NaN	NaN	NaN	
6322157436000	6313398449690	None	Fixation	(44.15, 166.91)	(349.21, 161.85)	6291.486	1.566895	NaN	NaN	NaN	
6322174104000	6313415117502	None	Fixation	(43.84, 167.52)	(348.38, 161.39)	6291.486	1.583496	NaN	NaN	NaN	
6322190771000	6313431784301	None	Saccade	(42.80, 171.26)	(345.38, 158.87)	6293.07	0.01660156	47.75438	1.60824	162.8141	
6322207435000	6313448448230	None	Pursuit	(43.66, 170.70)	(345.07, 159.15)	6293.07	0.03320313	12.56918	1.308484	350.2837	
6322224102000	6313465115576	None	Pursuit	(43.37, 171.57)	(345.01, 158.77)	6293.07	0.04980469	11.21395	1.67227	353.6128	
6322240769000	6313481782090	None	Pursuit	(43.02, 171.58)	(344.53, 158.66)	6293.07	0.06689453	4.288927	1.697228	358.4016	
6322257435000	6313498447488	None	Unknown	(42.40, 172.25)	(344.47, 158.32)	NaN	NaN	NaN	NaN	NaN	
6322274101000	6313515113282	None	Fixation	(42.52, 172.66)	(343.96, 157.67)	6293.153	0.01660156	NaN	NaN	NaN	
6322290768000	6313531780117	None	Fixation	(42.28, 173.35)	(343.34, 157.28)	6293.153	0.03320313	NaN	NaN	NaN	
6322307435000	6313548446880	None	Fixation	(42.31, 173.60)	(343.01, 156.91)	6293.153	0.04980469	NaN	NaN	NaN	
6322324101000	6313565112662	None	Fixation	(41.65, 174.37)	(342.69, 156.51)	6293.153	0.06640625	NaN	NaN	NaN	
6322340769000	6313581780500	None	Fixation	(41.77, 174.74)	(342.39, 156.03)	6293.153	0.08300781	NaN	NaN	NaN	
6322357436000	6313598447298	None	Fixation	(41.57, 175.23)	(341.88, 155.78)	6293.153	0.1000977	NaN	NaN	NaN	
6322374101000	6313615112083	None	Fixation	(41.01, 176.85)	(340.59, 154.70)	6293.153	0.1166992	NaN	NaN	NaN	
6322390767000	6313631777913	None	Saccade	(41.30, 178.84)	(338.06, 153.51)	6293.27	0.01660156	24.8087	1.14631	323.4548	
6322407434000	6313648444754	None	Pursuit	(41.73, 179.16)	(338.34, 153.59)	6293.27	0.03320313	6.48422	0.9922017	329.919	
6322424100000	6313665110447	None	Pursuit	(41.57, 178.89)	(337.81, 153.25)	6293.27	0.04980469	3.82496	0.8682348	331.7588	
6322440767000	6313681777260	None	Unknown	(41.33, 179.16)	(337.41, 153.09)	NaN	NaN	NaN	NaN	NaN	
6322457433000	6313698443062	None	Fixation	(41.11, 179.45)	(337.69, 152.83)	6293.336	0.01660156	NaN	NaN	NaN	
6322474100000	6313715109841	None	Fixation	(40.98, 179.86)	(337.36, 152.56)	6293.336	0.03320313	NaN	NaN	NaN	
6322490766000	6313731775681	None	Fixation	(41.38, 179.93)	(336.90, 152.48)	6293.336	0.05029297	NaN	NaN	NaN	
6322507433000	6313748442538	None	Fixation	(41.48, 180.35)	(336.65, 152.32)	6293.336	0.06689453	NaN	NaN	NaN	
6322524099000	6313765108659	None	Fixation	(41.21, 180.59)	(336.20, 151.87)	6293.336	0.08349609	NaN	NaN	NaN	
6322540766000	6313781775391	None	Fixation	(41.38, 180.69)	(336.07, 151.81)	6293.336	0.1000977	NaN	NaN	NaN	
6322557432000	6313798441363	None	Fixation	(41.53, 180.92)	(335.48, 151.49)	6293.336	0.1166992	NaN	NaN	NaN	
6322574101000	6313815109665	None	Fixation	(41.17, 181.31)	(334.97, 151.48)	6293.336	0.1333008	NaN	NaN	NaN	
6322590767000	6313831775510	None	Fixation	(41.44, 181.57)	(334.97, 151.13)	6293.336	0.1499023	NaN	NaN	NaN	
6322607432000	6313848440315	None	Fixation	(41.52, 181.83)	(334.76, 151.11)	6293.336	0.1669922	NaN	NaN	NaN	
6322624098000	6313865106078	None	Fixation	(41.32, 182.12)	(334.25, 150.91)	6293.336	0.1835938	NaN	NaN	NaN	
6322640765000	6313881772851	None	Saccade	(40.66, 185.33)	(331.37, 149.38)	6293.52	0.01660156	40.25689	1.341896	334.7977	
6322657431000	6313898438674	None	Pursuit	(41.52, 185.36)	(330.99, 149.31)	6293.52	0.03320313	10.60965	1.328748	343.4518	
6322674097000	6313915104445	None	Pursuit	(41.41, 185.74)	(330.74, 149.25)	6293.52	0.04980469	4.895341	1.484067	345.4933	
6322690763000	6313931770328	None	Pursuit	(41.02, 185.53)	(330.29, 148.91)	6293.52	0.06640625	5.433185	1.403878	351.9425	
6322707430000	6313948437046	None	Unknown	(41.27, 186.28)	(330.15, 148.78)	NaN	NaN	NaN	NaN	NaN	
6322724096000	6313965102849	None	Fixation	(41.22, 185.88)	(329.87, 148.49)	6293.603	0.01660156	NaN	NaN	NaN	
6322724096000	6313965102644	None	Fixation	(41.22, 185.88)	(329.87, 148.49)	6293.603	0.01660156	NaN	NaN	NaN	
6322757429000	6313998435828	None	Fixation	(41.41, 187.45)	(329.27, 148.23)	6293.603	0.05029297	NaN	NaN	NaN	
6322774098000	6314015104640	None	Fixation	(41.28, 187.53)	(328.98, 148.15)	6293.603	0.06689453	NaN	NaN	NaN	
6322790764000	6314031770109	None	Fixation	(40.96, 187.32)	(329.03, 147.79)	6293.603	0.08349609	NaN	NaN	NaN	
6322807429000	6314048434892	None	Fixation	(41.32, 188.11)	(328.75, 147.83)	6293.603	0.1000977	NaN	NaN	NaN	
6322824096000	6314065101651	None	Fixation	(41.34, 188.22)	(328.50, 147.76)	6293.603	0.1166992	NaN	NaN	NaN	
6322840762000	6314081767456	None	Fixation	(40.90, 188.02)	(328.23, 147.42)	6293.603	0.1333008	NaN	NaN	NaN	
6322857429000	6314098434306	None	Fixation	(41.12, 188.62)	(328.04, 147.27)	6293.603	0.1503906	NaN	NaN	NaN	
6322874097000	6314115102152	None	Fixation	(40.78, 188.60)	(327.87, 147.25)	6293.603	0.1669922	NaN	NaN	NaN	
6322890763000	6314131767899	None	Fixation	(41.34, 188.54)	(328.14, 147.39)	6293.603	0.1835938	NaN	NaN	NaN	
6322907428000	6314148432666	None	Saccade	(42.05, 179.28)	(336.44, 151.78)	6293.787	0.01660156	114.2598	3.850044	151.0946	
6322924095000	6314165099921	None	Saccade	(44.49, 172.08)	(344.70, 159.28)	6293.787	0.03320313	93.46653	8.355946	158.2468	
6322940761000	6314181765287	None	Unknown	(45.56, 168.23)	(349.02, 163.78)	NaN	NaN	NaN	NaN	NaN	
6322957427000	6314198431028	None	Pursuit	(44.98, 167.99)	(349.52, 163.31)	6293.836	0.01660156	7.656873	0.2552291	99.37038	
6322974094000	6314215097815	None	Pursuit	(44.88, 167.63)	(350.20, 163.01)	6293.836	0.03320313	4.689469	0.3718719	118.8169	
6322990761000	6314231764936	None	Pursuit	(44.88, 167.21)	(349.90, 162.88)	6293.836	0.05029297	5.139785	0.5030056	133.4632	
6323007429000	6314248432480	None	Unknown	(44.58, 166.93)	(349.70, 162.97)	NaN	NaN	NaN	NaN	NaN	
6323024096000	6314265099260	None	Fixation	(44.47, 167.04)	(349.79, 162.68)	6293.903	0.01660156	NaN	NaN	NaN	
6323040760000	6314281763479	None	Fixation	(44.29, 167.48)	(349.97, 162.82)	6293.903	0.03320313	NaN	NaN	NaN	
6323057427000	6314298430269	None	Fixation	(44.39, 167.22)	(349.82, 162.52)	6293.903	0.04980469	NaN	NaN	NaN	
6323074095000	6314315097984	None	Fixation	(44.32, 167.27)	(349.50, 162.49)	6293.903	0.06640625	NaN	NaN	NaN	
6323090762000	6314331764498	None	Fixation	(44.30, 167.16)	(349.65, 162.41)	6293.903	0.08300781	NaN	NaN	NaN	
6323107426000	6314348428292	None	Fixation	(44.19, 167.39)	(349.68, 162.28)	6293.903	0.1000977	NaN	NaN	NaN	
6323124092000	6314365094118	None	Fixation	(44.36, 167.22)	(349.47, 162.25)	6293.903	0.1166992	NaN	NaN	NaN	
6323140759000	6314381760950	None	Fixation	(44.13, 167.25)	(349.77, 162.34)	6293.903	0.1333008	NaN	NaN	NaN	
6323157426000	6314398427651	None	Fixation	(45.19, 166.42)	(350.19, 162.95)	6293.903	0.1499023	NaN	NaN	NaN	
6323174092000	6314415093458	None	Fixation	(45.45, 165.88)	(350.22, 163.54)	6293.903	0.1665039	NaN	NaN	NaN	
6323190759000	6314431760247	None	Fixation	(45.21, 165.40)	(350.22, 163.59)	6293.903	0.1831055	NaN	NaN	NaN	
6323207427000	6314448428099	None	Fixation	(45.30, 165.94)	(350.23, 163.42)	6293.903	0.199707	NaN	NaN	NaN	
6323224094000	6314465094847	None	Fixation	(45.35, 165.71)	(350.32, 163.24)	6293.903	0.2163086	NaN	NaN	NaN	
6323240760000	6314481760610	None	Fixation	(45.17, 165.46)	(350.23, 163.31)	6293.903	0.2333984	NaN	NaN	NaN	
6323257427000	6314498427421	None	Fixation	(45.05, 165.40)	(350.30, 163.35)	6293.903	0.25	NaN	NaN	NaN	
6323274090000	6314515090480	None	Fixation	(45.33, 165.47)	(350.25, 163.28)	6293.903	0.2666016	NaN	NaN	NaN	
6323290757000	6314531757446	None	Fixation	(45.34, 165.40)	(350.26, 163.27)	6293.903	0.2832031	NaN	NaN	NaN	
6323307425000	6314548425105	None	Fixation	(45.22, 165.31)	(350.24, 163.28)	6293.903	0.2998047	NaN	NaN	NaN	
6323324092000	6314565091629	None	Fixation	(45.17, 165.19)	(350.25, 163.26)	6293.903	0.3164063	NaN	NaN	NaN	
6323340757000	6314581756837	None	Fixation	(45.21, 165.29)	(350.22, 163.04)	6293.903	0.3330078	NaN	NaN	NaN	
6323357423000	6314598422220	None	Fixation	(45.24, 165.23)	(349.99, 163.06)	6293.903	0.3500977	NaN	NaN	NaN	
6323374090000	6314615089056	None	Fixation	(45.27, 165.15)	(350.06, 163.06)	6293.903	0.3666992	NaN	NaN	NaN	
6323390756000	6314631754851	None	Fixation	(45.12, 165.25)	(349.90, 162.82)	6293.903	0.3833008	NaN	NaN	NaN	
6323407423000	6314648421679	None	Fixation	(45.03, 165.18)	(349.91, 162.80)	6293.903	0.3999023	NaN	NaN	NaN	
6323424089000	6314665087455	None	Fixation	(45.09, 165.33)	(349.94, 162.82)	6293.903	0.4165039	NaN	NaN	NaN	
6323440757000	6314681755239	None	Fixation	(44.97, 165.27)	(349.96, 162.67)	6293.903	0.4331055	NaN	NaN	NaN	
6323457424000	6314698422035	None	Fixation	(44.87, 165.17)	(350.30, 162.85)	6293.903	0.449707	NaN	NaN	NaN	
6323474089000	6314715086824	None	Fixation	(44.92, 165.22)	(350.27, 162.77)	6293.903	0.4663086	NaN	NaN	NaN	
6323490755000	6314731752619	None	Fixation	(44.85, 165.21)	(350.35, 163.05)	6293.903	0.4833984	NaN	NaN	NaN	
6323507421000	6314748418535	None	Fixation	(44.88, 165.09)	(350.32, 162.91)	6293.903	0.5	NaN	NaN	NaN	
6323524088000	6314765085213	None	Fixation	(45.03, 165.09)	(350.27, 163.13)	6293.903	0.5166016	NaN	NaN	NaN	
6323540755000	6314781752014	None	Fixation	(45.29, 165.14)	(350.08, 163.02)	6293.903	0.5332031	NaN	NaN	NaN	
6323557421000	6314798417825	None	Fixation	(45.00, 165.21)	(350.34, 162.97)	6293.903	0.5498047	NaN	NaN	NaN	
6323574088000	6314815084628	None	Fixation	(45.13, 165.14)	(350.18, 162.96)	6293.903	0.5664063	NaN	NaN	NaN	
6323590754000	6314831750428	None	Fixation	(45.16, 165.08)	(350.17, 162.97)	6293.903	0.5830078	NaN	NaN	NaN	
6323607423000	6314848419217	None	Fixation	(45.14, 165.10)	(350.16, 163.02)	6293.903	0.6000977	NaN	NaN	NaN	
6323624089000	6314865085302	None	Fixation	(45.03, 165.06)	(350.24, 162.99)	6293.903	0.6166992	NaN	NaN	NaN	
6323640756000	6314881752132	None	Fixation	(45.13, 165.06)	(350.38, 162.97)	6293.903	0.6333008	NaN	NaN	NaN	
6323657422000	6314898418013	None	Fixation	(45.02, 165.18)	(350.28, 162.97)	6293.903	0.6499023	NaN	NaN	NaN	
6323674087000	6314915082887	None	Fixation	(45.01, 165.18)	(350.48, 162.89)	6293.903	0.6665039	NaN	NaN	NaN	
6323690753000	6314931748281	None	Fixation	(45.14, 165.23)	(350.41, 162.96)	6293.903	0.6831055	NaN	NaN	NaN	
6323707420000	6314948415324	None	Fixation	(44.86, 165.33)	(350.34, 162.90)	6293.903	0.699707	NaN	NaN	NaN	
6323724086000	6314965080858	None	Fixation	(45.08, 165.41)	(350.27, 163.00)	6293.903	0.7163086	NaN	NaN	NaN	
6323740753000	6314981747613	None	Fixation	(45.04, 165.45)	(350.24, 162.85)	6293.903	0.7333984	NaN	NaN	NaN	
6323757419000	6314998413425	None	Fixation	(44.81, 165.19)	(350.17, 162.75)	6293.903	0.75	NaN	NaN	NaN	
6323774085000	6315015079868	None	Fixation	(44.61, 165.49)	(350.05, 162.69)	6293.903	0.7666016	NaN	NaN	NaN	
6323790752000	6315031746433	None	Fixation	(44.64, 165.50)	(350.14, 162.98)	6293.903	0.7832031	NaN	NaN	NaN	
6323807419000	6315048413279	None	Fixation	(44.53, 165.34)	(350.50, 162.87)	6293.903	0.7998047	NaN	NaN	NaN	
6323824085000	6315065079054	None	Fixation	(44.81, 165.01)	(350.50, 162.95)	6293.903	0.8164063	NaN	NaN	NaN	
6323840754000	6315081747419	None	Fixation	(44.93, 165.14)	(350.47, 162.87)	6293.903	0.8330078	NaN	NaN	NaN	
6323857420000	6315098413480	None	Fixation	(44.84, 165.17)	(350.52, 162.93)	6293.903	0.8500977	NaN	NaN	NaN	
6323874087000	6315115080226	None	Fixation	(44.81, 165.17)	(350.56, 163.07)	6293.903	0.8666992	NaN	NaN	NaN	
6323890753000	6315131745813	None	Fixation	(44.89, 165.16)	(350.34, 162.96)	6293.903	0.8833008	NaN	NaN	NaN	
6323907418000	6315148410614	None	Fixation	(45.06, 165.22)	(350.40, 163.18)	6293.903	0.8999023	NaN	NaN	NaN	
6323924085000	6315165077472	None	Fixation	(45.64, 165.33)	(349.80, 163.35)	6293.903	0.9165039	NaN	NaN	NaN	
6323940751000	6315181743197	None	Fixation	(45.46, 165.12)	(349.72, 163.26)	6293.903	0.9331055	NaN	NaN	NaN	
6323957417000	6315198408996	None	Fixation	(45.52, 165.60)	(349.77, 163.18)	6293.903	0.949707	NaN	NaN	NaN	
6323974084000	6315215075770	None	Fixation	(45.34, 165.70)	(349.82, 163.01)	6293.903	0.9663086	NaN	NaN	NaN	
6323990751000	6315231742607	None	Fixation	(45.31, 165.54)	(349.78, 163.01)	6293.903	0.9833984	NaN	NaN	NaN	
6324007417000	6315248408438	None	Fixation	(45.16, 165.52)	(349.82, 163.01)	6293.903	1	NaN	NaN	NaN	
6324024084000	6315265075290	None	Fixation	(45.02, 165.53)	(350.01, 163.04)	6293.903	1.016602	NaN	NaN	NaN	
6324040750000	6315281741031	None	Fixation	(45.14, 165.52)	(350.04, 162.98)	6293.903	1.033203	NaN	NaN	NaN	
6324057417000	6315298407808	None	Fixation	(45.07, 165.43)	(350.15, 163.04)	6293.903	1.049805	NaN	NaN	NaN	
6324074083000	6315315073609	None	Fixation	(45.05, 165.73)	(350.28, 163.14)	6293.903	1.066406	NaN	NaN	NaN	
6324090750000	6315331740503	None	Fixation	(44.99, 165.64)	(350.14, 162.97)	6293.903	1.083008	NaN	NaN	NaN	
6324107416000	6315348406208	None	Fixation	(44.97, 165.64)	(350.06, 162.99)	6293.903	1.099609	NaN	NaN	NaN	
6324124083000	6315365073004	None	Fixation	(44.97, 165.66)	(350.06, 162.77)	6293.903	1.116699	NaN	NaN	NaN	
6324140749000	6315381738863	None	Fixation	(45.06, 165.67)	(349.83, 162.86)	6293.903	1.133301	NaN	NaN	NaN	
6324157416000	6315398405605	None	Fixation	(44.91, 165.59)	(349.87, 162.72)	6293.903	1.149902	NaN	NaN	NaN	
6324174082000	6315415071431	None	Fixation	(45.05, 165.57)	(349.89, 162.86)	6293.903	1.166504	NaN	NaN	NaN	
6324190749000	6315431738180	None	Fixation	(44.94, 165.61)	(349.56, 162.66)	6293.903	1.183105	NaN	NaN	NaN	
6324207415000	6315448404034	None	Fixation	(44.88, 165.51)	(349.91, 162.68)	6293.903	1.199707	NaN	NaN	NaN	
6324224082000	6315465070794	None	Fixation	(44.99, 165.48)	(349.88, 162.62)	6293.903	1.216309	NaN	NaN	NaN	
6324240748000	6315481736581	None	Fixation	(45.05, 165.33)	(349.83, 162.74)	6293.903	1.233398	NaN	NaN	NaN	
6324257415000	6315498403392	None	Fixation	(45.10, 165.35)	(349.98, 162.66)	6293.903	1.25	NaN	NaN	NaN	
6324274083000	6315515071351	None	Fixation	(44.84, 165.44)	(349.99, 162.83)	6293.903	1.266602	NaN	NaN	NaN	
6324290750000	6315531738003	None	Fixation	(44.94, 165.50)	(349.77, 162.58)	6293.903	1.283203	NaN	NaN	NaN	
6324307413000	6315548400889	None	Fixation	(45.61, 164.76)	(349.79, 163.40)	6293.903	1.299805	NaN	NaN	NaN	
6324324080000	6315565068007	None	Fixation	(45.14, 165.32)	(349.90, 163.07)	6293.903	1.316406	NaN	NaN	NaN	
6324340748000	6315581735787	None	Fixation	(45.30, 165.19)	(350.00, 163.45)	6293.903	1.333008	NaN	NaN	NaN	
6324357415000	6315598402416	None	Fixation	(45.65, 165.22)	(349.74, 163.15)	6293.903	1.349609	NaN	NaN	NaN	
6324374079000	6315615066142	None	Fixation	(45.36, 165.11)	(349.87, 163.17)	6293.903	1.366699	NaN	NaN	NaN	
6324390746000	6315631733022	None	Fixation	(45.40, 164.94)	(349.84, 163.19)	6293.903	1.383301	NaN	NaN	NaN	
6324407412000	6315648398666	None	Fixation	(45.76, 164.99)	(349.88, 163.20)	6293.903	1.399902	NaN	NaN	NaN	
6324424079000	6315665065397	None	Fixation	(45.69, 165.25)	(349.83, 163.45)	6293.903	1.416504	NaN	NaN	NaN	
6324440745000	6315681731236	None	Fixation	(45.69, 164.86)	(349.68, 163.35)	6293.903	1.433105	NaN	NaN	NaN	
6324457412000	6315698398016	None	Fixation	(45.78, 164.89)	(349.84, 163.31)	6293.903	1.449707	NaN	NaN	NaN	
6324474078000	6315715063892	None	Fixation	(45.58, 165.13)	(349.69, 163.16)	6293.903	1.466309	NaN	NaN	NaN	
6324490745000	6315731730628	None	Fixation	(45.21, 164.99)	(349.61, 163.18)	6293.903	1.483398	NaN	NaN	NaN	
6324507412000	6315748397463	None	Fixation	(45.59, 165.03)	(349.69, 162.99)	6293.903	1.5	NaN	NaN	NaN	
6324524078000	6315765063199	None	Fixation	(45.52, 164.90)	(349.83, 163.00)	6293.903	1.516602	NaN	NaN	NaN	
6324540745000	6315781730015	None	Fixation	(45.48, 164.86)	(349.96, 163.07)	6293.903	1.533203	NaN	NaN	NaN	
6324557411000	6315798395772	None	Fixation	(45.07, 165.09)	(349.88, 163.10)	6293.903	1.549805	NaN	NaN	NaN	
6324574078000	6315815062990	None	Fixation	(45.09, 165.17)	(349.92, 163.08)	6293.903	1.566406	NaN	NaN	NaN	
6324590744000	6315831728413	None	Fixation	(45.35, 165.04)	(349.90, 162.98)	6293.903	1.583008	NaN	NaN	NaN	
6324607413000	6315848397545	None	Fixation	(44.89, 165.16)	(349.92, 163.08)	6293.903	1.599609	NaN	NaN	NaN	
6324624079000	6315865063529	None	Fixation	(44.98, 165.26)	(350.11, 162.91)	6293.903	1.616699	NaN	NaN	NaN	
6324640746000	6315881729811	None	Fixation	(44.62, 165.35)	(350.25, 162.84)	6293.903	1.633301	NaN	NaN	NaN	
6324657412000	6315898395626	None	Fixation	(44.63, 165.46)	(350.48, 162.69)	6293.903	1.649902	NaN	NaN	NaN	
6324674077000	6315915060379	None	Fixation	(44.11, 165.46)	(350.57, 162.51)	6293.903	1.666504	NaN	NaN	NaN	
6324690743000	6315931726159	None	Fixation	(43.76, 165.67)	(350.70, 162.29)	6293.903	1.683105	NaN	NaN	NaN	
6324707410000	6315948393002	None	Fixation	(43.09, 165.93)	(350.91, 162.05)	6293.903	1.699707	NaN	NaN	NaN	
6324724076000	6315965058773	None	Fixation	(42.88, 165.98)	(351.31, 161.98)	6293.903	1.716309	NaN	NaN	NaN	
6324740743000	6315981726184	None	Fixation	(41.76, 166.34)	(351.60, 161.79)	6293.903	1.733398	NaN	NaN	NaN	
6324757409000	6315998391466	None	Saccade	(40.08, 166.72)	(352.75, 160.97)	6295.637	0.01660156	21.26103	0.708701	64.00458	
6324774076000	6316015058252	None	Pursuit	(38.78, 167.25)	(353.29, 161.07)	6295.637	0.03320313	17.17524	1.277137	59.89885	
6324790742000	6316031724006	None	Pursuit	(39.15, 167.09)	(353.40, 160.86)	6295.637	0.04980469	4.92465	1.114092	60.81406	
6324807409000	6316048390832	None	Fixation	(38.20, 167.34)	(354.09, 160.73)	6293.903	1.799805	NaN	NaN	NaN	
6324824075000	6316065056576	None	Fixation	(38.00, 166.78)	(354.33, 160.35)	6295.703	0.01660156	NaN	NaN	NaN	
6324840744000	6316081725494	None	Fixation	(37.87, 166.81)	(354.75, 160.41)	6295.703	0.03320313	NaN	NaN	NaN	
6324857410000	6316098391160	None	Fixation	(37.53, 166.98)	(354.95, 160.31)	6295.703	0.04980469	NaN	NaN	NaN	
6324874077000	6316115057978	None	Fixation	(37.04, 167.30)	(355.13, 159.88)	6295.703	0.06689453	NaN	NaN	NaN	
6324890743000	6316131723807	None	Fixation	(36.07, 167.27)	(355.41, 159.60)	6295.703	0.08349609	NaN	NaN	NaN	
6324907408000	6316148388919	None	Fixation	(35.81, 167.42)	(355.62, 159.62)	6295.703	0.1000977	NaN	NaN	NaN	
6324924074000	6316165054438	None	Fixation	(35.70, 167.22)	(356.07, 159.46)	6295.703	0.1166992	NaN	NaN	NaN	
6324940741000	6316181721171	None	Fixation	(34.97, 167.29)	(356.54, 159.44)	6295.703	0.1333008	NaN	NaN	NaN	
6324957407000	6316198387212	None	Fixation	(34.86, 167.30)	(356.66, 159.26)	6295.703	0.1499023	NaN	NaN	NaN	
6324974074000	6316215054803	None	Fixation	(34.80, 167.21)	(356.85, 159.16)	6295.703	0.1665039	NaN	NaN	NaN	
6324990740000	6316231719981	None	Fixation	(34.29, 167.33)	(356.84, 158.97)	6295.703	0.1835938	NaN	NaN	NaN	
6325007407000	6316248386364	None	Fixation	(34.11, 167.04)	(356.91, 158.97)	6295.703	0.2001953	NaN	NaN	NaN	
6325024073000	6316265052236	None	Fixation	(33.28, 167.77)	(357.18, 158.77)	6295.703	0.2167969	NaN	NaN	NaN	
6325040742000	6316281720944	None	Fixation	(33.80, 167.20)	(357.08, 158.64)	6295.703	0.2333984	NaN	NaN	NaN	
6325057408000	6316298386760	None	Fixation	(33.52, 167.19)	(357.46, 158.64)	6295.703	0.25	NaN	NaN	NaN	
6325074073000	6316315051562	None	Fixation	(33.32, 167.28)	(357.43, 158.23)	6295.703	0.2666016	NaN	NaN	NaN	
6325090740000	6316331718397	None	Fixation	(33.04, 167.45)	(357.52, 158.21)	6295.703	0.2832031	NaN	NaN	NaN	
6325107408000	6316348386235	None	Fixation	(33.01, 167.18)	(357.72, 158.05)	6295.703	0.2998047	NaN	NaN	NaN	
6325124074000	6316365052340	None	Fixation	(32.88, 167.15)	(357.82, 158.00)	6295.703	0.3168945	NaN	NaN	NaN	
6325140739000	6316381716817	None	Fixation	(32.79, 167.19)	(357.97, 158.00)	6295.703	0.3334961	NaN	NaN	NaN	
6325157406000	6316398383940	None	Fixation	(32.56, 167.34)	(358.22, 157.98)	6295.703	0.3500977	NaN	NaN	NaN	
6325174072000	6316415049400	None	Fixation	(32.64, 167.17)	(358.25, 157.98)	6295.703	0.3666992	NaN	NaN	NaN	
6325190739000	6316431716171	None	Fixation	(32.62, 167.26)	(358.19, 157.82)	6295.703	0.3833008	NaN	NaN	NaN	
6325207405000	6316448382050	None	Fixation	(32.52, 167.36)	(358.18, 157.71)	6295.703	0.3999023	NaN	NaN	NaN	
6325224072000	6316465048731	None	Fixation	(32.29, 167.45)	(358.16, 157.76)	6295.703	0.4165039	NaN	NaN	NaN	
6325240738000	6316481714580	None	Fixation	(32.13, 167.49)	(358.29, 157.73)	6295.703	0.4335938	NaN	NaN	NaN	
6325257405000	6316498381363	None	Fixation	(31.62, 168.03)	(357.93, 157.56)	6295.703	0.4501953	NaN	NaN	NaN	
6325274071000	6316515047151	None	Fixation	(34.00, 168.01)	(356.05, 157.79)	6295.703	0.4667969	NaN	NaN	NaN	
6325290737000	6316531712972	None	Saccade	(35.26, 167.69)	(355.43, 158.52)	6296.17	0.01660156	16.10724	0.5369079	242.5015	
6325307404000	6316548379765	None	Pursuit	(34.97, 167.57)	(355.69, 158.41)	6296.17	0.03320313	3.829236	0.4394198	232.771	
6325324071000	6316565046615	None	Pursuit	(34.78, 167.85)	(355.46, 158.42)	6296.17	0.04980469	4.228985	0.3259005	245.4506	
6325340737000	6316581712368	None	Fixation	(35.16, 167.54)	(355.76, 158.53)	6293.903	2.333008	NaN	NaN	NaN	
6325357404000	6316598379701	None	Fixation	(34.80, 167.42)	(355.40, 158.17)	6296.236	0.01660156	NaN	NaN	NaN	
6325374070000	6316615044980	None	Fixation	(35.93, 166.65)	(355.81, 158.79)	6296.236	0.03369141	NaN	NaN	NaN	
6325390737000	6316631711755	None	Saccade	(41.30, 165.10)	(354.25, 162.78)	6296.27	0.01660156	68.81658	2.293886	227.6252	
6325407403000	6316648377546	None	Unknown	(42.24, 165.26)	(353.23, 162.76)	NaN	NaN	NaN	NaN	NaN	
6325424070000	6316665044354	None	Pursuit	(42.43, 165.40)	(352.90, 162.82)	6296.303	0.01660156	2.974372	0.09914574	293.8667	
6325440736000	6316681710120	None	Pursuit	(42.22, 165.31)	(353.39, 162.42)	6296.303	0.03320313	2.833196	0.02222902	5.277661	
6325457403000	6316698377135	None	Unknown	(41.67, 165.38)	(353.15, 162.34)	NaN	NaN	NaN	NaN	NaN	
6325474069000	6316715043136	None	Fixation	(41.45, 164.76)	(353.32, 162.28)	6296.353	0.01660156	NaN	NaN	NaN	
6325490736000	6316731709965	None	Fixation	(41.25, 164.87)	(353.48, 161.90)	6296.353	0.03369141	NaN	NaN	NaN	
6325507402000	6316748375738	None	Fixation	(41.88, 165.24)	(353.16, 162.26)	6296.353	0.05029297	NaN	NaN	NaN	
6325524069000	6316765043021	None	Fixation	(41.67, 165.08)	(353.57, 162.30)	6296.353	0.06689453	NaN	NaN	NaN	
6325540735000	6316781707935	None	Fixation	(41.48, 165.17)	(353.59, 162.09)	6296.353	0.08349609	NaN	NaN	NaN	
6325557402000	6316798374756	None	Fixation	(41.19, 165.45)	(353.61, 162.12)	6296.353	0.1000977	NaN	NaN	NaN	
6325574068000	6316815040535	None	Fixation	(41.85, 165.41)	(352.95, 162.30)	6296.353	0.1166992	NaN	NaN	NaN	
6325590735000	6316831707376	None	Fixation	(44.04, 166.02)	(350.69, 162.86)	6296.353	0.1333008	NaN	NaN	NaN	
6325607403000	6316848375475	None	Saccade	(43.68, 166.06)	(351.03, 162.88)	6296.486	0.01660156	4.254889	0.1418296	106.3403	
6325624070000	6316865042271	None	Fixation	(43.86, 166.12)	(350.81, 162.99)	6296.353	0.1669922	NaN	NaN	NaN	
6325640735000	6316881706740	None	Fixation	(43.94, 166.07)	(350.65, 162.71)	6296.353	0.1835938	NaN	NaN	NaN	
6325657401000	6316898372563	None	Fixation	(43.74, 166.30)	(350.79, 162.81)	6296.353	0.2001953	NaN	NaN	NaN	
6325674068000	6316915039676	None	Fixation	(43.82, 165.78)	(350.86, 162.35)	6296.353	0.2167969	NaN	NaN	NaN	
6325690734000	6316931705163	None	Fixation	(43.87, 165.79)	(350.84, 162.60)	6296.353	0.2333984	NaN	NaN	NaN	
6325707401000	6316948371931	None	Fixation	(44.17, 165.97)	(350.70, 162.54)	6296.353	0.25	NaN	NaN	NaN	
6325724067000	6316965037752	None	Fixation	(43.82, 165.89)	(350.62, 162.62)	6296.353	0.2666016	NaN	NaN	NaN	
6325740734000	6316981704518	None	Fixation	(43.71, 166.02)	(350.49, 162.41)	6296.353	0.2836914	NaN	NaN	NaN	
6325757400000	6316998370366	None	Fixation	(43.84, 166.05)	(350.52, 162.54)	6296.353	0.300293	NaN	NaN	NaN	
6325774067000	6317015037148	None	Fixation	(45.56, 165.40)	(349.81, 163.67)	6296.353	0.3168945	NaN	NaN	NaN	
6325790733000	6317031703213	None	Fixation	(45.52, 165.92)	(349.63, 163.29)	6296.353	0.3334961	NaN	NaN	NaN	
6325807400000	6317048369751	None	Fixation	(45.38, 165.69)	(349.68, 163.41)	6296.353	0.3500977	NaN	NaN	NaN	
6325824066000	6317065035528	None	Fixation	(45.35, 165.74)	(349.72, 163.08)	6296.353	0.3666992	NaN	NaN	NaN	
6325840733000	6317081702353	None	Fixation	(45.20, 165.86)	(349.63, 163.13)	6296.353	0.3833008	NaN	NaN	NaN	
6325857399000	6317098368403	None	Fixation	(45.19, 165.60)	(349.87, 163.22)	6296.353	0.3999023	NaN	NaN	NaN	
6325874066000	6317115035324	None	Fixation	(45.08, 165.65)	(349.79, 162.97)	6296.353	0.4169922	NaN	NaN	NaN	
6325890732000	6317131700759	None	Fixation	(45.11, 165.50)	(349.93, 163.05)	6296.353	0.4335938	NaN	NaN	NaN	
6325907399000	6317148367516	None	Fixation	(44.94, 165.66)	(349.69, 162.96)	6296.353	0.4501953	NaN	NaN	NaN	
6325924065000	6317165033328	None	Fixation	(44.99, 165.38)	(349.84, 163.01)	6296.353	0.4667969	NaN	NaN	NaN	
6325940732000	6317181700136	None	Fixation	(44.91, 165.46)	(349.87, 163.03)	6296.353	0.4833984	NaN	NaN	NaN	
6325957398000	6317198365939	None	Fixation	(44.96, 165.45)	(349.88, 162.97)	6296.353	0.5	NaN	NaN	NaN	
6325974066000	6317215033722	None	Fixation	(44.92, 165.35)	(350.03, 162.99)	6296.353	0.5166016	NaN	NaN	NaN	
6325990733000	6317231700887	None	Fixation	(44.83, 165.31)	(350.10, 162.95)	6296.353	0.5336914	NaN	NaN	NaN	
6326007398000	6317248365904	None	Fixation	(44.65, 165.42)	(350.17, 162.80)	6296.353	0.550293	NaN	NaN	NaN	
6326024064000	6317265031520	None	Fixation	(44.73, 165.22)	(350.14, 162.92)	6296.353	0.5668945	NaN	NaN	NaN	
6326040731000	6317281697930	None	Fixation	(44.85, 165.18)	(350.12, 162.82)	6296.353	0.5834961	NaN	NaN	NaN	
6326057397000	6317298363733	None	Fixation	(44.88, 165.20)	(349.85, 162.78)	6296.353	0.6000977	NaN	NaN	NaN	
6326074064000	6317315030551	None	Fixation	(44.79, 165.35)	(350.11, 162.82)	6296.353	0.6166992	NaN	NaN	NaN	
6326090730000	6317331696333	None	Fixation	(44.65, 165.27)	(349.85, 162.69)	6296.353	0.6333008	NaN	NaN	NaN	
6326107397000	6317348363128	None	Fixation	(44.82, 165.13)	(349.88, 162.72)	6296.353	0.6499023	NaN	NaN	NaN	
6326124063000	6317365029396	None	Fixation	(44.81, 165.24)	(349.78, 162.74)	6296.353	0.6669922	NaN	NaN	NaN	
6326124063000	6317365028902	None	Fixation	(44.81, 165.24)	(349.78, 162.74)	6296.353	0.6669922	NaN	NaN	NaN	
6326157397000	6317398362533	None	Fixation	(44.85, 165.49)	(349.87, 162.78)	6296.353	0.7001953	NaN	NaN	NaN	
6326174063000	6317415028329	None	Fixation	(44.69, 165.45)	(349.77, 162.85)	6296.353	0.7167969	NaN	NaN	NaN	
6326190730000	6317431695151	None	Fixation	(44.89, 165.16)	(349.79, 162.74)	6296.353	0.7333984	NaN	NaN	NaN	
6326207398000	6317448362920	None	Fixation	(44.65, 165.36)	(349.67, 162.69)	6296.353	0.75	NaN	NaN	NaN	
6326224064000	6317465028718	None	Fixation	(45.14, 165.41)	(349.76, 162.71)	6296.353	0.7666016	NaN	NaN	NaN	
6326240729000	6317481693920	None	Fixation	(44.97, 165.17)	(349.72, 162.70)	6296.353	0.7836914	NaN	NaN	NaN	
6326257396000	6317498360588	None	Fixation	(44.90, 165.33)	(349.94, 162.76)	6296.353	0.800293	NaN	NaN	NaN	
6326274062000	6317515026112	None	Fixation	(44.87, 165.26)	(349.70, 162.68)	6296.353	0.8168945	NaN	NaN	NaN	
6326290729000	6317531692924	None	Fixation	(44.97, 165.38)	(349.69, 162.69)	6296.353	0.8334961	NaN	NaN	NaN	
6326307397000	6317548360710	None	Fixation	(44.99, 165.48)	(349.58, 162.58)	6296.353	0.8500977	NaN	NaN	NaN	
6326324063000	6317565026884	None	Fixation	(44.92, 165.46)	(349.50, 162.53)	6296.353	0.8666992	NaN	NaN	NaN	
6326340728000	6317581691289	None	Fixation	(44.89, 165.52)	(349.61, 162.49)	6296.353	0.8833008	NaN	NaN	NaN	
6326357395000	6317598358106	None	Fixation	(44.75, 165.64)	(349.59, 162.59)	6296.353	0.8999023	NaN	NaN	NaN	
6326374061000	6317615023909	None	Fixation	(44.76, 165.67)	(349.68, 162.44)	6296.353	0.9169922	NaN	NaN	NaN	
6326390728000	6317631691011	None	Fixation	(44.52, 165.69)	(349.71, 162.37)	6296.353	0.9335938	NaN	NaN	NaN	
6326407394000	6317648356844	None	Fixation	(44.53, 165.80)	(349.85, 162.38)	6296.353	0.9501953	NaN	NaN	NaN	
6326407394000	6317648356714	None	Fixation	(44.53, 165.80)	(349.85, 162.38)	6296.353	0.9501953	NaN	NaN	NaN	
6326424061000	6317665023597	None	Fixation	(44.29, 165.57)	(349.83, 162.34)	6296.353	0.9667969	NaN	NaN	NaN	
6326457393000	6317698354910	None	Fixation	(44.28, 165.65)	(349.89, 162.46)	6296.353	1	NaN	NaN	NaN	
6326474059000	6317715020698	None	Fixation	(44.30, 165.55)	(350.08, 162.41)	6296.353	1.016602	NaN	NaN	NaN	
6326490726000	6317731687522	None	Fixation	(44.25, 165.66)	(350.03, 162.48)	6296.353	1.033691	NaN	NaN	NaN	
6326507392000	6317748353579	None	Fixation	(44.37, 165.41)	(350.16, 162.64)	6296.353	1.050293	NaN	NaN	NaN	
6326524059000	6317765020538	None	Fixation	(45.76, 164.90)	(350.18, 163.79)	6296.353	1.066895	NaN	NaN	NaN	
6326540727000	6317781687911	None	Fixation	(45.38, 165.07)	(350.17, 163.27)	6296.353	1.083496	NaN	NaN	NaN	
6326557394000	6317798355010	None	Fixation	(45.62, 165.11)	(349.89, 163.60)	6296.353	1.100098	NaN	NaN	NaN	
6326574060000	6317815020512	None	Fixation	(45.29, 165.14)	(350.10, 163.44)	6296.353	1.116699	NaN	NaN	NaN	
6326590727000	6317831687335	None	Fixation	(45.12, 164.86)	(350.07, 163.30)	6296.353	1.133301	NaN	NaN	NaN	
6326590727000	6317831687310	None	Fixation	(45.12, 164.86)	(350.07, 163.30)	6296.353	1.133301	NaN	NaN	NaN	
6326607391000	6317848351088	None	Fixation	(44.99, 164.81)	(350.08, 163.19)	6296.353	1.149902	NaN	NaN	NaN	
6326624058000	6317865017907	None	Fixation	(44.62, 165.31)	(350.23, 163.16)	6296.353	1.166992	NaN	NaN	NaN	
6326640724000	6317881683702	None	Fixation	(45.01, 165.22)	(350.17, 163.31)	6296.353	1.183594	NaN	NaN	NaN	
6326657391000	6317898350795	None	Fixation	(44.89, 165.29)	(350.17, 163.21)	6296.353	1.200195	NaN	NaN	NaN	
6326674057000	6317915016303	None	Fixation	(44.55, 165.44)	(350.15, 163.05)	6296.353	1.216797	NaN	NaN	NaN	
6326690724000	6317931683095	None	Fixation	(44.46, 165.47)	(350.19, 163.01)	6296.353	1.233398	NaN	NaN	NaN	
6326707390000	6317948348891	None	Fixation	(44.41, 165.68)	(350.27, 162.95)	6296.353	1.25	NaN	NaN	NaN	
6326724057000	6317965015684	None	Fixation	(44.06, 165.79)	(350.04, 162.69)	6296.353	1.266602	NaN	NaN	NaN	
6326740725000	6317981683477	None	Fixation	(43.98, 165.79)	(350.08, 162.52)	6296.353	1.283691	NaN	NaN	NaN	
6326757392000	6317998350293	None	Fixation	(43.78, 165.86)	(350.04, 162.41)	6296.353	1.300293	NaN	NaN	NaN	
6326774056000	6318015014088	None	Fixation	(43.79, 166.20)	(350.18, 162.09)	6296.353	1.316895	NaN	NaN	NaN	
6326790723000	6318031680873	None	Fixation	(43.49, 166.43)	(349.83, 161.90)	6296.353	1.333496	NaN	NaN	NaN	
6326807390000	6318048347696	None	Fixation	(43.44, 166.51)	(349.84, 161.71)	6296.353	1.350098	NaN	NaN	NaN	
6326824056000	6318065013482	None	Fixation	(43.00, 167.09)	(349.42, 161.31)	6296.353	1.366699	NaN	NaN	NaN	
6326840723000	6318081680304	None	Saccade	(42.86, 171.39)	(345.05, 159.08)	6297.72	0.01660156	52.95867	2.011131	329.4662	
6326857390000	6318098347073	None	Unknown	(44.19, 170.99)	(344.60, 159.97)	NaN	NaN	NaN	NaN	NaN	
6326874055000	6318115011889	None	Pursuit	(44.25, 171.75)	(344.23, 159.11)	6297.753	0.01708984	9.35754	0.311918	342.9842	
6326890721000	6318131677680	None	Pursuit	(43.74, 171.86)	(343.59, 158.93)	6297.753	0.03369141	6.34282	0.4010138	14.43989	
6326907388000	6318148344482	None	Unknown	(43.12, 172.16)	(343.73, 158.49)	NaN	NaN	NaN	NaN	NaN	
6326924054000	6318165010281	None	Fixation	(43.01, 172.72)	(343.24, 157.78)	6297.803	0.01660156	NaN	NaN	NaN	
6326940721000	6318181677091	None	Fixation	(43.14, 173.03)	(342.49, 157.30)	6297.803	0.03320313	NaN	NaN	NaN	
6326957387000	6318198342887	None	Fixation	(43.37, 173.31)	(342.30, 157.28)	6297.803	0.04980469	NaN	NaN	NaN	
6326974054000	6318215009679	None	Fixation	(43.17, 173.71)	(341.61, 156.88)	6297.803	0.06640625	NaN	NaN	NaN	
6326990720000	6318231675480	None	Fixation	(43.08, 174.11)	(341.50, 156.51)	6297.803	0.08349609	NaN	NaN	NaN	
6327007387000	6318248342287	None	Fixation	(42.72, 174.71)	(340.84, 155.99)	6297.803	0.1000977	NaN	NaN	NaN	
6327024053000	6318265008439	None	Fixation	(42.71, 175.52)	(339.92, 155.74)	6297.803	0.1166992	NaN	NaN	NaN	
6327040720000	6318281674867	None	Fixation	(42.64, 175.92)	(339.60, 155.28)	6297.803	0.1333008	NaN	NaN	NaN	
6327057386000	6318298340677	None	Fixation	(42.63, 176.04)	(339.34, 154.95)	6297.803	0.1499023	NaN	NaN	NaN	
6327074053000	6318315007477	None	Fixation	(42.28, 176.99)	(338.65, 154.54)	6297.803	0.1665039	NaN	NaN	NaN	
6327090719000	6318331673278	None	Fixation	(41.98, 177.31)	(338.32, 154.29)	6297.803	0.1831055	NaN	NaN	NaN	
6327107386000	6318348340078	None	Fixation	(42.21, 177.64)	(338.01, 154.15)	6297.803	0.199707	NaN	NaN	NaN	
6327124052000	6318365005866	None	Fixation	(42.28, 177.82)	(337.72, 153.93)	6297.803	0.2167969	NaN	NaN	NaN	
6327140719000	6318381672680	None	Fixation	(42.05, 177.98)	(337.74, 153.65)	6297.803	0.2333984	NaN	NaN	NaN	
6327157385000	6318398338490	None	Fixation	(42.20, 178.32)	(337.17, 153.49)	6297.803	0.25	NaN	NaN	NaN	
6327174052000	6318415005271	None	Fixation	(42.22, 178.43)	(337.16, 153.44)	6297.803	0.2666016	NaN	NaN	NaN	
6327190718000	6318431671090	None	Fixation	(41.93, 178.68)	(336.63, 153.12)	6297.803	0.2832031	NaN	NaN	NaN	
6327207385000	6318448337923	None	Fixation	(42.10, 178.82)	(336.55, 153.02)	6297.803	0.2998047	NaN	NaN	NaN	
6327224051000	6318465003818	None	Fixation	(42.17, 179.00)	(336.47, 153.00)	6297.803	0.3164063	NaN	NaN	NaN	
6327240718000	6318481670810	None	Fixation	(42.21, 179.08)	(336.51, 152.97)	6297.803	0.3334961	NaN	NaN	NaN	
6327257385000	6318498337264	None	Fixation	(42.24, 179.16)	(336.25, 152.90)	6297.803	0.3500977	NaN	NaN	NaN	
6327274051000	6318515003294	None	Fixation	(42.30, 179.38)	(336.41, 153.02)	6297.803	0.3666992	NaN	NaN	NaN	
6327290718000	6318531669867	None	Fixation	(42.18, 179.47)	(336.26, 152.85)	6297.803	0.3833008	NaN	NaN	NaN	
6327307384000	6318548335934	None	Fixation	(42.07, 179.51)	(336.29, 152.91)	6297.803	0.3999023	NaN	NaN	NaN	
6327324051000	6318565002469	None	Fixation	(41.87, 179.74)	(336.18, 152.80)	6297.803	0.4165039	NaN	NaN	NaN	
6327340717000	6318581668254	None	Fixation	(42.36, 179.79)	(335.96, 152.69)	6297.803	0.4331055	NaN	NaN	NaN	
6327357384000	6318598335070	None	Fixation	(42.17, 179.84)	(335.80, 152.63)	6297.803	0.449707	NaN	NaN	NaN	
6327374050000	6318615000853	None	Fixation	(42.00, 179.99)	(335.70, 152.58)	6297.803	0.4667969	NaN	NaN	NaN	
6327390717000	6318631667686	None	Fixation	(42.09, 179.99)	(335.50, 152.60)	6297.803	0.4833984	NaN	NaN	NaN	
6327407383000	6318648333447	None	Fixation	(42.16, 179.93)	(335.59, 152.48)	6297.803	0.5	NaN	NaN	NaN	
6327424050000	6318665000290	None	Fixation	(42.16, 180.10)	(335.45, 152.69)	6297.803	0.5166016	NaN	NaN	NaN	
6327440716000	6318681666040	None	Fixation	(42.16, 180.19)	(335.46, 152.44)	6297.803	0.5332031	NaN	NaN	NaN	
6327457383000	6318698332856	None	Fixation	(42.04, 180.28)	(335.20, 152.40)	6297.803	0.5498047	NaN	NaN	NaN	
6327474049000	6318714998683	None	Fixation	(42.15, 180.16)	(334.88, 152.23)	6297.803	0.5664063	NaN	NaN	NaN	
6327490716000	6318731665440	None	Fixation	(42.10, 180.50)	(335.07, 152.11)	6297.803	0.5830078	NaN	NaN	NaN	
6327507381000	6318748330281	None	Fixation	(42.01, 180.67)	(334.97, 152.09)	6297.803	0.6000977	NaN	NaN	NaN	
6327524048000	6318764997081	None	Fixation	(41.75, 180.64)	(334.92, 151.95)	6297.803	0.6166992	NaN	NaN	NaN	
6327540714000	6318781662851	None	Fixation	(41.66, 180.77)	(334.81, 151.81)	6297.803	0.6333008	NaN	NaN	NaN	
6327557381000	6318798329665	None	Fixation	(41.60, 180.85)	(334.58, 151.75)	6297.803	0.6499023	NaN	NaN	NaN	
6327574049000	6318814997473	None	Fixation	(42.19, 179.69)	(335.75, 152.64)	6297.803	0.6665039	NaN	NaN	NaN	
6327590716000	6318831664254	None	Saccade	(43.38, 172.53)	(343.50, 157.65)	6298.47	0.01660156	89.36255	3.783654	156.185	
6327607380000	6318848328657	None	Saccade	(44.48, 169.28)	(347.24, 161.20)	6298.47	0.03320313	63.44946	5.875478	139.6839	
6327624047000	6318864994879	None	Pursuit	(43.93, 169.01)	(347.42, 161.45)	6298.503	0.01708984	7.551857	0.2517286	102.7027	
6327640714000	6318881661685	None	Pursuit	(43.36, 168.83)	(347.83, 161.14)	6298.503	0.03369141	7.353624	0.4956479	98.77004	
6327657381000	6318898328456	None	Pursuit	(44.35, 168.64)	(348.33, 160.63)	6298.503	0.05029297	12.35372	0.2661915	154.928	
6327674046000	6318914993292	None	Unknown	(44.50, 168.17)	(348.37, 160.94)	NaN	NaN	NaN	NaN	NaN	
6327690713000	6318931660067	None	Fixation	(43.56, 168.29)	(348.52, 160.98)	6298.57	0.01660156	NaN	NaN	NaN	
6327707379000	6318948325887	None	Fixation	(43.52, 168.01)	(348.37, 160.85)	6298.57	0.03320313	NaN	NaN	NaN	
6327724046000	6318964992653	None	Fixation	(44.22, 168.18)	(348.26, 160.61)	6298.57	0.04980469	NaN	NaN	NaN	
6327740712000	6318981658467	None	Fixation	(43.57, 168.42)	(348.34, 160.52)	6298.57	0.06640625	NaN	NaN	NaN	
6327757379000	6318998325266	None	Fixation	(43.33, 168.35)	(348.35, 160.21)	6298.57	0.08349609	NaN	NaN	NaN	
6327774047000	6319014993085	None	Fixation	(42.84, 168.37)	(348.23, 159.90)	6298.57	0.1000977	NaN	NaN	NaN	
6327790714000	6319031659898	None	Fixation	(43.39, 168.77)	(347.92, 159.66)	6298.57	0.1166992	NaN	NaN	NaN	
6327807379000	6319048324662	None	Fixation	(42.45, 168.99)	(347.72, 159.71)	6298.57	0.1333008	NaN	NaN	NaN	
6327824045000	6319064990544	None	Fixation	(42.47, 168.61)	(347.80, 159.90)	6298.57	0.1499023	NaN	NaN	NaN	
6327840713000	6319081658235	None	Saccade	(44.99, 166.12)	(349.25, 162.34)	6298.72	0.01660156	43.66438	1.455479	212.3193	
6327857380000	6319098325046	None	Saccade	(44.11, 166.27)	(349.03, 161.88)	6298.736	0.01660156	6.329519	0.210984	346.5868	
6327874045000	6319114989865	None	Pursuit	(44.86, 166.35)	(348.45, 162.26)	6298.72	0.05029297	9.162126	1.347599	213.5428	
6327890711000	6319131655642	None	Pursuit	(45.06, 166.61)	(348.99, 161.99)	6298.72	0.06689453	4.071854	1.34036	219.3233	
6327907378000	6319148322461	None	Fixation	(44.46, 166.24)	(349.26, 162.00)	6298.787	0.01660156	NaN	NaN	NaN	
6327924044000	6319164988252	None	Fixation	(44.43, 166.18)	(349.33, 161.91)	6298.803	0.01660156	NaN	NaN	NaN	
6327940711000	6319181655429	None	Fixation	(43.95, 166.01)	(349.33, 162.11)	6298.803	0.03320313	NaN	NaN	NaN	
6327957377000	6319198320860	None	Fixation	(44.69, 166.10)	(349.44, 162.03)	6298.803	0.04980469	NaN	NaN	NaN	
6327974044000	6319214987679	None	Fixation	(44.75, 165.85)	(349.50, 162.08)	6298.803	0.06640625	NaN	NaN	NaN	
6327990710000	6319231653513	None	Fixation	(44.55, 166.07)	(349.70, 162.25)	6298.803	0.08300781	NaN	NaN	NaN	
6328007377000	6319248320278	None	Fixation	(44.84, 165.78)	(349.52, 162.11)	6298.803	0.1000977	NaN	NaN	NaN	
6328024043000	6319264986056	None	Fixation	(44.77, 166.06)	(349.79, 162.24)	6298.803	0.1166992	NaN	NaN	NaN	
6328040710000	6319281652860	None	Fixation	(44.53, 165.87)	(349.81, 162.14)	6298.803	0.1333008	NaN	NaN	NaN	
6328057376000	6319298318650	None	Fixation	(44.39, 165.79)	(349.97, 162.17)	6298.803	0.1499023	NaN	NaN	NaN	
6328074045000	6319314987450	None	Fixation	(43.95, 165.54)	(350.11, 162.22)	6298.803	0.1665039	NaN	NaN	NaN	
6328090711000	6319331653252	None	Fixation	(45.14, 165.83)	(350.13, 162.16)	6298.803	0.1831055	NaN	NaN	NaN	
6328107378000	6319348320065	None	Fixation	(44.57, 165.77)	(350.35, 162.44)	6298.803	0.199707	NaN	NaN	NaN	
6328124044000	6319364985858	None	Fixation	(43.82, 165.60)	(350.63, 162.54)	6298.803	0.2167969	NaN	NaN	NaN	
6328140709000	6319381650666	None	Fixation	(43.98, 165.28)	(350.49, 162.64)	6298.803	0.2333984	NaN	NaN	NaN	
6328157375000	6319398316439	None	Fixation	(44.08, 165.31)	(350.91, 162.97)	6298.803	0.25	NaN	NaN	NaN	
6328174042000	6319414983226	None	Saccade	(46.94, 162.63)	(352.40, 165.72)	6299.053	0.01660156	48.20292	1.606764	189.1783	
6328190708000	6319431649064	None	Pursuit	(47.25, 161.86)	(353.36, 166.94)	6299.053	0.03320313	10.11586	1.918338	209.6328	
6328207377000	6319448318271	None	Pursuit	(49.31, 161.71)	(353.15, 167.37)	6299.053	0.04980469	25.42608	2.601536	222.5236	
6328224043000	6319464984260	None	Pursuit	(46.91, 161.28)	(353.49, 167.68)	6299.053	0.06640625	29.93471	2.018797	202.1662	
6328240708000	6319481648933	None	Unknown	(48.75, 161.27)	(353.68, 167.08)	NaN	NaN	NaN	NaN	NaN	
6328257374000	6319498314281	None	Fixation	(46.95, 160.81)	(354.01, 167.30)	6299.136	0.01708984	NaN	NaN	NaN	
6328274040000	6319514980056	None	Fixation	(47.26, 160.67)	(354.13, 167.49)	6299.136	0.03369141	NaN	NaN	NaN	
6328290707000	6319531646878	None	Fixation	(47.50, 160.78)	(354.32, 167.65)	6299.136	0.05029297	NaN	NaN	NaN	
6328307374000	6319548313708	None	Fixation	(47.59, 160.47)	(354.80, 167.94)	6299.136	0.06689453	NaN	NaN	NaN	
6328324041000	6319564980452	None	Fixation	(47.20, 160.22)	(355.32, 168.30)	6299.136	0.08349609	NaN	NaN	NaN	
6328340709000	6319581648276	None	Saccade	(49.19, 157.87)	(357.58, 170.91)	6299.22	0.01660156	42.49503	1.416501	152.0604	
6328357375000	6319598314032	None	Saccade	(48.85, 157.22)	(359.19, 172.26)	6299.236	0.01660156	8.968168	0.298939	139.8414	
6328374040000	6319614978836	None	Pursuit	(49.04, 156.93)	(358.93, 172.52)	6299.236	0.03369141	4.256985	0.3892052	158.3123	
6328390707000	6319631645951	None	Pursuit	(48.82, 156.57)	(359.56, 172.86)	6299.236	0.05029297	5.249038	0.5545526	151.2512	
6328407373000	6319648311454	None	Unknown	(49.73, 156.16)	(360.44, 173.00)	NaN	NaN	NaN	NaN	NaN	
6328424040000	6319664978272	None	Fixation	(49.28, 155.57)	(360.64, 173.32)	6299.303	0.01660156	NaN	NaN	NaN	
6328440706000	6319681644047	None	Fixation	(48.86, 155.39)	(360.83, 173.58)	6299.303	0.03320313	NaN	NaN	NaN	
6328457373000	6319698311153	None	Fixation	(48.69, 155.61)	(361.08, 173.74)	6299.303	0.04980469	NaN	NaN	NaN	
6328474039000	6319714976932	None	Fixation	(50.21, 154.97)	(361.35, 174.03)	6299.303	0.06640625	NaN	NaN	NaN	
6328490706000	6319731643692	None	Fixation	(48.63, 154.72)	(361.61, 174.11)	6299.303	0.08300781	NaN	NaN	NaN	
6328507372000	6319748309663	None	Fixation	(48.54, 154.62)	(361.99, 174.12)	6299.303	0.1000977	NaN	NaN	NaN	
6328524039000	6319764976139	None	Fixation	(49.94, 153.21)	(363.26, 176.10)	6299.303	0.1166992	NaN	NaN	NaN	
6328540705000	6319781641830	None	Saccade	(51.88, 151.79)	(364.83, 177.58)	6299.42	0.01660156	29.60472	0.9868241	183.5875	
6328557372000	6319798309018	None	Pursuit	(50.64, 151.72)	(364.55, 178.15)	6299.42	0.03320313	15.19186	0.6776124	192.3756	
6328574039000	6319814975531	None	Pursuit	(51.30, 151.55)	(365.02, 178.09)	6299.42	0.04980469	8.376884	0.8816187	206.5451	
6328590704000	6319831640238	None	Unknown	(50.82, 151.29)	(365.40, 178.05)	NaN	NaN	NaN	NaN	NaN	
6328607371000	6319848307158	None	Fixation	(50.35, 150.76)	(365.39, 178.31)	6299.486	0.01660156	NaN	NaN	NaN	
6328624038000	6319864973830	None	Fixation	(51.38, 150.71)	(365.47, 178.31)	6299.486	0.03369141	NaN	NaN	NaN	
6328640705000	6319881640641	None	Fixation	(50.86, 150.92)	(365.26, 178.24)	6299.486	0.05029297	NaN	NaN	NaN	
6328657372000	6319898307429	None	Fixation	(50.49, 151.08)	(365.42, 178.17)	6299.486	0.06689453	NaN	NaN	NaN	
6328674037000	6319914972232	None	Fixation	(50.75, 150.86)	(365.45, 178.04)	6299.486	0.08349609	NaN	NaN	NaN	
6328690704000	6319931639051	None	Saccade	(47.38, 156.08)	(360.13, 172.11)	6299.57	0.01660156	76.42017	3.266467	175.5106	
6328707370000	6319948305173	None	Saccade	(43.86, 164.97)	(351.96, 165.65)	6299.57	0.03320313	117.6839	7.507278	169.297	
6328724037000	6319964971676	None	Unknown	(44.78, 164.77)	(351.82, 164.57)	NaN	NaN	NaN	NaN	NaN	
6328740702000	6319981636449	None	Pursuit	(44.40, 165.04)	(351.47, 164.40)	6299.62	0.01660156	5.775107	0.1925036	41.19415	
6328757369000	6319998303655	None	Pursuit	(44.82, 164.12)	(351.95, 164.42)	6299.62	0.03369141	12.54363	0.2673827	171.2688	
6328774035000	6320014969488	None	Unknown	(44.06, 163.91)	(352.33, 164.34)	NaN	NaN	NaN	NaN	NaN	
6328790702000	6320031636202	None	Fixation	(44.44, 163.69)	(352.25, 164.04)	6299.67	0.01660156	NaN	NaN	NaN	
6328807368000	6320048302132	None	Fixation	(44.39, 163.82)	(352.09, 164.23)	6299.67	0.03320313	NaN	NaN	NaN	
6328824035000	6320064968520	None	Fixation	(44.30, 164.01)	(352.15, 164.41)	6299.67	0.04980469	NaN	NaN	NaN	
6328840703000	6320081636285	None	Fixation	(44.29, 163.70)	(352.23, 164.27)	6299.67	0.06640625	NaN	NaN	NaN	
6328857370000	6320098303026	None	Fixation	(44.77, 163.66)	(352.42, 164.21)	6299.67	0.08300781	NaN	NaN	NaN	
6328874034000	6320114966862	None	Fixation	(44.68, 163.51)	(352.52, 164.35)	6299.67	0.1000977	NaN	NaN	NaN	
6328890701000	6320131633629	None	Fixation	(44.69, 163.51)	(352.55, 164.40)	6299.67	0.1166992	NaN	NaN	NaN	
6328907367000	6320148299431	None	Fixation	(44.81, 163.21)	(352.66, 164.63)	6299.67	0.1333008	NaN	NaN	NaN	
6328924034000	6320164966242	None	Fixation	(45.03, 163.29)	(352.47, 164.46)	6299.67	0.1499023	NaN	NaN	NaN	
6328940700000	6320181632072	None	Fixation	(44.17, 164.79)	(351.37, 163.81)	6299.67	0.1665039	NaN	NaN	NaN	
6328957367000	6320198298829	None	Fixation	(44.24, 164.70)	(350.68, 163.83)	6299.67	0.1831055	NaN	NaN	NaN	
6328974033000	6320214964724	None	Fixation	(44.41, 165.05)	(351.19, 163.79)	6299.67	0.199707	NaN	NaN	NaN	
6328990700000	6320231631428	None	Fixation	(44.37, 165.00)	(350.85, 163.86)	6299.67	0.2163086	NaN	NaN	NaN	
6329007367000	6320248298245	None	Fixation	(44.03, 164.66)	(350.84, 163.90)	6299.67	0.2333984	NaN	NaN	NaN	
6329024033000	6320264964041	None	Fixation	(44.59, 164.90)	(351.10, 163.64)	6299.67	0.25	NaN	NaN	NaN	
6329040700000	6320281631123	None	Fixation	(43.96, 164.92)	(351.37, 163.95)	6299.67	0.2666016	NaN	NaN	NaN	
6329057366000	6320298296993	None	Fixation	(44.64, 164.77)	(351.21, 163.76)	6299.67	0.2832031	NaN	NaN	NaN	
6329074035000	6320314965426	None	Fixation	(44.63, 164.67)	(351.16, 163.81)	6299.67	0.2998047	NaN	NaN	NaN	
6329090701000	6320331631241	None	Fixation	(44.56, 164.59)	(351.40, 164.10)	6299.67	0.3164063	NaN	NaN	NaN	
6329107368000	6320348298063	None	Fixation	(44.51, 164.70)	(351.25, 164.11)	6299.67	0.3330078	NaN	NaN	NaN	
6329124034000	6320364964302	None	Fixation	(44.47, 164.39)	(351.19, 164.08)	6299.67	0.3500977	NaN	NaN	NaN	
6329140699000	6320381629160	None	Fixation	(44.50, 164.33)	(351.44, 164.01)	6299.67	0.3666992	NaN	NaN	NaN	
6329157365000	6320398294444	None	Fixation	(44.33, 164.67)	(350.91, 163.77)	6299.67	0.3833008	NaN	NaN	NaN	
6329190700000	6320431629727	None	Fixation	(44.64, 164.98)	(350.30, 163.51)	6299.67	0.4165039	NaN	NaN	NaN	
6329190700000	6320431629226	None	Fixation	(44.64, 164.98)	(350.30, 163.51)	6299.67	0.4165039	NaN	NaN	NaN	
6329207365000	6320448293840	None	Fixation	(44.82, 165.27)	(349.97, 163.72)	6299.67	0.4331055	NaN	NaN	NaN	
6329224031000	6320464959657	None	Fixation	(44.90, 165.01)	(349.88, 163.69)	6299.67	0.449707	NaN	NaN	NaN	
6329257364000	6320498292457	None	Fixation	(45.41, 165.29)	(349.84, 163.69)	6299.67	0.4833984	NaN	NaN	NaN	
6329274031000	6320514959567	None	Fixation	(45.16, 165.16)	(349.79, 163.73)	6299.67	0.5	NaN	NaN	NaN	
6329274031000	6320514959053	None	Fixation	(45.16, 165.16)	(349.79, 163.73)	6299.67	0.5	NaN	NaN	NaN	
6329290697000	6320531624853	None	Fixation	(45.35, 165.29)	(349.61, 163.65)	6299.67	0.5166016	NaN	NaN	NaN	
6329307364000	6320548291851	None	Fixation	(45.53, 165.42)	(349.66, 163.68)	6299.67	0.5332031	NaN	NaN	NaN	
6329340697000	6320581624611	None	Fixation	(45.36, 165.63)	(349.76, 163.57)	6299.67	0.5664063	NaN	NaN	NaN	
6329357363000	6320598290781	None	Fixation	(46.58, 165.77)	(349.57, 163.33)	6299.67	0.5830078	NaN	NaN	NaN	
6329357363000	6320598290815	None	Fixation	(46.58, 165.77)	(349.57, 163.33)	6299.67	0.5830078	NaN	NaN	NaN	
6329374030000	6320614956847	None	Fixation	(44.74, 165.41)	(350.14, 163.40)	6299.67	0.6000977	NaN	NaN	NaN	
6329407363000	6320648289637	None	Fixation	(44.81, 165.31)	(350.23, 163.44)	6299.67	0.6333008	NaN	NaN	NaN	
6329424029000	6320664955435	None	Fixation	(44.77, 165.15)	(350.50, 163.27)	6299.67	0.6499023	NaN	NaN	NaN	
6329424029000	6320664955247	None	Fixation	(44.77, 165.15)	(350.50, 163.27)	6299.67	0.6499023	NaN	NaN	NaN	
6329440696000	6320681622034	None	Fixation	(45.24, 165.02)	(350.54, 163.60)	6299.67	0.6665039	NaN	NaN	NaN	
6329474029000	6320714954859	None	Fixation	(44.77, 164.91)	(350.50, 163.59)	6299.67	0.699707	NaN	NaN	NaN	
6329474029000	6320714954629	None	Fixation	(44.77, 164.91)	(350.50, 163.59)	6299.67	0.699707	NaN	NaN	NaN	
6329507362000	6320748287425	None	Fixation	(45.24, 164.81)	(350.72, 163.74)	6299.67	0.7333984	NaN	NaN	NaN	
6329524029000	6320764954303	None	Fixation	(45.02, 164.76)	(350.67, 163.76)	6299.67	0.75	NaN	NaN	NaN	
6329524029000	6320764954118	None	Fixation	(45.02, 164.76)	(350.67, 163.76)	6299.67	0.75	NaN	NaN	NaN	
6329540697000	6320781621851	None	Fixation	(44.86, 164.63)	(350.59, 163.62)	6299.67	0.7666016	NaN	NaN	NaN	
6329574029000	6320814953612	None	Fixation	(45.33, 164.85)	(350.46, 163.60)	6299.67	0.7998047	NaN	NaN	NaN	
6329590695000	6320831619800	None	Fixation	(44.89, 164.68)	(350.49, 163.60)	6299.67	0.8164063	NaN	NaN	NaN	
6329607362000	6320848286247	None	Fixation	(45.18, 164.86)	(350.66, 163.61)	6299.67	0.8330078	NaN	NaN	NaN	
6329624029000	6320864953109	None	Fixation	(45.09, 164.77)	(350.51, 163.58)	6299.67	0.8500977	NaN	NaN	NaN	
6329640695000	6320881618845	None	Fixation	(45.11, 164.74)	(350.52, 163.70)	6299.67	0.8666992	NaN	NaN	NaN	
6329657362000	6320898285674	None	Fixation	(44.98, 164.62)	(350.41, 163.54)	6299.67	0.8833008	NaN	NaN	NaN	
6329674028000	6320914951784	None	Fixation	(44.94, 164.79)	(350.47, 163.71)	6299.67	0.8999023	NaN	NaN	NaN	
6329690695000	6320931618243	None	Fixation	(44.66, 164.68)	(350.48, 163.51)	6299.67	0.9165039	NaN	NaN	NaN	
6329707362000	6320948285012	None	Fixation	(44.72, 164.79)	(350.59, 163.39)	6299.67	0.9331055	NaN	NaN	NaN	
6329724029000	6320964952368	None	Fixation	(45.06, 164.69)	(350.72, 163.63)	6299.67	0.949707	NaN	NaN	NaN	
6329740694000	6320981616623	None	Fixation	(44.62, 164.49)	(350.72, 163.76)	6299.67	0.9663086	NaN	NaN	NaN	
6329757361000	6320998283425	None	Fixation	(45.12, 164.52)	(350.69, 163.74)	6299.67	0.9833984	NaN	NaN	NaN	
6329774029000	6321014951545	None	Fixation	(45.12, 164.64)	(350.84, 163.80)	6299.67	1	NaN	NaN	NaN	
6329790695000	6321031617106	None	Fixation	(45.13, 164.73)	(350.49, 163.77)	6299.67	1.016602	NaN	NaN	NaN	
6329807361000	6321048282837	None	Fixation	(45.04, 164.78)	(350.35, 163.48)	6299.67	1.033203	NaN	NaN	NaN	
6329824028000	6321064949671	None	Fixation	(45.18, 164.84)	(350.45, 163.71)	6299.67	1.049805	NaN	NaN	NaN	
6329840692000	6321081613437	None	Fixation	(45.20, 165.11)	(350.18, 163.52)	6299.67	1.066406	NaN	NaN	NaN	
6329857359000	6321098280747	None	Fixation	(45.15, 165.30)	(349.68, 163.32)	6299.67	1.083008	NaN	NaN	NaN	
6329874025000	6321114946394	None	Fixation	(45.04, 165.38)	(349.93, 163.47)	6299.67	1.100098	NaN	NaN	NaN	
6329890692000	6321131612927	None	Fixation	(45.30, 165.69)	(349.89, 163.48)	6299.67	1.116699	NaN	NaN	NaN	
6329907358000	6321148278640	None	WinkLeft	(45.27, 167.67)	(349.69, 165.40)	NaN	NaN	NaN	NaN	NaN	
6329924025000	6321164945440	None	Blink	(45.63, 170.15)	(348.96, 168.63)	NaN	NaN	NaN	NaN	NaN	
6329940691000	6321181611316	None	Blink	(46.93, 166.53)	(350.89, 167.84)	NaN	NaN	NaN	NaN	NaN	
6329957358000	6321198278377	None	Blink	(44.45, 168.29)	(343.04, 166.04)	NaN	NaN	NaN	NaN	NaN	
6329974024000	6321214943840	None	Blink	(42.30, 167.03)	(352.36, 164.37)	NaN	NaN	NaN	NaN	NaN	
6329990691000	6321231611273	None	Blink	(43.02, 168.13)	(349.69, 163.32)	NaN	NaN	NaN	NaN	NaN	
6330007357000	6321248276419	None	Blink	(42.95, 168.51)	(348.97, 162.46)	NaN	NaN	NaN	NaN	NaN	
6330024024000	6321264943284	None	Blink	(43.60, 168.28)	(348.86, 162.21)	NaN	NaN	NaN	NaN	NaN	
6330040692000	6321281611096	None	Blink	(42.98, 167.93)	(349.39, 161.88)	NaN	NaN	NaN	NaN	NaN	
6330057359000	6321298277840	None	Blink	(42.59, 167.39)	(349.33, 161.94)	NaN	NaN	NaN	NaN	NaN	
6330074031000	6321314949614	None	Blink	(41.99, 167.61)	(349.66, 161.70)	NaN	NaN	NaN	NaN	NaN	
6330090692000	6321331610642	None	WinkLeft	(42.20, 167.19)	(349.83, 161.65)	NaN	NaN	NaN	NaN	NaN	
6330107358000	6321348276248	None	Fixation	(42.97, 167.08)	(350.03, 161.61)	6299.67	1.333008	NaN	NaN	NaN	
6330124025000	6321364943367	None	Fixation	(43.54, 166.64)	(350.05, 161.94)	6299.67	1.350098	NaN	NaN	NaN	
6330140690000	6321381607847	None	Fixation	(44.46, 166.04)	(350.25, 162.61)	6299.67	1.366699	NaN	NaN	NaN	
6330157356000	6321398273637	None	Saccade	(46.52, 164.07)	(350.85, 165.79)	6301.037	0.01660156	35.05239	1.32609	197.7594	
6330174023000	6321414940718	None	Pursuit	(45.99, 164.12)	(350.63, 165.35)	6301.037	0.03320313	6.539837	1.007311	205.4839	
6330190689000	6321431606319	None	Pursuit	(46.64, 163.91)	(350.20, 165.79)	6301.037	0.04980469	8.414048	1.250418	212.6288	
6330207356000	6321448273044	None	Unknown	(46.96, 163.93)	(350.35, 165.65)	NaN	NaN	NaN	NaN	NaN	
6330224022000	6321464939420	None	Fixation	(47.05, 163.58)	(350.67, 166.20)	6301.103	0.01660156	NaN	NaN	NaN	
6330240690000	6321481606631	None	Saccade	(51.41, 160.50)	(351.67, 171.25)	6301.12	0.01660156	65.66576	2.188859	201.8292	
6330257357000	6321498273883	None	Unknown	(52.70, 160.21)	(350.68, 171.29)	NaN	NaN	NaN	NaN	NaN	
6330274022000	6321514938243	None	Pursuit	(53.15, 160.17)	(350.68, 172.30)	6301.153	0.01660156	5.507118	0.1835706	251.8516	
6330290688000	6321531604039	None	Pursuit	(53.46, 159.79)	(350.92, 172.09)	6301.153	0.03320313	6.020269	0.3550496	228.292	
6330307355000	6321548270964	None	Unknown	(53.42, 159.73)	(351.19, 172.03)	NaN	NaN	NaN	NaN	NaN	
6330324021000	6321564936659	None	Fixation	(53.39, 159.11)	(351.39, 172.25)	6301.203	0.01660156	NaN	NaN	NaN	
6330340690000	6321581605562	None	Fixation	(53.69, 158.99)	(351.06, 172.13)	6301.203	0.03320313	NaN	NaN	NaN	
6330340690000	6321581605226	None	Fixation	(53.69, 158.99)	(351.06, 172.13)	6301.203	0.03320313	NaN	NaN	NaN	
6330374021000	6321614936055	None	Fixation	(54.02, 159.08)	(351.18, 172.60)	6301.203	0.06689453	NaN	NaN	NaN	
6330390687000	6321631601906	None	Fixation	(54.05, 159.05)	(351.17, 172.79)	6301.203	0.08349609	NaN	NaN	NaN	
6330407354000	6321648268676	None	Fixation	(54.46, 158.99)	(351.06, 172.65)	6301.203	0.1000977	NaN	NaN	NaN	
6330424020000	6321664934489	None	Fixation	(54.60, 158.68)	(351.28, 173.14)	6301.203	0.1166992	NaN	NaN	NaN	
6330440688000	6321681602312	None	Fixation	(54.85, 158.33)	(351.48, 173.54)	6301.203	0.1333008	NaN	NaN	NaN	
6330457355000	6321698269001	None	Fixation	(54.89, 158.17)	(351.71, 174.13)	6301.203	0.1499023	NaN	NaN	NaN	
6330474020000	6321714933814	None	Fixation	(55.35, 158.79)	(351.35, 174.77)	6301.203	0.1665039	NaN	NaN	NaN	
6330490686000	6321731599642	None	Blink	(55.77, 160.37)	(351.41, 176.50)	NaN	NaN	NaN	NaN	NaN	
6330507353000	6321748266443	None	Blink	(55.89, 162.78)	(352.14, 177.15)	NaN	NaN	NaN	NaN	NaN	
6330524019000	6321764932280	None	Blink	(66.60, 170.78)	(0.00, 0.00)	NaN	NaN	NaN	NaN	NaN	
6330540686000	6321781599618	None	Blink	(0.00, 0.00)	(0.00, 0.00)	NaN	NaN	NaN	NaN	NaN	
6330557352000	6321798264827	None	Blink	(0.00, 0.00)	(0.00, 0.00)	NaN	NaN	NaN	NaN	NaN	
6330574021000	6321814934123	None	Blink	(56.53, 158.76)	(0.00, 0.00)	NaN	NaN	NaN	NaN	NaN	
6330590687000	6321831599710	None	Blink	(53.49, 157.71)	(331.92, 187.90)	NaN	NaN	NaN	NaN	NaN	
6330607352000	6321848264591	None	Blink	(53.50, 158.36)	(354.94, 173.46)	NaN	NaN	NaN	NaN	NaN	
6330624018000	6321864930065	None	Blink	(53.27, 158.13)	(354.48, 174.23)	NaN	NaN	NaN	NaN	NaN	
6330640685000	6321881596981	None	Blink	(53.42, 157.84)	(354.33, 174.72)	NaN	NaN	NaN	NaN	NaN	
6330657351000	6321898262990	None	Blink	(53.29, 157.17)	(355.04, 174.63)	NaN	NaN	NaN	NaN	NaN	
6330674020000	6321914932326	None	Blink	(53.18, 157.17)	(354.48, 174.01)	NaN	NaN	NaN	NaN	NaN	
6330690686000	6321931597566	None	WinkRight	(53.24, 157.26)	(354.56, 174.15)	NaN	NaN	NaN	NaN	NaN	
6330707351000	6321948262015	None	Saccade	(53.44, 156.84)	(354.54, 174.27)	6301.37	0.2333984	39.74358	1.324786	94.10223	
6330724017000	6321964928040	None	Pursuit	(53.52, 156.81)	(354.39, 173.96)	6301.37	0.25	4.282858	1.291725	88.01652	
6330740686000	6321981596837	None	Pursuit	(53.62, 156.85)	(354.52, 174.08)	6301.37	0.2666016	2.228868	1.333802	90.68956	
6330740686000	6321981596488	None	Pursuit	(53.62, 156.85)	(354.52, 174.08)	6301.37	0.2666016	2.228868	1.333802	90.68956	
6330774017000	6322014927248	None	Fixation	(53.54, 156.92)	(354.38, 174.16)	6301.203	0.4667969	NaN	NaN	NaN	
6330790683000	6322031593660	None	Fixation	(53.68, 156.77)	(354.48, 174.17)	6301.203	0.4833984	NaN	NaN	NaN	
6330807350000	6322048259907	None	Fixation	(53.55, 156.74)	(354.55, 174.12)	6301.203	0.5	NaN	NaN	NaN	
6330824022000	6322064931616	None	Fixation	(53.26, 156.65)	(354.35, 174.06)	6301.203	0.5166016	NaN	NaN	NaN	
6330840683000	6322081592496	None	Fixation	(53.63, 156.77)	(354.22, 174.11)	6301.203	0.5332031	NaN	NaN	NaN	
6330840683000	6322081592263	None	Fixation	(53.63, 156.77)	(354.22, 174.11)	6301.203	0.5332031	NaN	NaN	NaN	
6330874016000	6322114925116	None	Saccade	(45.64, 166.13)	(348.85, 164.98)	6301.736	0.03320313	79.69888	4.34234	342.5301	
6330890683000	6322131591887	None	Unknown	(45.47, 166.95)	(348.20, 163.51)	NaN	NaN	NaN	NaN	NaN	
6330907348000	6322148256610	None	Pursuit	(45.67, 167.44)	(348.64, 163.25)	6301.787	0.01660156	6.482727	0.2160909	325.3712	
6330924015000	6322164923435	None	Pursuit	(44.81, 166.63)	(348.93, 163.26)	6301.787	0.03320313	14.54668	0.303436	102.6535	
6330940682000	6322181590217	None	Unknown	(44.26, 166.57)	(348.99, 162.82)	NaN	NaN	NaN	NaN	NaN	
6330957349000	6322198257034	None	Fixation	(44.65, 166.57)	(348.91, 162.88)	6301.836	0.01660156	NaN	NaN	NaN	
6330974014000	6322214921898	None	Fixation	(45.02, 166.71)	(348.88, 163.03)	6301.836	0.03320313	NaN	NaN	NaN	
6330990681000	6322231588661	None	Fixation	(44.73, 166.65)	(348.93, 163.01)	6301.836	0.04980469	NaN	NaN	NaN	
6331007347000	6322248254477	None	Fixation	(44.84, 166.70)	(348.73, 162.80)	6301.836	0.06689453	NaN	NaN	NaN	
6331024014000	6322264921332	None	Fixation	(45.06, 166.62)	(348.84, 162.96)	6301.836	0.08349609	NaN	NaN	NaN	
6331040681000	6322281588038	None	Fixation	(44.85, 166.78)	(348.69, 163.01)	6301.836	0.1000977	NaN	NaN	NaN	
6331057348000	6322298254829	None	Fixation	(44.82, 166.68)	(348.74, 163.01)	6301.836	0.1166992	NaN	NaN	NaN	
6331074013000	6322314919635	None	Fixation	(44.80, 166.68)	(348.93, 163.08)	6301.836	0.1333008	NaN	NaN	NaN	
6331090680000	6322331586491	None	Fixation	(44.82, 166.60)	(348.99, 162.97)	6301.836	0.1499023	NaN	NaN	NaN	
6331107345000	6322348251308	None	Fixation	(44.37, 166.55)	(349.25, 163.06)	6301.836	0.1665039	NaN	NaN	NaN	
6331124012000	6322364918042	None	Fixation	(44.53, 166.35)	(349.53, 163.23)	6301.836	0.1831055	NaN	NaN	NaN	
6331140680000	6322381586152	None	Fixation	(44.00, 166.46)	(349.86, 163.26)	6301.836	0.2001953	NaN	NaN	NaN	
6331157347000	6322398252694	None	Fixation	(45.01, 165.33)	(351.43, 164.29)	6301.836	0.2167969	NaN	NaN	NaN	
6331174011000	6322414916423	None	Fixation	(44.70, 165.23)	(351.59, 164.27)	6301.836	0.2333984	NaN	NaN	NaN	
6331190678000	6322431583353	None	Fixation	(44.45, 165.01)	(351.61, 164.57)	6301.836	0.25	NaN	NaN	NaN	
6331207344000	6322448249100	None	Fixation	(44.77, 164.86)	(351.76, 164.48)	6301.836	0.2666016	NaN	NaN	NaN	
6331224011000	6322464915891	None	Fixation	(44.58, 164.80)	(351.46, 164.53)	6301.836	0.2832031	NaN	NaN	NaN	
6331240677000	6322481581700	None	Fixation	(45.03, 164.50)	(351.87, 164.85)	6301.836	0.2998047	NaN	NaN	NaN	
6331257344000	6322498248454	None	Fixation	(45.46, 164.35)	(351.77, 164.82)	6301.836	0.3168945	NaN	NaN	NaN	
6331274012000	6322514916254	None	Fixation	(45.41, 164.43)	(351.69, 164.97)	6301.836	0.3334961	NaN	NaN	NaN	
6331290678000	6322531582104	None	Fixation	(45.28, 164.41)	(351.89, 164.89)	6301.836	0.3500977	NaN	NaN	NaN	
6331307343000	6322548246868	None	Fixation	(45.12, 164.36)	(351.56, 164.67)	6301.836	0.3666992	NaN	NaN	NaN	
6331324010000	6322564913707	None	Fixation	(44.58, 164.28)	(351.68, 164.64)	6301.836	0.3833008	NaN	NaN	NaN	
6331340676000	6322581579510	None	Fixation	(45.16, 164.47)	(351.74, 164.44)	6301.836	0.3999023	NaN	NaN	NaN	
6331357343000	6322598246232	None	Fixation	(44.75, 164.47)	(351.88, 164.37)	6301.836	0.4165039	NaN	NaN	NaN	
6331374010000	6322614913076	None	Fixation	(45.62, 164.46)	(352.13, 164.35)	6301.836	0.4331055	NaN	NaN	NaN	
6331390676000	6322631578853	None	Fixation	(44.31, 164.68)	(352.12, 164.30)	6301.836	0.4501953	NaN	NaN	NaN	
6331407343000	6322648245704	None	Fixation	(44.40, 164.85)	(352.19, 164.23)	6301.836	0.4667969	NaN	NaN	NaN	
6331424009000	6322664911428	None	Fixation	(44.40, 164.72)	(351.95, 163.98)	6301.836	0.4833984	NaN	NaN	NaN	
6331440676000	6322681578573	None	WinkLeft	(43.72, 165.11)	(352.01, 163.65)	NaN	NaN	NaN	NaN	NaN	
6331457342000	6322698244390	None	WinkLeft	(41.58, 168.29)	(349.44, 161.16)	NaN	NaN	NaN	NaN	NaN	
6331474009000	6322714910849	None	WinkLeft	(40.88, 170.06)	(347.78, 159.65)	NaN	NaN	NaN	NaN	NaN	
6331490675000	6322731576654	None	WinkLeft	(41.18, 170.82)	(347.83, 159.56)	NaN	NaN	NaN	NaN	NaN	
6331507344000	6322748245453	None	WinkLeft	(40.70, 170.96)	(347.92, 158.95)	NaN	NaN	NaN	NaN	NaN	
6331524010000	6322764911291	None	WinkLeft	(44.36, 170.31)	(347.86, 158.86)	NaN	NaN	NaN	NaN	NaN	
6331540677000	6322781578038	None	WinkLeft	(44.15, 170.65)	(347.79, 158.18)	NaN	NaN	NaN	NaN	NaN	
6331557343000	6322798243821	None	Saccade	(39.72, 171.40)	(347.52, 157.88)	6302.32	0.1333008	100.3949	3.346497	179.5128	
6331574010000	6322814911149	None	Saccade	(45.07, 171.79)	(347.40, 157.71)	6302.32	0.1499023	66.02954	2.911858	341.62	
6331590676000	6322831576438	None	Pursuit	(38.92, 173.15)	(346.53, 156.67)	6302.47	0.01660156	16.73426	0.5578085	333.2281	
6331607343000	6322848243293	None	Pursuit	(37.94, 176.36)	(344.22, 154.20)	6302.486	0.01660156	41.27917	1.375973	3.983541	
6331624009000	6322864909026	None	Pursuit	(37.16, 176.43)	(344.30, 154.35)	6302.486	0.03320313	9.732959	1.526129	15.37328	
6331640674000	6322881573881	None	Pursuit	(40.31, 177.13)	(344.03, 153.69)	6302.486	0.05029297	39.77848	1.726952	327.7582	
6331657340000	6322898239669	None	Pursuit	(38.58, 176.78)	(343.99, 153.41)	6302.486	0.06689453	21.68155	1.492491	352.344	
6331674009000	6322914908512	None	Unknown	(36.74, 177.25)	(343.57, 152.85)	NaN	NaN	NaN	NaN	NaN	
6331690675000	6322931574234	None	Saccade	(37.16, 177.61)	(343.78, 152.59)	6302.57	0.01660156	6.850319	0.228344	297.4452	
6331707340000	6322948239092	None	Pursuit	(34.99, 177.92)	(343.44, 152.55)	6302.57	0.03320313	27.05626	0.7701114	56.01006	
6331724006000	6322964904875	None	Pursuit	(34.11, 178.98)	(343.48, 152.16)	6302.57	0.04980469	16.91495	1.291011	43.5854	
6331740675000	6322981573726	None	Fixation	(36.48, 178.14)	(343.37, 151.91)	6302.57	0.06640625	NaN	NaN	NaN	
6331757341000	6322998239494	None	Saccade	(33.60, 178.46)	(343.35, 151.91)	6302.636	0.01708984	35.60868	1.186956	70.74412	
6331774008000	6323014906298	None	Fixation	(35.78, 178.62)	(343.08, 151.72)	6302.57	0.1000977	NaN	NaN	NaN	
6331790674000	6323031572036	None	Fixation	(34.93, 179.09)	(342.96, 151.69)	6302.67	0.01660156	NaN	NaN	NaN	
6331807339000	6323048236934	None	Fixation	(34.04, 179.07)	(342.77, 151.28)	6302.67	0.03320313	NaN	NaN	NaN	
6331824005000	6323064902711	None	Fixation	(34.34, 179.25)	(342.82, 151.04)	6302.67	0.04980469	NaN	NaN	NaN	
6331840672000	6323081569448	None	Fixation	(34.79, 179.42)	(342.74, 150.92)	6302.67	0.06640625	NaN	NaN	NaN	
6331857338000	6323098235252	None	Fixation	(33.50, 180.04)	(342.88, 150.80)	6302.67	0.08300781	NaN	NaN	NaN	
6331874005000	6323114902453	None	Fixation	(34.30, 179.67)	(342.88, 150.94)	6302.67	0.09960938	NaN	NaN	NaN	
6331890672000	6323131568879	None	Fixation	(34.52, 179.90)	(342.70, 150.78)	6302.67	0.1166992	NaN	NaN	NaN	
6331907338000	6323148234675	None	Fixation	(34.06, 179.92)	(342.50, 150.73)	6302.67	0.1333008	NaN	NaN	NaN	
6331924005000	6323164901470	None	Fixation	(34.77, 179.71)	(342.65, 150.65)	6302.67	0.1499023	NaN	NaN	NaN	
6331940671000	6323181567354	None	Fixation	(34.54, 179.69)	(342.66, 150.55)	6302.67	0.1665039	NaN	NaN	NaN	
6331957337000	6323198233277	None	Fixation	(34.98, 179.92)	(342.53, 150.71)	6302.67	0.1831055	NaN	NaN	NaN	
6331974004000	6323214900279	None	Fixation	(34.70, 179.86)	(342.14, 150.39)	6302.67	0.199707	NaN	NaN	NaN	
6331990671000	6323231566729	None	Fixation	(35.58, 178.52)	(343.14, 151.45)	6302.67	0.2163086	NaN	NaN	NaN	
6332007339000	6323248234476	None	Saccade	(40.98, 170.53)	(348.80, 158.94)	6302.886	0.01708984	118.5266	3.950888	178.4733	
6332024005000	6323264900660	None	Saccade	(42.75, 167.09)	(351.06, 162.37)	6302.886	0.03369141	50.5018	5.529513	157.0594	
6332040670000	6323281565175	None	Pursuit	(42.73, 167.21)	(350.76, 162.44)	6302.92	0.01660156	1.407863	0.04692877	358.7144	
6332057337000	6323298232255	None	Pursuit	(42.41, 167.15)	(351.14, 161.98)	6302.92	0.03320313	3.983472	0.1424724	67.35889	
6332074005000	6323314899663	None	Pursuit	(42.28, 167.06)	(351.33, 161.53)	6302.92	0.04980469	1.996721	0.1953851	81.25804	
6332090671000	6323331565572	None	Unknown	(42.25, 166.42)	(351.35, 161.81)	NaN	NaN	NaN	NaN	NaN	
6332107336000	6323348230292	None	Fixation	(42.52, 166.59)	(351.63, 161.75)	6302.986	0.01660156	NaN	NaN	NaN	
6332124003000	6323364897099	None	Fixation	(42.56, 166.83)	(351.40, 161.56)	6302.986	0.03320313	NaN	NaN	NaN	
6332140668000	6323381562002	None	Fixation	(42.46, 166.77)	(351.28, 161.59)	6302.986	0.05029297	NaN	NaN	NaN	
6332157335000	6323398228786	None	Fixation	(42.25, 166.95)	(351.23, 161.31)	6302.986	0.06689453	NaN	NaN	NaN	
6332174001000	6323414894468	None	Fixation	(42.84, 167.15)	(351.08, 161.21)	6302.986	0.08349609	NaN	NaN	NaN	
6332190668000	6323431561713	None	Fixation	(41.76, 167.11)	(350.91, 161.03)	6302.986	0.1000977	NaN	NaN	NaN	
6332207334000	6323448227152	None	Fixation	(43.24, 166.58)	(351.09, 161.73)	6302.986	0.1166992	NaN	NaN	NaN	
6332224001000	6323464894263	None	Fixation	(42.93, 166.86)	(350.81, 161.50)	6302.986	0.1333008	NaN	NaN	NaN	
6332240667000	6323481559671	None	Fixation	(43.28, 166.71)	(350.88, 161.65)	6302.986	0.1499023	NaN	NaN	NaN	
6332257334000	6323498226481	None	Fixation	(43.02, 166.75)	(350.87, 161.75)	6302.986	0.1669922	NaN	NaN	NaN	
6332274000000	6323514892277	None	Fixation	(43.77, 166.57)	(351.11, 161.69)	6302.986	0.1835938	NaN	NaN	NaN	
6332290667000	6323531559175	None	Fixation	(43.07, 166.42)	(351.11, 161.74)	6302.986	0.2001953	NaN	NaN	NaN	
6332307333000	6323548224881	None	Fixation	(43.29, 166.13)	(351.24, 162.33)	6302.986	0.2167969	NaN	NaN	NaN	
6332324000000	6323564891657	None	Fixation	(45.14, 164.78)	(351.27, 164.10)	6302.986	0.2333984	NaN	NaN	NaN	
6332340666000	6323581557542	None	Fixation	(45.63, 164.78)	(351.55, 163.56)	6302.986	0.25	NaN	NaN	NaN	
6332357333000	6323598225093	None	Fixation	(45.10, 164.96)	(351.11, 163.81)	6302.986	0.2666016	NaN	NaN	NaN	
6332374001000	6323614892656	None	Fixation	(45.08, 165.30)	(351.38, 163.51)	6302.986	0.2832031	NaN	NaN	NaN	
6332390668000	6323631558936	None	Fixation	(44.41, 164.94)	(351.36, 163.57)	6302.986	0.300293	NaN	NaN	NaN	
6332407334000	6323648224904	None	Fixation	(44.64, 164.93)	(351.39, 163.46)	6302.986	0.3168945	NaN	NaN	NaN	
6332424001000	6323664891461	None	Fixation	(44.74, 164.99)	(351.47, 163.21)	6302.986	0.3334961	NaN	NaN	NaN	
6332440665000	6323681555355	None	Fixation	(44.32, 165.05)	(351.46, 163.39)	6302.986	0.3500977	NaN	NaN	NaN	
6332457332000	6323698222066	None	Fixation	(44.13, 164.83)	(351.37, 163.17)	6302.986	0.3666992	NaN	NaN	NaN	
6332473998000	6323714887918	None	Fixation	(43.98, 164.97)	(351.48, 163.06)	6302.986	0.3833008	NaN	NaN	NaN	
6332490665000	6323731554673	None	Fixation	(44.01, 165.03)	(351.36, 163.15)	6302.986	0.3999023	NaN	NaN	NaN	
6332507331000	6323748220549	None	Fixation	(44.71, 165.07)	(351.36, 163.12)	6302.986	0.4169922	NaN	NaN	NaN	
6332523998000	6323764887275	None	Fixation	(43.87, 165.06)	(351.29, 163.19)	6302.986	0.4335938	NaN	NaN	NaN	
6332540665000	6323781554257	None	Fixation	(44.56, 165.10)	(351.23, 163.05)	6302.986	0.4501953	NaN	NaN	NaN	
6332557331000	6323798219970	None	Fixation	(44.54, 164.82)	(351.04, 163.02)	6302.986	0.4667969	NaN	NaN	NaN	
6332573997000	6323814885688	None	Fixation	(44.96, 164.87)	(350.69, 163.67)	6302.986	0.4833984	NaN	NaN	NaN	
6332590664000	6323831552535	None	Fixation	(45.17, 165.25)	(350.28, 163.56)	6302.986	0.5	NaN	NaN	NaN	
6332607332000	6323848220357	None	Fixation	(45.73, 165.07)	(350.34, 163.82)	6302.986	0.5166016	NaN	NaN	NaN	
6332623999000	6323864887144	None	Fixation	(44.97, 165.01)	(350.27, 163.65)	6302.986	0.5332031	NaN	NaN	NaN	
6332640663000	6323881550926	None	Fixation	(45.23, 164.83)	(350.45, 163.76)	6302.986	0.550293	NaN	NaN	NaN	
6332657330000	6323898217688	None	Fixation	(44.93, 164.87)	(350.45, 163.72)	6302.986	0.5668945	NaN	NaN	NaN	
6332673997000	6323914884497	None	Fixation	(46.26, 165.02)	(350.53, 163.68)	6302.986	0.5834961	NaN	NaN	NaN	
6332690663000	6323931550273	None	Fixation	(45.92, 165.08)	(350.66, 163.71)	6302.986	0.6000977	NaN	NaN	NaN	
6332707332000	6323948219106	None	Fixation	(45.08, 165.04)	(350.51, 163.78)	6302.986	0.6166992	NaN	NaN	NaN	
6332723998000	6323964885160	None	Fixation	(46.17, 165.14)	(350.54, 163.73)	6302.986	0.6333008	NaN	NaN	NaN	
6332740663000	6323981550014	None	Fixation	(45.27, 164.88)	(350.64, 163.74)	6302.986	0.6499023	NaN	NaN	NaN	
6332757329000	6323998215773	None	Fixation	(44.88, 164.96)	(350.58, 163.83)	6302.986	0.6669922	NaN	NaN	NaN	
6332773995000	6324014881320	None	Fixation	(44.82, 164.96)	(350.77, 163.80)	6302.986	0.6835938	NaN	NaN	NaN	
6332790662000	6324031548410	None	Fixation	(45.24, 164.93)	(350.69, 163.82)	6302.986	0.7001953	NaN	NaN	NaN	
6332807331000	6324048217021	None	Fixation	(45.65, 164.91)	(350.79, 163.84)	6302.986	0.7167969	NaN	NaN	NaN	
6332823997000	6324064882728	None	Fixation	(45.25, 164.82)	(350.84, 163.79)	6302.986	0.7333984	NaN	NaN	NaN	
6332840662000	6324081547927	None	Fixation	(44.47, 164.89)	(351.19, 163.82)	6302.986	0.75	NaN	NaN	NaN	
6332857328000	6324098213293	None	Fixation	(44.61, 164.83)	(350.95, 163.68)	6302.986	0.7666016	NaN	NaN	NaN	
6332873995000	6324114880123	None	Fixation	(45.12, 164.87)	(350.92, 163.59)	6302.986	0.7832031	NaN	NaN	NaN	
6332890661000	6324131545950	None	Fixation	(45.43, 165.02)	(350.91, 163.54)	6302.986	0.800293	NaN	NaN	NaN	
6332907328000	6324148213078	None	Fixation	(45.19, 164.91)	(350.90, 163.61)	6302.986	0.8168945	NaN	NaN	NaN	
6332923994000	6324164878556	None	Fixation	(44.69, 164.74)	(350.89, 163.45)	6302.986	0.8334961	NaN	NaN	NaN	
6332940661000	6324181545333	None	Fixation	(45.55, 164.81)	(350.71, 163.49)	6302.986	0.8500977	NaN	NaN	NaN	
6332957327000	6324198211121	None	Fixation	(44.73, 164.89)	(350.75, 163.19)	6302.986	0.8666992	NaN	NaN	NaN	
6332973994000	6324214877936	None	Fixation	(44.71, 164.91)	(351.11, 163.24)	6302.986	0.8833008	NaN	NaN	NaN	
6332990660000	6324231543778	None	Fixation	(44.01, 164.87)	(350.97, 163.18)	6302.986	0.8999023	NaN	NaN	NaN	
6333007327000	6324248210512	None	Fixation	(43.97, 165.50)	(350.72, 162.70)	6302.986	0.9169922	NaN	NaN	NaN	
6333023993000	6324264876283	None	Fixation	(43.98, 165.24)	(351.17, 162.82)	6302.986	0.9335938	NaN	NaN	NaN	
6333040660000	6324281543088	None	Fixation	(44.78, 165.01)	(351.11, 162.66)	6302.986	0.9501953	NaN	NaN	NaN	
6333057326000	6324298208914	None	Fixation	(44.00, 165.08)	(351.34, 162.70)	6302.986	0.9667969	NaN	NaN	NaN	
6333073993000	6324314875704	None	Fixation	(43.60, 165.06)	(351.46, 162.61)	6302.986	0.9833984	NaN	NaN	NaN	
6333090659000	6324331541846	None	Fixation	(43.45, 165.21)	(351.55, 162.83)	6302.986	1	NaN	NaN	NaN	
6333107326000	6324348208402	None	Fixation	(43.16, 165.19)	(351.52, 162.71)	6302.986	1.016602	NaN	NaN	NaN	
6333123992000	6324364874148	None	Fixation	(43.61, 164.97)	(351.71, 162.82)	6302.986	1.033203	NaN	NaN	NaN	
6333140661000	6324381542984	None	Fixation	(43.78, 164.98)	(351.68, 162.72)	6302.986	1.050293	NaN	NaN	NaN	
6333157327000	6324398208727	None	Fixation	(43.50, 164.84)	(351.65, 162.72)	6302.986	1.066895	NaN	NaN	NaN	
6333173992000	6324414873527	None	Fixation	(43.40, 165.03)	(351.86, 162.79)	6302.986	1.083496	NaN	NaN	NaN	
6333190659000	6324431540329	None	Fixation	(43.45, 164.98)	(352.02, 162.83)	6302.986	1.100098	NaN	NaN	NaN	
6333207325000	6324448206403	None	Fixation	(43.80, 164.88)	(351.62, 162.71)	6302.986	1.116699	NaN	NaN	NaN	
6333223992000	6324464872971	None	Fixation	(43.91, 164.97)	(351.62, 162.72)	6302.986	1.133301	NaN	NaN	NaN	
6333240658000	6324481538690	None	Fixation	(43.77, 165.12)	(351.00, 162.84)	6302.986	1.149902	NaN	NaN	NaN	
6333257325000	6324498205512	None	Fixation	(44.97, 164.96)	(350.80, 163.18)	6302.986	1.166992	NaN	NaN	NaN	
6333273991000	6324514871313	None	Fixation	(44.19, 165.02)	(350.78, 163.02)	6302.986	1.183594	NaN	NaN	NaN	
6333290658000	6324531538346	None	Fixation	(44.30, 165.08)	(350.43, 163.17)	6302.986	1.200195	NaN	NaN	NaN	
6333307326000	6324548205982	None	Fixation	(44.74, 165.03)	(350.37, 163.34)	6302.986	1.216797	NaN	NaN	NaN	
6333323992000	6324564871699	None	Fixation	(45.10, 164.83)	(350.22, 163.33)	6302.986	1.233398	NaN	NaN	NaN	
6333340657000	6324581536886	None	Fixation	(44.79, 164.93)	(350.12, 163.34)	6302.986	1.25	NaN	NaN	NaN	
6333357324000	6324598203623	None	Fixation	(45.34, 165.08)	(349.82, 163.31)	6302.986	1.266602	NaN	NaN	NaN	
6333373990000	6324614869120	None	Fixation	(45.68, 165.21)	(349.82, 163.26)	6302.986	1.283203	NaN	NaN	NaN	
6333390657000	6324631536557	None	Fixation	(45.40, 165.23)	(349.88, 163.20)	6302.986	1.300293	NaN	NaN	NaN	
6333407323000	6324648201712	None	Fixation	(45.09, 165.19)	(349.72, 163.01)	6302.986	1.316895	NaN	NaN	NaN	
6333423990000	6324664868541	None	Fixation	(45.26, 165.49)	(349.67, 163.13)	6302.986	1.333496	NaN	NaN	NaN	
6333440655000	6324681533429	None	Fixation	(45.24, 165.38)	(349.45, 163.12)	6302.986	1.350098	NaN	NaN	NaN	
6333457322000	6324698200710	None	Fixation	(45.31, 165.48)	(349.57, 163.08)	6302.986	1.366699	NaN	NaN	NaN	
6333473988000	6324714865943	None	WinkRight	(45.26, 165.55)	(349.57, 162.97)	NaN	NaN	NaN	NaN	NaN	
6333490655000	6324731532862	None	WinkRight	(45.46, 165.69)	(349.30, 163.16)	NaN	NaN	NaN	NaN	NaN	
6333507323000	6324748200607	None	WinkRight	(45.31, 165.57)	(349.61, 162.94)	NaN	NaN	NaN	NaN	NaN	
6333523990000	6324764867357	None	WinkRight	(45.52, 165.34)	(349.65, 163.02)	NaN	NaN	NaN	NaN	NaN	
6333540656000	6324781533143	None	WinkRight	(45.39, 165.39)	(349.38, 163.25)	NaN	NaN	NaN	NaN	NaN	
6333557323000	6324798199975	None	WinkRight	(45.26, 165.55)	(349.53, 163.34)	NaN	NaN	NaN	NaN	NaN	
6333573989000	6324814866005	None	WinkRight	(45.60, 165.56)	(349.34, 163.30)	NaN	NaN	NaN	NaN	NaN	
6333590656000	6324831532998	None	Fixation	(45.54, 165.51)	(349.32, 163.32)	6302.986	1.5	NaN	NaN	NaN	
6333607322000	6324848198865	None	Fixation	(45.54, 165.56)	(349.27, 163.30)	6302.986	1.516602	NaN	NaN	NaN	
6333623989000	6324864865191	None	Fixation	(45.59, 165.37)	(349.24, 163.47)	6302.986	1.533203	NaN	NaN	NaN	
6333640654000	6324881530357	None	Fixation	(46.72, 165.52)	(349.25, 163.70)	6302.986	1.550293	NaN	NaN	NaN	
6333657320000	6324898196061	None	Fixation	(46.03, 165.54)	(349.10, 163.75)	6302.986	1.566895	NaN	NaN	NaN	
6333673987000	6324914862576	None	Fixation	(47.49, 165.55)	(347.84, 164.25)	6302.986	1.583496	NaN	NaN	NaN	
6333690654000	6324931529352	None	Fixation	(48.36, 165.40)	(347.41, 164.85)	6302.986	1.600098	NaN	NaN	NaN	
6333707320000	6324948195471	None	Fixation	(48.32, 165.53)	(347.37, 164.66)	6302.986	1.616699	NaN	NaN	NaN	
6333723987000	6324964862290	None	Fixation	(49.79, 165.53)	(346.94, 164.70)	6302.986	1.633301	NaN	NaN	NaN	
6333740654000	6324981528779	None	Fixation	(48.56, 165.45)	(347.15, 164.70)	6302.986	1.649902	NaN	NaN	NaN	
6333757321000	6324998196110	None	Fixation	(48.71, 165.34)	(346.97, 164.61)	6302.986	1.666992	NaN	NaN	NaN	
6333773987000	6325014861351	None	Fixation	(48.78, 165.30)	(346.91, 164.73)	6302.986	1.683594	NaN	NaN	NaN	
6333790653000	6325031527150	None	Fixation	(49.03, 165.34)	(346.73, 164.72)	6302.986	1.700195	NaN	NaN	NaN	
6333807320000	6325048193980	None	Fixation	(49.10, 165.32)	(347.02, 164.66)	6302.986	1.716797	NaN	NaN	NaN	
6333823986000	6325064859776	None	Fixation	(49.65, 165.35)	(346.91, 164.52)	6302.986	1.733398	NaN	NaN	NaN	
6333840654000	6325081527545	None	Fixation	(49.01, 165.44)	(346.84, 164.50)	6302.986	1.75	NaN	NaN	NaN	
6333857320000	6325098193411	None	Fixation	(49.19, 165.23)	(346.55, 164.55)	6302.986	1.766602	NaN	NaN	NaN	
6333873986000	6325114859140	None	Fixation	(49.42, 165.14)	(346.62, 164.49)	6302.986	1.783203	NaN	NaN	NaN	
6333890652000	6325131524968	None	Fixation	(49.78, 165.25)	(346.49, 164.32)	6302.986	1.800293	NaN	NaN	NaN	
6333907319000	6325148191761	None	Fixation	(49.28, 165.18)	(346.71, 164.33)	6302.986	1.816895	NaN	NaN	NaN	
6333923985000	6325164857558	None	Fixation	(49.21, 165.06)	(346.63, 164.21)	6302.986	1.833496	NaN	NaN	NaN	
6333940652000	6325181524352	None	Fixation	(48.84, 165.52)	(346.63, 164.10)	6302.986	1.850098	NaN	NaN	NaN	
6333957318000	6325198190508	None	Fixation	(49.95, 165.20)	(346.52, 164.14)	6302.986	1.866699	NaN	NaN	NaN	
6333973985000	6325214857304	None	Fixation	(49.89, 165.29)	(346.55, 164.20)	6302.986	1.883301	NaN	NaN	NaN	
6333990651000	6325231523059	None	Fixation	(50.09, 165.33)	(346.68, 164.34)	6302.986	1.899902	NaN	NaN	NaN	
6334007320000	6325248191583	None	Fixation	(50.19, 165.16)	(346.57, 164.31)	6302.986	1.916992	NaN	NaN	NaN	
6334023986000	6325264857317	None	Fixation	(50.06, 165.30)	(346.51, 164.18)	6302.986	1.933594	NaN	NaN	NaN	
6334040653000	6325281524143	None	Fixation	(48.84, 165.05)	(346.59, 164.13)	6302.986	1.950195	NaN	NaN	NaN	
6334057319000	6325298189946	None	Fixation	(49.51, 164.90)	(346.75, 164.15)	6302.986	1.966797	NaN	NaN	NaN	
6334073984000	6325314855069	None	Fixation	(49.00, 165.24)	(346.64, 164.12)	6302.986	1.983398	NaN	NaN	NaN	
6334090650000	6325331520614	None	Fixation	(50.57, 165.25)	(346.35, 163.98)	6302.986	2	NaN	NaN	NaN	
6334107319000	6325348189371	None	Fixation	(50.04, 165.14)	(346.40, 164.06)	6302.986	2.016602	NaN	NaN	NaN	
6334123985000	6325364855162	None	Fixation	(48.75, 165.17)	(346.61, 164.07)	6302.986	2.033203	NaN	NaN	NaN	
6334140652000	6325381521951	None	Fixation	(48.86, 165.14)	(346.59, 164.09)	6302.986	2.050293	NaN	NaN	NaN	
6334157318000	6325398187800	None	Fixation	(50.69, 165.18)	(346.45, 164.04)	6302.986	2.066895	NaN	NaN	NaN	
6334173983000	6325414852570	None	Fixation	(49.37, 165.34)	(346.46, 164.01)	6302.986	2.083496	NaN	NaN	NaN	
6334190649000	6325431518358	None	Fixation	(48.28, 165.06)	(346.34, 163.96)	6302.986	2.100098	NaN	NaN	NaN	
6334207316000	6325448185920	None	Fixation	(49.57, 165.52)	(346.33, 163.92)	6302.986	2.116699	NaN	NaN	NaN	
6334223982000	6325464851513	None	Fixation	(49.82, 165.11)	(346.36, 164.05)	6302.986	2.133301	NaN	NaN	NaN	
6334240649000	6325481518124	None	Fixation	(48.54, 165.20)	(346.51, 164.17)	6302.986	2.149902	NaN	NaN	NaN	
6334257315000	6325498183562	None	Fixation	(48.41, 165.35)	(346.56, 164.05)	6302.986	2.166504	NaN	NaN	NaN	
6334273981000	6325514849404	None	Fixation	(47.10, 165.34)	(348.29, 163.39)	6302.986	2.183594	NaN	NaN	NaN	
6334290648000	6325531516492	None	Fixation	(46.50, 165.33)	(348.70, 163.76)	6302.986	2.200195	NaN	NaN	NaN	
6334307317000	6325548185237	None	Fixation	(47.26, 165.59)	(348.74, 163.89)	6302.986	2.216797	NaN	NaN	NaN	
6334323983000	6325564851267	None	Fixation	(46.05, 165.29)	(349.05, 163.81)	6302.986	2.233398	NaN	NaN	NaN	
6334340648000	6325581515935	None	Fixation	(46.28, 165.15)	(349.01, 163.63)	6302.986	2.25	NaN	NaN	NaN	
6334357314000	6325598181347	None	Fixation	(46.15, 165.31)	(349.03, 163.79)	6302.986	2.266602	NaN	NaN	NaN	
6334373983000	6325614850153	None	Fixation	(46.00, 164.93)	(348.77, 163.83)	6302.986	2.283203	NaN	NaN	NaN	
6334390649000	6325631515967	None	Fixation	(46.39, 165.18)	(348.64, 163.78)	6302.986	2.300293	NaN	NaN	NaN	
6334407314000	6325648180765	None	Fixation	(46.71, 165.05)	(349.10, 163.99)	6302.986	2.316895	NaN	NaN	NaN	
6334423980000	6325664847059	None	Fixation	(47.57, 165.19)	(349.05, 163.93)	6302.986	2.333496	NaN	NaN	NaN	
6334440647000	6325681513377	None	Fixation	(46.43, 164.94)	(349.17, 163.85)	6302.986	2.350098	NaN	NaN	NaN	
6334457313000	6325698179443	None	Fixation	(46.32, 165.13)	(349.28, 163.98)	6302.986	2.366699	NaN	NaN	NaN	
6334473982000	6325714847971	None	Fixation	(46.49, 165.15)	(349.32, 163.85)	6302.986	2.383301	NaN	NaN	NaN	
6334490648000	6325731513778	None	Fixation	(46.15, 165.14)	(349.40, 163.80)	6302.986	2.399902	NaN	NaN	NaN	
6334507313000	6325748178576	None	Fixation	(46.52, 165.37)	(349.42, 163.80)	6302.986	2.416504	NaN	NaN	NaN	
6334523980000	6325764845663	None	Fixation	(44.12, 165.44)	(350.35, 162.88)	6302.986	2.433594	NaN	NaN	NaN	
6334540648000	6325781513164	None	Fixation	(44.81, 165.48)	(350.35, 163.13)	6302.986	2.450195	NaN	NaN	NaN	
6334557315000	6325798179960	None	Fixation	(44.76, 165.43)	(350.29, 163.23)	6302.986	2.466797	NaN	NaN	NaN	
6334573979000	6325814843777	None	Fixation	(44.67, 165.38)	(350.33, 163.28)	6302.986	2.483398	NaN	NaN	NaN	
6334590646000	6325831510581	None	Fixation	(44.96, 165.48)	(349.93, 163.15)	6302.986	2.5	NaN	NaN	NaN	
6334607312000	6325848176403	None	Fixation	(45.30, 165.50)	(350.04, 163.21)	6302.986	2.516602	NaN	NaN	NaN	
6334623979000	6325864843155	None	Fixation	(45.71, 165.23)	(349.89, 163.28)	6302.986	2.533203	NaN	NaN	NaN	
6334640644000	6325881508053	None	Fixation	(45.37, 165.25)	(349.77, 162.90)	6302.986	2.550293	NaN	NaN	NaN	
6334657311000	6325898175053	None	Fixation	(44.93, 165.23)	(349.84, 162.90)	6302.986	2.566895	NaN	NaN	NaN	
6334673980000	6325914843909	None	Fixation	(44.71, 165.34)	(350.00, 163.08)	6302.986	2.583496	NaN	NaN	NaN	
6334690647000	6325931510772	None	Fixation	(45.01, 165.41)	(349.92, 162.78)	6302.986	2.600098	NaN	NaN	NaN	
6334707311000	6325948174187	None	Fixation	(45.15, 165.24)	(350.12, 162.86)	6302.986	2.616699	NaN	NaN	NaN	
6334723978000	6325964841018	None	Fixation	(45.07, 165.84)	(349.94, 162.81)	6302.986	2.633301	NaN	NaN	NaN	
6334740643000	6325981505782	None	Fixation	(46.54, 165.21)	(349.95, 162.80)	6302.986	2.649902	NaN	NaN	NaN	
6334757310000	6325998172597	None	Fixation	(45.26, 165.18)	(349.95, 162.73)	6302.986	2.666504	NaN	NaN	NaN	
6334773977000	6326014839401	None	Fixation	(45.43, 165.18)	(350.09, 162.87)	6302.986	2.683594	NaN	NaN	NaN	
6334790644000	6326031506203	None	Fixation	(44.79, 165.02)	(350.15, 162.74)	6302.986	2.700195	NaN	NaN	NaN	
6334807309000	6326048170989	None	Fixation	(44.95, 165.17)	(350.47, 162.82)	6302.986	2.716797	NaN	NaN	NaN	
6334823976000	6326064837827	None	Fixation	(45.45, 165.02)	(350.28, 162.72)	6302.986	2.733398	NaN	NaN	NaN	
6334840644000	6326081505584	None	Fixation	(45.13, 165.04)	(350.23, 162.80)	6302.986	2.75	NaN	NaN	NaN	
6334857311000	6326098172385	None	Fixation	(45.02, 165.06)	(350.30, 162.66)	6302.986	2.766602	NaN	NaN	NaN	
6334873975000	6326114836204	None	Fixation	(45.05, 164.93)	(350.16, 162.86)	6302.986	2.783203	NaN	NaN	NaN	
6334890642000	6326131503355	None	Fixation	(44.65, 165.15)	(350.43, 162.83)	6302.986	2.800293	NaN	NaN	NaN	
6334907308000	6326148168780	None	Fixation	(45.16, 165.15)	(350.39, 163.21)	6302.986	2.816895	NaN	NaN	NaN	
6334923975000	6326164835610	None	Fixation	(44.96, 165.29)	(350.16, 162.78)	6302.986	2.833496	NaN	NaN	NaN	
6334940641000	6326181501697	None	Fixation	(45.56, 164.89)	(350.25, 162.79)	6302.986	2.850098	NaN	NaN	NaN	
6334957308000	6326198168438	None	Fixation	(45.29, 165.03)	(350.30, 162.99)	6302.986	2.866699	NaN	NaN	NaN	
6334973976000	6326214836009	None	Fixation	(44.81, 165.16)	(350.32, 163.00)	6302.986	2.883301	NaN	NaN	NaN	
6334990643000	6326231502832	None	Fixation	(44.30, 165.21)	(350.15, 162.96)	6302.986	2.899902	NaN	NaN	NaN	
6335007307000	6326248166595	None	Fixation	(44.55, 164.98)	(350.15, 162.96)	6302.986	2.916504	NaN	NaN	NaN	
6335023974000	6326264833394	None	Fixation	(44.58, 165.04)	(350.01, 163.07)	6302.986	2.933594	NaN	NaN	NaN	
6335040642000	6326281501190	None	Fixation	(44.65, 165.16)	(350.00, 163.11)	6302.986	2.950195	NaN	NaN	NaN	
6335057309000	6326298168227	None	Fixation	(44.72, 164.95)	(350.16, 163.14)	6302.986	2.966797	NaN	NaN	NaN	
6335073974000	6326314832812	None	Fixation	(45.01, 165.30)	(350.31, 163.01)	6302.986	2.983398	NaN	NaN	NaN	
6335090640000	6326331498608	None	Fixation	(44.38, 165.14)	(350.36, 162.98)	6302.986	3	NaN	NaN	NaN	
6335107308000	6326348166400	None	Fixation	(44.38, 165.15)	(350.37, 162.96)	6302.986	3.016602	NaN	NaN	NaN	
6335123975000	6326364833206	None	Fixation	(44.09, 165.21)	(350.55, 163.20)	6302.986	3.033203	NaN	NaN	NaN	
6335140641000	6326381498994	None	Fixation	(44.81, 165.07)	(350.41, 163.20)	6302.986	3.050293	NaN	NaN	NaN	
6335157308000	6326398165804	None	Fixation	(44.38, 165.14)	(350.19, 162.89)	6302.986	3.066895	NaN	NaN	NaN	
6335157308000	6326398165797	None	Fixation	(44.38, 165.14)	(350.19, 162.89)	6302.986	3.066895	NaN	NaN	NaN	
6335190638000	6326431495430	None	Fixation	(44.81, 165.16)	(350.10, 162.91)	6302.986	3.100098	NaN	NaN	NaN	
6335207304000	6326448161222	None	Fixation	(44.78, 165.14)	(350.09, 163.06)	6302.986	3.116699	NaN	NaN	NaN	
6335223971000	6326464828003	None	Fixation	(44.88, 165.19)	(350.08, 162.97)	6302.986	3.133301	NaN	NaN	NaN	
6335240637000	6326481493839	None	Fixation	(45.13, 165.26)	(350.13, 163.02)	6302.986	3.149902	NaN	NaN	NaN	
6335257304000	6326498160615	None	Fixation	(44.94, 165.23)	(350.09, 163.08)	6302.986	3.166504	NaN	NaN	NaN	
6335257304000	6326498160614	None	Fixation	(44.94, 165.23)	(350.09, 163.08)	6302.986	3.166504	NaN	NaN	NaN	
6335273971000	6326514827440	None	Fixation	(45.37, 165.25)	(350.00, 163.02)	6302.986	3.183594	NaN	NaN	NaN	
6335290637000	6326531493201	None	Fixation	(45.19, 165.00)	(350.09, 163.28)	6302.986	3.200195	NaN	NaN	NaN	
6335307306000	6326548161999	None	Fixation	(44.90, 165.16)	(349.98, 163.21)	6302.986	3.216797	NaN	NaN	NaN	
6335323972000	6326564827785	None	Fixation	(45.75, 165.12)	(349.77, 163.36)	6302.986	3.233398	NaN	NaN	NaN	
6335340637000	6326581492611	None	Fixation	(45.09, 165.19)	(349.58, 163.12)	6302.986	3.25	NaN	NaN	NaN	
6335357303000	6326598158401	None	Fixation	(45.29, 165.51)	(349.56, 163.06)	6302.986	3.266602	NaN	NaN	NaN	
6335373972000	6326614827219	None	Fixation	(45.44, 165.53)	(349.46, 163.02)	6302.986	3.283203	NaN	NaN	NaN	
6335390638000	6326631493033	None	Fixation	(45.22, 165.79)	(349.15, 162.81)	6302.986	3.300293	NaN	NaN	NaN	
6335407303000	6326648157814	None	Fixation	(45.75, 165.75)	(349.29, 162.65)	6302.986	3.316895	NaN	NaN	NaN	
6335423969000	6326664823613	None	Fixation	(45.35, 165.75)	(349.37, 163.13)	6302.986	3.333496	NaN	NaN	NaN	
6335440636000	6326681490454	None	Fixation	(44.89, 165.50)	(349.59, 162.73)	6302.986	3.350098	NaN	NaN	NaN	
6335457302000	6326698156209	None	Fixation	(44.87, 165.51)	(349.77, 162.78)	6302.986	3.366699	NaN	NaN	NaN	
6335473969000	6326714823298	None	Fixation	(44.16, 165.37)	(349.88, 162.85)	6302.986	3.383301	NaN	NaN	NaN	
6335490635000	6326731489063	None	Fixation	(44.36, 165.20)	(350.36, 162.94)	6302.986	3.399902	NaN	NaN	NaN	
6335507302000	6326748155628	None	Fixation	(44.47, 165.11)	(350.53, 162.99)	6302.986	3.416504	NaN	NaN	NaN	
6335523968000	6326764821414	None	Fixation	(45.09, 164.47)	(351.07, 163.73)	6302.986	3.433594	NaN	NaN	NaN	
6335540635000	6326781488220	None	Fixation	(45.21, 164.42)	(351.35, 163.58)	6302.986	3.450195	NaN	NaN	NaN	
6335557301000	6326798154029	None	Fixation	(45.21, 164.35)	(351.08, 163.76)	6302.986	3.466797	NaN	NaN	NaN	
6335573968000	6326814820798	None	Fixation	(44.91, 164.44)	(350.84, 163.55)	6302.986	3.483398	NaN	NaN	NaN	
6335590634000	6326831486633	None	Fixation	(45.10, 164.40)	(350.99, 163.64)	6302.986	3.5	NaN	NaN	NaN	
6335607303000	6326848155434	None	Fixation	(46.23, 164.44)	(350.90, 163.52)	6302.986	3.516602	NaN	NaN	NaN	
6335623969000	6326864821224	None	Fixation	(44.74, 164.73)	(350.88, 163.41)	6302.986	3.533203	NaN	NaN	NaN	
6335640636000	6326881488361	None	Fixation	(44.91, 164.67)	(350.81, 163.31)	6302.986	3.550293	NaN	NaN	NaN	
6335657302000	6326898153864	None	Fixation	(44.34, 164.41)	(351.24, 163.21)	6302.986	3.566895	NaN	NaN	NaN	
6335673969000	6326914820629	None	Fixation	(44.13, 164.51)	(351.16, 163.25)	6302.986	3.583496	NaN	NaN	NaN	
6335690635000	6326931486431	None	Fixation	(44.62, 164.69)	(351.33, 163.05)	6302.986	3.600098	NaN	NaN	NaN	
6335707300000	6326948151233	None	Fixation	(43.88, 164.55)	(351.07, 163.10)	6302.986	3.616699	NaN	NaN	NaN	
6335723966000	6326964817023	None	Fixation	(43.98, 164.72)	(351.18, 162.91)	6302.986	3.633301	NaN	NaN	NaN	
6335740633000	6326981483866	None	Fixation	(46.04, 164.53)	(351.35, 163.07)	6302.986	3.649902	NaN	NaN	NaN	
6335757299000	6326998149635	None	Fixation	(44.79, 164.25)	(351.48, 163.06)	6302.986	3.666504	NaN	NaN	NaN	
6335773965000	6327014815448	None	Fixation	(44.48, 164.37)	(351.38, 163.21)	6302.986	3.683594	NaN	NaN	NaN	
6335790632000	6327031482241	None	Fixation	(44.56, 164.18)	(351.47, 163.24)	6302.986	3.700195	NaN	NaN	NaN	
6335807299000	6327048149034	None	Fixation	(44.59, 164.27)	(351.50, 163.39)	6302.986	3.716797	NaN	NaN	NaN	
6335823966000	6327064815846	None	Fixation	(44.17, 164.21)	(351.53, 163.40)	6302.986	3.733398	NaN	NaN	NaN	
6335840632000	6327081481650	None	Fixation	(45.08, 164.12)	(351.31, 163.73)	6302.986	3.75	NaN	NaN	NaN	
6335857299000	6327098148474	None	Fixation	(45.22, 163.92)	(351.43, 163.39)	6302.986	3.766602	NaN	NaN	NaN	
6335873965000	6327114814247	None	Fixation	(45.08, 164.83)	(350.51, 163.25)	6302.986	3.783203	NaN	NaN	NaN	
6335890632000	6327131481664	None	Fixation	(45.10, 164.88)	(350.36, 163.27)	6302.986	3.800293	NaN	NaN	NaN	
6335907298000	6327148146841	None	Fixation	(45.61, 164.93)	(350.24, 163.19)	6302.986	3.816895	NaN	NaN	NaN	
6335923965000	6327164813633	None	Fixation	(45.05, 165.06)	(349.93, 162.93)	6302.986	3.833496	NaN	NaN	NaN	
6335940631000	6327181480076	None	Fixation	(45.46, 165.01)	(349.92, 163.02)	6302.986	3.850098	NaN	NaN	NaN	
6335957298000	6327198146236	None	Fixation	(45.11, 165.25)	(349.74, 162.81)	6302.986	3.866699	NaN	NaN	NaN	
6335973966000	6327214814070	None	Fixation	(46.14, 165.42)	(349.69, 163.02)	6302.986	3.883301	NaN	NaN	NaN	
6335990632000	6327231479844	None	Fixation	(45.83, 165.24)	(349.77, 162.82)	6302.986	3.899902	NaN	NaN	NaN	
6336007297000	6327248144664	None	Fixation	(45.04, 165.17)	(349.89, 163.02)	6302.986	3.916504	NaN	NaN	NaN	
6336023964000	6327264811453	None	Fixation	(46.05, 165.17)	(349.86, 163.04)	6302.986	3.933594	NaN	NaN	NaN	
6336040629000	6327281476290	None	Fixation	(44.69, 165.38)	(350.04, 162.90)	6302.986	3.950195	NaN	NaN	NaN	
6336057296000	6327298143042	None	Fixation	(45.10, 165.25)	(350.13, 163.13)	6302.986	3.966797	NaN	NaN	NaN	
6336073962000	6327314808844	None	Fixation	(44.83, 165.05)	(350.03, 163.11)	6302.986	3.983398	NaN	NaN	NaN	
6336090629000	6327331475653	None	Fixation	(45.04, 165.17)	(350.06, 163.18)	6302.986	4	NaN	NaN	NaN	
6336107297000	6327348144036	None	Fixation	(46.13, 165.28)	(349.96, 163.08)	6302.986	4.016602	NaN	NaN	NaN	
6336123964000	6327364810615	None	Fixation	(45.33, 165.08)	(349.92, 163.16)	6302.986	4.033203	NaN	NaN	NaN	
6336140628000	6327381474423	None	Fixation	(45.82, 165.20)	(349.85, 163.13)	6302.986	4.050293	NaN	NaN	NaN	
6336157295000	6327398141209	None	Fixation	(45.27, 165.25)	(350.07, 163.15)	6302.986	4.066895	NaN	NaN	NaN	
6336173961000	6327414806645	None	Fixation	(45.30, 165.19)	(349.90, 163.12)	6302.986	4.083496	NaN	NaN	NaN	
6336190628000	6327431473849	None	Fixation	(45.65, 165.15)	(349.86, 163.46)	6302.986	4.100098	NaN	NaN	NaN	
6336207294000	6327448139271	None	Fixation	(45.57, 165.31)	(349.70, 162.99)	6302.986	4.116699	NaN	NaN	NaN	
6336223961000	6327464806081	None	Fixation	(45.23, 165.56)	(349.64, 162.97)	6302.986	4.133301	NaN	NaN	NaN	
6336240627000	6327481471839	None	Fixation	(45.00, 165.43)	(349.79, 163.22)	6302.986	4.149902	NaN	NaN	NaN	
6336257294000	6327498138664	None	Fixation	(45.16, 165.66)	(349.59, 163.06)	6302.986	4.166504	NaN	NaN	NaN	
6336273960000	6327514804468	None	Fixation	(45.26, 165.53)	(349.66, 162.91)	6302.986	4.183594	NaN	NaN	NaN	
6336290627000	6327531471250	None	Fixation	(44.97, 165.66)	(349.63, 162.81)	6302.986	4.200195	NaN	NaN	NaN	
6336307294000	6327548138088	None	Fixation	(45.16, 165.68)	(349.80, 163.11)	6302.986	4.216797	NaN	NaN	NaN	
6336323960000	6327564803887	None	Fixation	(45.11, 165.73)	(349.76, 162.81)	6302.986	4.233398	NaN	NaN	NaN	
6336340627000	6327581470688	None	Fixation	(44.77, 165.50)	(349.78, 162.95)	6302.986	4.25	NaN	NaN	NaN	
6336357293000	6327598136478	None	Fixation	(44.86, 165.40)	(349.94, 162.95)	6302.986	4.266602	NaN	NaN	NaN	
6336373960000	6327614803259	None	Fixation	(45.15, 165.49)	(349.80, 162.85)	6302.986	4.283203	NaN	NaN	NaN	
6336390626000	6327631469492	None	Fixation	(44.65, 165.36)	(349.84, 162.91)	6302.986	4.300293	NaN	NaN	NaN	
6336407293000	6327648135913	None	Fixation	(44.97, 165.33)	(349.89, 162.91)	6302.986	4.316895	NaN	NaN	NaN	
6336423959000	6327664801681	None	Fixation	(44.75, 165.25)	(349.79, 162.90)	6302.986	4.333496	NaN	NaN	NaN	
6336440626000	6327681468869	None	Fixation	(45.99, 164.86)	(350.19, 163.35)	6302.986	4.350098	NaN	NaN	NaN	
6336457292000	6327698134600	None	Fixation	(45.20, 164.83)	(350.36, 163.30)	6302.986	4.366699	NaN	NaN	NaN	
6336473958000	6327714800088	None	Fixation	(45.17, 164.89)	(350.27, 163.52)	6302.986	4.383301	NaN	NaN	NaN	
6336490625000	6327731466899	None	Fixation	(44.82, 165.01)	(350.22, 163.31)	6302.986	4.399902	NaN	NaN	NaN	
6336507293000	6327748134686	None	Fixation	(45.46, 164.95)	(350.08, 163.21)	6302.986	4.416504	NaN	NaN	NaN	
6336523960000	6327764801432	None	Fixation	(44.95, 164.83)	(350.18, 163.22)	6302.986	4.433594	NaN	NaN	NaN	
6336540625000	6327781466289	None	Fixation	(45.55, 164.83)	(350.25, 163.24)	6302.986	4.450195	NaN	NaN	NaN	
6336557291000	6327798132077	None	Fixation	(45.03, 164.89)	(350.29, 163.31)	6302.986	4.466797	NaN	NaN	NaN	
6336573958000	6327814798883	None	Fixation	(45.14, 164.82)	(350.17, 163.27)	6302.986	4.483398	NaN	NaN	NaN	
6336590624000	6327831464674	None	Fixation	(45.21, 164.95)	(350.09, 163.25)	6302.986	4.5	NaN	NaN	NaN	
6336607293000	6327848133495	None	Fixation	(46.27, 164.91)	(350.05, 163.26)	6302.986	4.516602	NaN	NaN	NaN	
6336623959000	6327864799307	None	Fixation	(46.18, 164.92)	(349.92, 163.34)	6302.986	4.533203	NaN	NaN	NaN	
6336640626000	6327881466088	None	Fixation	(45.72, 164.74)	(349.73, 163.37)	6302.986	4.550293	NaN	NaN	NaN	
6336657292000	6327898131894	None	Fixation	(45.80, 164.94)	(349.66, 163.24)	6302.986	4.566895	NaN	NaN	NaN	
6336673957000	6327914796696	None	Fixation	(45.71, 164.82)	(349.69, 163.28)	6302.986	4.583496	NaN	NaN	NaN	
6336690623000	6327931462502	None	Fixation	(45.56, 164.70)	(349.69, 163.32)	6302.986	4.600098	NaN	NaN	NaN	
6336707290000	6327948129294	None	Fixation	(45.27, 164.96)	(349.86, 163.11)	6302.986	4.616699	NaN	NaN	NaN	
6336723956000	6327964795078	None	Fixation	(44.43, 165.15)	(349.97, 163.15)	6302.986	4.633301	NaN	NaN	NaN	
6336740623000	6327981461879	None	Fixation	(46.10, 165.14)	(350.20, 163.20)	6302.986	4.649902	NaN	NaN	NaN	
6336757289000	6327998127715	None	Fixation	(44.86, 164.92)	(350.38, 163.09)	6302.986	4.666504	NaN	NaN	NaN	
6336773956000	6328014794837	None	Fixation	(44.72, 164.83)	(350.53, 163.01)	6302.986	4.683594	NaN	NaN	NaN	
6336790622000	6328031460283	None	Fixation	(44.76, 164.86)	(350.83, 163.21)	6302.986	4.700195	NaN	NaN	NaN	
6336807291000	6328048129109	None	Fixation	(45.24, 164.74)	(350.88, 163.11)	6302.986	4.716797	NaN	NaN	NaN	
6336823957000	6328064794911	None	Fixation	(44.41, 164.69)	(350.83, 163.14)	6302.986	4.733398	NaN	NaN	NaN	
6336840622000	6328081459701	None	Fixation	(44.59, 164.73)	(350.82, 163.05)	6302.986	4.75	NaN	NaN	NaN	
6336857288000	6328098125482	None	Fixation	(45.00, 164.83)	(350.75, 163.19)	6302.986	4.766602	NaN	NaN	NaN	
6336873955000	6328114792292	None	Fixation	(45.34, 164.75)	(351.01, 163.24)	6302.986	4.783203	NaN	NaN	NaN	
6336890621000	6328131458093	None	Fixation	(44.86, 164.85)	(350.71, 163.24)	6302.986	4.800293	NaN	NaN	NaN	
6336907288000	6328148124908	None	Fixation	(47.36, 165.07)	(350.89, 163.09)	6302.986	4.816895	NaN	NaN	NaN	
6336923955000	6328164791741	None	Fixation	(45.23, 164.90)	(350.83, 163.16)	6302.986	4.833496	NaN	NaN	NaN	
6336940621000	6328181457512	None	Fixation	(44.35, 164.82)	(350.87, 163.13)	6302.986	4.850098	NaN	NaN	NaN	
6336957287000	6328198123295	None	Fixation	(44.02, 165.07)	(350.74, 163.07)	6302.986	4.866699	NaN	NaN	NaN	
6336973954000	6328214790109	None	Fixation	(43.98, 165.24)	(350.79, 163.04)	6302.986	4.883301	NaN	NaN	NaN	
6336990620000	6328231456391	None	Fixation	(45.73, 165.08)	(350.79, 163.03)	6302.986	4.899902	NaN	NaN	NaN	
6337007287000	6328248122746	None	Fixation	(45.91, 165.23)	(350.56, 162.85)	6302.986	4.916504	NaN	NaN	NaN	
6337023953000	6328264788518	None	Fixation	(44.53, 165.00)	(350.50, 163.07)	6302.986	4.933594	NaN	NaN	NaN	
6337040620000	6328281455879	None	Fixation	(44.41, 165.30)	(350.22, 162.82)	6302.986	4.950195	NaN	NaN	NaN	
6337057286000	6328298121132	None	Fixation	(46.50, 165.48)	(350.09, 163.17)	6302.986	4.966797	NaN	NaN	NaN	
6337073953000	6328314787958	None	Fixation	(44.63, 165.23)	(350.22, 163.10)	6302.986	4.983398	NaN	NaN	NaN	
6337090620000	6328331454699	None	Fixation	(44.78, 165.01)	(350.25, 163.34)	6302.986	5	NaN	NaN	NaN	
6337107286000	6328348120505	None	Fixation	(46.65, 165.30)	(350.37, 163.10)	6302.986	5.016602	NaN	NaN	NaN	
6337123953000	6328364787309	None	Fixation	(46.30, 165.09)	(350.26, 163.20)	6302.986	5.033203	NaN	NaN	NaN	
6337140619000	6328381453121	None	Fixation	(45.12, 165.30)	(350.17, 163.38)	6302.986	5.049805	NaN	NaN	NaN	
6337157286000	6328398119909	None	Fixation	(44.89, 164.84)	(349.97, 163.45)	6302.986	5.066895	NaN	NaN	NaN	
6337173954000	6328414787825	None	Fixation	(48.10, 166.26)	(349.90, 163.73)	6302.986	5.083496	NaN	NaN	NaN	
6337190621000	6328431454510	None	Fixation	(45.78, 165.08)	(349.73, 163.60)	6302.986	5.100098	NaN	NaN	NaN	
6337207285000	6328448118957	None	Fixation	(45.41, 165.16)	(349.51, 163.48)	6302.986	5.116699	NaN	NaN	NaN	
6337223952000	6328464785391	None	Fixation	(45.63, 165.17)	(349.21, 163.32)	6302.986	5.133301	NaN	NaN	NaN	
6337240617000	6328481450323	None	Fixation	(45.32, 165.18)	(349.28, 163.30)	6302.986	5.149902	NaN	NaN	NaN	
6337257284000	6328498116718	None	Fixation	(45.15, 165.28)	(349.38, 163.21)	6302.986	5.166504	NaN	NaN	NaN	
6337273951000	6328514783521	None	Fixation	(45.29, 165.13)	(349.21, 163.10)	6302.986	5.183594	NaN	NaN	NaN	
6337290617000	6328531449309	None	Fixation	(44.91, 165.28)	(349.61, 163.24)	6302.986	5.200195	NaN	NaN	NaN	
6337307284000	6328548116147	None	Fixation	(45.03, 165.21)	(349.38, 162.95)	6302.986	5.216797	NaN	NaN	NaN	
6337323951000	6328564783191	None	Fixation	(45.17, 165.25)	(349.41, 163.04)	6302.986	5.233398	NaN	NaN	NaN	
6337340618000	6328581449760	None	Fixation	(45.25, 165.31)	(349.81, 163.00)	6302.986	5.25	NaN	NaN	NaN	
6337357285000	6328598116549	None	Fixation	(45.32, 165.01)	(349.64, 163.18)	6302.986	5.266602	NaN	NaN	NaN	
6337373949000	6328614780346	None	Fixation	(44.73, 165.11)	(349.38, 162.99)	6302.986	5.283203	NaN	NaN	NaN	
6337390616000	6328631447114	None	Fixation	(47.22, 165.72)	(349.81, 163.01)	6302.986	5.299805	NaN	NaN	NaN	
6337407282000	6328648112956	None	Fixation	(44.86, 165.21)	(349.62, 163.02)	6302.986	5.316895	NaN	NaN	NaN	
6337423949000	6328664779766	None	Fixation	(44.97, 165.10)	(349.72, 162.99)	6302.986	5.333496	NaN	NaN	NaN	
6337440615000	6328681445530	None	Fixation	(44.87, 165.76)	(349.34, 163.31)	6302.986	5.350098	NaN	NaN	NaN	
6337457282000	6328698112362	None	Blink	(45.22, 167.59)	(349.56, 165.25)	NaN	NaN	NaN	NaN	NaN	
6337473948000	6328714778353	None	Blink	(46.36, 170.59)	(348.64, 169.80)	NaN	NaN	NaN	NaN	NaN	
6337507281000	6328748111273	None	Blink	(0.00, 0.00)	(0.00, 0.00)	NaN	NaN	NaN	NaN	NaN	
6337523948000	6328764777763	None	Blink	(0.00, 0.00)	(354.72, 201.29)	NaN	NaN	NaN	NaN	NaN	
6337540614000	6328781443538	None	Blink	(50.04, 171.20)	(343.50, 170.49)	NaN	NaN	NaN	NaN	NaN	
6337540614000	6328781443351	None	Blink	(50.04, 171.20)	(343.50, 170.49)	NaN	NaN	NaN	NaN	NaN	
6337557281000	6328798110153	None	Blink	(45.25, 167.16)	(354.22, 159.09)	NaN	NaN	NaN	NaN	NaN	
6337573949000	6328814778286	None	Blink	(44.97, 167.05)	(349.50, 164.66)	NaN	NaN	NaN	NaN	NaN	
6337590616000	6328831444740	None	Blink	(44.84, 166.61)	(349.22, 164.31)	NaN	NaN	NaN	NaN	NaN	
6337607281000	6328848109609	None	Blink	(44.66, 166.68)	(349.19, 164.06)	NaN	NaN	NaN	NaN	NaN	
6337623947000	6328864775350	None	Blink	(44.76, 166.08)	(349.02, 163.58)	NaN	NaN	NaN	NaN	NaN	
6337640615000	6328881443152	None	Blink	(44.55, 166.01)	(349.48, 163.41)	NaN	NaN	NaN	NaN	NaN	
6337657282000	6328898109945	None	Blink	(44.69, 165.79)	(349.64, 163.50)	NaN	NaN	NaN	NaN	NaN	
6337673947000	6328914774754	None	Fixation	(44.55, 165.55)	(349.76, 163.61)	6302.986	5.583496	NaN	NaN	NaN	
6337690613000	6328931440565	None	Fixation	(44.64, 165.50)	(349.81, 163.42)	6302.986	5.600098	NaN	NaN	NaN	
6337707280000	6328948107364	None	Fixation	(44.88, 165.37)	(349.68, 163.53)	6302.986	5.616699	NaN	NaN	NaN	
6337723946000	6328964773153	None	Fixation	(45.03, 165.36)	(349.77, 163.57)	6302.986	5.633301	NaN	NaN	NaN	
6337740612000	6328981438946	None	Fixation	(45.11, 165.29)	(349.65, 163.63)	6302.986	5.649902	NaN	NaN	NaN	
6337757279000	6328998105749	None	Fixation	(45.02, 165.31)	(349.67, 163.53)	6302.986	5.666504	NaN	NaN	NaN	
6337773945000	6329014771585	None	Fixation	(45.23, 165.52)	(349.68, 163.57)	6302.986	5.683594	NaN	NaN	NaN	
6337790612000	6329031438756	None	Fixation	(44.80, 165.42)	(349.64, 163.48)	6302.986	5.700195	NaN	NaN	NaN	
6337807280000	6329048106201	None	Fixation	(45.74, 165.69)	(349.43, 163.31)	6302.986	5.716797	NaN	NaN	NaN	
6337823947000	6329064773357	None	Fixation	(45.46, 165.64)	(349.62, 163.30)	6302.986	5.733398	NaN	NaN	NaN	
6337840612000	6329081438275	None	Fixation	(44.81, 165.50)	(349.60, 163.16)	6302.986	5.75	NaN	NaN	NaN	
6337857279000	6329098104573	None	Fixation	(45.20, 165.55)	(349.87, 163.31)	6302.986	5.766602	NaN	NaN	NaN	
6337873947000	6329114772781	None	Fixation	(45.11, 165.35)	(349.97, 163.34)	6302.986	5.783203	NaN	NaN	NaN	
6337907279000	6329148104524	None	Fixation	(44.81, 165.33)	(349.85, 163.39)	6302.986	5.816895	NaN	NaN	NaN	
6337907279000	6329148104357	None	Fixation	(44.81, 165.33)	(349.85, 163.39)	6302.986	5.816895	NaN	NaN	NaN	
6337923945000	6329164770020	None	Fixation	(44.84, 165.38)	(349.90, 163.37)	6302.986	5.833496	NaN	NaN	NaN	
6337940612000	6329181436582	None	Fixation	(44.96, 165.47)	(349.84, 163.62)	6302.986	5.850098	NaN	NaN	NaN	
6337957278000	6329198102680	None	Fixation	(44.98, 165.25)	(349.33, 163.46)	6302.986	5.866699	NaN	NaN	NaN	
6337973946000	6329214770159	None	Fixation	(45.46, 165.58)	(349.14, 163.48)	6302.986	5.883301	NaN	NaN	NaN	
6338007278000	6329248101984	None	Fixation	(45.19, 165.59)	(349.28, 163.65)	6302.986	5.916504	NaN	NaN	NaN	
6338007278000	6329248101786	None	Fixation	(45.19, 165.59)	(349.28, 163.65)	6302.986	5.916504	NaN	NaN	NaN	
6338040611000	6329281434593	None	Fixation	(45.24, 165.64)	(349.17, 163.35)	6302.986	5.950195	NaN	NaN	NaN	
6338057277000	6329298100370	None	Fixation	(45.00, 165.59)	(349.35, 163.43)	6302.986	5.966797	NaN	NaN	NaN	
6338073944000	6329314767177	None	Fixation	(45.12, 165.70)	(349.37, 163.29)	6302.986	5.983398	NaN	NaN	NaN	
6338090610000	6329331433017	None	Fixation	(44.68, 165.42)	(349.61, 163.35)	6302.986	6	NaN	NaN	NaN	
6338107277000	6329348099772	None	Fixation	(44.47, 165.49)	(349.74, 163.35)	6302.986	6.016602	NaN	NaN	NaN	
6338123943000	6329364765607	None	Fixation	(44.71, 165.45)	(350.03, 163.50)	6302.986	6.033203	NaN	NaN	NaN	
6338140610000	6329381432398	None	Fixation	(45.54, 165.44)	(349.72, 163.26)	6302.986	6.049805	NaN	NaN	NaN	
6338140610000	6329381432187	None	Fixation	(45.54, 165.44)	(349.72, 163.26)	6302.986	6.049805	NaN	NaN	NaN	
6338157276000	6329398097972	None	Fixation	(44.61, 165.49)	(349.82, 163.37)	6302.986	6.066895	NaN	NaN	NaN	
6338190609000	6329431430794	None	Fixation	(44.71, 165.41)	(349.84, 163.12)	6302.986	6.100098	NaN	NaN	NaN	
6338190609000	6329431430579	None	Fixation	(44.71, 165.41)	(349.84, 163.12)	6302.986	6.100098	NaN	NaN	NaN	
6338207278000	6329448099405	None	Fixation	(44.41, 165.11)	(349.83, 163.07)	6302.986	6.116699	NaN	NaN	NaN	
6338240609000	6329481430188	None	Fixation	(44.46, 165.19)	(349.98, 163.00)	6302.986	6.149902	NaN	NaN	NaN	
6338257275000	6329498095981	None	Fixation	(45.40, 165.37)	(349.92, 162.97)	6302.986	6.166504	NaN	NaN	NaN	
6338273942000	6329514763143	None	Fixation	(45.34, 165.40)	(349.99, 163.01)	6302.986	6.183594	NaN	NaN	NaN	
6338290608000	6329531428584	None	Fixation	(45.49, 165.51)	(350.05, 162.98)	6302.986	6.200195	NaN	NaN	NaN	
6338307275000	6329548095402	None	Fixation	(45.15, 165.31)	(349.99, 162.89)	6302.986	6.216797	NaN	NaN	NaN	
6338323942000	6329564762199	None	Fixation	(45.20, 165.31)	(350.11, 162.92)	6302.986	6.233398	NaN	NaN	NaN	
6338340608000	6329581427999	None	Fixation	(45.39, 165.37)	(349.86, 162.74)	6302.986	6.25	NaN	NaN	NaN	
6338357274000	6329598093796	None	Fixation	(44.93, 165.42)	(349.89, 162.78)	6302.986	6.266602	NaN	NaN	NaN	
6338357274000	6329598093615	None	Fixation	(44.93, 165.42)	(349.89, 162.78)	6302.986	6.266602	NaN	NaN	NaN	
6338390608000	6329631427386	None	Fixation	(44.62, 165.33)	(349.94, 162.61)	6302.986	6.299805	NaN	NaN	NaN	
6338407274000	6329648093212	None	Fixation	(44.72, 165.45)	(349.95, 162.75)	6302.986	6.316895	NaN	NaN	NaN	
6338423941000	6329664760034	None	Fixation	(44.64, 165.58)	(349.84, 162.68)	6302.986	6.333496	NaN	NaN	NaN	
6338440607000	6329681425773	None	Fixation	(44.91, 165.46)	(350.18, 162.83)	6302.986	6.350098	NaN	NaN	NaN	
6338457274000	6329698092592	None	Fixation	(45.30, 165.51)	(350.15, 163.01)	6302.986	6.366699	NaN	NaN	NaN	
6338473940000	6329714758413	None	Fixation	(45.52, 165.24)	(350.28, 163.02)	6302.986	6.383301	NaN	NaN	NaN	
6338490607000	6329731425201	None	Fixation	(46.04, 164.39)	(350.60, 164.01)	6302.986	6.399902	NaN	NaN	NaN	
6338507273000	6329748091002	None	Fixation	(46.39, 164.39)	(350.74, 163.73)	6302.986	6.416504	NaN	NaN	NaN	
6338523940000	6329764757811	None	Fixation	(46.03, 164.56)	(350.44, 163.73)	6302.986	6.433594	NaN	NaN	NaN	
6338540606000	6329781423876	None	Fixation	(46.11, 164.61)	(350.66, 163.61)	6302.986	6.450195	NaN	NaN	NaN	
6338557273000	6329798090403	None	Fixation	(46.02, 164.69)	(350.57, 163.62)	6302.986	6.466797	NaN	NaN	NaN	
6338573941000	6329814758228	None	Fixation	(46.29, 164.59)	(350.52, 163.73)	6302.986	6.483398	NaN	NaN	NaN	
6338590608000	6329831425029	None	Fixation	(46.31, 164.73)	(350.56, 163.73)	6302.986	6.5	NaN	NaN	NaN	
6338607273000	6329848089828	None	Fixation	(45.74, 164.72)	(350.51, 163.60)	6302.986	6.516602	NaN	NaN	NaN	
6338623940000	6329864756662	None	Fixation	(46.08, 164.70)	(350.23, 163.41)	6302.986	6.533203	NaN	NaN	NaN	
6338640604000	6329881420407	None	Fixation	(45.10, 164.76)	(350.76, 163.54)	6302.986	6.549805	NaN	NaN	NaN	
6338657271000	6329898087226	None	Fixation	(44.86, 164.64)	(350.83, 163.48)	6302.986	6.566895	NaN	NaN	NaN	
6338673937000	6329914753027	None	Fixation	(45.63, 164.82)	(350.59, 163.52)	6302.986	6.583496	NaN	NaN	NaN	
6338690604000	6329931419820	None	Fixation	(45.51, 164.73)	(350.98, 163.33)	6302.986	6.600098	NaN	NaN	NaN	
6338707272000	6329948087605	None	Fixation	(44.45, 164.71)	(351.29, 163.49)	6302.986	6.616699	NaN	NaN	NaN	
6338723939000	6329964754426	None	Fixation	(45.13, 164.81)	(351.36, 163.45)	6302.986	6.633301	NaN	NaN	NaN	
6338740603000	6329981418231	None	Fixation	(44.58, 164.87)	(351.45, 163.48)	6302.986	6.649902	NaN	NaN	NaN	
6338757270000	6329998085026	None	Fixation	(44.70, 164.80)	(351.37, 163.47)	6302.986	6.666504	NaN	NaN	NaN	
6338757270000	6329998084841	None	Fixation	(44.70, 164.80)	(351.37, 163.47)	6302.986	6.666504	NaN	NaN	NaN	
6338790603000	6330031417701	None	Fixation	(44.90, 164.82)	(351.41, 163.11)	6302.986	6.700195	NaN	NaN	NaN	
6338807269000	6330048083421	None	Fixation	(44.80, 165.10)	(351.51, 163.01)	6302.986	6.716797	NaN	NaN	NaN	
6338823936000	6330064750245	None	Fixation	(44.54, 165.27)	(351.60, 163.04)	6302.986	6.733398	NaN	NaN	NaN	
6338840602000	6330081416053	None	Fixation	(43.61, 165.52)	(350.77, 162.73)	6302.986	6.75	NaN	NaN	NaN	
6338857269000	6330098083185	None	Fixation	(44.87, 165.62)	(351.18, 163.15)	6302.986	6.766602	NaN	NaN	NaN	
6338873935000	6330114748680	None	Fixation	(43.86, 165.66)	(350.91, 162.97)	6302.986	6.783203	NaN	NaN	NaN	
6338890602000	6330131415451	None	Fixation	(43.71, 165.42)	(350.86, 162.99)	6302.986	6.799805	NaN	NaN	NaN	
6338907268000	6330148081276	None	Fixation	(44.35, 165.58)	(350.86, 162.86)	6302.986	6.816895	NaN	NaN	NaN	
6338923935000	6330164748618	None	Fixation	(43.57, 165.68)	(350.83, 162.85)	6302.986	6.833496	NaN	NaN	NaN	
6338940601000	6330181413861	None	Fixation	(43.24, 165.52)	(350.88, 162.81)	6302.986	6.850098	NaN	NaN	NaN	
6338957268000	6330198080922	None	Fixation	(44.75, 165.48)	(350.78, 162.78)	6302.986	6.866699	NaN	NaN	NaN	
6338973935000	6330214748199	None	Fixation	(44.12, 165.91)	(350.87, 162.63)	6302.986	6.883301	NaN	NaN	NaN	
6338990601000	6330231413341	None	Fixation	(44.12, 165.86)	(350.67, 162.51)	6302.986	6.899902	NaN	NaN	NaN	
6339007269000	6330248081043	None	Fixation	(44.10, 165.79)	(350.60, 162.52)	6302.986	6.916504	NaN	NaN	NaN	
6339023936000	6330264747879	None	Fixation	(44.20, 165.75)	(350.80, 162.48)	6302.986	6.933594	NaN	NaN	NaN	
6339040601000	6330281412741	None	Fixation	(43.71, 165.67)	(350.82, 162.51)	6302.986	6.950195	NaN	NaN	NaN	
6339057267000	6330298078457	None	Fixation	(44.24, 165.67)	(350.92, 162.53)	6302.986	6.966797	NaN	NaN	NaN	
6339073934000	6330314745781	None	Fixation	(44.22, 165.70)	(351.08, 162.36)	6302.986	6.983398	NaN	NaN	NaN	
6339090600000	6330331411059	None	Fixation	(44.15, 165.56)	(351.13, 162.47)	6302.986	7	NaN	NaN	NaN	
6339107267000	6330348077854	None	Fixation	(45.13, 165.49)	(350.57, 163.23)	6302.986	7.016602	NaN	NaN	NaN	
6339123933000	6330364743783	None	Fixation	(44.12, 165.11)	(350.59, 162.91)	6302.986	7.033203	NaN	NaN	NaN	
6339140600000	6330381410479	None	Fixation	(44.79, 165.46)	(350.62, 162.89)	6302.986	7.049805	NaN	NaN	NaN	
6339157266000	6330398076259	None	Fixation	(45.71, 165.83)	(350.45, 162.65)	6302.986	7.066895	NaN	NaN	NaN	
6339173933000	6330414743074	None	Fixation	(43.94, 165.62)	(350.24, 162.49)	6302.986	7.083496	NaN	NaN	NaN	
6339190599000	6330431409189	None	Fixation	(44.25, 165.81)	(350.01, 162.42)	6302.986	7.100098	NaN	NaN	NaN	
6339207266000	6330448075696	None	Fixation	(44.28, 165.94)	(349.81, 162.32)	6302.986	7.116699	NaN	NaN	NaN	
6339223932000	6330464741509	None	Fixation	(44.45, 166.21)	(349.74, 162.27)	6302.986	7.133301	NaN	NaN	NaN	
6339240599000	6330481408228	None	Fixation	(44.35, 166.15)	(349.75, 162.11)	6302.986	7.149902	NaN	NaN	NaN	
6339257265000	6330498074079	None	Fixation	(44.06, 166.39)	(349.76, 162.01)	6302.986	7.166504	NaN	NaN	NaN	
6339273932000	6330514740886	None	Fixation	(44.35, 166.21)	(349.82, 161.89)	6302.986	7.183594	NaN	NaN	NaN	
6339290598000	6330531406773	None	Fixation	(44.02, 166.48)	(349.52, 161.92)	6302.986	7.200195	NaN	NaN	NaN	
6339307265000	6330548073454	None	Fixation	(44.28, 166.71)	(349.22, 161.79)	6302.986	7.216797	NaN	NaN	NaN	
6339323931000	6330564739279	None	Fixation	(44.28, 166.60)	(349.26, 161.85)	6302.986	7.233398	NaN	NaN	NaN	
6339340597000	6330581405069	None	Fixation	(44.42, 166.57)	(349.23, 161.93)	6302.986	7.25	NaN	NaN	NaN	
6339357263000	6330598070974	None	Fixation	(44.35, 166.33)	(349.19, 162.02)	6302.986	7.266602	NaN	NaN	NaN	
6339373930000	6330614737713	None	Fixation	(45.00, 166.34)	(349.54, 162.21)	6302.986	7.283203	NaN	NaN	NaN	
6339390596000	6330631403553	None	Fixation	(45.79, 164.86)	(350.36, 164.04)	6302.986	7.299805	NaN	NaN	NaN	
6339407263000	6330648070306	None	Fixation	(45.96, 164.92)	(350.56, 163.78)	6302.986	7.316895	NaN	NaN	NaN	
6339423929000	6330664736460	None	Fixation	(45.69, 164.58)	(350.76, 164.35)	6302.986	7.333496	NaN	NaN	NaN	
6339440596000	6330681402892	None	Fixation	(46.03, 164.34)	(350.96, 164.40)	6302.986	7.350098	NaN	NaN	NaN	
6339457262000	6330698069057	None	Fixation	(45.85, 164.37)	(351.21, 164.33)	6302.986	7.366699	NaN	NaN	NaN	
6339473929000	6330714735515	None	Fixation	(45.28, 164.56)	(351.30, 164.51)	6302.986	7.383301	NaN	NaN	NaN	
6339490595000	6330731401382	None	Fixation	(45.98, 164.24)	(351.35, 164.51)	6302.986	7.399902	NaN	NaN	NaN	
6339507262000	6330748068130	None	Fixation	(45.51, 164.16)	(351.35, 164.74)	6302.986	7.416504	NaN	NaN	NaN	
6339523928000	6330764733891	None	Fixation	(45.93, 164.16)	(351.29, 164.61)	6302.986	7.433594	NaN	NaN	NaN	
6339540595000	6330781400735	None	Fixation	(45.63, 164.27)	(351.10, 164.84)	6302.986	7.450195	NaN	NaN	NaN	
6339557261000	6330798066574	None	Fixation	(45.71, 164.39)	(351.22, 164.55)	6302.986	7.466797	NaN	NaN	NaN	
6339573928000	6330814733352	None	Fixation	(45.85, 164.23)	(351.36, 164.50)	6302.986	7.483398	NaN	NaN	NaN	
6339590594000	6330831399117	None	Fixation	(45.19, 165.98)	(349.76, 163.21)	6302.986	7.5	NaN	NaN	NaN	
6339607261000	6330848065952	None	Fixation	(45.31, 165.23)	(349.97, 163.56)	6302.986	7.516602	NaN	NaN	NaN	
6339623927000	6330864731717	None	Fixation	(46.34, 166.00)	(349.85, 163.31)	6302.986	7.533203	NaN	NaN	NaN	
6339640594000	6330881398510	None	Fixation	(46.77, 165.73)	(349.74, 163.31)	6302.986	7.549805	NaN	NaN	NaN	
6339657260000	6330898064332	None	Fixation	(44.89, 165.56)	(349.72, 163.33)	6302.986	7.566895	NaN	NaN	NaN	
6339673927000	6330914731129	None	Fixation	(44.96, 165.63)	(349.80, 163.30)	6302.986	7.583496	NaN	NaN	NaN	
6339690594000	6330931397970	None	Fixation	(45.64, 165.73)	(349.54, 163.31)	6302.986	7.600098	NaN	NaN	NaN	
6339707260000	6330948063733	None	Fixation	(45.67, 165.66)	(349.54, 163.29)	6302.986	7.616699	NaN	NaN	NaN	
6339723927000	6330964730546	None	Fixation	(46.75, 165.66)	(349.63, 163.55)	6302.986	7.633301	NaN	NaN	NaN	
6339740595000	6330981398375	None	Fixation	(45.52, 165.08)	(349.86, 163.38)	6302.986	7.649902	NaN	NaN	NaN	
6339757261000	6330998064212	None	Fixation	(45.39, 165.27)	(350.10, 163.49)	6302.986	7.666504	NaN	NaN	NaN	
6339773926000	6331014729359	None	Fixation	(45.58, 164.99)	(350.42, 163.72)	6302.986	7.683594	NaN	NaN	NaN	
6339790593000	6331031396195	None	Fixation	(46.04, 165.13)	(350.09, 163.48)	6302.986	7.700195	NaN	NaN	NaN	
6339807261000	6331048063623	None	Fixation	(45.33, 165.01)	(350.50, 163.42)	6302.986	7.716797	NaN	NaN	NaN	
6339823927000	6331064729408	None	Fixation	(45.65, 165.14)	(350.27, 163.23)	6302.986	7.733398	NaN	NaN	NaN	
6339840592000	6331081394139	None	Fixation	(45.13, 164.92)	(350.14, 163.29)	6302.986	7.75	NaN	NaN	NaN	
6339857259000	6331098061000	None	Fixation	(45.13, 164.93)	(350.30, 163.45)	6302.986	7.766602	NaN	NaN	NaN	
6339873925000	6331114726835	None	Fixation	(45.34, 164.99)	(350.51, 163.41)	6302.986	7.783203	NaN	NaN	NaN	
6339890592000	6331131393535	None	Fixation	(45.69, 164.72)	(350.33, 163.34)	6302.986	7.799805	NaN	NaN	NaN	
6339907260000	6331148061330	None	Fixation	(45.96, 164.44)	(350.68, 163.83)	6302.986	7.816895	NaN	NaN	NaN	
6339923926000	6331164727155	None	Fixation	(47.53, 162.86)	(351.54, 165.86)	6302.986	7.833496	NaN	NaN	NaN	
6339940591000	6331181392069	None	Fixation	(46.82, 163.18)	(351.61, 165.09)	6302.986	7.850098	NaN	NaN	NaN	
6339957258000	6331198058779	None	Fixation	(47.01, 163.19)	(351.47, 165.21)	6302.986	7.866699	NaN	NaN	NaN	
6339973923000	6331214723854	None	Fixation	(46.53, 163.54)	(351.52, 164.88)	6302.986	7.883301	NaN	NaN	NaN	
6339990590000	6331231390724	None	Fixation	(46.39, 163.57)	(351.55, 164.67)	6302.986	7.899902	NaN	NaN	NaN	
6340007259000	6331248059171	None	Fixation	(46.58, 163.80)	(351.33, 164.40)	6302.986	7.916504	NaN	NaN	NaN	
6340023925000	6331264724964	None	Fixation	(45.86, 164.27)	(350.80, 164.10)	6302.986	7.933594	NaN	NaN	NaN	
6340040589000	6331281388746	None	Saccade	(43.08, 168.57)	(348.71, 160.44)	6310.92	0.01660156	62.96011	2.09867	181.5874	
6340057256000	6331298055639	None	Unknown	(41.12, 169.94)	(347.85, 159.35)	NaN	NaN	NaN	NaN	NaN	
6340073922000	6331314721384	None	Pursuit	(41.77, 170.78)	(347.44, 158.99)	6310.953	0.01660156	13.04099	0.4346995	309.3493	
6340090589000	6331331388162	None	Pursuit	(41.88, 170.69)	(347.56, 158.52)	6310.953	0.03320313	1.827954	0.4382118	301.3572	
6340107255000	6331348053978	None	Unknown	(40.48, 170.90)	(347.35, 158.13)	NaN	NaN	NaN	NaN	NaN	
6340123922000	6331364720769	None	Fixation	(39.31, 171.64)	(347.50, 157.53)	6311.003	0.01660156	NaN	NaN	NaN	
6340140588000	6331381386607	None	Fixation	(41.45, 172.11)	(347.24, 157.14)	6311.003	0.03320313	NaN	NaN	NaN	
6340157255000	6331398053765	None	Saccade	(44.01, 167.75)	(346.91, 156.91)	6311.036	0.01708984	62.25221	2.075074	197.4509	
6340173921000	6331414719471	None	Fixation	(38.57, 172.81)	(346.97, 156.43)	6311.003	0.06689453	NaN	NaN	NaN	
6340190588000	6331431386343	None	Fixation	(37.94, 173.36)	(346.94, 156.10)	6311.003	0.08349609	NaN	NaN	NaN	
6340207254000	6331448051752	None	Pursuit	(39.18, 173.44)	(346.72, 155.77)	6311.086	0.01660156	15.34818	0.5116059	260.4044	
6340223921000	6331464718565	None	Pursuit	(37.40, 174.01)	(346.46, 155.26)	6311.086	0.03320313	23.0378	0.3459316	26.45415	
6340240587000	6331481384386	None	Fixation	(37.02, 174.53)	(346.15, 154.70)	6311.003	0.1333008	NaN	NaN	NaN	
6340257254000	6331498051568	None	Saccade	(34.59, 177.07)	(345.30, 153.45)	6311.136	0.01660156	43.22831	1.440944	30.73744	
6340273921000	6331514718436	None	Saccade	(33.97, 178.25)	(344.15, 151.65)	6311.153	0.01708984	26.26082	0.8753605	340.2643	
6340290587000	6331531384204	None	Pursuit	(33.67, 179.26)	(343.70, 151.27)	6311.136	0.05029297	12.87892	2.375556	22.31177	
6340307255000	6331548051914	None	Pursuit	(33.67, 179.26)	(344.41, 150.86)	6311.136	0.06689453	0.1004802	2.376415	22.2337	
6340323922000	6331564718489	None	Pursuit	(31.47, 180.09)	(344.30, 150.46)	6311.136	0.08349609	29.00119	3.222295	31.93495	
6340340588000	6331581384224	None	Fixation	(32.64, 179.73)	(344.40, 149.92)	6311.22	0.01660156	NaN	NaN	NaN	
6340357255000	6331598051054	None	Fixation	(32.84, 179.85)	(344.15, 149.86)	6311.236	0.01660156	NaN	NaN	NaN	
6340373920000	6331614715803	None	Fixation	(32.24, 179.91)	(344.09, 149.70)	6311.236	0.03320313	NaN	NaN	NaN	
6340390586000	6331631381663	None	Fixation	(32.06, 180.20)	(343.70, 149.57)	6311.236	0.04980469	NaN	NaN	NaN	
6340407253000	6331648048511	None	Fixation	(31.98, 180.36)	(344.06, 149.36)	6311.236	0.06689453	NaN	NaN	NaN	
6340423919000	6331664714318	None	WinkLeft	(32.36, 180.26)	(343.46, 149.12)	NaN	NaN	NaN	NaN	NaN	
6340440585000	6331681380002	None	WinkLeft	(32.26, 180.39)	(343.74, 149.07)	NaN	NaN	NaN	NaN	NaN	
6340457252000	6331698046817	None	WinkLeft	(30.35, 180.92)	(343.93, 149.00)	NaN	NaN	NaN	NaN	NaN	
6340473919000	6331714713635	None	WinkLeft	(29.92, 181.02)	(343.64, 148.91)	NaN	NaN	NaN	NaN	NaN	
6340490585000	6331731379443	None	WinkLeft	(31.38, 180.92)	(343.99, 148.72)	NaN	NaN	NaN	NaN	NaN	
6340507252000	6331748046252	None	WinkLeft	(29.81, 181.54)	(343.86, 148.71)	NaN	NaN	NaN	NaN	NaN	
6340523918000	6331764712471	None	WinkLeft	(30.49, 181.55)	(343.60, 148.42)	NaN	NaN	NaN	NaN	NaN	
6340540585000	6331781378827	None	Saccade	(29.49, 182.00)	(343.44, 148.30)	6311.303	0.1333008	36.70366	1.223455	43.56306	
6340557251000	6331798044655	None	Pursuit	(29.08, 183.54)	(342.28, 147.15)	6311.303	0.1499023	19.53913	1.763186	29.30557	
6340573920000	6331814713454	None	Saccade	(28.49, 184.68)	(340.99, 146.11)	6311.453	0.01660156	20.4115	0.6803831	322.0625	
6340590586000	6331831379234	None	Pursuit	(29.01, 185.04)	(340.51, 145.91)	6311.303	0.1831055	7.787603	2.271191	19.38961	
6340607253000	6331848046062	None	Pursuit	(28.61, 185.09)	(340.62, 145.81)	6311.453	0.04980469	1.778039	0.8758599	321.8036	
6340623919000	6331864712335	None	Fixation	(28.93, 184.24)	(341.16, 146.23)	6311.503	0.01660156	NaN	NaN	NaN	
6340640584000	6331881376906	None	Saccade	(37.83, 174.95)	(345.81, 153.83)	6311.52	0.01660156	158.2751	5.275838	186.1784	
6340657250000	6331898042841	None	Saccade	(43.50, 168.79)	(348.98, 161.91)	6311.52	0.03369141	102.9405	8.706743	188.4085	
6340673917000	6331914709750	None	Unknown	(43.65, 167.83)	(349.59, 162.82)	NaN	NaN	NaN	NaN	NaN	
6340690583000	6331931375422	None	Pursuit	(44.33, 167.47)	(349.62, 162.77)	6311.57	0.01660156	9.489511	0.316317	229.3541	
6340707250000	6331948042534	None	Pursuit	(43.85, 167.53)	(350.00, 162.62)	6311.57	0.03320313	5.907178	0.1504976	201.1863	
6340723916000	6331964707675	None	Unknown	(44.70, 166.92)	(350.27, 162.60)	NaN	NaN	NaN	NaN	NaN	
6340740583000	6331981374534	None	Fixation	(44.05, 166.82)	(350.39, 162.34)	6311.62	0.01660156	NaN	NaN	NaN	
6340757249000	6331998040265	None	Fixation	(43.81, 167.09)	(350.22, 162.39)	6311.62	0.03320313	NaN	NaN	NaN	
6340773916000	6332014707051	None	Fixation	(45.23, 167.37)	(350.24, 162.57)	6311.62	0.04980469	NaN	NaN	NaN	
6340790582000	6332031372857	None	Fixation	(43.47, 167.15)	(350.29, 162.33)	6311.62	0.06689453	NaN	NaN	NaN	
6340807249000	6332048039886	None	Fixation	(43.54, 167.16)	(350.29, 162.20)	6311.62	0.08349609	NaN	NaN	NaN	
6340823915000	6332064705436	None	Fixation	(43.32, 167.11)	(350.08, 162.21)	6311.62	0.1000977	NaN	NaN	NaN	
6340840582000	6332081372912	None	Fixation	(44.50, 167.17)	(350.31, 162.33)	6311.62	0.1166992	NaN	NaN	NaN	
6340857248000	6332098038349	None	Fixation	(44.57, 166.14)	(350.40, 163.21)	6311.62	0.1333008	NaN	NaN	NaN	
6340873915000	6332114705208	None	Fixation	(44.02, 166.62)	(350.07, 162.74)	6311.62	0.1499023	NaN	NaN	NaN	
6340890581000	6332131371075	None	Fixation	(45.19, 166.37)	(350.11, 163.09)	6311.62	0.1665039	NaN	NaN	NaN	
6340907248000	6332148037867	None	Fixation	(44.43, 166.50)	(350.07, 162.80)	6311.62	0.1835938	NaN	NaN	NaN	
6340923914000	6332164703262	None	Fixation	(46.28, 166.39)	(350.12, 162.98)	6311.62	0.2001953	NaN	NaN	NaN	
6340940581000	6332181370132	None	Fixation	(44.51, 166.24)	(350.19, 162.71)	6311.62	0.2167969	NaN	NaN	NaN	
6340957247000	6332198035939	None	Saccade	(48.13, 166.21)	(350.01, 162.79)	6311.836	0.01660156	44.60727	1.486909	256.4294	
6340973914000	6332214702746	None	Pursuit	(44.67, 166.20)	(350.05, 162.76)	6311.836	0.03320313	42.60612	0.06933302	240.9713	
6340990580000	6332231368500	None	Pursuit	(44.66, 166.17)	(350.03, 162.73)	6311.836	0.04980469	0.2805774	0.07027592	233.3279	
6341007247000	6332248035412	None	Pursuit	(44.01, 166.15)	(349.99, 162.70)	6311.836	0.06640625	8.086138	0.2086018	87.70897	
6341023913000	6332264701087	None	Pursuit	(44.92, 166.29)	(350.03, 162.72)	6311.836	0.08300781	11.32534	0.1692266	262.9887	
6341040580000	6332281367862	None	Fixation	(44.85, 165.89)	(349.79, 162.74)	6311.62	0.3168945	NaN	NaN	NaN	
6341057247000	6332298034697	None	WinkRight	(46.42, 165.02)	(350.33, 163.89)	NaN	NaN	NaN	NaN	NaN	
6341073915000	6332314702499	None	WinkRight	(45.51, 165.09)	(350.43, 163.59)	NaN	NaN	NaN	NaN	NaN	
6341090581000	6332331368292	None	WinkRight	(45.26, 165.07)	(350.18, 163.61)	NaN	NaN	NaN	NaN	NaN	
6341107246000	6332348033801	None	WinkRight	(47.77, 165.44)	(350.37, 163.37)	NaN	NaN	NaN	NaN	NaN	
6341123913000	6332364700244	None	WinkRight	(44.80, 165.30)	(350.44, 163.34)	NaN	NaN	NaN	NaN	NaN	
6341140579000	6332381365732	None	WinkRight	(45.19, 165.26)	(350.35, 163.22)	NaN	NaN	NaN	NaN	NaN	
6341157246000	6332398032864	None	WinkRight	(44.85, 165.26)	(350.61, 163.36)	NaN	NaN	NaN	NaN	NaN	
6341173912000	6332414698336	None	Fixation	(45.41, 165.16)	(350.61, 163.49)	6311.937	0.1333008	NaN	NaN	NaN	
6341190579000	6332431365159	None	Fixation	(45.21, 165.17)	(350.62, 163.49)	6311.937	0.1499023	NaN	NaN	NaN	
6341207245000	6332448030910	None	Fixation	(45.51, 165.04)	(350.33, 163.58)	6311.937	0.1665039	NaN	NaN	NaN	
6341223912000	6332464697933	None	Fixation	(45.83, 165.00)	(350.40, 163.60)	6311.937	0.1831055	NaN	NaN	NaN	
6341240580000	6332481365857	None	Fixation	(45.73, 165.04)	(350.25, 163.47)	6311.937	0.199707	NaN	NaN	NaN	
6341257246000	6332498031307	None	Fixation	(45.34, 165.26)	(350.09, 163.48)	6311.937	0.2163086	NaN	NaN	NaN	
6341273911000	6332514696785	None	Fixation	(45.74, 165.24)	(349.93, 163.25)	6311.937	0.2329102	NaN	NaN	NaN	
6341290578000	6332531362951	None	Fixation	(45.46, 165.42)	(349.86, 163.07)	6311.937	0.25	NaN	NaN	NaN	
6341307246000	6332548030780	None	Fixation	(45.21, 165.39)	(349.67, 162.86)	6311.937	0.2666016	NaN	NaN	NaN	
6341323913000	6332564697517	None	Fixation	(45.28, 165.50)	(349.66, 162.77)	6311.937	0.2832031	NaN	NaN	NaN	
6341340576000	6332581360324	None	Fixation	(44.91, 165.55)	(349.69, 162.80)	6311.937	0.2998047	NaN	NaN	NaN	
6341357243000	6332598027363	None	Fixation	(44.69, 165.70)	(349.87, 162.84)	6311.937	0.3164063	NaN	NaN	NaN	
6341373909000	6332614693290	None	Fixation	(45.10, 165.47)	(349.99, 162.90)	6311.937	0.3330078	NaN	NaN	NaN	
6341390576000	6332631359727	None	Fixation	(45.29, 165.25)	(350.17, 163.09)	6311.937	0.3496094	NaN	NaN	NaN	
6341407242000	6332648025638	None	Fixation	(45.79, 165.26)	(350.17, 163.25)	6311.937	0.3666992	NaN	NaN	NaN	
6341423909000	6332664692296	None	Fixation	(45.70, 165.00)	(350.42, 163.44)	6311.937	0.3833008	NaN	NaN	NaN	
6341440575000	6332681358087	None	Fixation	(45.67, 165.00)	(350.25, 163.46)	6311.937	0.3999023	NaN	NaN	NaN	
6341457242000	6332698025283	None	Fixation	(45.80, 165.05)	(350.36, 163.76)	6311.937	0.4165039	NaN	NaN	NaN	
6341473908000	6332714690741	None	Fixation	(45.60, 164.98)	(350.28, 163.70)	6311.937	0.4331055	NaN	NaN	NaN	
6341490575000	6332731357577	None	Fixation	(45.02, 165.09)	(350.39, 163.43)	6311.937	0.449707	NaN	NaN	NaN	
6341507241000	6332748023313	None	Fixation	(44.79, 165.01)	(350.30, 163.76)	6311.937	0.4663086	NaN	NaN	NaN	
6341523908000	6332764690123	None	Fixation	(46.46, 165.42)	(350.25, 163.09)	6311.937	0.4829102	NaN	NaN	NaN	
6341540574000	6332781355978	None	Fixation	(45.94, 165.27)	(350.29, 163.14)	6311.937	0.5	NaN	NaN	NaN	
6341557241000	6332798022780	None	Fixation	(45.20, 165.19)	(350.03, 163.13)	6311.937	0.5166016	NaN	NaN	NaN	
6341573909000	6332814690593	None	Fixation	(45.77, 165.19)	(350.44, 163.25)	6311.937	0.5332031	NaN	NaN	NaN	
6341590576000	6332831357759	None	Fixation	(45.02, 165.14)	(350.31, 163.28)	6311.937	0.5498047	NaN	NaN	NaN	
6341607240000	6332848021426	None	Fixation	(45.77, 164.98)	(350.41, 163.21)	6311.937	0.5664063	NaN	NaN	NaN	
6341623907000	6332864688339	None	Fixation	(44.66, 164.89)	(350.36, 163.18)	6311.937	0.5830078	NaN	NaN	NaN	
6341640573000	6332881353728	None	Fixation	(45.16, 165.27)	(350.40, 163.11)	6311.937	0.5996094	NaN	NaN	NaN	
6341657240000	6332898020548	None	Fixation	(45.13, 164.99)	(349.99, 162.96)	6311.937	0.6166992	NaN	NaN	NaN	
6341673906000	6332914686606	None	Fixation	(45.47, 165.18)	(350.11, 162.87)	6311.937	0.6333008	NaN	NaN	NaN	
6341690573000	6332931353196	None	Fixation	(44.46, 165.22)	(350.09, 162.71)	6311.937	0.6499023	NaN	NaN	NaN	
6341707240000	6332948019939	None	Fixation	(44.29, 165.25)	(350.07, 162.65)	6311.937	0.6665039	NaN	NaN	NaN	
6341723906000	6332964685778	None	Fixation	(44.65, 165.19)	(350.09, 162.79)	6311.937	0.6831055	NaN	NaN	NaN	
6341740572000	6332981351601	None	Fixation	(44.72, 165.09)	(350.35, 162.75)	6311.937	0.699707	NaN	NaN	NaN	
6341757239000	6332998018385	None	Fixation	(44.83, 165.18)	(350.30, 162.83)	6311.937	0.7163086	NaN	NaN	NaN	
6341773905000	6333014684177	None	Fixation	(45.50, 164.97)	(350.33, 162.83)	6311.937	0.7329102	NaN	NaN	NaN	
6341790571000	6333031350039	None	Fixation	(44.54, 165.03)	(350.46, 162.84)	6311.937	0.75	NaN	NaN	NaN	
6341807239000	6333048017793	None	Fixation	(44.70, 165.06)	(350.46, 162.91)	6311.937	0.7666016	NaN	NaN	NaN	
6341823905000	6333064683572	None	Fixation	(46.04, 165.25)	(350.45, 162.95)	6311.937	0.7832031	NaN	NaN	NaN	
6341840573000	6333081351469	None	Fixation	(45.55, 165.05)	(350.24, 162.90)	6311.937	0.7998047	NaN	NaN	NaN	
6341857240000	6333098018180	None	Fixation	(44.62, 165.18)	(350.22, 162.88)	6311.937	0.8164063	NaN	NaN	NaN	
6341873905000	6333114682996	None	WinkLeft	(44.49, 165.11)	(349.99, 162.76)	NaN	NaN	NaN	NaN	NaN	
6341890571000	6333131348773	None	WinkLeft	(44.23, 165.43)	(349.97, 162.62)	NaN	NaN	NaN	NaN	NaN	
6341907239000	6333148016595	None	WinkLeft	(45.14, 165.57)	(349.92, 162.62)	NaN	NaN	NaN	NaN	NaN	
6341923906000	6333164683381	None	WinkLeft	(44.99, 165.46)	(349.74, 162.75)	NaN	NaN	NaN	NaN	NaN	
6341940571000	6333181348588	None	WinkLeft	(46.18, 165.83)	(349.59, 162.54)	NaN	NaN	NaN	NaN	NaN	
6341957237000	6333198014007	None	WinkLeft	(45.68, 165.49)	(350.04, 162.83)	NaN	NaN	NaN	NaN	NaN	
6341973904000	6333214680822	None	WinkLeft	(43.91, 165.57)	(350.08, 162.75)	NaN	NaN	NaN	NaN	NaN	
6341990570000	6333231346656	None	Fixation	(44.45, 165.20)	(350.18, 162.88)	6311.937	0.949707	NaN	NaN	NaN	
6342007238000	6333248014405	None	Fixation	(44.70, 165.09)	(350.38, 163.00)	6311.937	0.9663086	NaN	NaN	NaN	
6342023905000	6333264681207	None	Fixation	(44.61, 165.07)	(350.42, 162.93)	6311.937	0.9829102	NaN	NaN	NaN	
6342040570000	6333281346040	None	Fixation	(45.29, 165.08)	(350.34, 163.07)	6311.937	1	NaN	NaN	NaN	
6342057237000	6333298012867	None	Fixation	(44.46, 165.24)	(350.37, 163.13)	6311.937	1.016602	NaN	NaN	NaN	
6342073904000	6333314679652	None	Fixation	(45.26, 164.97)	(350.47, 163.20)	6311.937	1.033203	NaN	NaN	NaN	
6342090570000	6333331345400	None	Fixation	(45.10, 164.97)	(350.60, 163.16)	6311.937	1.049805	NaN	NaN	NaN	
6342107237000	6333348012232	None	Fixation	(45.70, 164.87)	(350.29, 163.42)	6311.937	1.066406	NaN	NaN	NaN	
6342123903000	6333364678003	None	Fixation	(45.46, 164.89)	(350.23, 163.26)	6311.937	1.083008	NaN	NaN	NaN	
6342140570000	6333381344829	None	Fixation	(45.14, 164.80)	(350.35, 163.32)	6311.937	1.099609	NaN	NaN	NaN	
6342157236000	6333398011043	None	Fixation	(46.62, 165.59)	(350.70, 163.33)	6311.937	1.116699	NaN	NaN	NaN	
6342173903000	6333414677746	None	Fixation	(46.64, 165.16)	(350.27, 163.13)	6311.937	1.133301	NaN	NaN	NaN	
6342190569000	6333431343239	None	Fixation	(46.22, 165.26)	(350.12, 163.18)	6311.937	1.149902	NaN	NaN	NaN	
6342207236000	6333448010051	None	Fixation	(44.65, 165.44)	(350.04, 162.98)	6311.937	1.166504	NaN	NaN	NaN	
6342223902000	6333464676275	None	Fixation	(44.86, 165.30)	(350.06, 162.90)	6311.937	1.183105	NaN	NaN	NaN	
6342240569000	6333481342936	None	Fixation	(45.96, 165.39)	(350.14, 162.93)	6311.937	1.199707	NaN	NaN	NaN	
6342257235000	6333498008819	None	Fixation	(44.91, 165.50)	(350.10, 162.79)	6311.937	1.216309	NaN	NaN	NaN	
6342273902000	6333514675804	None	Fixation	(45.96, 165.50)	(350.08, 162.85)	6311.937	1.23291	NaN	NaN	NaN	
6342290568000	6333531341027	None	Fixation	(44.56, 165.49)	(350.06, 162.95)	6311.937	1.25	NaN	NaN	NaN	
6342307235000	6333548007995	None	Fixation	(44.86, 165.34)	(350.01, 163.03)	6311.937	1.266602	NaN	NaN	NaN	
6342323901000	6333564673653	None	Fixation	(45.30, 165.42)	(350.09, 163.14)	6311.937	1.283203	NaN	NaN	NaN	
6342340570000	6333581342452	None	Fixation	(45.76, 165.08)	(350.31, 163.07)	6311.937	1.299805	NaN	NaN	NaN	
6342357236000	6333598008228	None	Fixation	(45.25, 165.12)	(350.28, 163.18)	6311.937	1.316406	NaN	NaN	NaN	
6342373903000	6333614675026	None	Fixation	(46.06, 164.53)	(350.30, 163.73)	6311.937	1.333008	NaN	NaN	NaN	
6342390569000	6333631340872	None	Fixation	(46.96, 164.70)	(349.82, 163.91)	6311.937	1.349609	NaN	NaN	NaN	
6342407234000	6333648005659	None	Fixation	(46.09, 164.52)	(349.69, 163.98)	6311.937	1.366699	NaN	NaN	NaN	
6342423900000	6333664671535	None	Fixation	(46.56, 164.72)	(350.08, 163.65)	6311.937	1.383301	NaN	NaN	NaN	
6342440567000	6333681338337	None	Fixation	(47.27, 164.92)	(349.75, 163.76)	6311.937	1.399902	NaN	NaN	NaN	
6342457233000	6333698004068	None	Fixation	(46.19, 164.61)	(349.87, 163.73)	6311.937	1.416504	NaN	NaN	NaN	
6342473900000	6333714670865	None	Fixation	(45.89, 164.56)	(349.93, 163.57)	6311.937	1.433105	NaN	NaN	NaN	
6342490566000	6333731336675	None	Fixation	(46.90, 164.73)	(349.86, 163.58)	6311.937	1.449707	NaN	NaN	NaN	
6342507233000	6333748003455	None	Fixation	(46.15, 164.60)	(349.92, 163.73)	6311.937	1.466309	NaN	NaN	NaN	
6342523899000	6333764669358	None	Fixation	(45.85, 164.47)	(349.89, 163.78)	6311.937	1.48291	NaN	NaN	NaN	
6342540566000	6333781336132	None	Fixation	(46.54, 164.51)	(349.90, 163.69)	6311.937	1.5	NaN	NaN	NaN	
6342557233000	6333798003334	None	Fixation	(46.67, 164.72)	(349.91, 163.61)	6311.937	1.516602	NaN	NaN	NaN	
6342573899000	6333814669008	None	Fixation	(47.06, 164.61)	(349.47, 163.44)	6311.937	1.533203	NaN	NaN	NaN	
6342590566000	6333831335461	None	Fixation	(46.11, 164.74)	(349.55, 163.49)	6311.937	1.549805	NaN	NaN	NaN	
6342607232000	6333848001300	None	Fixation	(47.32, 164.75)	(349.58, 163.47)	6311.937	1.566406	NaN	NaN	NaN	
6342623899000	6333864668132	None	Fixation	(45.93, 164.72)	(349.74, 163.57)	6311.937	1.583008	NaN	NaN	NaN	
6342640565000	6333881333915	None	Fixation	(45.90, 164.66)	(349.96, 163.52)	6311.937	1.599609	NaN	NaN	NaN	
6342657232000	6333898000660	None	Fixation	(46.79, 164.59)	(349.87, 163.53)	6311.937	1.616699	NaN	NaN	NaN	
6342673900000	6333914668539	None	Fixation	(45.53, 164.48)	(349.88, 163.50)	6311.937	1.633301	NaN	NaN	NaN	
6342690566000	6333931334291	None	Fixation	(46.21, 164.62)	(350.08, 163.73)	6311.937	1.649902	NaN	NaN	NaN	
6342707231000	6333947999533	None	Fixation	(45.85, 164.38)	(350.22, 163.62)	6311.937	1.666504	NaN	NaN	NaN	
6342723898000	6333964666289	None	Fixation	(45.85, 164.54)	(350.32, 163.82)	6311.937	1.683105	NaN	NaN	NaN	
6342740564000	6333981331709	None	Fixation	(46.92, 164.60)	(350.11, 163.64)	6311.937	1.699707	NaN	NaN	NaN	
6342757230000	6333997997488	None	Fixation	(46.04, 164.51)	(350.06, 163.86)	6311.937	1.716309	NaN	NaN	NaN	
6342773897000	6334014664301	None	Fixation	(45.75, 164.57)	(349.94, 163.80)	6311.937	1.73291	NaN	NaN	NaN	
6342790564000	6334031331108	None	Fixation	(46.00, 164.59)	(349.84, 163.60)	6311.937	1.75	NaN	NaN	NaN	
6342807231000	6334047997902	None	Fixation	(45.51, 164.57)	(349.94, 163.64)	6311.937	1.766602	NaN	NaN	NaN	
6342823898000	6334064665426	None	Fixation	(46.02, 164.69)	(350.11, 163.77)	6311.937	1.783203	NaN	NaN	NaN	
6342840563000	6334081330178	None	Fixation	(45.65, 164.61)	(350.15, 163.46)	6311.937	1.799805	NaN	NaN	NaN	
6342857230000	6334097996332	None	Fixation	(45.15, 164.52)	(350.23, 163.47)	6311.937	1.816406	NaN	NaN	NaN	
6342873895000	6334114661105	None	Fixation	(45.33, 164.44)	(350.17, 163.61)	6311.937	1.833008	NaN	NaN	NaN	
6342890562000	6334131327921	None	Fixation	(45.57, 164.80)	(350.56, 163.38)	6311.937	1.849609	NaN	NaN	NaN	
6342907228000	6334147993682	None	Fixation	(45.61, 164.75)	(350.50, 163.49)	6311.937	1.866699	NaN	NaN	NaN	
6342923895000	6334164660514	None	Fixation	(45.83, 164.73)	(350.51, 163.35)	6311.937	1.883301	NaN	NaN	NaN	
6342940561000	6334181326347	None	Fixation	(44.76, 164.89)	(350.51, 163.28)	6311.937	1.899902	NaN	NaN	NaN	
6342957228000	6334197993415	None	Fixation	(45.29, 164.78)	(350.52, 163.16)	6311.937	1.916504	NaN	NaN	NaN	
6342973894000	6334214658921	None	Saccade	(42.74, 167.93)	(348.51, 161.17)	6313.853	0.01660156	49.82909	1.660969	25.99903	
6342990561000	6334231325752	None	Saccade	(47.13, 168.99)	(347.25, 160.07)	6313.87	0.01660156	20.49148	0.6830491	323.9344	
6343007229000	6334247993976	None	Pursuit	(44.08, 169.29)	(347.47, 160.41)	6313.87	0.03320313	4.949782	0.5268679	318.8518	
6343023896000	6334264660617	None	Pursuit	(43.32, 168.35)	(347.68, 160.39)	6313.903	0.01660156	14.98425	0.4994752	128.0509	
6343040560000	6334281324478	None	Pursuit	(42.69, 168.16)	(347.86, 160.48)	6313.903	0.03369141	7.991214	0.7347596	116.2185	
6343057227000	6334297990974	None	Pursuit	(46.40, 168.12)	(348.10, 160.39)	6313.903	0.05029297	45.53048	1.063562	230.0832	
6343073895000	6334314659106	None	Pursuit	(44.92, 168.14)	(348.12, 160.57)	6313.903	0.06689453	18.12797	0.5842021	203.0925	
6343090562000	6334331325549	None	Pursuit	(46.52, 167.94)	(348.20, 160.85)	6313.903	0.08349609	19.76309	1.141625	227.9174	
6343107226000	6334347989712	None	Pursuit	(45.07, 167.96)	(348.28, 161.11)	6313.903	0.1000977	17.80216	0.6790665	203.5454	
6343123893000	6334364656354	None	Fixation	(44.73, 167.74)	(348.39, 161.05)	6313.937	0.08300781	NaN	NaN	NaN	
6343140561000	6334381323928	None	Fixation	(43.62, 167.28)	(348.63, 161.34)	6314.02	0.01660156	NaN	NaN	NaN	
6343157228000	6334397990762	None	Saccade	(47.98, 163.84)	(350.98, 165.51)	6314.036	0.01708984	68.29436	2.276479	191.1798	
6343173892000	6334414654876	None	Unknown	(47.07, 163.13)	(351.18, 165.73)	NaN	NaN	NaN	NaN	NaN	
6343190559000	6334431321948	None	Pursuit	(48.15, 162.89)	(351.31, 166.46)	6314.07	0.01660156	13.62464	0.4541546	244.8711	
6343207225000	6334447987519	None	Pursuit	(47.72, 162.65)	(351.83, 166.75)	6314.07	0.03320313	6.142398	0.3316815	220.465	
6343223892000	6334464653964	None	Unknown	(47.99, 162.06)	(352.76, 167.06)	NaN	NaN	NaN	NaN	NaN	
6343240558000	6334481319756	None	Fixation	(47.89, 161.18)	(352.97, 167.50)	6314.12	0.01660156	NaN	NaN	NaN	
6343257225000	6334497986560	None	Fixation	(47.94, 160.89)	(353.82, 168.38)	6314.12	0.03320313	NaN	NaN	NaN	
6343273891000	6334514652378	None	Fixation	(48.57, 160.51)	(353.79, 168.86)	6314.12	0.04980469	NaN	NaN	NaN	
6343290557000	6334531318180	None	Fixation	(48.50, 160.25)	(354.28, 168.78)	6314.12	0.06689453	NaN	NaN	NaN	
6343307224000	6334547984987	None	Saccade	(50.58, 158.29)	(355.75, 171.23)	6314.187	0.01660156	35.11984	1.172427	187.7565	
6343323891000	6334564651795	None	Pursuit	(52.64, 156.98)	(356.72, 172.47)	6314.187	0.03320313	30.0423	2.162288	218.6321	
6343340558000	6334581318619	None	Pursuit	(51.21, 157.12)	(356.44, 173.52)	6314.187	0.04980469	17.58377	1.697641	207.9322	
6343357224000	6334597984428	None	Pursuit	(51.30, 156.93)	(357.06, 173.67)	6314.187	0.06640625	2.628496	1.782168	207.1725	
6343373892000	6334614652180	None	Unknown	(50.53, 156.67)	(357.42, 173.27)	NaN	NaN	NaN	NaN	NaN	
6343390559000	6334631319003	None	Fixation	(50.68, 156.04)	(357.75, 173.54)	6314.27	0.01660156	NaN	NaN	NaN	
6343407224000	6334647983798	None	Fixation	(51.20, 155.84)	(357.86, 174.13)	6314.27	0.03369141	NaN	NaN	NaN	
6343423890000	6334664649587	None	Fixation	(52.68, 155.67)	(357.90, 174.07)	6314.27	0.05029297	NaN	NaN	NaN	
6343440557000	6334681316502	None	Fixation	(51.98, 155.27)	(358.57, 174.85)	6314.27	0.06689453	NaN	NaN	NaN	
6343457223000	6334697982188	None	Fixation	(52.57, 154.70)	(358.67, 175.04)	6314.27	0.08349609	NaN	NaN	NaN	
6343473890000	6334714649002	None	Fixation	(51.78, 154.66)	(359.08, 175.63)	6314.27	0.1000977	NaN	NaN	NaN	
6343490556000	6334731315276	None	Saccade	(54.89, 152.42)	(360.50, 179.05)	6314.37	0.01660156	47.22287	1.574096	195.8062	
6343507221000	6334747979811	None	Pursuit	(55.58, 151.46)	(360.86, 179.39)	6314.37	0.03320313	14.49568	2.038222	216.9471	
6343523888000	6334764646831	None	Pursuit	(55.33, 151.45)	(360.38, 180.38)	6314.37	0.04980469	3.070637	1.966247	214.8641	
6343540555000	6334781313217	None	Pursuit	(55.55, 151.28)	(361.10, 180.39)	6314.37	0.06689453	3.371182	2.078305	215.1021	
6343557221000	6334797979018	None	Unknown	(56.13, 150.88)	(361.30, 180.42)	NaN	NaN	NaN	NaN	NaN	
6343573888000	6334814645812	None	Fixation	(56.03, 150.55)	(361.25, 181.04)	6314.453	0.01660156	NaN	NaN	NaN	
6343590554000	6334831311621	None	Fixation	(56.41, 150.19)	(361.54, 181.46)	6314.453	0.03320313	NaN	NaN	NaN	
6343607221000	6334847978420	None	Fixation	(56.43, 150.17)	(361.63, 181.82)	6314.453	0.04980469	NaN	NaN	NaN	
6343623887000	6334864644219	None	Fixation	(56.56, 149.87)	(361.99, 181.93)	6314.453	0.06640625	NaN	NaN	NaN	
6343640556000	6334881313348	None	Fixation	(56.80, 150.05)	(362.17, 182.22)	6314.453	0.08300781	NaN	NaN	NaN	
6343657222000	6334897978826	None	Fixation	(56.85, 149.76)	(361.78, 182.08)	6314.453	0.1000977	NaN	NaN	NaN	
6343673887000	6334914643609	None	Fixation	(57.24, 149.99)	(361.93, 182.24)	6314.453	0.1166992	NaN	NaN	NaN	
6343690553000	6334931309437	None	Fixation	(57.76, 149.49)	(362.09, 182.31)	6314.453	0.1333008	NaN	NaN	NaN	
6343707220000	6334947976229	None	Fixation	(57.00, 149.46)	(362.03, 182.22)	6314.453	0.1499023	NaN	NaN	NaN	
6343723886000	6334964642044	None	Fixation	(56.94, 149.48)	(362.02, 182.42)	6314.453	0.1665039	NaN	NaN	NaN	
6343740555000	6334981311183	None	Fixation	(57.23, 149.93)	(362.12, 182.41)	6314.453	0.1831055	NaN	NaN	NaN	
6343757221000	6334997976647	None	Fixation	(57.53, 149.64)	(362.00, 182.75)	6314.453	0.199707	NaN	NaN	NaN	
6343773886000	6335014641450	None	Fixation	(57.44, 149.16)	(362.14, 182.31)	6314.453	0.2163086	NaN	NaN	NaN	
6343790552000	6335031307246	None	Fixation	(58.39, 149.44)	(362.00, 183.07)	6314.453	0.2333984	NaN	NaN	NaN	
6343807219000	6335047974067	None	Fixation	(58.10, 149.14)	(362.14, 183.17)	6314.453	0.25	NaN	NaN	NaN	
6343823885000	6335064639851	None	Fixation	(58.85, 149.41)	(362.04, 183.00)	6314.453	0.2666016	NaN	NaN	NaN	
6343840552000	6335081306646	None	Fixation	(58.51, 149.17)	(362.14, 183.27)	6314.453	0.2832031	NaN	NaN	NaN	
6343857218000	6335097972711	None	Fixation	(58.49, 149.31)	(362.04, 183.17)	6314.453	0.2998047	NaN	NaN	NaN	
6343857218000	6335097972600	None	Fixation	(58.49, 149.31)	(362.04, 183.17)	6314.453	0.2998047	NaN	NaN	NaN	
6343890551000	6335131305374	None	Fixation	(58.06, 149.48)	(362.23, 183.15)	6314.453	0.3330078	NaN	NaN	NaN	
6343907218000	6335147972143	None	Fixation	(58.66, 149.10)	(362.14, 182.96)	6314.453	0.3496094	NaN	NaN	NaN	
6343923885000	6335164638672	None	Fixation	(58.64, 149.11)	(362.27, 183.17)	6314.453	0.3666992	NaN	NaN	NaN	
6343940551000	6335181304451	None	Fixation	(57.72, 149.28)	(362.40, 183.46)	6314.453	0.3833008	NaN	NaN	NaN	
6343957218000	6335197971724	None	Saccade	(55.37, 151.28)	(360.37, 179.68)	6314.836	0.01660156	37.98558	1.758107	190.6744	
6343957218000	6335197971603	None	Saccade	(55.37, 151.28)	(360.37, 179.68)	6314.836	0.01660156	37.98558	1.758107	190.6744	
6343973884000	6335214637357	None	Saccade	(50.57, 160.04)	(354.17, 171.18)	6314.836	0.03320313	129.4648	6.062064	339.1905	
6344007219000	6335247972066	None	Unknown	(47.01, 165.37)	(350.54, 165.19)	NaN	NaN	NaN	NaN	NaN	
6344023885000	6335264637463	None	Pursuit	(45.88, 164.54)	(350.79, 164.97)	6314.903	0.01660156	17.23082	0.5743605	113.0097	
6344023885000	6335264637477	None	Pursuit	(45.88, 164.54)	(350.79, 164.97)	6314.903	0.01660156	17.23082	0.5743605	113.0097	
6344057218000	6335297970056	None	Unknown	(45.69, 164.74)	(350.80, 164.92)	NaN	NaN	NaN	NaN	NaN	
6344073885000	6335314636894	None	Fixation	(45.74, 164.92)	(351.07, 164.71)	6314.953	0.01660156	NaN	NaN	NaN	
6344073885000	6335314636869	None	Fixation	(45.74, 164.92)	(351.07, 164.71)	6314.953	0.01660156	NaN	NaN	NaN	
6344090551000	6335331302679	None	Fixation	(45.03, 164.57)	(350.79, 164.65)	6314.953	0.03320313	NaN	NaN	NaN	
6344107216000	6335347967870	None	Fixation	(45.79, 164.63)	(351.06, 164.79)	6314.953	0.04980469	NaN	NaN	NaN	
6344123883000	6335364634574	None	Fixation	(45.96, 164.35)	(351.21, 164.79)	6314.953	0.06640625	NaN	NaN	NaN	
6344140549000	6335381300074	None	Fixation	(45.54, 164.26)	(351.58, 164.93)	6314.953	0.08300781	NaN	NaN	NaN	
6344157216000	6335397966875	None	Fixation	(45.74, 164.04)	(351.84, 165.10)	6314.953	0.09960938	NaN	NaN	NaN	
6344173884000	6335414634697	None	Fixation	(45.79, 163.89)	(351.90, 165.15)	6314.953	0.1166992	NaN	NaN	NaN	
6344190550000	6335431300482	None	Fixation	(46.25, 163.73)	(351.81, 165.19)	6314.953	0.1333008	NaN	NaN	NaN	
6344207215000	6335447965321	None	Fixation	(45.53, 163.65)	(351.72, 165.40)	6314.953	0.1499023	NaN	NaN	NaN	
6344223882000	6335464632129	None	Fixation	(45.10, 165.20)	(350.43, 163.83)	6314.953	0.1665039	NaN	NaN	NaN	
6344240548000	6335481297874	None	Fixation	(46.75, 165.17)	(349.96, 163.77)	6314.953	0.1831055	NaN	NaN	NaN	
6344257215000	6335497964722	None	Fixation	(45.36, 165.42)	(350.18, 163.74)	6314.953	0.199707	NaN	NaN	NaN	
6344273881000	6335514630509	None	Fixation	(45.37, 165.16)	(350.21, 163.77)	6314.953	0.2163086	NaN	NaN	NaN	
6344290548000	6335531297293	None	Fixation	(45.13, 165.01)	(350.28, 163.77)	6314.953	0.2333984	NaN	NaN	NaN	
6344307214000	6335547963111	None	Fixation	(45.85, 165.09)	(350.32, 163.68)	6314.953	0.25	NaN	NaN	NaN	
6344323881000	6335564629915	None	Fixation	(45.65, 164.95)	(350.19, 163.78)	6314.953	0.2666016	NaN	NaN	NaN	
6344340547000	6335581295700	None	Fixation	(45.75, 164.95)	(350.45, 163.81)	6314.953	0.2832031	NaN	NaN	NaN	
6344357214000	6335597962501	None	Fixation	(45.35, 164.90)	(350.22, 163.86)	6314.953	0.2998047	NaN	NaN	NaN	
6344373879000	6335614627307	None	Fixation	(45.64, 164.94)	(350.38, 163.76)	6314.953	0.3164063	NaN	NaN	NaN	
6344390546000	6335631294130	None	Fixation	(45.52, 164.80)	(350.17, 163.97)	6314.953	0.3330078	NaN	NaN	NaN	
6344407212000	6335647959918	None	Fixation	(45.27, 164.73)	(350.05, 163.84)	6314.953	0.3496094	NaN	NaN	NaN	
6344423879000	6335664626743	None	Fixation	(45.58, 164.79)	(350.11, 163.88)	6314.953	0.3666992	NaN	NaN	NaN	
6344440545000	6335681292525	None	Fixation	(46.55, 164.76)	(349.84, 163.80)	6314.953	0.3833008	NaN	NaN	NaN	
6344457212000	6335697959306	None	Fixation	(45.66, 164.77)	(350.07, 163.91)	6314.953	0.3999023	NaN	NaN	NaN	
6344473878000	6335714625141	None	Fixation	(46.34, 165.02)	(349.77, 163.85)	6314.953	0.4165039	NaN	NaN	NaN	
6344490545000	6335731291947	None	Fixation	(45.02, 166.25)	(348.88, 162.54)	6314.953	0.4331055	NaN	NaN	NaN	
6344507211000	6335747957918	None	Fixation	(45.09, 165.92)	(348.98, 162.82)	6314.953	0.449707	NaN	NaN	NaN	
6344523878000	6335764624553	None	Fixation	(45.58, 165.92)	(349.31, 162.76)	6314.953	0.4663086	NaN	NaN	NaN	
6344540544000	6335781290355	None	Fixation	(44.93, 165.53)	(349.17, 162.89)	6314.953	0.4833984	NaN	NaN	NaN	
6344557211000	6335797957164	None	Fixation	(44.91, 165.78)	(349.49, 162.50)	6314.953	0.5	NaN	NaN	NaN	
6344573877000	6335814622975	None	Fixation	(44.55, 165.94)	(349.64, 162.64)	6314.953	0.5166016	NaN	NaN	NaN	
6344590544000	6335831289751	None	Fixation	(44.52, 165.58)	(349.57, 162.70)	6314.953	0.5332031	NaN	NaN	NaN	
6344607210000	6335847955571	None	Fixation	(44.53, 165.82)	(349.47, 162.55)	6314.953	0.5498047	NaN	NaN	NaN	
6344623877000	6335864622334	None	Fixation	(45.44, 165.86)	(349.54, 162.64)	6314.953	0.5664063	NaN	NaN	NaN	
6344640544000	6335881289161	None	Fixation	(45.27, 165.78)	(349.71, 162.69)	6314.953	0.5830078	NaN	NaN	NaN	
6344657211000	6335897955927	None	Fixation	(44.81, 165.61)	(349.59, 162.76)	6314.953	0.5996094	NaN	NaN	NaN	
6344673876000	6335914620760	None	Fixation	(44.56, 165.39)	(349.72, 162.81)	6314.953	0.6166992	NaN	NaN	NaN	
6344690543000	6335931287548	None	Fixation	(45.38, 165.29)	(349.76, 163.04)	6314.953	0.6333008	NaN	NaN	NaN	
6344707209000	6335947953356	None	Fixation	(44.84, 165.10)	(350.02, 163.11)	6314.953	0.6499023	NaN	NaN	NaN	
6344723876000	6335964620176	None	Fixation	(45.55, 165.09)	(350.28, 163.39)	6314.953	0.6665039	NaN	NaN	NaN	
6344740542000	6335981288243	None	Fixation	(44.72, 164.94)	(350.06, 163.31)	6314.953	0.6831055	NaN	NaN	NaN	
6344757209000	6335997952755	None	Fixation	(45.35, 165.06)	(350.06, 163.25)	6314.953	0.699707	NaN	NaN	NaN	
6344773875000	6336014618587	None	Fixation	(44.97, 165.18)	(350.14, 163.28)	6314.953	0.7163086	NaN	NaN	NaN	
6344790542000	6336031285357	None	Fixation	(44.81, 165.26)	(349.86, 162.99)	6314.953	0.7333984	NaN	NaN	NaN	
6344807210000	6336047953226	None	Fixation	(45.37, 165.43)	(349.81, 162.92)	6314.953	0.75	NaN	NaN	NaN	
6344823877000	6336064619971	None	Fixation	(45.09, 165.60)	(349.73, 162.70)	6314.953	0.7666016	NaN	NaN	NaN	
6344840542000	6336081284777	None	Fixation	(45.03, 165.91)	(349.59, 162.60)	6314.953	0.7832031	NaN	NaN	NaN	
6344857208000	6336097950580	None	Fixation	(44.70, 165.86)	(349.33, 162.51)	6314.953	0.7998047	NaN	NaN	NaN	
6344873876000	6336114618376	None	Fixation	(47.34, 165.83)	(349.31, 162.57)	6314.953	0.8164063	NaN	NaN	NaN	
6344890543000	6336131285199	None	Fixation	(45.73, 165.86)	(349.47, 162.66)	6314.953	0.8330078	NaN	NaN	NaN	
6344907209000	6336147950978	None	Fixation	(45.18, 165.75)	(349.36, 162.70)	6314.953	0.8496094	NaN	NaN	NaN	
6344923876000	6336164618089	None	Fixation	(45.40, 165.94)	(349.38, 162.76)	6314.953	0.8666992	NaN	NaN	NaN	
6344940541000	6336181282946	None	Fixation	(46.00, 165.62)	(349.38, 162.82)	6314.953	0.8833008	NaN	NaN	NaN	
6344957207000	6336197948625	None	Fixation	(45.17, 165.85)	(349.18, 163.09)	6314.953	0.8999023	NaN	NaN	NaN	
6344973874000	6336214615196	None	WinkLeft	(46.04, 166.03)	(349.35, 163.70)	NaN	NaN	NaN	NaN	NaN	
6344990540000	6336231280996	None	Blink	(45.55, 167.44)	(349.67, 166.00)	NaN	NaN	NaN	NaN	NaN	
6345007208000	6336247948780	None	Blink	(46.27, 169.30)	(349.00, 168.79)	NaN	NaN	NaN	NaN	NaN	
6345023875000	6336264615954	None	Blink	(47.18, 165.81)	(347.97, 170.71)	NaN	NaN	NaN	NaN	NaN	
6345040540000	6336281280901	None	Blink	(43.47, 166.24)	(349.80, 171.78)	NaN	NaN	NaN	NaN	NaN	
6345057206000	6336297946216	None	Blink	(46.92, 167.29)	(349.26, 156.63)	NaN	NaN	NaN	NaN	NaN	
6345073873000	6336314613020	None	Blink	(43.08, 165.95)	(347.65, 165.75)	NaN	NaN	NaN	NaN	NaN	
6345090539000	6336331279124	None	Blink	(45.00, 166.84)	(349.19, 165.45)	NaN	NaN	NaN	NaN	NaN	
6345107206000	6336347946189	None	Blink	(45.49, 166.76)	(349.27, 164.25)	NaN	NaN	NaN	NaN	NaN	
6345123872000	6336364611717	None	Blink	(46.18, 166.44)	(348.96, 164.25)	NaN	NaN	NaN	NaN	NaN	
6345140539000	6336381278230	None	Blink	(45.55, 165.95)	(349.48, 164.04)	NaN	NaN	NaN	NaN	NaN	
6345157205000	6336397944019	None	Blink	(45.61, 165.77)	(349.23, 163.88)	NaN	NaN	NaN	NaN	NaN	
6345173872000	6336414610833	None	Blink	(45.43, 165.57)	(349.40, 163.50)	NaN	NaN	NaN	NaN	NaN	
6345190538000	6336431293820	None	Fixation	(45.41, 165.68)	(349.24, 163.65)	6314.953	1.133301	NaN	NaN	NaN	
6345207205000	6336447943430	None	Fixation	(44.89, 165.66)	(349.19, 163.36)	6314.953	1.149902	NaN	NaN	NaN	
6345223871000	6336464609219	None	Fixation	(45.35, 165.47)	(349.09, 163.34)	6314.953	1.166504	NaN	NaN	NaN	
6345240538000	6336481276023	None	Fixation	(45.09, 165.70)	(349.15, 163.08)	6314.953	1.183105	NaN	NaN	NaN	
6345257204000	6336497942295	None	Fixation	(44.89, 165.73)	(349.19, 163.22)	6314.953	1.199707	NaN	NaN	NaN	
6345273871000	6336514608629	None	Fixation	(44.89, 165.69)	(348.85, 162.80)	6314.953	1.216309	NaN	NaN	NaN	
6345290537000	6336531274446	None	Fixation	(45.06, 165.77)	(348.87, 162.76)	6314.953	1.233398	NaN	NaN	NaN	
6345307204000	6336547941530	None	Fixation	(45.55, 165.80)	(349.05, 162.96)	6314.953	1.25	NaN	NaN	NaN	
6345323870000	6336564607036	None	Fixation	(44.90, 165.70)	(349.18, 162.93)	6314.953	1.266602	NaN	NaN	NaN	
6345340539000	6336581275854	None	Fixation	(44.57, 165.44)	(349.32, 163.05)	6314.953	1.283203	NaN	NaN	NaN	
6345357205000	6336597941644	None	Fixation	(45.24, 165.65)	(349.25, 162.95)	6314.953	1.299805	NaN	NaN	NaN	
6345373870000	6336614606433	None	Fixation	(44.75, 165.43)	(349.20, 163.16)	6314.953	1.316406	NaN	NaN	NaN	
6345390536000	6336631272270	None	Fixation	(44.74, 165.45)	(349.56, 163.13)	6314.953	1.333008	NaN	NaN	NaN	
6345407203000	6336647939041	None	Fixation	(45.41, 165.34)	(349.63, 163.13)	6314.953	1.349609	NaN	NaN	NaN	
6345423869000	6336664604867	None	Fixation	(45.11, 165.78)	(349.51, 163.78)	6314.953	1.366699	NaN	NaN	NaN	
6345440536000	6336681271668	None	Blink	(45.42, 168.95)	(348.57, 167.91)	NaN	NaN	NaN	NaN	NaN	
6345473869000	6336714604449	None	Blink	(0.00, 0.00)	(0.00, 0.00)	NaN	NaN	NaN	NaN	NaN	
6345490535000	6336731270236	None	Blink	(0.00, 0.00)	(0.00, 0.00)	NaN	NaN	NaN	NaN	NaN	
6345507202000	6336747937049	None	Blink	(0.00, 0.00)	(0.00, 0.00)	NaN	NaN	NaN	NaN	NaN	
6345523868000	6336764602849	None	Blink	(0.00, 0.00)	(0.00, 0.00)	NaN	NaN	NaN	NaN	NaN	
6345540537000	6336781271684	None	Blink	(0.00, 0.00)	(0.00, 0.00)	NaN	NaN	NaN	NaN	NaN	
6345557203000	6336797937455	None	Blink	(52.07, 173.53)	(0.00, 0.00)	NaN	NaN	NaN	NaN	NaN	
6345557203000	6336797937258	None	Blink	(52.07, 173.53)	(0.00, 0.00)	NaN	NaN	NaN	NaN	NaN	
6345573870000	6336814604085	None	Blink	(50.28, 165.48)	(335.87, 183.41)	NaN	NaN	NaN	NaN	NaN	
6345590536000	6336831269883	None	Blink	(46.91, 167.41)	(348.55, 164.95)	NaN	NaN	NaN	NaN	NaN	
6345607201000	6336847934676	None	Blink	(45.17, 166.66)	(352.76, 164.00)	NaN	NaN	NaN	NaN	NaN	
6345623868000	6336864601487	None	Blink	(45.20, 166.62)	(348.77, 164.05)	NaN	NaN	NaN	NaN	NaN	
6345640536000	6336881269469	None	Blink	(45.24, 166.31)	(348.91, 163.61)	NaN	NaN	NaN	NaN	NaN	
6345657202000	6336897935211	None	Blink	(44.69, 166.50)	(348.89, 163.08)	NaN	NaN	NaN	NaN	NaN	
6345673867000	6336914599903	None	Blink	(45.04, 166.22)	(349.12, 162.94)	NaN	NaN	NaN	NaN	NaN	
6345690534000	6336931267070	None	WinkRight	(44.71, 166.24)	(349.21, 162.95)	NaN	NaN	NaN	NaN	NaN	
6345707200000	6336947932686	None	Fixation	(44.59, 165.68)	(349.46, 163.08)	6314.953	1.649902	NaN	NaN	NaN	
6345723867000	6336964599684	None	Fixation	(44.72, 165.69)	(349.52, 162.90)	6314.953	1.666504	NaN	NaN	NaN	
6345740535000	6336981267106	None	Fixation	(44.91, 165.63)	(349.78, 163.13)	6314.953	1.683105	NaN	NaN	NaN	
6345757202000	6336997933881	None	Fixation	(44.71, 165.58)	(349.71, 163.19)	6314.953	1.699707	NaN	NaN	NaN	
6345773866000	6337014598093	None	Fixation	(44.85, 165.55)	(349.41, 163.32)	6314.953	1.716309	NaN	NaN	NaN	
6345790533000	6337031264499	None	Fixation	(44.62, 165.66)	(349.49, 163.26)	6314.953	1.733398	NaN	NaN	NaN	
6345807198000	6337047929730	None	Fixation	(46.08, 164.37)	(350.32, 164.76)	6314.953	1.75	NaN	NaN	NaN	
6345823865000	6337064596498	None	Fixation	(46.75, 163.78)	(350.81, 165.18)	6314.953	1.766602	NaN	NaN	NaN	
6345840534000	6337081265156	None	Fixation	(46.15, 163.95)	(350.28, 165.17)	6314.953	1.783203	NaN	NaN	NaN	
6345857201000	6337097932140	None	Fixation	(46.07, 163.98)	(350.42, 165.05)	6314.953	1.799805	NaN	NaN	NaN	
6345873864000	6337114594512	None	Fixation	(45.92, 164.19)	(350.51, 164.76)	6314.953	1.816406	NaN	NaN	NaN	
6345890531000	6337131261291	None	Fixation	(45.46, 163.81)	(350.79, 164.97)	6314.953	1.833008	NaN	NaN	NaN	
6345907197000	6337147927132	None	Fixation	(45.48, 163.94)	(350.79, 164.83)	6314.953	1.849609	NaN	NaN	NaN	
6345923864000	6337164594279	None	Fixation	(45.57, 164.13)	(350.88, 164.85)	6314.953	1.866699	NaN	NaN	NaN	
6345940530000	6337181259716	None	Fixation	(45.11, 164.24)	(350.85, 164.57)	6314.953	1.883301	NaN	NaN	NaN	
6345957197000	6337197926515	None	Fixation	(45.02, 164.28)	(350.78, 164.13)	6314.953	1.899902	NaN	NaN	NaN	
6345973863000	6337214592332	None	Saccade	(42.97, 168.59)	(347.71, 160.74)	6316.853	0.01660156	58.71351	1.957117	171.7019	
6345990530000	6337231259112	None	Unknown	(42.82, 169.44)	(346.34, 160.19)	NaN	NaN	NaN	NaN	NaN	
6346007196000	6337247924959	None	Pursuit	(42.86, 170.49)	(346.18, 159.86)	6316.886	0.01660156	12.93995	0.4313318	344.8021	
6346023863000	6337264591738	None	Pursuit	(42.20, 170.08)	(346.10, 159.38)	6316.886	0.03320313	9.460564	0.3665001	30.47498	
6346040529000	6337281257522	None	Unknown	(41.64, 169.92)	(345.64, 159.07)	NaN	NaN	NaN	NaN	NaN	
6346057196000	6337297924320	None	Fixation	(41.33, 170.67)	(345.95, 158.46)	6316.937	0.01660156	NaN	NaN	NaN	
6346073864000	6337314592138	None	Fixation	(41.33, 170.85)	(345.58, 158.30)	6316.937	0.03320313	NaN	NaN	NaN	
6346090531000	6337331258968	None	Fixation	(40.97, 171.45)	(345.26, 158.01)	6316.937	0.04980469	NaN	NaN	NaN	
6346107195000	6337347922751	None	Fixation	(40.90, 171.67)	(345.30, 157.68)	6316.937	0.06640625	NaN	NaN	NaN	
6346123862000	6337364589918	None	Fixation	(40.80, 171.85)	(345.22, 157.38)	6316.937	0.08300781	NaN	NaN	NaN	
6346140529000	6337381256643	None	Fixation	(40.75, 172.00)	(344.99, 157.22)	6316.937	0.09960938	NaN	NaN	NaN	
6346157195000	6337397922113	None	Fixation	(40.40, 172.28)	(344.67, 157.00)	6316.937	0.1162109	NaN	NaN	NaN	
6346173862000	6337414588946	None	Fixation	(39.80, 173.53)	(343.56, 156.05)	6316.937	0.1333008	NaN	NaN	NaN	
6346190529000	6337431255754	None	Saccade	(38.33, 178.08)	(340.17, 153.20)	6317.07	0.01660156	58.80788	1.960263	163.9191	
6346207196000	6337447922556	None	Unknown	(38.67, 178.25)	(340.16, 153.14)	NaN	NaN	NaN	NaN	NaN	
6346223863000	6337464589362	None	Pursuit	(38.38, 178.67)	(339.72, 152.54)	6317.103	0.01660156	6.308547	0.2102849	22.61998	
6346240529000	6337481255167	None	Pursuit	(37.96, 178.64)	(339.76, 152.43)	6317.103	0.03320313	5.094205	0.3340352	47.96313	
6346257195000	6337497920959	None	Unknown	(37.91, 178.78)	(339.89, 152.16)	NaN	NaN	NaN	NaN	NaN	
6346273861000	6337514586761	None	Fixation	(38.02, 179.17)	(339.61, 151.93)	6317.153	0.01660156	NaN	NaN	NaN	
6346290527000	6337531252559	None	Fixation	(37.86, 179.40)	(339.13, 151.92)	6317.153	0.03369141	NaN	NaN	NaN	
6346307195000	6337547920372	None	Fixation	(37.86, 179.83)	(338.88, 151.71)	6317.153	0.05029297	NaN	NaN	NaN	
6346323861000	6337564586601	None	WinkRight	(37.61, 179.85)	(0.00, 0.00)	NaN	NaN	NaN	NaN	NaN	
6346340529000	6337581254282	None	WinkRight	(37.32, 180.53)	(338.13, 151.29)	NaN	NaN	NaN	NaN	NaN	
6346357195000	6337597919999	None	WinkRight	(37.42, 180.49)	(337.84, 151.02)	NaN	NaN	NaN	NaN	NaN	
6346373861000	6337614586121	None	WinkRight	(36.79, 181.85)	(336.97, 150.34)	NaN	NaN	NaN	NaN	NaN	
6346390527000	6337631251680	None	WinkRight	(35.94, 185.07)	(334.36, 148.61)	NaN	NaN	NaN	NaN	NaN	
6346407194000	6337647918519	None	WinkRight	(36.67, 185.19)	(334.58, 148.65)	NaN	NaN	NaN	NaN	NaN	
6346423860000	6337664584376	None	WinkRight	(36.17, 185.42)	(334.27, 148.32)	NaN	NaN	NaN	NaN	NaN	
6346440527000	6337681251078	None	Saccade	(36.02, 185.31)	(334.19, 148.36)	6317.203	0.1333008	71.00443	2.366814	162.0618	
6346457193000	6337697916576	None	Unknown	(35.72, 185.67)	(334.14, 148.13)	NaN	NaN	NaN	NaN	NaN	
6346473860000	6337714583399	None	Pursuit	(35.88, 185.50)	(333.98, 147.84)	6317.353	0.01660156	2.816054	0.09386847	210.4594	
6346490526000	6337731249681	None	Pursuit	(35.83, 185.99)	(333.33, 147.81)	6317.353	0.03320313	6.025167	0.1379409	329.3137	
6346507193000	6337747916328	None	Unknown	(35.82, 186.61)	(333.27, 147.70)	NaN	NaN	NaN	NaN	NaN	
6346523859000	6337764581766	None	Fixation	(35.61, 186.64)	(333.27, 147.46)	6317.403	0.01660156	NaN	NaN	NaN	
6346540526000	6337781248578	None	Fixation	(35.84, 187.35)	(333.15, 147.33)	6317.403	0.03369141	NaN	NaN	NaN	
6346557192000	6337797914413	None	Fixation	(35.78, 187.24)	(333.03, 147.22)	6317.403	0.05029297	NaN	NaN	NaN	
6346573859000	6337814581214	None	Fixation	(35.77, 187.36)	(333.03, 147.25)	6317.403	0.06689453	NaN	NaN	NaN	
6346590525000	6337831246979	None	Saccade	(44.96, 178.21)	(339.36, 152.46)	6317.47	0.01660156	159.549	5.318299	177.299	
6346607192000	6337847913871	None	Saccade	(45.25, 169.68)	(346.72, 161.81)	6317.47	0.03320313	104.9422	8.225224	172.4939	
6346623858000	6337864579633	None	Unknown	(45.79, 166.35)	(349.56, 164.96)	NaN	NaN	NaN	NaN	NaN	
6346640525000	6337881246514	None	Pursuit	(45.60, 166.30)	(349.53, 165.23)	6317.52	0.01660156	2.503287	0.0834429	90.12965	
6346673858000	6337914579202	None	Pursuit	(45.33, 166.07)	(350.19, 164.45)	6317.52	0.05029297	5.177954	0.2207801	107.9149	
6346673858000	6337914579037	None	Pursuit	(45.33, 166.07)	(350.19, 164.45)	6317.52	0.05029297	5.177954	0.2207801	107.9149	
6346690524000	6337931244830	None	Unknown	(45.50, 165.83)	(350.00, 164.51)	NaN	NaN	NaN	NaN	NaN	
6346707191000	6337947912017	None	Fixation	(45.00, 165.87)	(349.97, 164.09)	6317.586	0.01660156	NaN	NaN	NaN	
6346723857000	6337964577433	None	Fixation	(45.38, 165.94)	(349.89, 164.00)	6317.586	0.03320313	NaN	NaN	NaN	
6346740524000	6337981244224	None	Fixation	(44.75, 166.04)	(350.19, 163.98)	6317.586	0.04980469	NaN	NaN	NaN	
6346757190000	6337997910025	None	Fixation	(44.70, 166.07)	(349.96, 163.73)	6317.586	0.06640625	NaN	NaN	NaN	
6346773857000	6338014576819	None	Fixation	(44.99, 165.95)	(349.80, 163.70)	6317.586	0.08300781	NaN	NaN	NaN	
6346790523000	6338031243038	None	Fixation	(44.63, 166.22)	(350.20, 163.46)	6317.586	0.1000977	NaN	NaN	NaN	
6346807190000	6338047909784	None	Fixation	(44.96, 165.93)	(350.06, 163.50)	6317.586	0.1166992	NaN	NaN	NaN	
6346840523000	6338081242273	None	Fixation	(44.60, 165.87)	(350.14, 163.37)	6317.586	0.1499023	NaN	NaN	NaN	
6346840523000	6338081242021	None	Fixation	(44.60, 165.87)	(350.14, 163.37)	6317.586	0.1499023	NaN	NaN	NaN	
6346873858000	6338114576872	None	Fixation	(44.44, 165.56)	(350.12, 163.21)	6317.586	0.1831055	NaN	NaN	NaN	
6346873858000	6338114576621	None	Fixation	(44.44, 165.56)	(350.12, 163.21)	6317.586	0.1831055	NaN	NaN	NaN	
6346890524000	6338131242460	None	Fixation	(44.66, 165.38)	(349.98, 163.26)	6317.586	0.199707	NaN	NaN	NaN	
6346907189000	6338147907254	None	Fixation	(44.67, 165.48)	(350.04, 163.00)	6317.586	0.2163086	NaN	NaN	NaN	
6346923855000	6338164573063	None	Fixation	(44.36, 165.65)	(350.12, 162.94)	6317.586	0.2333984	NaN	NaN	NaN	
6346957188000	6338197906316	None	Fixation	(44.70, 165.82)	(350.26, 162.92)	6317.586	0.2666016	NaN	NaN	NaN	
6346973855000	6338214572640	None	Fixation	(44.28, 165.57)	(350.22, 163.06)	6317.586	0.2832031	NaN	NaN	NaN	
6346973855000	6338214572465	None	Fixation	(44.28, 165.57)	(350.22, 163.06)	6317.586	0.2832031	NaN	NaN	NaN	
6347007188000	6338247905296	None	Fixation	(44.41, 165.46)	(350.59, 162.76)	6317.586	0.3164063	NaN	NaN	NaN	
6347007188000	6338247905072	None	Fixation	(44.41, 165.46)	(350.59, 162.76)	6317.586	0.3164063	NaN	NaN	NaN	
6347040523000	6338281239868	None	Fixation	(44.16, 165.40)	(350.70, 163.24)	6317.586	0.3500977	NaN	NaN	NaN	
6347057190000	6338297906737	None	Fixation	(44.42, 165.37)	(350.66, 163.15)	6317.586	0.3666992	NaN	NaN	NaN	
6347073854000	6338314570469	None	Fixation	(44.48, 165.43)	(350.78, 163.12)	6317.586	0.3833008	NaN	NaN	NaN	
6347073854000	6338314570252	None	Fixation	(44.48, 165.43)	(350.78, 163.12)	6317.586	0.3833008	NaN	NaN	NaN	
6347107187000	6338347903329	None	Fixation	(44.70, 165.40)	(350.33, 162.94)	6317.586	0.4165039	NaN	NaN	NaN	
6347123854000	6338364570256	None	Fixation	(45.63, 165.14)	(350.40, 163.24)	6317.586	0.4331055	NaN	NaN	NaN	
6347123854000	6338364569983	None	Fixation	(45.63, 165.14)	(350.40, 163.24)	6317.586	0.4331055	NaN	NaN	NaN	
6347157188000	6338397903518	None	Fixation	(44.98, 165.06)	(350.36, 163.36)	6317.586	0.4663086	NaN	NaN	NaN	
6347157188000	6338397903284	None	Fixation	(44.98, 165.06)	(350.36, 163.36)	6317.586	0.4663086	NaN	NaN	NaN	
6347190521000	6338431236071	None	Fixation	(44.59, 164.88)	(350.43, 163.46)	6317.586	0.5	NaN	NaN	NaN	
6347207186000	6338447901037	None	Fixation	(44.84, 165.21)	(350.27, 163.21)	6317.586	0.5166016	NaN	NaN	NaN	
6347223853000	6338464567697	None	Fixation	(44.66, 165.04)	(350.47, 163.36)	6317.586	0.5332031	NaN	NaN	NaN	
6347240518000	6338481232748	None	Fixation	(44.84, 165.19)	(350.73, 163.50)	6317.586	0.5498047	NaN	NaN	NaN	
6347257185000	6338497899280	None	Fixation	(44.63, 165.27)	(350.62, 163.32)	6317.586	0.5664063	NaN	NaN	NaN	
6347273851000	6338514565564	None	Fixation	(44.22, 165.06)	(350.61, 163.52)	6317.586	0.5830078	NaN	NaN	NaN	
6347290518000	6338531231906	None	Fixation	(44.39, 165.09)	(350.68, 163.50)	6317.586	0.5996094	NaN	NaN	NaN	
6347307184000	6338547897764	None	Fixation	(44.48, 165.10)	(350.56, 163.32)	6317.586	0.6166992	NaN	NaN	NaN	
6347323851000	6338564564473	None	Fixation	(44.58, 165.02)	(350.34, 163.38)	6317.586	0.6333008	NaN	NaN	NaN	
6347340517000	6338581230593	None	Fixation	(44.90, 165.04)	(350.20, 163.38)	6317.586	0.6499023	NaN	NaN	NaN	
6347357184000	6338597897120	None	Fixation	(44.71, 164.92)	(350.31, 163.46)	6317.586	0.6665039	NaN	NaN	NaN	
6347373850000	6338614562922	None	Fixation	(45.00, 165.15)	(350.26, 163.36)	6317.586	0.6831055	NaN	NaN	NaN	
6347390517000	6338631229719	None	Fixation	(45.74, 165.17)	(350.23, 163.57)	6317.586	0.699707	NaN	NaN	NaN	
6347407183000	6338647895523	None	Fixation	(44.71, 165.13)	(350.16, 163.39)	6317.586	0.7163086	NaN	NaN	NaN	
6347423850000	6338664562371	None	Fixation	(44.69, 165.66)	(349.84, 163.38)	6317.586	0.7333984	NaN	NaN	NaN	
6347440516000	6338681228144	None	Fixation	(45.00, 165.27)	(350.17, 163.67)	6317.586	0.75	NaN	NaN	NaN	
6347457183000	6338697894926	None	Fixation	(44.67, 165.36)	(349.87, 163.48)	6317.586	0.7666016	NaN	NaN	NaN	
6347473849000	6338714560726	None	Fixation	(44.89, 165.32)	(349.94, 163.51)	6317.586	0.7832031	NaN	NaN	NaN	
6347490516000	6338731227591	None	Fixation	(45.03, 165.34)	(349.88, 163.55)	6317.586	0.7998047	NaN	NaN	NaN	
6347507182000	6338747893675	None	Fixation	(44.84, 165.32)	(349.95, 163.53)	6317.586	0.8164063	NaN	NaN	NaN	
6347523849000	6338764560446	None	Fixation	(45.15, 165.48)	(349.84, 163.50)	6317.586	0.8330078	NaN	NaN	NaN	
6347540515000	6338781226288	None	Fixation	(45.01, 165.53)	(349.80, 163.42)	6317.586	0.8496094	NaN	NaN	NaN	
6347557182000	6338797892724	None	Fixation	(44.75, 165.43)	(349.74, 163.46)	6317.586	0.8666992	NaN	NaN	NaN	
6347573848000	6338814558523	None	Fixation	(45.16, 165.53)	(349.83, 163.34)	6317.586	0.8833008	NaN	NaN	NaN	
6347590515000	6338831225350	None	Fixation	(44.90, 165.30)	(349.79, 163.57)	6317.586	0.8999023	NaN	NaN	NaN	
6347607181000	6338847891211	None	Fixation	(44.95, 165.35)	(349.91, 163.51)	6317.586	0.9165039	NaN	NaN	NaN	
6347623848000	6338864558004	None	Fixation	(44.89, 165.12)	(349.98, 163.57)	6317.586	0.9331055	NaN	NaN	NaN	
6347640516000	6338881226382	None	Fixation	(44.94, 165.16)	(349.78, 163.38)	6317.586	0.949707	NaN	NaN	NaN	
6347657183000	6338897892555	None	Fixation	(45.41, 165.26)	(349.99, 163.35)	6317.586	0.9663086	NaN	NaN	NaN	
6347673846000	6338914555328	None	Fixation	(45.06, 165.07)	(349.94, 163.50)	6317.586	0.9833984	NaN	NaN	NaN	
6347690513000	6338931222118	None	Fixation	(45.01, 165.23)	(349.73, 163.58)	6317.586	1	NaN	NaN	NaN	
6347707179000	6338947887918	None	Fixation	(45.02, 165.20)	(349.75, 163.42)	6317.586	1.016602	NaN	NaN	NaN	
6347723846000	6338964554772	None	Fixation	(45.03, 165.39)	(349.75, 163.39)	6317.586	1.033203	NaN	NaN	NaN	
6347740512000	6338981220922	None	Fixation	(45.32, 165.35)	(349.66, 163.30)	6317.586	1.049805	NaN	NaN	NaN	
6347757179000	6338997887718	None	Fixation	(44.92, 165.17)	(349.46, 163.14)	6317.586	1.066406	NaN	NaN	NaN	
6347773845000	6339014553547	None	Fixation	(44.91, 165.47)	(349.58, 163.11)	6317.586	1.083008	NaN	NaN	NaN	
6347790511000	6339031218954	None	Fixation	(45.15, 165.33)	(349.64, 163.03)	6317.586	1.099609	NaN	NaN	NaN	
6347807179000	6339047886752	None	Fixation	(45.10, 165.44)	(349.83, 163.25)	6317.586	1.116699	NaN	NaN	NaN	
6347823845000	6339064552948	None	Fixation	(45.09, 165.25)	(350.05, 163.15)	6317.586	1.133301	NaN	NaN	NaN	
6347840512000	6339081219361	None	Fixation	(45.52, 164.88)	(350.11, 162.99)	6317.586	1.149902	NaN	NaN	NaN	
6347857178000	6339097885168	None	Fixation	(44.26, 164.50)	(351.07, 163.56)	6317.586	1.166504	NaN	NaN	NaN	
6347873847000	6339114554332	None	Fixation	(44.56, 164.19)	(351.32, 163.46)	6317.586	1.183105	NaN	NaN	NaN	
6347890513000	6339131219812	None	Fixation	(44.72, 164.10)	(352.15, 163.90)	6317.586	1.199707	NaN	NaN	NaN	
6347907178000	6339147884657	None	Fixation	(44.39, 163.69)	(352.58, 164.24)	6317.586	1.216309	NaN	NaN	NaN	
6347923844000	6339164550418	None	Saccade	(46.08, 160.77)	(357.02, 168.15)	6318.803	0.01708984	41.4875	2.425644	170.8319	
6347940511000	6339181217241	None	Pursuit	(44.76, 160.53)	(357.05, 167.98)	6318.803	0.03369141	16.55721	1.305437	173.7661	
6347957177000	6339197883002	None	Pursuit	(45.22, 160.29)	(357.53, 168.73)	6318.803	0.05029297	6.326428	1.433432	180.7902	
6347973844000	6339214549836	None	Pursuit	(44.54, 160.15)	(358.53, 168.74)	6318.803	0.06689453	8.519214	1.450954	169.5115	
6347990510000	6339231215594	None	Unknown	(44.46, 159.47)	(359.02, 168.73)	NaN	NaN	NaN	NaN	NaN	
6348007177000	6339247882379	None	Fixation	(44.26, 158.90)	(359.60, 169.54)	6318.886	0.01660156	NaN	NaN	NaN	
6348023843000	6339264548191	None	Fixation	(44.37, 158.76)	(360.00, 169.68)	6318.886	0.03320313	NaN	NaN	NaN	
6348040510000	6339281215066	None	Fixation	(44.00, 158.35)	(360.68, 170.00)	6318.886	0.04980469	NaN	NaN	NaN	
6348057176000	6339297880801	None	Fixation	(44.15, 157.98)	(360.83, 170.36)	6318.886	0.06689453	NaN	NaN	NaN	
6348073845000	6339314549914	None	Fixation	(44.01, 157.79)	(361.75, 170.67)	6318.886	0.08349609	NaN	NaN	NaN	
6348090511000	6339331215476	None	Fixation	(44.72, 157.46)	(361.95, 170.83)	6318.886	0.1000977	NaN	NaN	NaN	
6348107176000	6339347880184	None	Fixation	(43.81, 157.08)	(362.53, 171.32)	6318.886	0.1166992	NaN	NaN	NaN	
6348123842000	6339364546033	None	Fixation	(43.92, 156.88)	(363.55, 171.75)	6318.886	0.1333008	NaN	NaN	NaN	
6348140509000	6339381212810	None	Fixation	(44.02, 156.47)	(363.74, 172.14)	6318.886	0.1499023	NaN	NaN	NaN	
6348157175000	6339397878673	None	Fixation	(44.18, 156.21)	(364.27, 172.33)	6318.886	0.1665039	NaN	NaN	NaN	
6348173842000	6339414545494	None	Fixation	(44.12, 155.79)	(364.55, 172.69)	6318.886	0.1835938	NaN	NaN	NaN	
6348190508000	6339431211238	None	Fixation	(44.29, 155.34)	(364.85, 172.85)	6318.886	0.2001953	NaN	NaN	NaN	
6348207175000	6339447878099	None	Fixation	(44.12, 155.13)	(365.14, 173.27)	6318.886	0.2167969	NaN	NaN	NaN	
6348223841000	6339464543844	None	Fixation	(44.44, 154.86)	(365.38, 173.41)	6318.886	0.2333984	NaN	NaN	NaN	
6348240508000	6339481210946	None	Fixation	(44.81, 154.47)	(365.84, 173.75)	6318.886	0.25	NaN	NaN	NaN	
6348257174000	6339497876764	None	Fixation	(44.35, 154.65)	(365.84, 173.93)	6318.886	0.2666016	NaN	NaN	NaN	
6348273841000	6339514543583	None	Fixation	(44.47, 154.49)	(365.99, 173.90)	6318.886	0.2832031	NaN	NaN	NaN	
6348290507000	6339531209322	None	Fixation	(44.41, 154.33)	(366.04, 173.96)	6318.886	0.2998047	NaN	NaN	NaN	
6348307176000	6339547877922	None	Fixation	(44.60, 153.90)	(366.24, 174.10)	6318.886	0.3168945	NaN	NaN	NaN	
6348323842000	6339564543691	None	Fixation	(44.30, 153.88)	(366.25, 174.03)	6318.886	0.3334961	NaN	NaN	NaN	
6348340507000	6339581208829	None	Fixation	(45.11, 153.69)	(366.36, 174.27)	6318.886	0.3500977	NaN	NaN	NaN	
6348357173000	6339597874830	None	Fixation	(44.72, 153.68)	(366.41, 174.62)	6318.886	0.3666992	NaN	NaN	NaN	
6348373840000	6339614541448	None	Fixation	(45.38, 153.63)	(366.69, 174.83)	6318.886	0.3833008	NaN	NaN	NaN	
6348390507000	6339631207853	None	Fixation	(44.29, 155.20)	(364.32, 172.77)	6318.886	0.3999023	NaN	NaN	NaN	
6348407173000	6339647873758	None	Saccade	(44.10, 159.87)	(358.02, 168.94)	6319.286	0.01660156	57.44004	3.024412	331.7755	
6348423840000	6339664540540	None	Unknown	(44.60, 162.63)	(355.32, 167.15)	NaN	NaN	NaN	NaN	NaN	
6348440506000	6339681206329	None	Pursuit	(45.11, 162.35)	(355.68, 166.79)	6319.32	0.01660156	7.201978	0.2400659	228.4902	
6348457172000	6339697872397	None	Pursuit	(44.06, 161.46)	(355.14, 166.51)	6319.32	0.03320313	16.91132	0.5256265	142.1581	
6348473839000	6339714539214	None	Pursuit	(44.34, 161.69)	(355.32, 166.61)	6319.32	0.04980469	2.531104	0.2222883	13.81851	
6348490505000	6339731204876	None	Fixation	(44.46, 161.72)	(355.32, 165.94)	6319.37	0.01660156	NaN	NaN	NaN	
6348490505000	6339731205116	None	Fixation	(44.46, 161.72)	(355.32, 165.94)	6319.37	0.01660156	NaN	NaN	NaN	
6348523838000	6339764537810	None	Fixation	(44.08, 161.48)	(354.67, 165.88)	6319.37	0.04980469	NaN	NaN	NaN	
6348540505000	6339781204191	None	Fixation	(44.44, 162.25)	(354.50, 165.55)	6319.37	0.06640625	NaN	NaN	NaN	
6348557172000	6339797870899	None	Saccade	(43.29, 165.39)	(351.09, 163.16)	6319.436	0.01708984	41.22004	1.710204	162.5686	
6348573838000	6339814536689	None	Pursuit	(44.67, 165.09)	(351.52, 163.86)	6319.436	0.03369141	17.38984	1.169821	342.4226	
6348590505000	6339831203567	None	Pursuit	(44.23, 164.99)	(351.19, 163.58)	6319.436	0.05029297	5.507826	1.128439	351.3515	
6348607171000	6339847869420	None	Pursuit	(44.01, 164.52)	(351.51, 163.72)	6319.436	0.06689453	4.241549	1.439897	314.4516	
6348623838000	6339864536139	None	Fixation	(43.60, 164.42)	(351.98, 163.68)	6319.503	0.01660156	NaN	NaN	NaN	
6348640504000	6339881201988	None	Fixation	(43.92, 164.27)	(352.24, 163.66)	6319.503	0.03320313	NaN	NaN	NaN	
6348657171000	6339897868684	None	Fixation	(43.62, 164.35)	(351.93, 163.54)	6319.503	0.04980469	NaN	NaN	NaN	
6348673837000	6339914534486	None	Fixation	(43.94, 164.02)	(351.79, 163.81)	6319.503	0.06689453	NaN	NaN	NaN	
6348690504000	6339931201370	None	Fixation	(43.91, 163.67)	(352.23, 164.04)	6319.503	0.08349609	NaN	NaN	NaN	
6348707172000	6339947869126	None	Fixation	(44.07, 163.80)	(352.37, 164.09)	6319.503	0.1000977	NaN	NaN	NaN	
6348707172000	6339947868961	None	Fixation	(44.07, 163.80)	(352.37, 164.09)	6319.503	0.1000977	NaN	NaN	NaN	
6348740503000	6339981199723	None	Fixation	(44.16, 165.83)	(349.63, 163.14)	6319.503	0.1333008	NaN	NaN	NaN	
6348757170000	6339997866886	None	Fixation	(44.89, 165.66)	(350.31, 163.62)	6319.503	0.1499023	NaN	NaN	NaN	
6348773836000	6340014532358	None	Fixation	(44.50, 165.20)	(350.17, 163.41)	6319.503	0.1665039	NaN	NaN	NaN	
6348790502000	6340031198087	None	Fixation	(44.38, 165.15)	(350.13, 163.63)	6319.503	0.1831055	NaN	NaN	NaN	
6348807168000	6340047863955	None	Fixation	(44.55, 165.37)	(350.22, 163.43)	6319.503	0.2001953	NaN	NaN	NaN	
6348823835000	6340064531043	None	Fixation	(44.29, 165.13)	(350.58, 163.22)	6319.503	0.2167969	NaN	NaN	NaN	
6348840503000	6340081198637	None	Fixation	(44.39, 165.20)	(350.25, 163.16)	6319.503	0.2333984	NaN	NaN	NaN	
6348857170000	6340097865329	None	Fixation	(44.02, 165.13)	(350.22, 163.25)	6319.503	0.25	NaN	NaN	NaN	
6348873834000	6340114529110	None	Fixation	(44.42, 165.14)	(350.29, 163.19)	6319.503	0.2666016	NaN	NaN	NaN	
6348890501000	6340131195991	None	Fixation	(44.09, 165.26)	(350.71, 163.28)	6319.503	0.2832031	NaN	NaN	NaN	
6348907169000	6340147863775	None	Fixation	(44.83, 165.15)	(350.75, 163.47)	6319.503	0.2998047	NaN	NaN	NaN	
6348923836000	6340164530542	None	Fixation	(43.95, 165.00)	(350.34, 163.25)	6319.503	0.3168945	NaN	NaN	NaN	
6348940500000	6340181194323	None	Fixation	(44.32, 164.86)	(350.54, 163.21)	6319.503	0.3334961	NaN	NaN	NaN	
6348957167000	6340197861129	None	Fixation	(45.04, 165.05)	(350.73, 163.17)	6319.503	0.3500977	NaN	NaN	NaN	
6348973833000	6340214526998	None	Fixation	(44.10, 164.96)	(350.55, 163.10)	6319.503	0.3666992	NaN	NaN	NaN	
6348990500000	6340231193782	None	Fixation	(45.09, 165.28)	(350.49, 163.01)	6319.503	0.3833008	NaN	NaN	NaN	
6349007166000	6340247859588	None	Fixation	(44.07, 165.22)	(350.32, 163.17)	6319.503	0.3999023	NaN	NaN	NaN	
6349023833000	6340264526303	None	Fixation	(44.76, 165.21)	(349.99, 162.88)	6319.503	0.4165039	NaN	NaN	NaN	
6349040499000	6340281192132	None	Fixation	(44.51, 165.79)	(349.51, 162.67)	6319.503	0.4331055	NaN	NaN	NaN	
6349057166000	6340297858961	None	Fixation	(45.29, 165.85)	(349.78, 162.89)	6319.503	0.4501953	NaN	NaN	NaN	
6349073832000	6340314524767	None	Fixation	(44.98, 165.70)	(349.48, 162.90)	6319.503	0.4667969	NaN	NaN	NaN	
6349090499000	6340331191584	None	Fixation	(44.59, 165.51)	(349.47, 163.00)	6319.503	0.4833984	NaN	NaN	NaN	
6349107167000	6340347859332	None	Fixation	(45.01, 165.65)	(349.59, 162.94)	6319.503	0.5	NaN	NaN	NaN	
6349123834000	6340364526677	None	Fixation	(44.81, 165.42)	(349.45, 162.91)	6319.503	0.5166016	NaN	NaN	NaN	
6349140498000	6340381190485	None	Fixation	(45.06, 165.84)	(349.32, 162.98)	6319.503	0.5332031	NaN	NaN	NaN	
6349157165000	6340397856851	None	Fixation	(44.93, 165.71)	(349.41, 163.06)	6319.503	0.5498047	NaN	NaN	NaN	
6349173832000	6340414523585	None	Fixation	(45.44, 165.94)	(349.29, 162.94)	6319.503	0.5668945	NaN	NaN	NaN	
6349190498000	6340431189371	None	Fixation	(44.59, 165.90)	(349.22, 162.69)	6319.503	0.5834961	NaN	NaN	NaN	
6349207165000	6340447856224	None	Fixation	(45.00, 165.96)	(349.23, 162.82)	6319.503	0.6000977	NaN	NaN	NaN	
6349223831000	6340464521987	None	Fixation	(45.54, 166.00)	(349.37, 162.85)	6319.503	0.6166992	NaN	NaN	NaN	
6349240497000	6340481187803	None	Fixation	(45.52, 165.87)	(349.32, 162.93)	6319.503	0.6333008	NaN	NaN	NaN	
6349257164000	6340497854662	None	Fixation	(45.55, 165.88)	(349.43, 162.93)	6319.503	0.6499023	NaN	NaN	NaN	
6349273832000	6340514522433	None	Fixation	(45.02, 165.73)	(349.38, 162.98)	6319.503	0.6665039	NaN	NaN	NaN	
6349290498000	6340531188571	None	Fixation	(45.11, 165.51)	(349.43, 163.05)	6319.503	0.6831055	NaN	NaN	NaN	
6349307163000	6340547853046	None	Fixation	(45.25, 165.50)	(349.56, 163.18)	6319.503	0.7001953	NaN	NaN	NaN	
6349323830000	6340564520106	None	Fixation	(46.61, 165.64)	(349.31, 163.25)	6319.503	0.7167969	NaN	NaN	NaN	
6349340498000	6340581187638	None	Fixation	(45.26, 165.41)	(349.19, 163.18)	6319.503	0.7333984	NaN	NaN	NaN	
6349357165000	6340597854389	None	Fixation	(46.01, 165.30)	(349.44, 163.42)	6319.503	0.75	NaN	NaN	NaN	
6349373830000	6340614519222	None	Fixation	(45.94, 165.27)	(349.45, 163.34)	6319.503	0.7666016	NaN	NaN	NaN	
6349390496000	6340631184948	None	Fixation	(44.82, 165.51)	(349.15, 162.97)	6319.503	0.7832031	NaN	NaN	NaN	
6349407164000	6340647852796	None	Fixation	(46.06, 165.65)	(349.54, 163.00)	6319.503	0.7998047	NaN	NaN	NaN	
6349423831000	6340664519669	None	Fixation	(44.90, 165.37)	(349.65, 163.16)	6319.503	0.8168945	NaN	NaN	NaN	
6349440496000	6340681184454	None	Fixation	(45.14, 165.36)	(349.59, 162.89)	6319.503	0.8334961	NaN	NaN	NaN	
6349457162000	6340697850207	None	Fixation	(44.69, 165.48)	(349.71, 162.87)	6319.503	0.8500977	NaN	NaN	NaN	
6349473829000	6340714517126	None	Fixation	(44.69, 165.46)	(349.63, 162.83)	6319.503	0.8666992	NaN	NaN	NaN	
6349490495000	6340731182824	None	Fixation	(44.50, 165.22)	(349.73, 162.75)	6319.503	0.8833008	NaN	NaN	NaN	
6349507162000	6340747849631	None	Fixation	(44.88, 165.40)	(349.47, 162.70)	6319.503	0.8999023	NaN	NaN	NaN	
6349523828000	6340764515582	None	Fixation	(44.81, 165.35)	(349.56, 162.85)	6319.503	0.9165039	NaN	NaN	NaN	
6349540494000	6340781181286	None	Fixation	(44.83, 165.49)	(349.51, 162.77)	6319.503	0.9331055	NaN	NaN	NaN	
6349557161000	6340797847996	None	Fixation	(44.83, 165.37)	(349.58, 162.74)	6319.503	0.9501953	NaN	NaN	NaN	
6349573828000	6340814514805	None	Fixation	(44.63, 165.34)	(349.54, 162.72)	6319.503	0.9667969	NaN	NaN	NaN	
6349590494000	6340831180626	None	Fixation	(44.93, 165.43)	(349.45, 162.73)	6319.503	0.9833984	NaN	NaN	NaN	
6349607161000	6340847847412	None	Fixation	(44.63, 165.38)	(349.57, 162.67)	6319.503	1	NaN	NaN	NaN	
6349623827000	6340864513225	None	Fixation	(44.55, 165.21)	(349.58, 162.71)	6319.503	1.016602	NaN	NaN	NaN	
6349640494000	6340881180015	None	Fixation	(44.64, 165.23)	(349.54, 162.68)	6319.503	1.033203	NaN	NaN	NaN	
6349657160000	6340897846136	None	Fixation	(44.64, 165.47)	(349.37, 162.77)	6319.503	1.049805	NaN	NaN	NaN	
6349673827000	6340914512622	None	Fixation	(45.04, 165.60)	(349.41, 162.88)	6319.503	1.066895	NaN	NaN	NaN	
6349690493000	6340931178449	None	Fixation	(44.72, 165.38)	(349.25, 162.72)	6319.503	1.083496	NaN	NaN	NaN	
6349707160000	6340947845216	None	Fixation	(44.66, 165.58)	(349.09, 162.85)	6319.503	1.100098	NaN	NaN	NaN	
6349723826000	6340964511030	None	Fixation	(44.66, 165.60)	(349.03, 162.65)	6319.503	1.116699	NaN	NaN	NaN	
6349740493000	6340981177887	None	Fixation	(44.92, 165.82)	(348.93, 162.71)	6319.503	1.133301	NaN	NaN	NaN	
6349757159000	6340997843624	None	Fixation	(45.08, 165.85)	(348.76, 162.55)	6319.503	1.149902	NaN	NaN	NaN	
6349773826000	6341014510549	None	Fixation	(44.93, 165.91)	(348.76, 162.56)	6319.503	1.166504	NaN	NaN	NaN	
6349790492000	6341031176250	None	Fixation	(45.09, 165.89)	(348.74, 162.47)	6319.503	1.183105	NaN	NaN	NaN	
6349807161000	6341047845039	None	Fixation	(44.94, 165.92)	(349.02, 162.36)	6319.503	1.200195	NaN	NaN	NaN	
6349823827000	6341064510882	None	Fixation	(44.52, 165.95)	(348.69, 162.51)	6319.503	1.216797	NaN	NaN	NaN	
6349840492000	6341081175643	None	Fixation	(45.35, 165.96)	(348.92, 162.44)	6319.503	1.233398	NaN	NaN	NaN	
6349857158000	6341097842144	None	Fixation	(44.75, 165.64)	(348.92, 162.51)	6319.503	1.25	NaN	NaN	NaN	
6349873825000	6341114508276	None	Fixation	(44.66, 165.65)	(348.98, 162.72)	6319.503	1.266602	NaN	NaN	NaN	
6349890491000	6341131174062	None	Fixation	(44.64, 165.73)	(349.11, 162.53)	6319.503	1.283203	NaN	NaN	NaN	
6349907158000	6341147840846	None	Fixation	(45.47, 165.09)	(349.69, 163.38)	6319.503	1.299805	NaN	NaN	NaN	
6349923825000	6341164507652	None	Fixation	(45.24, 165.19)	(349.48, 163.10)	6319.503	1.316895	NaN	NaN	NaN	
6349940491000	6341181173528	None	Fixation	(45.03, 165.52)	(349.46, 163.52)	6319.503	1.333496	NaN	NaN	NaN	
6349957158000	6341197840263	None	Fixation	(45.08, 165.25)	(349.50, 163.07)	6319.503	1.350098	NaN	NaN	NaN	
6349973824000	6341214506465	None	Fixation	(45.00, 165.23)	(349.52, 163.18)	6319.503	1.366699	NaN	NaN	NaN	
6349990491000	6341231173242	None	Fixation	(44.96, 165.31)	(349.23, 163.21)	6319.503	1.383301	NaN	NaN	NaN	
6350007157000	6341247839226	None	Fixation	(45.69, 165.44)	(349.23, 162.94)	6319.503	1.399902	NaN	NaN	NaN	
6350023823000	6341264504806	None	Fixation	(44.90, 165.46)	(349.41, 162.94)	6319.503	1.416504	NaN	NaN	NaN	
6350040490000	6341281171583	None	Fixation	(44.75, 165.51)	(349.42, 163.05)	6319.503	1.433105	NaN	NaN	NaN	
6350057157000	6341297838749	None	Fixation	(44.99, 165.42)	(349.50, 162.84)	6319.503	1.450195	NaN	NaN	NaN	
6350073823000	6341314504244	None	Fixation	(44.72, 165.58)	(349.17, 162.82)	6319.503	1.466797	NaN	NaN	NaN	
6350090490000	6341331170690	None	Fixation	(44.55, 165.66)	(349.21, 162.90)	6319.503	1.483398	NaN	NaN	NaN	
6350107158000	6341347838777	None	Fixation	(44.61, 165.78)	(349.42, 162.76)	6319.503	1.5	NaN	NaN	NaN	
6350123825000	6341364505352	None	Fixation	(44.74, 165.69)	(349.57, 162.68)	6319.503	1.516602	NaN	NaN	NaN	
6350140489000	6341381169151	None	Fixation	(44.35, 165.74)	(349.56, 162.62)	6319.503	1.533203	NaN	NaN	NaN	
6350157156000	6341397835904	None	Fixation	(44.17, 165.50)	(349.67, 162.64)	6319.503	1.549805	NaN	NaN	NaN	
6350173822000	6341414501718	None	Fixation	(44.19, 165.48)	(349.84, 162.66)	6319.503	1.566406	NaN	NaN	NaN	
6350190489000	6341431168542	None	Fixation	(44.14, 165.39)	(349.93, 162.67)	6319.503	1.583496	NaN	NaN	NaN	
6350207154000	6341447834320	None	Fixation	(44.56, 165.33)	(350.12, 162.76)	6319.503	1.600098	NaN	NaN	NaN	
6350223821000	6341464500087	None	Fixation	(44.40, 165.33)	(350.19, 162.82)	6319.503	1.616699	NaN	NaN	NaN	
6350240488000	6341481166875	None	Fixation	(44.00, 165.25)	(350.26, 162.79)	6319.503	1.633301	NaN	NaN	NaN	
6350257155000	6341497834174	None	Fixation	(44.02, 165.32)	(350.01, 162.65)	6319.503	1.649902	NaN	NaN	NaN	
6350273823000	6341514501528	None	Fixation	(43.76, 165.56)	(349.87, 162.66)	6319.503	1.666504	NaN	NaN	NaN	
6350290489000	6341531167307	None	Fixation	(44.72, 165.47)	(350.04, 162.48)	6319.503	1.683105	NaN	NaN	NaN	
6350307156000	6341547834083	None	Fixation	(43.95, 165.53)	(349.90, 162.40)	6319.503	1.700195	NaN	NaN	NaN	
6350323823000	6341564500946	None	Fixation	(43.60, 165.51)	(349.88, 162.24)	6319.503	1.716797	NaN	NaN	NaN	
6350340487000	6341581164789	None	Fixation	(43.73, 165.16)	(349.74, 162.17)	6319.503	1.733398	NaN	NaN	NaN	
6350357154000	6341597831490	None	Fixation	(44.59, 165.66)	(349.31, 162.45)	6319.503	1.75	NaN	NaN	NaN	
6350373820000	6341614497300	None	Fixation	(44.57, 165.44)	(349.51, 162.49)	6319.503	1.766602	NaN	NaN	NaN	
6350390487000	6341631164183	None	Fixation	(44.58, 165.49)	(349.50, 162.45)	6319.503	1.783203	NaN	NaN	NaN	
6350407153000	6341647829910	None	Fixation	(44.72, 165.83)	(349.50, 162.51)	6319.503	1.799805	NaN	NaN	NaN	
6350423820000	6341664496702	None	Fixation	(44.57, 165.14)	(349.50, 162.45)	6319.503	1.816406	NaN	NaN	NaN	
6350440486000	6341681162598	None	Fixation	(44.57, 165.39)	(349.29, 162.50)	6319.503	1.833496	NaN	NaN	NaN	
6350457153000	6341697829338	None	Fixation	(44.67, 165.35)	(349.35, 162.51)	6319.503	1.850098	NaN	NaN	NaN	
6350473819000	6341714495130	None	Fixation	(47.27, 165.62)	(349.27, 162.54)	6319.503	1.866699	NaN	NaN	NaN	
6350490486000	6341731161935	None	Saccade	(47.46, 165.75)	(349.15, 162.70)	6321.37	0.01660156	2.812683	0.09375609	289.804	
6350507152000	6341747827698	None	Fixation	(45.16, 165.39)	(349.07, 162.45)	6319.52	1.883301	NaN	NaN	NaN	
6350523819000	6341764494610	None	Fixation	(44.86, 165.42)	(349.36, 162.69)	6321.403	0.01660156	NaN	NaN	NaN	
6350540485000	6341781160801	None	Fixation	(45.26, 165.53)	(349.20, 162.76)	6321.403	0.03320313	NaN	NaN	NaN	
6350557152000	6341797827195	None	Fixation	(45.25, 165.35)	(349.13, 162.59)	6321.403	0.05029297	NaN	NaN	NaN	
6350573820000	6341814495013	None	Fixation	(45.50, 165.35)	(349.19, 162.81)	6321.403	0.06689453	NaN	NaN	NaN	
6350590487000	6341831161824	None	Fixation	(45.35, 165.30)	(349.02, 162.62)	6321.403	0.08349609	NaN	NaN	NaN	
6350607153000	6341847827950	None	Fixation	(45.24, 165.47)	(349.03, 162.80)	6321.403	0.1000977	NaN	NaN	NaN	
6350623820000	6341864494439	None	Fixation	(45.99, 165.62)	(349.09, 162.80)	6321.403	0.1166992	NaN	NaN	NaN	
6350640485000	6341881159136	None	Fixation	(45.19, 165.56)	(348.68, 162.70)	6321.403	0.1333008	NaN	NaN	NaN	
6350657151000	6341897825423	None	Fixation	(45.27, 166.03)	(348.59, 162.63)	6321.403	0.1499023	NaN	NaN	NaN	
6350673818000	6341914491770	None	Fixation	(45.12, 165.57)	(348.41, 162.51)	6321.403	0.1665039	NaN	NaN	NaN	
6350690484000	6341931157562	None	Fixation	(45.22, 165.54)	(348.50, 162.67)	6321.403	0.1835938	NaN	NaN	NaN	
6350707151000	6341947824328	None	Fixation	(45.85, 165.93)	(348.56, 162.69)	6321.403	0.2001953	NaN	NaN	NaN	
6350723817000	6341964490597	None	Fixation	(45.52, 166.04)	(348.53, 162.58)	6321.403	0.2167969	NaN	NaN	NaN	
6350740483000	6341981155939	None	Fixation	(44.93, 166.02)	(348.85, 162.51)	6321.403	0.2333984	NaN	NaN	NaN	
6350757150000	6341997822738	None	Fixation	(45.13, 165.94)	(348.79, 162.41)	6321.403	0.25	NaN	NaN	NaN	
6350773816000	6342014488567	None	Fixation	(46.95, 165.74)	(349.00, 162.41)	6321.403	0.2666016	NaN	NaN	NaN	
6350790483000	6342031155428	None	Fixation	(44.67, 165.59)	(349.08, 162.62)	6321.403	0.2832031	NaN	NaN	NaN	
6350807150000	6342047822157	None	Fixation	(44.97, 165.57)	(349.06, 162.63)	6321.403	0.300293	NaN	NaN	NaN	
6350823816000	6342064487939	None	Fixation	(44.98, 165.53)	(349.05, 162.59)	6321.403	0.3168945	NaN	NaN	NaN	
6350840484000	6342081155851	None	Fixation	(44.88, 165.39)	(348.94, 162.57)	6321.403	0.3334961	NaN	NaN	NaN	
6350857151000	6342097822644	None	Fixation	(44.91, 165.55)	(349.03, 162.56)	6321.403	0.3500977	NaN	NaN	NaN	
6350873816000	6342114487467	None	Fixation	(44.72, 165.50)	(349.07, 162.51)	6321.403	0.3666992	NaN	NaN	NaN	
6350890482000	6342131153183	None	Fixation	(44.21, 166.38)	(348.69, 162.20)	6321.403	0.3833008	NaN	NaN	NaN	
6350907149000	6342147820322	None	Fixation	(44.11, 166.31)	(348.67, 162.08)	6321.403	0.3999023	NaN	NaN	NaN	
6350923815000	6342164485794	None	Fixation	(43.99, 166.25)	(349.24, 162.22)	6321.403	0.4165039	NaN	NaN	NaN	
6350940483000	6342181153622	None	Fixation	(43.87, 166.08)	(349.29, 162.34)	6321.403	0.4335938	NaN	NaN	NaN	
6350957150000	6342197820408	None	Fixation	(44.74, 165.72)	(349.68, 162.39)	6321.403	0.4501953	NaN	NaN	NaN	
6350973815000	6342214485690	None	Fixation	(43.89, 165.56)	(350.00, 162.37)	6321.403	0.4667969	NaN	NaN	NaN	
6350990481000	6342231151426	None	Fixation	(44.54, 165.43)	(350.66, 162.66)	6321.403	0.4833984	NaN	NaN	NaN	
6351007148000	6342247817777	None	Saccade	(44.80, 162.70)	(354.14, 165.56)	6321.886	0.01660156	55.77467	1.859156	142.835	
6351023814000	6342264483553	None	Saccade	(43.98, 162.53)	(354.54, 165.24)	6321.903	0.01660156	10.3762	0.3458733	88.28532	
6351040483000	6342281152386	None	Pursuit	(43.76, 162.22)	(355.33, 166.21)	6321.903	0.03320313	4.680241	0.4701921	101.707	
6351057149000	6342297818226	None	Pursuit	(43.46, 162.19)	(356.30, 165.90)	6321.903	0.05029297	3.744836	0.5886133	97.40661	
6351073814000	6342314483029	None	Unknown	(43.07, 161.74)	(356.88, 165.93)	NaN	NaN	NaN	NaN	NaN	
6351090480000	6342331148843	None	Fixation	(42.52, 161.09)	(357.24, 166.15)	6321.97	0.01660156	NaN	NaN	NaN	
6351107147000	6342347815612	None	Fixation	(42.14, 161.08)	(357.81, 166.52)	6321.97	0.03320313	NaN	NaN	NaN	
6351123813000	6342364481793	None	Fixation	(42.30, 160.68)	(358.40, 166.54)	6321.97	0.04980469	NaN	NaN	NaN	
6351140482000	6342381150487	None	Fixation	(42.21, 160.50)	(358.68, 166.60)	6321.97	0.06640625	NaN	NaN	NaN	
6351157148000	6342397816351	None	Fixation	(41.78, 160.31)	(359.30, 167.01)	6321.97	0.08300781	NaN	NaN	NaN	
6351173813000	6342414481122	None	Fixation	(42.09, 159.85)	(360.04, 167.37)	6321.97	0.09960938	NaN	NaN	NaN	
6351190479000	6342431146983	None	Fixation	(41.82, 159.54)	(360.29, 167.35)	6321.97	0.1166992	NaN	NaN	NaN	
6351207146000	6342447813753	None	Fixation	(41.32, 159.25)	(360.68, 167.42)	6321.97	0.1333008	NaN	NaN	NaN	
6351223812000	6342464479590	None	Fixation	(41.77, 159.06)	(361.18, 167.72)	6321.97	0.1499023	NaN	NaN	NaN	
6351240479000	6342481146341	None	Fixation	(41.93, 158.77)	(361.61, 168.04)	6321.97	0.1665039	NaN	NaN	NaN	
6351257146000	6342497813214	None	Fixation	(42.10, 158.37)	(361.91, 168.08)	6321.97	0.1831055	NaN	NaN	NaN	
6351273812000	6342514479019	None	Fixation	(41.46, 158.29)	(362.03, 168.17)	6321.97	0.199707	NaN	NaN	NaN	
6351290478000	6342531144815	None	Fixation	(41.16, 158.09)	(362.78, 168.60)	6321.97	0.2163086	NaN	NaN	NaN	
6351307145000	6342547811485	None	Fixation	(41.17, 157.82)	(362.79, 168.68)	6321.97	0.2333984	NaN	NaN	NaN	
6351323811000	6342564477041	None	Fixation	(41.63, 157.71)	(362.88, 168.78)	6321.97	0.25	NaN	NaN	NaN	
6351340480000	6342581145867	None	Fixation	(41.80, 157.62)	(363.16, 168.95)	6321.97	0.2666016	NaN	NaN	NaN	
6351357146000	6342597811696	None	Fixation	(42.05, 157.53)	(363.56, 169.25)	6321.97	0.2832031	NaN	NaN	NaN	
6351373811000	6342614476412	None	Fixation	(41.55, 157.19)	(363.24, 169.27)	6321.97	0.2998047	NaN	NaN	NaN	
6351390477000	6342631142245	None	Fixation	(41.41, 157.22)	(363.58, 169.34)	6321.97	0.3164063	NaN	NaN	NaN	
6351407144000	6342647809289	None	Fixation	(41.88, 157.07)	(364.11, 169.57)	6321.97	0.3330078	NaN	NaN	NaN	
6351423811000	6342664476198	None	Fixation	(41.53, 156.88)	(364.04, 169.64)	6321.97	0.3496094	NaN	NaN	NaN	
6351440477000	6342681142073	None	Fixation	(41.49, 156.96)	(364.04, 169.77)	6321.97	0.3666992	NaN	NaN	NaN	
6351457144000	6342697808830	None	Fixation	(41.62, 156.75)	(364.28, 170.03)	6321.97	0.3833008	NaN	NaN	NaN	
6351473810000	6342714474304	None	Fixation	(41.93, 156.79)	(364.14, 169.77)	6321.97	0.3999023	NaN	NaN	NaN	
6351490477000	6342731141506	None	Fixation	(41.88, 156.90)	(364.10, 169.92)	6321.97	0.4165039	NaN	NaN	NaN	
6351507143000	6342747807988	None	Fixation	(42.79, 157.74)	(362.58, 169.18)	6321.97	0.4331055	NaN	NaN	NaN	
6351523810000	6342764473657	None	Saccade	(42.85, 160.80)	(358.06, 167.01)	6322.403	0.01660156	37.62709	2.057796	327.249	
6351540476000	6342781139834	None	Pursuit	(42.88, 163.16)	(355.54, 165.26)	6322.403	0.03320313	29.00313	2.221004	346.0491	
6351557143000	6342797806733	None	Pursuit	(42.95, 162.99)	(355.72, 164.90)	6322.403	0.05029297	2.21991	2.152335	345.3266	
6351573809000	6342814472049	None	Pursuit	(42.55, 162.64)	(355.53, 164.98)	6322.403	0.06689453	6.482988	2.00961	349.7979	
6351590476000	6342831138862	None	Unknown	(42.75, 162.23)	(355.52, 164.98)	NaN	NaN	NaN	NaN	NaN	
6351607144000	6342847806653	None	Fixation	(42.83, 162.35)	(356.23, 164.90)	6322.486	0.01660156	NaN	NaN	NaN	
6351623810000	6342864472487	None	Fixation	(44.42, 162.48)	(356.12, 164.91)	6322.486	0.03320313	NaN	NaN	NaN	
6351640475000	6342881137319	None	Fixation	(42.38, 162.63)	(355.67, 164.92)	6322.486	0.04980469	NaN	NaN	NaN	
6351657142000	6342897804436	None	Saccade	(43.10, 165.77)	(351.23, 162.97)	6322.536	0.01660156	39.56004	1.987028	320.4802	
6351673808000	6342914469947	None	Pursuit	(43.62, 165.39)	(351.47, 163.48)	6322.536	0.03320313	7.879503	1.239968	322.9704	
6351690475000	6342931137001	None	Pursuit	(43.93, 165.57)	(351.21, 163.39)	6322.536	0.05029297	4.412834	1.361695	319.3286	
6351707140000	6342947801776	None	Pursuit	(43.89, 164.97)	(351.36, 163.39)	6322.569	0.03369141	1.760501	0.05693141	318.9856	
6351723807000	6342964468261	None	Fixation	(42.19, 165.44)	(351.72, 163.33)	6322.603	0.01660156	NaN	NaN	NaN	
6351740473000	6342981134411	None	Fixation	(43.22, 164.71)	(352.23, 163.34)	6322.603	0.03320313	NaN	NaN	NaN	
6351757140000	6342997801016	None	Fixation	(42.99, 164.40)	(352.14, 163.48)	6322.603	0.04980469	NaN	NaN	NaN	
6351773807000	6343014467704	None	Fixation	(43.30, 164.61)	(352.11, 163.68)	6322.603	0.06640625	NaN	NaN	NaN	
6351790474000	6343031134489	None	Fixation	(42.98, 164.62)	(352.55, 163.76)	6322.603	0.08300781	NaN	NaN	NaN	
6351807142000	6343047802251	None	Fixation	(43.55, 164.37)	(352.71, 163.78)	6322.603	0.1000977	NaN	NaN	NaN	
6351823809000	6343064469075	None	Fixation	(42.99, 163.92)	(353.25, 164.24)	6322.603	0.1166992	NaN	NaN	NaN	
6351840474000	6343081133886	None	Fixation	(43.06, 165.02)	(351.69, 163.57)	6322.603	0.1333008	NaN	NaN	NaN	
6351857141000	6343097800718	None	Fixation	(44.21, 165.43)	(350.42, 163.64)	6322.603	0.1499023	NaN	NaN	NaN	
6351873805000	6343114464493	None	Fixation	(44.20, 165.48)	(351.00, 163.41)	6322.603	0.1665039	NaN	NaN	NaN	
6351890472000	6343131131615	None	Fixation	(45.09, 165.52)	(350.45, 163.30)	6322.603	0.1831055	NaN	NaN	NaN	
6351907138000	6343147797417	None	Fixation	(43.95, 165.31)	(350.71, 163.51)	6322.603	0.199707	NaN	NaN	NaN	
6351923805000	6343164463875	None	Fixation	(43.99, 165.46)	(350.40, 162.99)	6322.603	0.2163086	NaN	NaN	NaN	
6351940470000	6343181129218	None	Fixation	(44.27, 165.08)	(350.69, 162.87)	6322.603	0.2333984	NaN	NaN	NaN	
6351957137000	6343197796010	None	Fixation	(44.28, 165.04)	(350.23, 162.91)	6322.603	0.25	NaN	NaN	NaN	
6351973803000	6343214461303	None	Fixation	(44.26, 165.08)	(350.58, 163.11)	6322.603	0.2666016	NaN	NaN	NaN	
6351990470000	6343231128397	None	Fixation	(43.92, 165.03)	(350.43, 162.95)	6322.603	0.2832031	NaN	NaN	NaN	
6352007136000	6343247794061	None	Fixation	(44.20, 164.93)	(350.78, 163.18)	6322.603	0.2998047	NaN	NaN	NaN	
6352023803000	6343264460716	None	Fixation	(44.19, 164.92)	(350.38, 163.03)	6322.603	0.3164063	NaN	NaN	NaN	
6352040469000	6343281126503	None	Fixation	(44.24, 165.06)	(350.32, 162.86)	6322.603	0.3330078	NaN	NaN	NaN	
6352057136000	6343297793985	None	Fixation	(44.83, 165.50)	(349.34, 162.88)	6322.603	0.3500977	NaN	NaN	NaN	
6352073802000	6343314459112	None	Fixation	(44.99, 165.55)	(349.50, 162.83)	6322.603	0.3666992	NaN	NaN	NaN	
6352090469000	6343331125933	None	Fixation	(44.78, 165.48)	(349.36, 162.66)	6322.603	0.3833008	NaN	NaN	NaN	
6352107135000	6343347791720	None	Fixation	(44.90, 165.38)	(349.31, 162.89)	6322.603	0.3999023	NaN	NaN	NaN	
6352123802000	6343364458517	None	Fixation	(45.12, 165.38)	(349.29, 162.96)	6322.603	0.4165039	NaN	NaN	NaN	
6352140470000	6343381126314	None	Fixation	(45.32, 165.37)	(349.32, 162.86)	6322.603	0.4331055	NaN	NaN	NaN	
6352157137000	6343397793153	None	Fixation	(46.02, 165.33)	(349.08, 162.95)	6322.603	0.449707	NaN	NaN	NaN	
6352173801000	6343414456923	None	Fixation	(45.41, 165.18)	(349.23, 163.09)	6322.603	0.4663086	NaN	NaN	NaN	
6352190468000	6343431123739	None	Fixation	(45.52, 165.36)	(348.99, 162.95)	6322.603	0.4833984	NaN	NaN	NaN	
6352207135000	6343447790578	None	Fixation	(46.19, 165.33)	(349.06, 163.01)	6322.603	0.5	NaN	NaN	NaN	
6352223801000	6343464456344	None	Fixation	(45.46, 165.13)	(349.40, 163.13)	6322.603	0.5166016	NaN	NaN	NaN	
6352240468000	6343481123150	None	Fixation	(45.47, 165.01)	(349.31, 163.12)	6322.603	0.5332031	NaN	NaN	NaN	
6352257134000	6343497788946	None	Fixation	(45.22, 165.14)	(349.33, 163.33)	6322.603	0.5498047	NaN	NaN	NaN	
6352273800000	6343514454760	None	Fixation	(45.45, 165.03)	(349.15, 163.28)	6322.603	0.5664063	NaN	NaN	NaN	
6352290467000	6343531121929	None	Fixation	(45.54, 165.11)	(349.25, 163.13)	6322.603	0.5830078	NaN	NaN	NaN	
6352307134000	6343547788330	None	Fixation	(45.48, 165.25)	(349.01, 163.05)	6322.603	0.6000977	NaN	NaN	NaN	
6352323800000	6343564454172	None	Fixation	(45.59, 165.38)	(349.15, 162.96)	6322.603	0.6166992	NaN	NaN	NaN	
6352340467000	6343581120951	None	Fixation	(46.73, 165.57)	(349.13, 162.99)	6322.603	0.6333008	NaN	NaN	NaN	
6352357133000	6343597786739	None	Fixation	(45.21, 165.17)	(348.99, 162.85)	6322.603	0.6499023	NaN	NaN	NaN	
6352373799000	6343614452551	None	Fixation	(45.20, 165.31)	(349.04, 162.76)	6322.603	0.6665039	NaN	NaN	NaN	
6352390466000	6343631119386	None	Fixation	(45.20, 165.32)	(349.15, 162.83)	6322.603	0.6831055	NaN	NaN	NaN	
6352407133000	6343647786192	None	Fixation	(44.86, 165.29)	(349.26, 162.73)	6322.603	0.699707	NaN	NaN	NaN	
6352423799000	6343664451948	None	Fixation	(44.79, 164.95)	(349.47, 162.80)	6322.603	0.7163086	NaN	NaN	NaN	
6352440466000	6343681118809	None	Fixation	(44.63, 165.38)	(349.28, 162.74)	6322.603	0.7333984	NaN	NaN	NaN	
6352440466000	6343681118785	None	Fixation	(44.63, 165.38)	(349.28, 162.74)	6322.603	0.7333984	NaN	NaN	NaN	
6352473799000	6343714451379	None	Fixation	(44.65, 165.19)	(349.74, 162.80)	6322.603	0.7666016	NaN	NaN	NaN	
6352490465000	6343731117164	None	Fixation	(44.58, 165.17)	(349.78, 162.94)	6322.603	0.7832031	NaN	NaN	NaN	
6352507132000	6343747784165	None	Fixation	(44.73, 165.04)	(349.69, 162.88)	6322.603	0.7998047	NaN	NaN	NaN	
6352523798000	6343764450113	None	Fixation	(44.64, 164.91)	(349.80, 163.01)	6322.603	0.8164063	NaN	NaN	NaN	
6352540467000	6343781118966	None	Fixation	(45.10, 165.03)	(349.98, 163.07)	6322.603	0.8330078	NaN	NaN	NaN	
6352557133000	6343797784682	None	Fixation	(45.66, 165.04)	(349.78, 163.28)	6322.603	0.8500977	NaN	NaN	NaN	
6352573798000	6343814449496	None	Fixation	(45.09, 164.83)	(349.96, 163.27)	6322.603	0.8666992	NaN	NaN	NaN	
6352590464000	6343831115285	None	Fixation	(44.54, 164.97)	(349.88, 163.25)	6322.603	0.8833008	NaN	NaN	NaN	
6352607131000	6343847781781	None	Fixation	(44.69, 164.78)	(349.80, 163.14)	6322.603	0.8999023	NaN	NaN	NaN	
6352623797000	6343864447582	None	Fixation	(45.01, 164.99)	(349.70, 162.95)	6322.603	0.9165039	NaN	NaN	NaN	
6352640464000	6343881114414	None	Fixation	(45.36, 165.08)	(349.70, 162.99)	6322.603	0.9331055	NaN	NaN	NaN	
6352657130000	6343897780191	None	Fixation	(44.60, 165.03)	(349.83, 163.07)	6322.603	0.949707	NaN	NaN	NaN	
6352673797000	6343914447017	None	Fixation	(45.19, 165.23)	(349.78, 163.12)	6322.603	0.9663086	NaN	NaN	NaN	
6352690463000	6343931112809	None	Fixation	(44.43, 164.91)	(349.71, 162.99)	6322.603	0.9833984	NaN	NaN	NaN	
6352690463000	6343931112814	None	Fixation	(44.43, 164.91)	(349.71, 162.99)	6322.603	0.9833984	NaN	NaN	NaN	
6352707130000	6343947779599	None	Fixation	(44.52, 165.18)	(349.51, 163.01)	6322.603	1	NaN	NaN	NaN	
6352723796000	6343964445426	None	Fixation	(44.55, 165.30)	(349.37, 162.95)	6322.603	1.016602	NaN	NaN	NaN	
6352740463000	6343981112219	None	Fixation	(44.76, 165.32)	(349.54, 162.98)	6322.603	1.033203	NaN	NaN	NaN	
6352757129000	6343997777994	None	Fixation	(44.48, 165.13)	(349.61, 163.05)	6322.603	1.049805	NaN	NaN	NaN	
6352773798000	6344014446831	None	Fixation	(44.61, 165.26)	(349.69, 163.08)	6322.603	1.066406	NaN	NaN	NaN	
6352790464000	6344031112636	None	Fixation	(45.15, 165.14)	(349.50, 162.97)	6322.603	1.083008	NaN	NaN	NaN	
6352807131000	6344047779407	None	Fixation	(47.79, 165.23)	(349.28, 162.88)	6322.603	1.100098	NaN	NaN	NaN	
6352823797000	6344064445594	None	Fixation	(44.62, 164.90)	(349.52, 162.95)	6322.603	1.116699	NaN	NaN	NaN	
6352840462000	6344081110032	None	Fixation	(44.75, 165.18)	(349.38, 163.06)	6322.603	1.133301	NaN	NaN	NaN	
6352857128000	6344097775844	None	Fixation	(45.14, 165.08)	(349.53, 163.01)	6322.603	1.149902	NaN	NaN	NaN	
6352873795000	6344114442628	None	Fixation	(44.76, 164.75)	(349.55, 162.93)	6322.603	1.166504	NaN	NaN	NaN	
6352890461000	6344131108820	None	Fixation	(45.87, 165.03)	(349.73, 162.98)	6322.603	1.183105	NaN	NaN	NaN	
6352907128000	6344147775229	None	Fixation	(44.82, 165.22)	(349.51, 162.94)	6322.603	1.199707	NaN	NaN	NaN	
6352923795000	6344164442037	None	Fixation	(44.83, 165.16)	(349.60, 162.82)	6322.603	1.216309	NaN	NaN	NaN	
6352940461000	6344181107843	None	Fixation	(44.52, 165.19)	(349.48, 162.90)	6322.603	1.233398	NaN	NaN	NaN	
6352957127000	6344197773647	None	Fixation	(44.76, 164.96)	(349.47, 162.89)	6322.603	1.25	NaN	NaN	NaN	
6352973794000	6344214440433	None	Fixation	(45.16, 165.16)	(349.33, 162.79)	6322.603	1.266602	NaN	NaN	NaN	
6352990461000	6344231107600	None	Fixation	(44.91, 165.35)	(349.33, 162.70)	6322.603	1.283203	NaN	NaN	NaN	
6353007129000	6344247775044	None	Fixation	(44.71, 165.09)	(349.47, 162.62)	6322.603	1.299805	NaN	NaN	NaN	
6353023795000	6344264440888	None	Fixation	(46.65, 165.28)	(349.32, 162.82)	6322.603	1.316406	NaN	NaN	NaN	
6353040460000	6344281105659	None	Fixation	(44.97, 165.09)	(349.40, 162.81)	6322.603	1.333008	NaN	NaN	NaN	
6353057127000	6344297772481	None	Fixation	(45.03, 165.20)	(349.40, 162.63)	6322.603	1.350098	NaN	NaN	NaN	
6353073793000	6344314438266	None	Fixation	(44.76, 165.01)	(349.45, 162.76)	6322.603	1.366699	NaN	NaN	NaN	
6353090460000	6344331105069	None	Fixation	(45.12, 165.16)	(349.60, 162.85)	6322.603	1.383301	NaN	NaN	NaN	
6353107126000	6344347770873	None	Fixation	(44.86, 164.98)	(349.23, 162.96)	6322.603	1.399902	NaN	NaN	NaN	
6353123793000	6344364437682	None	Fixation	(45.02, 164.69)	(349.44, 162.91)	6322.603	1.416504	NaN	NaN	NaN	
6353140459000	6344381103494	None	Fixation	(45.33, 165.03)	(349.51, 162.85)	6322.603	1.433105	NaN	NaN	NaN	
6353157126000	6344397770252	None	Fixation	(44.95, 164.89)	(349.44, 162.90)	6322.603	1.449707	NaN	NaN	NaN	
6353173792000	6344414436062	None	Fixation	(44.84, 164.94)	(349.42, 162.80)	6322.603	1.466309	NaN	NaN	NaN	
6353190459000	6344431102874	None	Fixation	(44.76, 165.05)	(349.68, 162.97)	6322.603	1.483398	NaN	NaN	NaN	
6353207125000	6344447768710	None	Fixation	(45.09, 164.98)	(349.51, 163.00)	6322.603	1.5	NaN	NaN	NaN	
6353223792000	6344464435484	None	Fixation	(44.90, 164.98)	(349.51, 163.02)	6322.603	1.516602	NaN	NaN	NaN	
6353240458000	6344481101726	None	Fixation	(44.72, 164.91)	(349.69, 162.98)	6322.603	1.533203	NaN	NaN	NaN	
6353257125000	6344497768093	None	Fixation	(44.84, 164.62)	(349.75, 163.01)	6322.603	1.549805	NaN	NaN	NaN	
6353273791000	6344514433889	None	Fixation	(44.82, 164.71)	(349.95, 163.24)	6322.603	1.566406	NaN	NaN	NaN	
6353290458000	6344531100695	None	Fixation	(44.75, 164.48)	(349.93, 163.36)	6322.603	1.583008	NaN	NaN	NaN	
6353307123000	6344547765461	None	Fixation	(45.22, 164.49)	(349.99, 163.58)	6322.603	1.599609	NaN	NaN	NaN	
6353323790000	6344564432292	None	Fixation	(44.99, 164.34)	(350.20, 163.81)	6322.603	1.616699	NaN	NaN	NaN	
6353340456000	6344581098108	None	Fixation	(45.67, 164.05)	(350.30, 164.50)	6322.603	1.633301	NaN	NaN	NaN	
6353357123000	6344597764919	None	Saccade	(49.81, 162.87)	(349.11, 167.59)	6324.236	0.01660156	52.97607	1.765869	227.5296	
6353373791000	6344614432709	None	Pursuit	(49.16, 162.94)	(349.04, 167.59)	6324.236	0.03320313	0.7762639	1.36495	215.0846	
6353390458000	6344631099513	None	Pursuit	(50.63, 163.32)	(348.66, 167.71)	6324.27	0.01660156	18.64555	0.6215184	271.2587	
6353407122000	6344647763334	None	Pursuit	(50.40, 162.91)	(348.50, 167.60)	6324.27	0.03320313	5.745842	0.5089535	255.4224	
6353423789000	6344664430134	None	Unknown	(51.05, 163.03)	(348.63, 167.79)	NaN	NaN	NaN	NaN	NaN	
6353440455000	6344681095915	None	Fixation	(50.94, 162.69)	(348.36, 167.78)	6324.319	0.01708984	NaN	NaN	NaN	
6353457122000	6344697763147	None	Fixation	(50.80, 162.42)	(348.58, 167.73)	6324.319	0.03369141	NaN	NaN	NaN	
6353473788000	6344714429041	None	Fixation	(51.01, 162.60)	(348.70, 168.41)	6324.319	0.05029297	NaN	NaN	NaN	
6353490455000	6344731095330	None	Fixation	(51.49, 162.12)	(348.49, 168.52)	6324.319	0.06689453	NaN	NaN	NaN	
6353507121000	6344747761145	None	Fixation	(51.60, 162.00)	(348.60, 168.60)	6324.319	0.08349609	NaN	NaN	NaN	
6353523788000	6344764427941	None	Fixation	(52.05, 162.08)	(348.55, 168.70)	6324.319	0.1000977	NaN	NaN	NaN	
6353540456000	6344781095734	None	Saccade	(54.60, 160.88)	(349.07, 171.40)	6324.419	0.01660156	34.72753	1.157584	231.7923	
6353557123000	6344797762557	None	Saccade	(55.69, 160.41)	(348.30, 171.61)	6324.436	0.01660156	9.735697	0.3245232	267.5969	
6353573787000	6344814426351	None	Pursuit	(55.15, 160.19)	(348.07, 172.22)	6324.419	0.05029297	7.187449	1.491569	225.635	
6353590454000	6344831093146	None	Pursuit	(55.62, 159.98)	(347.99, 172.24)	6324.419	0.06689453	6.256437	1.698652	226.5234	
6353607120000	6344847758984	None	Unknown	(56.23, 160.02)	(348.22, 172.20)	NaN	NaN	NaN	NaN	NaN	
6353623787000	6344864425773	None	Fixation	(55.74, 159.74)	(347.86, 172.32)	6324.503	0.01660156	NaN	NaN	NaN	
6353640455000	6344881093568	None	Fixation	(56.06, 159.50)	(348.14, 172.50)	6324.503	0.03320313	NaN	NaN	NaN	
6353657122000	6344897760616	None	Fixation	(56.31, 159.40)	(348.00, 172.63)	6324.503	0.04980469	NaN	NaN	NaN	
6353673786000	6344914424944	None	Fixation	(56.48, 159.48)	(348.06, 172.69)	6324.503	0.06640625	NaN	NaN	NaN	
6353690453000	6344931091361	None	Fixation	(56.64, 159.34)	(348.12, 172.84)	6324.503	0.08349609	NaN	NaN	NaN	
6353707119000	6344947756765	None	Fixation	(56.71, 159.24)	(348.16, 172.82)	6324.503	0.1000977	NaN	NaN	NaN	
6353723786000	6344964423581	None	Fixation	(56.73, 159.08)	(348.15, 173.10)	6324.503	0.1166992	NaN	NaN	NaN	
6353740454000	6344981091360	None	Fixation	(57.04, 158.97)	(347.95, 173.05)	6324.503	0.1333008	NaN	NaN	NaN	
6353757121000	6344997758178	None	Fixation	(57.13, 158.76)	(348.08, 173.23)	6324.503	0.1499023	NaN	NaN	NaN	
6353773785000	6345014421991	None	Fixation	(57.16, 158.58)	(347.99, 173.14)	6324.503	0.1665039	NaN	NaN	NaN	
6353790452000	6345031088791	None	Fixation	(57.28, 158.56)	(348.07, 173.47)	6324.503	0.1831055	NaN	NaN	NaN	
6353807118000	6345047755225	None	Fixation	(57.53, 158.64)	(347.72, 173.16)	6324.503	0.199707	NaN	NaN	NaN	
6353823785000	6345064421374	None	Fixation	(57.30, 158.74)	(347.58, 173.16)	6324.503	0.2167969	NaN	NaN	NaN	
6353840452000	6345081088194	None	Fixation	(57.37, 158.80)	(347.76, 173.04)	6324.503	0.2333984	NaN	NaN	NaN	
6353857118000	6345097754007	None	Fixation	(57.44, 158.69)	(347.84, 173.06)	6324.503	0.25	NaN	NaN	NaN	
6353873786000	6345114421812	None	Fixation	(58.38, 158.54)	(347.88, 173.21)	6324.503	0.2666016	NaN	NaN	NaN	
6353890453000	6345131088601	None	Fixation	(57.81, 158.60)	(347.81, 173.24)	6324.503	0.2832031	NaN	NaN	NaN	
6353907118000	6345147753411	None	Fixation	(57.47, 158.44)	(347.69, 173.14)	6324.503	0.2998047	NaN	NaN	NaN	
6353923784000	6345164419205	None	Fixation	(57.43, 158.72)	(347.86, 172.96)	6324.503	0.3164063	NaN	NaN	NaN	
6353940451000	6345181085989	None	Fixation	(57.64, 158.50)	(347.87, 173.11)	6324.503	0.3334961	NaN	NaN	NaN	
6353957117000	6345197751816	None	Fixation	(57.35, 158.53)	(347.89, 173.15)	6324.503	0.3500977	NaN	NaN	NaN	
6353973784000	6345214418636	None	Fixation	(56.61, 159.22)	(347.71, 172.16)	6324.503	0.3666992	NaN	NaN	NaN	
6353990450000	6345231084433	None	Saccade	(48.37, 164.06)	(348.02, 165.58)	6324.87	0.01660156	117.5476	3.918254	31.13785	
6354007116000	6345247750257	None	Saccade	(45.92, 167.18)	(347.89, 164.45)	6324.87	0.03320313	48.79982	5.464503	40.30746	
6354023783000	6345264417032	None	Pursuit	(47.90, 167.60)	(348.17, 163.99)	6324.903	0.01660156	6.61577	0.2205257	44.55672	
6354040450000	6345281083828	None	Pursuit	(44.83, 166.50)	(348.61, 163.55)	6324.919	0.01660156	40.1629	1.338763	96.78902	
6354057116000	6345297749659	None	Pursuit	(44.42, 166.05)	(349.22, 163.42)	6324.919	0.03320313	7.53672	1.565676	101.0568	
6354073785000	6345314418472	None	Pursuit	(44.57, 166.17)	(349.26, 163.14)	6324.919	0.05029297	2.409863	1.488607	100.2067	
6354090451000	6345331084224	None	Pursuit	(44.49, 166.32)	(349.35, 163.31)	6324.919	0.06689453	2.083935	1.4963	97.55608	
6354107116000	6345347749125	None	Fixation	(44.52, 166.21)	(349.14, 163.24)	6324.953	0.05029297	NaN	NaN	NaN	
6354123782000	6345364414850	None	Fixation	(46.13, 166.18)	(349.04, 163.01)	6325.003	0.01660156	NaN	NaN	NaN	
6354140449000	6345381081650	None	Fixation	(44.51, 166.19)	(349.44, 162.91)	6325.003	0.03320313	NaN	NaN	NaN	
6354157115000	6345397747479	None	Fixation	(44.32, 165.94)	(349.11, 163.00)	6325.003	0.04980469	NaN	NaN	NaN	
6354173784000	6345414416659	None	Fixation	(44.30, 166.12)	(349.29, 163.04)	6325.003	0.06640625	NaN	NaN	NaN	
6354190450000	6345431082037	None	Fixation	(44.42, 166.17)	(349.43, 162.95)	6325.003	0.08349609	NaN	NaN	NaN	
6354207115000	6345447746952	None	Fixation	(44.11, 165.94)	(349.22, 163.06)	6325.003	0.1000977	NaN	NaN	NaN	
6354223781000	6345464412700	None	Fixation	(44.65, 165.87)	(349.36, 163.11)	6325.003	0.1166992	NaN	NaN	NaN	
6354240448000	6345481079800	None	Fixation	(44.53, 165.85)	(349.33, 163.17)	6325.003	0.1333008	NaN	NaN	NaN	
6354257114000	6345497745514	None	Fixation	(44.45, 165.70)	(349.46, 163.08)	6325.003	0.1499023	NaN	NaN	NaN	
6354273781000	6345514412498	None	Fixation	(44.27, 165.46)	(349.42, 163.02)	6325.003	0.1665039	NaN	NaN	NaN	
6354290447000	6345531078224	None	Fixation	(44.50, 165.55)	(349.41, 162.96)	6325.003	0.1831055	NaN	NaN	NaN	
6354307116000	6345547746911	None	Fixation	(44.56, 165.56)	(349.44, 162.98)	6325.003	0.199707	NaN	NaN	NaN	
6354323782000	6345564412989	None	Fixation	(44.29, 165.49)	(349.53, 163.15)	6325.003	0.2167969	NaN	NaN	NaN	
6354340449000	6345581080146	None	Fixation	(44.60, 165.48)	(349.64, 163.19)	6325.003	0.2333984	NaN	NaN	NaN	
6354357115000	6345597745421	None	Fixation	(45.27, 165.55)	(349.61, 162.94)	6325.003	0.25	NaN	NaN	NaN	
6354373780000	6345614410335	None	Fixation	(44.36, 164.98)	(349.67, 163.23)	6325.003	0.2666016	NaN	NaN	NaN	
6354390446000	6345631075722	None	Fixation	(44.72, 165.29)	(349.77, 163.14)	6325.003	0.2832031	NaN	NaN	NaN	
6354407113000	6345647742531	None	Fixation	(44.54, 165.28)	(349.67, 163.07)	6325.003	0.2998047	NaN	NaN	NaN	
6354423779000	6345664408313	None	Fixation	(44.45, 165.33)	(349.89, 163.13)	6325.003	0.3164063	NaN	NaN	NaN	
6354440446000	6345681075101	None	Fixation	(44.62, 165.06)	(350.01, 163.14)	6325.003	0.3334961	NaN	NaN	NaN	
6354457112000	6345697741249	None	Fixation	(44.47, 165.10)	(349.77, 163.11)	6325.003	0.3500977	NaN	NaN	NaN	
6354473779000	6345714407720	None	Fixation	(44.73, 165.03)	(350.01, 163.33)	6325.003	0.3666992	NaN	NaN	NaN	
6354490445000	6345731073529	None	Fixation	(44.61, 165.20)	(349.98, 163.30)	6325.003	0.3833008	NaN	NaN	NaN	
6354507112000	6345747740324	None	Fixation	(44.61, 164.55)	(349.81, 163.03)	6325.003	0.3999023	NaN	NaN	NaN	
6354523779000	6345764407146	None	Fixation	(44.76, 164.89)	(349.70, 163.07)	6325.003	0.4165039	NaN	NaN	NaN	
6354540445000	6345781072938	None	Fixation	(44.88, 165.05)	(349.85, 163.02)	6325.003	0.4331055	NaN	NaN	NaN	
6354557112000	6345797739740	None	Fixation	(45.00, 165.05)	(349.59, 162.80)	6325.003	0.449707	NaN	NaN	NaN	
6354573779000	6345814406555	None	Fixation	(44.63, 165.28)	(349.58, 162.82)	6325.003	0.4667969	NaN	NaN	NaN	
6354590445000	6345831072354	None	Fixation	(45.36, 165.06)	(349.50, 162.79)	6325.003	0.4833984	NaN	NaN	NaN	
6354607112000	6345847739217	None	Fixation	(44.85, 165.27)	(349.58, 162.74)	6325.003	0.5	NaN	NaN	NaN	
6354623779000	6345864405962	None	Fixation	(44.82, 165.28)	(349.81, 162.69)	6325.003	0.5166016	NaN	NaN	NaN	
6354640445000	6345881071756	None	Fixation	(44.52, 165.08)	(349.94, 162.85)	6325.003	0.5332031	NaN	NaN	NaN	
6354657112000	6345897738557	None	Fixation	(44.47, 165.02)	(349.92, 162.84)	6325.003	0.5498047	NaN	NaN	NaN	
6354673779000	6345914405362	None	Fixation	(45.34, 165.01)	(350.14, 162.92)	6325.003	0.5664063	NaN	NaN	NaN	
6354690445000	6345931071160	None	Fixation	(44.38, 164.92)	(350.29, 162.99)	6325.003	0.5834961	NaN	NaN	NaN	
6354707111000	6345947736962	None	Fixation	(45.42, 164.94)	(350.29, 163.00)	6325.003	0.6000977	NaN	NaN	NaN	
6354723778000	6345964403774	None	Fixation	(45.14, 164.97)	(350.39, 163.18)	6325.003	0.6166992	NaN	NaN	NaN	
6354740444000	6345981069572	None	Fixation	(44.71, 164.73)	(350.18, 162.96)	6325.003	0.6333008	NaN	NaN	NaN	
6354757110000	6345997735386	None	Fixation	(45.40, 164.77)	(350.38, 163.24)	6325.003	0.6499023	NaN	NaN	NaN	
6354773777000	6346014402179	None	Fixation	(44.81, 164.99)	(350.15, 163.05)	6325.003	0.6665039	NaN	NaN	NaN	
6354790443000	6346031067979	None	Fixation	(44.62, 164.66)	(350.11, 163.26)	6325.003	0.6831055	NaN	NaN	NaN	
6354807110000	6346047735259	None	Fixation	(44.34, 165.00)	(350.19, 163.14)	6325.003	0.699707	NaN	NaN	NaN	
6354823777000	6346064401578	None	Fixation	(44.65, 164.68)	(350.00, 163.03)	6325.003	0.7167969	NaN	NaN	NaN	
6354840443000	6346081067410	None	Fixation	(44.83, 165.01)	(350.11, 163.10)	6325.003	0.7333984	NaN	NaN	NaN	
6354857110000	6346097734189	None	Fixation	(45.23, 164.97)	(350.20, 163.14)	6325.003	0.75	NaN	NaN	NaN	
6354873778000	6346114401995	None	Fixation	(45.66, 165.31)	(349.70, 162.80)	6325.003	0.7666016	NaN	NaN	NaN	
6354890444000	6346131067802	None	Fixation	(44.31, 165.65)	(349.17, 162.48)	6325.003	0.7832031	NaN	NaN	NaN	
6354907109000	6346147732619	None	Fixation	(45.84, 165.83)	(349.48, 162.67)	6325.003	0.7998047	NaN	NaN	NaN	
6354923776000	6346164399413	None	Fixation	(44.91, 165.68)	(349.35, 162.66)	6325.003	0.8164063	NaN	NaN	NaN	
6354940442000	6346181065296	None	Fixation	(44.96, 165.26)	(349.23, 162.62)	6325.003	0.8334961	NaN	NaN	NaN	
6354957109000	6346197732463	None	Fixation	(44.83, 165.47)	(349.65, 162.75)	6325.003	0.8500977	NaN	NaN	NaN	
6354973775000	6346214398193	None	Fixation	(45.39, 165.52)	(349.59, 162.71)	6325.003	0.8666992	NaN	NaN	NaN	
6354990442000	6346231064639	None	Fixation	(45.02, 165.38)	(349.73, 162.78)	6325.003	0.8833008	NaN	NaN	NaN	
6355007108000	6346247730542	None	Fixation	(45.11, 165.33)	(349.67, 162.62)	6325.003	0.8999023	NaN	NaN	NaN	
6355023775000	6346264397257	None	Fixation	(44.45, 165.18)	(349.65, 162.70)	6325.003	0.9165039	NaN	NaN	NaN	
6355040441000	6346281063033	None	Fixation	(44.65, 165.15)	(350.00, 162.90)	6325.003	0.9331055	NaN	NaN	NaN	
6355057107000	6346297728838	None	Fixation	(45.48, 165.36)	(349.96, 163.00)	6325.003	0.949707	NaN	NaN	NaN	
6355073775000	6346314396968	None	Saccade	(49.97, 166.40)	(349.91, 162.79)	6325.953	0.01708984	56.67287	1.889096	270.1215	
6355090442000	6346331063813	None	Saccade	(44.81, 165.38)	(349.90, 162.77)	6325.953	0.03369141	64.6386	0.2735569	75.23705	
6355107106000	6346347727485	None	Fixation	(45.16, 165.18)	(349.98, 162.81)	6324.953	1.050293	NaN	NaN	NaN	
6355123773000	6346364394407	None	Pursuit	(44.81, 165.43)	(350.01, 162.91)	6326.003	0.01660156	5.331059	0.177702	41.54079	
6355140439000	6346381060184	None	Pursuit	(44.48, 165.41)	(349.85, 162.74)	6326.003	0.03320313	4.114316	0.2979084	58.03848	
6355157106000	6346397726659	None	Fixation	(44.59, 165.53)	(349.78, 162.58)	6324.953	1.100098	NaN	NaN	NaN	
6355173774000	6346414394867	None	WinkLeft	(45.25, 165.47)	(349.63, 162.71)	NaN	NaN	NaN	NaN	NaN	
6355190441000	6346431061269	None	WinkLeft	(44.70, 165.52)	(349.90, 162.65)	NaN	NaN	NaN	NaN	NaN	
6355207105000	6346447725129	None	WinkLeft	(44.27, 165.86)	(349.89, 162.83)	NaN	NaN	NaN	NaN	NaN	
6355223772000	6346464391900	None	WinkLeft	(47.07, 165.79)	(350.12, 162.77)	NaN	NaN	NaN	NaN	NaN	
6355240438000	6346481057674	None	WinkLeft	(44.29, 165.41)	(350.17, 162.91)	NaN	NaN	NaN	NaN	NaN	
6355257105000	6346497724473	None	WinkLeft	(44.04, 165.72)	(350.13, 162.83)	NaN	NaN	NaN	NaN	NaN	
6355273771000	6346514390431	None	WinkLeft	(44.31, 165.31)	(350.25, 162.76)	NaN	NaN	NaN	NaN	NaN	
6355290438000	6346531057127	None	Fixation	(44.41, 165.44)	(350.18, 162.88)	6326.053	0.1333008	NaN	NaN	NaN	
6355307104000	6346547722900	None	Fixation	(44.38, 165.45)	(350.24, 162.82)	6326.053	0.1499023	NaN	NaN	NaN	
6355323771000	6346564390090	None	Fixation	(44.24, 165.51)	(350.13, 162.66)	6326.053	0.1669922	NaN	NaN	NaN	
6355340439000	6346581057513	None	Saccade	(48.38, 166.33)	(350.30, 162.98)	6326.22	0.01660156	51.96148	1.732049	268.2727	
6355357106000	6346597724560	None	Saccade	(44.19, 165.26)	(350.26, 163.02)	6326.22	0.03320313	53.17867	0.1035409	156.7692	
6355373772000	6346614390380	None	Fixation	(44.21, 166.35)	(349.43, 162.19)	6324.953	1.316895	NaN	NaN	NaN	
6355390439000	6346631056926	None	Pursuit	(44.17, 166.44)	(349.02, 161.88)	6326.27	0.01660156	1.204411	0.04014703	13.68567	
6355407103000	6346647720803	None	Pursuit	(44.58, 166.66)	(349.32, 162.10)	6326.27	0.03320313	5.820894	0.1991653	296.8094	
6355423770000	6346664387517	None	Fixation	(45.05, 166.53)	(349.38, 162.07)	6324.953	1.366699	NaN	NaN	NaN	
6355457103000	6346697720286	None	Fixation	(44.64, 165.81)	(350.29, 162.28)	6326.319	0.03369141	NaN	NaN	NaN	
6355473769000	6346714386146	None	Fixation	(43.69, 165.79)	(350.54, 162.43)	6326.319	0.05029297	NaN	NaN	NaN	
6355473769000	6346714385950	None	Fixation	(43.69, 165.79)	(350.54, 162.43)	6326.319	0.05029297	NaN	NaN	NaN	
6355490436000	6346731053114	None	Fixation	(43.75, 165.08)	(350.52, 162.59)	6326.319	0.06689453	NaN	NaN	NaN	
6355507103000	6346747719810	None	Fixation	(43.60, 165.08)	(351.01, 162.74)	6326.319	0.08349609	NaN	NaN	NaN	
6355523769000	6346764385348	None	Fixation	(44.46, 163.61)	(352.70, 164.18)	6326.319	0.1000977	NaN	NaN	NaN	
6355540435000	6346781051422	None	Saccade	(44.28, 162.86)	(354.92, 165.96)	6326.419	0.01660156	34.95018	1.165006	141.7086	
6355557102000	6346797717949	None	Pursuit	(44.51, 162.39)	(354.76, 166.02)	6326.419	0.03320313	2.105311	1.129255	144.7255	
6355573768000	6346814383771	None	Pursuit	(44.39, 161.91)	(354.55, 166.07)	6326.419	0.05029297	2.604913	1.08301	148.5338	
6355590435000	6346831050596	None	Pursuit	(44.52, 161.63)	(356.14, 166.43)	6326.419	0.06689453	20.01084	1.683525	136.1893	
6355623768000	6346864383454	None	Fixation	(43.50, 160.78)	(357.19, 166.96)	6326.319	0.2001953	NaN	NaN	NaN	
6355623768000	6346864383178	None	Fixation	(43.50, 160.78)	(357.19, 166.96)	6326.319	0.2001953	NaN	NaN	NaN	
6355640435000	6346881050252	None	Fixation	(44.61, 160.47)	(357.61, 167.23)	6326.319	0.2167969	NaN	NaN	NaN	
6355673768000	6346914382753	None	Fixation	(43.22, 160.02)	(358.49, 167.80)	6326.319	0.25	NaN	NaN	NaN	
6355673768000	6346914382602	None	Fixation	(43.22, 160.02)	(358.49, 167.80)	6326.319	0.25	NaN	NaN	NaN	
6355690434000	6346931048367	None	Fixation	(44.16, 159.65)	(358.91, 168.06)	6326.319	0.2670898	NaN	NaN	NaN	
6355723767000	6346964381179	None	Fixation	(44.80, 159.00)	(359.86, 168.52)	6326.319	0.300293	NaN	NaN	NaN	
6355723767000	6346964380994	None	Fixation	(44.80, 159.00)	(359.86, 168.52)	6326.319	0.300293	NaN	NaN	NaN	
6355757100000	6346997714154	None	Fixation	(42.96, 158.77)	(360.57, 168.79)	6326.319	0.3334961	NaN	NaN	NaN	
6355757100000	6346997713612	None	Fixation	(42.96, 158.77)	(360.57, 168.79)	6326.319	0.3334961	NaN	NaN	NaN	
6355773766000	6347014379393	None	Fixation	(43.07, 158.09)	(360.98, 169.00)	6326.319	0.3500977	NaN	NaN	NaN	
6355790433000	6347031046196	None	Fixation	(43.19, 157.92)	(361.24, 169.34)	6326.319	0.3666992	NaN	NaN	NaN	
6355823766000	6347064379089	None	Fixation	(43.44, 157.63)	(361.69, 169.47)	6326.319	0.4003906	NaN	NaN	NaN	
6355840434000	6347081046825	None	Fixation	(43.08, 157.44)	(362.02, 169.64)	6326.319	0.4169922	NaN	NaN	NaN	
6355857101000	6347097713600	None	Fixation	(42.84, 157.42)	(362.38, 169.70)	6326.319	0.4335938	NaN	NaN	NaN	
6355873767000	6347114379445	None	Fixation	(43.23, 157.81)	(361.69, 169.42)	6326.319	0.4501953	NaN	NaN	NaN	
6355873767000	6347114379225	None	Fixation	(43.23, 157.81)	(361.69, 169.42)	6326.319	0.4501953	NaN	NaN	NaN	
6355907099000	6347147711048	None	Saccade	(43.61, 163.13)	(354.57, 165.55)	6326.786	0.01660156	33.91259	1.13042	333.5447	
6355907099000	6347147711128	None	Saccade	(43.61, 163.13)	(354.57, 165.55)	6326.786	0.01660156	33.91259	1.13042	333.5447	
6355940432000	6347181043695	None	Pursuit	(44.62, 162.93)	(354.11, 165.11)	6326.786	0.05029297	9.032906	1.221204	313.3242	
6355957098000	6347197710113	None	Pursuit	(44.93, 162.70)	(353.91, 165.21)	6326.803	0.05029297	2.744609	0.303544	310.8493	
6355957098000	6347197709249	None	Pursuit	(44.93, 162.70)	(353.91, 165.21)	6326.803	0.05029297	2.744609	0.303544	310.8493	
6355990431000	6347231042040	None	Fixation	(45.48, 162.47)	(354.03, 164.96)	6326.853	0.03320313	NaN	NaN	NaN	
6355990431000	6347231041871	None	Fixation	(45.48, 162.47)	(354.03, 164.96)	6326.853	0.03320313	NaN	NaN	NaN	
6356023763000	6347264373716	None	Fixation	(44.41, 163.50)	(352.59, 164.21)	6326.853	0.06640625	NaN	NaN	NaN	
6356040430000	6347281040463	None	Saccade	(44.88, 167.30)	(348.51, 162.22)	6326.919	0.01660156	47.10782	1.862556	324.4675	
6356057096000	6347297706278	None	Pursuit	(46.82, 167.67)	(348.11, 161.98)	6326.919	0.03320313	24.21489	1.972003	316.9491	
6356073764000	6347314374066	None	Pursuit	(45.27, 167.59)	(348.17, 161.89)	6326.919	0.05029297	19.0766	1.714116	335.1391	
6356090431000	6347331041307	None	Pursuit	(45.56, 167.22)	(348.03, 162.02)	6326.919	0.06689453	5.839121	1.593521	329.8409	
6356107096000	6347347705821	None	Unknown	(45.18, 167.08)	(348.40, 162.06)	NaN	NaN	NaN	NaN	NaN	
6356123762000	6347364371707	None	Fixation	(45.47, 166.93)	(348.47, 161.71)	6327.003	0.01660156	NaN	NaN	NaN	
6356140429000	6347381038276	None	Fixation	(44.97, 166.85)	(348.61, 162.06)	6327.003	0.03320313	NaN	NaN	NaN	
6356157095000	6347397704098	None	Fixation	(44.87, 167.13)	(348.64, 162.20)	6327.003	0.04980469	NaN	NaN	NaN	
6356173764000	6347414373195	None	Fixation	(45.11, 166.88)	(348.32, 162.19)	6327.003	0.06640625	NaN	NaN	NaN	
6356190430000	6347431039047	None	Fixation	(44.82, 166.61)	(348.55, 162.14)	6327.003	0.08349609	NaN	NaN	NaN	
6356207095000	6347447703497	None	Fixation	(45.36, 166.67)	(348.53, 162.35)	6327.003	0.1000977	NaN	NaN	NaN	
6356223761000	6347464369297	None	Fixation	(45.09, 166.73)	(348.55, 162.35)	6327.003	0.1166992	NaN	NaN	NaN	
6356240428000	6347481036122	None	Fixation	(44.99, 166.92)	(348.46, 162.19)	6327.003	0.1333008	NaN	NaN	NaN	
6356257094000	6347497701903	None	Fixation	(44.81, 166.51)	(348.63, 162.22)	6327.003	0.1499023	NaN	NaN	NaN	
6356273761000	6347514368715	None	Fixation	(45.56, 166.53)	(348.89, 162.16)	6327.003	0.1665039	NaN	NaN	NaN	
6356290427000	6347531034521	None	Fixation	(45.43, 166.27)	(348.89, 162.34)	6327.003	0.1831055	NaN	NaN	NaN	
6356307094000	6347547702220	None	Fixation	(45.10, 165.29)	(349.79, 162.92)	6327.003	0.199707	NaN	NaN	NaN	
6356323760000	6347564367111	None	Fixation	(45.32, 165.75)	(349.92, 162.71)	6327.003	0.2167969	NaN	NaN	NaN	
6356340429000	6347581035935	None	Fixation	(45.32, 165.40)	(349.78, 162.83)	6327.003	0.2333984	NaN	NaN	NaN	
6356357095000	6347597701784	None	Fixation	(44.86, 165.61)	(349.84, 162.67)	6327.003	0.25	NaN	NaN	NaN	
6356373762000	6347614368552	None	Fixation	(45.32, 165.41)	(349.86, 162.80)	6327.003	0.2666016	NaN	NaN	NaN	
6356390428000	6347631034360	None	Fixation	(44.70, 165.36)	(349.89, 162.66)	6327.003	0.2832031	NaN	NaN	NaN	
6356407093000	6347647699187	None	Fixation	(44.86, 165.45)	(349.82, 163.05)	6327.003	0.2998047	NaN	NaN	NaN	
6356423759000	6347664364945	None	Blink	(45.40, 167.45)	(349.79, 165.65)	NaN	NaN	NaN	NaN	NaN	
6356440426000	6347681031757	None	Blink	(45.69, 170.50)	(348.49, 170.81)	NaN	NaN	NaN	NaN	NaN	
6356457093000	6347697698600	None	Blink	(0.00, 0.00)	(0.00, 0.00)	NaN	NaN	NaN	NaN	NaN	
6356473759000	6347714364359	None	Blink	(0.00, 0.00)	(0.00, 0.00)	NaN	NaN	NaN	NaN	NaN	
6356490425000	6347731030171	None	Blink	(0.00, 0.00)	(0.00, 0.00)	NaN	NaN	NaN	NaN	NaN	
6356507092000	6347747696959	None	Blink	(0.00, 0.00)	(0.00, 0.00)	NaN	NaN	NaN	NaN	NaN	
6356523758000	6347764362774	None	Blink	(0.00, 0.00)	(0.00, 0.00)	NaN	NaN	NaN	NaN	NaN	
6356540425000	6347781029593	None	Blink	(0.00, 0.00)	(0.00, 0.00)	NaN	NaN	NaN	NaN	NaN	
6356557091000	6347797695662	None	Blink	(0.00, 0.00)	(0.00, 0.00)	NaN	NaN	NaN	NaN	NaN	
6356573758000	6347814362248	None	Blink	(45.46, 169.31)	(0.00, 0.00)	NaN	NaN	NaN	NaN	NaN	
6356590424000	6347831028511	None	Blink	(44.77, 167.42)	(345.82, 166.27)	NaN	NaN	NaN	NaN	NaN	
6356607091000	6347847695089	None	Blink	(44.41, 167.27)	(350.62, 161.97)	NaN	NaN	NaN	NaN	NaN	
6356623757000	6347864361082	None	Blink	(44.87, 166.87)	(350.04, 163.31)	NaN	NaN	NaN	NaN	NaN	
6356640424000	6347881027396	None	Blink	(44.66, 166.24)	(349.78, 163.10)	NaN	NaN	NaN	NaN	NaN	
6356657091000	6347897694558	None	Blink	(44.42, 166.44)	(349.95, 162.88)	NaN	NaN	NaN	NaN	NaN	
6356673757000	6347914360314	None	Blink	(44.22, 166.11)	(349.91, 162.57)	NaN	NaN	NaN	NaN	NaN	
6356690424000	6347931027085	None	WinkRight	(44.62, 166.00)	(349.89, 162.51)	NaN	NaN	NaN	NaN	NaN	
6356707090000	6347947692943	None	WinkRight	(44.51, 165.90)	(349.98, 162.64)	NaN	NaN	NaN	NaN	NaN	
6356723757000	6347964359856	None	Fixation	(44.52, 166.03)	(349.70, 162.58)	6327.003	0.6166992	NaN	NaN	NaN	
6356740423000	6347981025671	None	Fixation	(44.55, 165.93)	(349.79, 162.66)	6327.003	0.6333008	NaN	NaN	NaN	
6356757090000	6347997692380	None	Fixation	(44.33, 165.90)	(349.72, 162.66)	6327.003	0.6499023	NaN	NaN	NaN	
6356773756000	6348014358231	None	Fixation	(44.16, 165.95)	(349.74, 162.64)	6327.003	0.6665039	NaN	NaN	NaN	
6356790423000	6348031024982	None	Fixation	(44.51, 165.83)	(349.91, 162.77)	6327.003	0.6831055	NaN	NaN	NaN	
6356807089000	6348047690652	None	Fixation	(44.28, 165.88)	(350.00, 162.58)	6327.003	0.699707	NaN	NaN	NaN	
6356823756000	6348064357279	None	Fixation	(44.33, 165.74)	(349.89, 162.80)	6327.003	0.7167969	NaN	NaN	NaN	
6356840424000	6348081025086	None	Fixation	(44.18, 165.54)	(350.21, 162.62)	6327.003	0.7333984	NaN	NaN	NaN	
6356857090000	6348097691441	None	Fixation	(44.20, 165.65)	(350.12, 162.93)	6327.003	0.75	NaN	NaN	NaN	
6356873755000	6348114355655	None	Fixation	(44.17, 165.59)	(350.00, 162.81)	6327.003	0.7666016	NaN	NaN	NaN	
6356890422000	6348131022469	None	Fixation	(44.21, 165.60)	(349.99, 162.94)	6327.003	0.7832031	NaN	NaN	NaN	
6356907088000	6348147688278	None	Fixation	(44.30, 165.60)	(349.95, 162.85)	6327.003	0.7998047	NaN	NaN	NaN	
6356923755000	6348164355298	None	Fixation	(44.16, 165.54)	(349.81, 162.77)	6327.003	0.8164063	NaN	NaN	NaN	
6356940421000	6348181021424	None	Fixation	(44.65, 165.89)	(349.96, 162.90)	6327.003	0.8330078	NaN	NaN	NaN	
6356957088000	6348197687965	None	Fixation	(45.16, 165.29)	(349.71, 163.44)	6327.003	0.8500977	NaN	NaN	NaN	
6356973754000	6348214353498	None	Fixation	(44.80, 165.54)	(349.91, 163.27)	6327.003	0.8666992	NaN	NaN	NaN	
6356990421000	6348231020420	None	Fixation	(44.49, 165.62)	(349.94, 163.38)	6327.003	0.8833008	NaN	NaN	NaN	
6357007087000	6348247686085	None	Fixation	(44.80, 165.41)	(349.67, 163.36)	6327.003	0.8999023	NaN	NaN	NaN	
6357023754000	6348264352919	None	Fixation	(44.88, 165.40)	(349.85, 163.28)	6327.003	0.9165039	NaN	NaN	NaN	
6357040420000	6348281018772	None	Fixation	(44.54, 165.55)	(350.07, 163.40)	6327.003	0.9331055	NaN	NaN	NaN	
6357057087000	6348297685795	None	Fixation	(44.79, 165.43)	(349.95, 163.27)	6327.003	0.949707	NaN	NaN	NaN	
6357073755000	6348314353307	None	Fixation	(44.54, 165.51)	(349.95, 163.29)	6327.003	0.9667969	NaN	NaN	NaN	
6357090422000	6348331020221	None	Fixation	(44.42, 165.27)	(349.87, 163.10)	6327.003	0.9833984	NaN	NaN	NaN	
6357107086000	6348347684015	None	Fixation	(44.28, 165.51)	(350.07, 163.17)	6327.003	1	NaN	NaN	NaN	
6357123753000	6348364350729	None	Fixation	(44.97, 165.48)	(350.11, 163.26)	6327.003	1.016602	NaN	NaN	NaN	
6357140419000	6348381016576	None	Fixation	(44.75, 165.45)	(350.02, 163.13)	6327.003	1.033203	NaN	NaN	NaN	
6357157086000	6348397683826	None	Fixation	(44.77, 165.51)	(350.15, 163.08)	6327.003	1.049805	NaN	NaN	NaN	
6357173753000	6348414350155	None	Fixation	(44.60, 165.42)	(349.93, 162.98)	6327.003	1.066406	NaN	NaN	NaN	
6357190420000	6348431016923	None	Fixation	(44.54, 165.50)	(349.81, 162.89)	6327.003	1.083008	NaN	NaN	NaN	
6357207084000	6348447680739	None	Fixation	(44.24, 165.26)	(350.00, 162.90)	6327.003	1.100098	NaN	NaN	NaN	
6357223751000	6348464347815	None	Fixation	(44.37, 165.43)	(350.30, 162.93)	6327.003	1.116699	NaN	NaN	NaN	
6357240417000	6348481013357	None	Fixation	(46.09, 165.32)	(350.20, 162.78)	6327.003	1.133301	NaN	NaN	NaN	
6357257084000	6348497680167	None	Fixation	(44.77, 165.37)	(350.09, 162.85)	6327.003	1.149902	NaN	NaN	NaN	
6357273750000	6348514345972	None	Fixation	(44.21, 165.30)	(350.05, 162.80)	6327.003	1.166504	NaN	NaN	NaN	
6357290417000	6348531012769	None	Fixation	(46.37, 165.31)	(349.99, 162.73)	6327.003	1.183105	NaN	NaN	NaN	
6357307085000	6348547680579	None	Fixation	(44.23, 165.40)	(349.89, 162.74)	6327.003	1.199707	NaN	NaN	NaN	
6357323752000	6348564347446	None	Fixation	(45.01, 165.67)	(349.81, 162.62)	6327.003	1.216797	NaN	NaN	NaN	
6357340416000	6348581011559	None	Fixation	(43.98, 165.63)	(349.97, 162.56)	6327.003	1.233398	NaN	NaN	NaN	
6357357083000	6348597677950	None	Fixation	(43.80, 165.81)	(350.06, 162.67)	6327.003	1.25	NaN	NaN	NaN	
6357373751000	6348614345804	None	Fixation	(44.62, 165.56)	(349.60, 162.43)	6327.003	1.266602	NaN	NaN	NaN	
6357390418000	6348631012636	None	Fixation	(44.03, 165.47)	(349.93, 162.67)	6327.003	1.283203	NaN	NaN	NaN	
6357407082000	6348647676400	None	Fixation	(44.74, 165.56)	(350.02, 162.98)	6327.003	1.299805	NaN	NaN	NaN	
6357423749000	6348664343198	None	Fixation	(44.45, 165.24)	(350.16, 163.04)	6327.003	1.316406	NaN	NaN	NaN	
6357440415000	6348681009108	None	Fixation	(44.42, 165.39)	(350.13, 163.08)	6327.003	1.333008	NaN	NaN	NaN	
6357457082000	6348697675882	None	Fixation	(44.53, 165.41)	(350.35, 162.87)	6327.003	1.350098	NaN	NaN	NaN	
6357473748000	6348714341607	None	Fixation	(44.53, 165.57)	(350.21, 162.97)	6327.003	1.366699	NaN	NaN	NaN	
6357490415000	6348731008517	None	Fixation	(44.96, 165.40)	(350.05, 162.71)	6327.003	1.383301	NaN	NaN	NaN	
6357507081000	6348747674334	None	Fixation	(44.40, 165.40)	(350.15, 162.79)	6327.003	1.399902	NaN	NaN	NaN	
6357523748000	6348764341100	None	Fixation	(44.25, 165.65)	(350.12, 162.64)	6327.003	1.416504	NaN	NaN	NaN	
6357540414000	6348781006837	None	Fixation	(44.62, 165.64)	(350.21, 162.69)	6327.003	1.433105	NaN	NaN	NaN	
6357557081000	6348797673642	None	Fixation	(44.04, 165.60)	(350.47, 162.64)	6327.003	1.449707	NaN	NaN	NaN	
6357573747000	6348814339459	None	Fixation	(45.43, 165.77)	(350.47, 162.47)	6327.003	1.466797	NaN	NaN	NaN	
6357590414000	6348831006239	None	Fixation	(43.59, 165.56)	(350.40, 162.53)	6327.003	1.483398	NaN	NaN	NaN	
6357607082000	6348847674119	None	Fixation	(43.76, 165.71)	(350.74, 162.68)	6327.003	1.5	NaN	NaN	NaN	
6357623749000	6348864340916	None	Fixation	(44.47, 165.80)	(350.95, 162.74)	6327.003	1.516602	NaN	NaN	NaN	
6357640413000	6348881004675	None	Fixation	(44.63, 165.84)	(350.67, 162.64)	6327.003	1.533203	NaN	NaN	NaN	
6357657080000	6348897671470	None	Fixation	(44.11, 165.72)	(350.82, 162.77)	6327.003	1.549805	NaN	NaN	NaN	
6357673748000	6348914339246	None	Fixation	(43.75, 165.47)	(350.66, 162.77)	6327.003	1.566406	NaN	NaN	NaN	
6357690415000	6348931006082	None	Fixation	(45.07, 165.64)	(350.66, 162.88)	6327.003	1.583008	NaN	NaN	NaN	
6357707080000	6348947670889	None	Fixation	(45.02, 165.72)	(350.71, 162.74)	6327.003	1.600098	NaN	NaN	NaN	
6357723746000	6348964336679	None	Fixation	(43.54, 165.48)	(350.64, 162.70)	6327.003	1.616699	NaN	NaN	NaN	
6357740414000	6348981004474	None	Fixation	(45.33, 165.41)	(350.64, 162.70)	6327.003	1.633301	NaN	NaN	NaN	
6357757081000	6348997671356	None	Fixation	(45.11, 165.75)	(350.12, 162.79)	6327.003	1.649902	NaN	NaN	NaN	
6357773746000	6349014336081	None	Fixation	(45.18, 166.01)	(349.66, 163.16)	6327.003	1.666504	NaN	NaN	NaN	
6357790412000	6349031001977	None	Fixation	(45.48, 165.80)	(349.81, 163.05)	6327.003	1.683105	NaN	NaN	NaN	
6357807080000	6349047670069	None	Fixation	(45.42, 165.75)	(349.74, 162.99)	6327.003	1.699707	NaN	NaN	NaN	
6357823747000	6349064336533	None	Fixation	(45.51, 165.80)	(349.91, 163.33)	6327.003	1.716797	NaN	NaN	NaN	
6357840412000	6349081001415	None	Fixation	(44.70, 165.62)	(349.87, 163.10)	6327.003	1.733398	NaN	NaN	NaN	
6357857078000	6349097667449	None	Fixation	(45.13, 165.55)	(349.60, 162.90)	6327.003	1.75	NaN	NaN	NaN	
6357873745000	6349114333916	None	Fixation	(44.90, 165.66)	(349.87, 163.33)	6327.003	1.766602	NaN	NaN	NaN	
6357890411000	6349130999791	None	Fixation	(44.90, 165.49)	(349.86, 163.30)	6327.003	1.783203	NaN	NaN	NaN	
6357907078000	6349147666512	None	Fixation	(44.98, 165.51)	(349.50, 163.04)	6327.003	1.799805	NaN	NaN	NaN	
6357923744000	6349164332353	None	Fixation	(46.58, 165.57)	(349.66, 163.11)	6327.003	1.816406	NaN	NaN	NaN	
6357940411000	6349180999552	None	Fixation	(44.66, 165.50)	(349.52, 163.03)	6327.003	1.833008	NaN	NaN	NaN	
6357957077000	6349197664965	None	Fixation	(45.39, 165.45)	(350.01, 163.37)	6327.003	1.850098	NaN	NaN	NaN	
6357973744000	6349214331746	None	Fixation	(44.93, 165.52)	(349.94, 163.47)	6327.003	1.866699	NaN	NaN	NaN	
6357990410000	6349230997556	None	Fixation	(45.05, 165.43)	(349.91, 163.57)	6327.003	1.883301	NaN	NaN	NaN	
6358007077000	6349247664360	None	Fixation	(45.57, 165.41)	(349.80, 163.56)	6327.003	1.899902	NaN	NaN	NaN	
6358023743000	6349264330258	None	Fixation	(44.97, 165.21)	(349.94, 163.74)	6327.003	1.916504	NaN	NaN	NaN	
6358040410000	6349280997282	None	Fixation	(45.21, 165.06)	(349.84, 163.77)	6327.003	1.933105	NaN	NaN	NaN	
6358057076000	6349297662783	None	Fixation	(47.47, 164.15)	(350.52, 164.80)	6327.003	1.949707	NaN	NaN	NaN	
6358073745000	6349314332040	None	Saccade	(49.34, 162.20)	(351.23, 167.59)	6328.953	0.01708984	33.25251	1.177723	194.6764	
6358090411000	6349330997447	None	Pursuit	(48.40, 161.96)	(351.31, 167.60)	6328.953	0.03369141	11.94025	0.9755884	189.8777	
6358107076000	6349347662255	None	Pursuit	(50.48, 162.19)	(351.30, 168.07)	6328.953	0.05029297	25.7629	1.473257	223.819	
6358123742000	6349364328631	None	Pursuit	(49.80, 161.80)	(351.00, 167.76)	6328.953	0.06689453	9.614478	1.357875	211.6844	
6358140409000	6349380994810	None	Fixation	(49.85, 161.00)	(351.78, 168.69)	6329.02	0.01660156	NaN	NaN	NaN	
6358157075000	6349397661022	None	Saccade	(52.04, 159.11)	(353.11, 171.76)	6329.036	0.01660156	35.64676	1.374509	192.9628	
6358173744000	6349414329442	None	Pursuit	(55.47, 157.37)	(353.41, 174.26)	6329.036	0.03320313	47.23344	2.74325	224.1094	
6358190410000	6349430995216	None	Pursuit	(55.23, 157.20)	(353.04, 175.15)	6329.036	0.04980469	3.603422	2.702168	221.734	
6358207075000	6349447660023	None	Pursuit	(55.45, 156.99)	(353.26, 175.31)	6329.036	0.06689453	3.692116	2.824326	221.4237	
6358223741000	6349464325817	None	Pursuit	(55.84, 156.83)	(353.52, 175.70)	6329.036	0.08349609	5.213745	2.994089	222.1567	
6358240408000	6349480992651	None	Unknown	(55.94, 156.27)	(353.85, 175.50)	NaN	NaN	NaN	NaN	NaN	
6358257074000	6349497658452	None	Fixation	(56.21, 155.88)	(353.51, 176.05)	6329.136	0.01660156	NaN	NaN	NaN	
6358273741000	6349514325263	None	Fixation	(56.72, 155.87)	(353.71, 176.23)	6329.136	0.03320313	NaN	NaN	NaN	
6358290407000	6349530991036	None	Fixation	(56.73, 155.91)	(353.65, 176.74)	6329.136	0.04980469	NaN	NaN	NaN	
6358307074000	6349547657931	None	Fixation	(56.85, 155.44)	(353.75, 177.58)	6329.136	0.06640625	NaN	NaN	NaN	
6358323740000	6349564323634	None	Fixation	(57.10, 155.31)	(353.80, 177.09)	6329.136	0.08349609	NaN	NaN	NaN	
6358340407000	6349580990446	None	Fixation	(57.99, 155.11)	(353.89, 177.64)	6329.136	0.1000977	NaN	NaN	NaN	
6358357073000	6349597656579	None	Fixation	(57.96, 154.83)	(353.85, 177.64)	6329.136	0.1166992	NaN	NaN	NaN	
6358373740000	6349614323092	None	Fixation	(58.72, 154.78)	(354.06, 177.73)	6329.136	0.1333008	NaN	NaN	NaN	
6358390406000	6349630989175	None	Fixation	(57.78, 154.53)	(354.29, 178.36)	6329.136	0.1499023	NaN	NaN	NaN	
6358407073000	6349647655669	None	Fixation	(59.65, 154.01)	(354.70, 179.04)	6329.136	0.1665039	NaN	NaN	NaN	
6358423739000	6349664321458	None	Saccade	(61.58, 152.40)	(355.45, 181.30)	6329.303	0.01660156	30.87004	1.029001	195.9305	
6358440406000	6349680988702	None	Pursuit	(61.47, 152.21)	(355.05, 181.13)	6329.303	0.03320313	2.773823	1.047498	212.3023	
6358457072000	6349697654108	None	Pursuit	(61.14, 152.09)	(355.09, 182.42)	6329.303	0.05029297	4.296229	0.9937464	204.8428	
6358473739000	6349714321264	None	Unknown	(60.91, 152.13)	(354.90, 182.12)	NaN	NaN	NaN	NaN	NaN	
6358490405000	6349730986717	None	Fixation	(62.23, 151.75)	(355.31, 182.11)	6329.37	0.01660156	NaN	NaN	NaN	
6358507072000	6349747653498	None	Fixation	(61.04, 151.53)	(355.32, 182.47)	6329.37	0.03320313	NaN	NaN	NaN	
6358523738000	6349764319311	None	Fixation	(62.72, 151.58)	(355.54, 182.07)	6329.37	0.04980469	NaN	NaN	NaN	
6358540405000	6349780986133	None	Fixation	(61.56, 151.26)	(355.44, 182.55)	6329.37	0.06640625	NaN	NaN	NaN	
6358557071000	6349797652292	None	Fixation	(61.75, 151.02)	(355.40, 182.91)	6329.37	0.08300781	NaN	NaN	NaN	
6358573740000	6349814320715	None	Fixation	(62.32, 150.85)	(355.62, 183.14)	6329.37	0.1000977	NaN	NaN	NaN	
6358590406000	6349830986593	None	Fixation	(62.04, 150.97)	(355.47, 183.16)	6329.37	0.1166992	NaN	NaN	NaN	
6358607071000	6349847651399	None	Fixation	(62.12, 150.81)	(355.65, 183.17)	6329.37	0.1333008	NaN	NaN	NaN	
6358623737000	6349864317138	None	Fixation	(64.26, 151.07)	(355.51, 183.54)	6329.37	0.1499023	NaN	NaN	NaN	
6358640404000	6349880983943	None	Fixation	(62.56, 150.78)	(355.24, 183.04)	6329.37	0.1665039	NaN	NaN	NaN	
6358657070000	6349897649824	None	Saccade	(57.17, 154.82)	(353.13, 175.76)	6329.536	0.01660156	82.76196	3.1095	198.5069	
6358673737000	6349914316518	None	Saccade	(50.97, 161.36)	(349.69, 169.97)	6329.536	0.03320313	110.9704	6.435372	192.3047	
6358690404000	6349930983911	None	Unknown	(49.71, 162.88)	(349.15, 168.25)	NaN	NaN	NaN	NaN	NaN	
6358707070000	6349947649151	None	Pursuit	(49.57, 162.91)	(349.73, 167.78)	6329.586	0.01708984	1.790252	0.05967507	65.31567	
6358723737000	6349964316475	None	Pursuit	(49.68, 162.34)	(349.89, 167.98)	6329.586	0.03369141	7.09322	0.2204208	163.5279	
6358740404000	6349980983116	None	Unknown	(50.22, 161.94)	(350.04, 167.77)	NaN	NaN	NaN	NaN	NaN	
6358757070000	6349997648964	None	Fixation	(49.85, 162.04)	(349.88, 167.71)	6329.636	0.01660156	NaN	NaN	NaN	
6358773738000	6350014316496	None	Fixation	(49.40, 161.94)	(350.24, 167.87)	6329.636	0.03320313	NaN	NaN	NaN	
6358790404000	6350030982178	None	Fixation	(48.28, 163.11)	(349.41, 166.54)	6329.636	0.04980469	NaN	NaN	NaN	
6358807071000	6350047649005	None	Saccade	(45.54, 166.22)	(348.25, 163.56)	6329.686	0.01660156	51.0792	1.70264	190.0452	
6358823737000	6350064314769	None	Pursuit	(45.86, 166.01)	(348.38, 163.70)	6329.686	0.03369141	4.783272	1.548785	26.9056	
6358840404000	6350080981604	None	Pursuit	(45.45, 166.07)	(348.55, 163.27)	6329.686	0.05029297	5.087528	1.679807	30.73084	
6358857070000	6350097647438	None	Pursuit	(45.12, 165.70)	(348.96, 163.58)	6329.686	0.06689453	6.114501	1.676078	37.69358	
6358873736000	6350114313198	None	Fixation	(44.99, 165.68)	(349.17, 163.24)	6329.753	0.01660156	NaN	NaN	NaN	
6358890403000	6350130980036	None	Fixation	(45.23, 165.46)	(349.42, 163.20)	6329.77	0.01660156	NaN	NaN	NaN	
6358907069000	6350147645865	None	Fixation	(45.08, 165.33)	(349.15, 163.23)	6329.77	0.03320313	NaN	NaN	NaN	
6358923736000	6350164313050	None	Fixation	(45.33, 165.36)	(349.47, 163.33)	6329.77	0.04980469	NaN	NaN	NaN	
6358940402000	6350180978415	None	Fixation	(46.55, 165.53)	(349.72, 163.57)	6329.77	0.06640625	NaN	NaN	NaN	
6358957068000	6350197644310	None	Fixation	(45.17, 165.18)	(349.57, 163.47)	6329.77	0.08349609	NaN	NaN	NaN	
6358973735000	6350214311065	None	Fixation	(46.53, 165.47)	(349.41, 163.18)	6329.77	0.1000977	NaN	NaN	NaN	
6358990402000	6350230977843	None	Fixation	(45.27, 165.36)	(349.43, 163.44)	6329.77	0.1166992	NaN	NaN	NaN	
6359007068000	6350247643629	None	Fixation	(44.96, 165.25)	(349.48, 163.15)	6329.77	0.1333008	NaN	NaN	NaN	
6359023735000	6350264310526	None	Fixation	(45.69, 165.38)	(349.59, 163.21)	6329.77	0.1499023	NaN	NaN	NaN	
6359040401000	6350280976255	None	Fixation	(44.76, 165.32)	(349.50, 163.05)	6329.77	0.1665039	NaN	NaN	NaN	
6359057067000	6350297642042	None	Fixation	(44.68, 165.39)	(349.49, 162.99)	6329.77	0.1831055	NaN	NaN	NaN	
6359073734000	6350314308879	None	Fixation	(45.12, 165.31)	(349.56, 163.06)	6329.77	0.2001953	NaN	NaN	NaN	
6359090401000	6350330975746	None	Fixation	(44.73, 165.15)	(349.56, 162.83)	6329.77	0.2167969	NaN	NaN	NaN	
6359107069000	6350347643545	None	Fixation	(45.05, 165.11)	(349.71, 162.97)	6329.77	0.2333984	NaN	NaN	NaN	
6359123736000	6350364310331	None	Fixation	(44.69, 164.97)	(349.95, 163.14)	6329.77	0.25	NaN	NaN	NaN	
6359140400000	6350380974150	None	Fixation	(44.89, 165.17)	(349.90, 163.22)	6329.77	0.2666016	NaN	NaN	NaN	
6359157067000	6350397640886	None	Fixation	(44.60, 165.03)	(349.93, 163.09)	6329.77	0.2832031	NaN	NaN	NaN	
6359173733000	6350414307082	None	Fixation	(44.71, 165.00)	(349.66, 163.10)	6329.77	0.2998047	NaN	NaN	NaN	
6359190400000	6350430973553	None	Fixation	(45.09, 165.09)	(349.88, 163.00)	6329.77	0.3164063	NaN	NaN	NaN	
6359207068000	6350447641310	None	Fixation	(44.69, 164.93)	(349.75, 163.10)	6329.77	0.3334961	NaN	NaN	NaN	
6359223734000	6350464307109	None	Fixation	(45.33, 164.94)	(349.96, 163.12)	6329.77	0.3500977	NaN	NaN	NaN	
6359240399000	6350480971968	None	Fixation	(44.83, 165.11)	(349.88, 163.34)	6329.77	0.3666992	NaN	NaN	NaN	
6359257066000	6350497638720	None	Fixation	(47.34, 165.15)	(349.92, 163.06)	6329.77	0.3833008	NaN	NaN	NaN	
6359273731000	6350514304290	None	Fixation	(44.93, 164.85)	(349.87, 163.19)	6329.77	0.3999023	NaN	NaN	NaN	
6359290398000	6350530970742	None	Fixation	(45.07, 165.03)	(349.90, 163.21)	6329.77	0.4165039	NaN	NaN	NaN	
6359307064000	6350547636503	None	Fixation	(45.35, 164.98)	(349.94, 163.22)	6329.77	0.4331055	NaN	NaN	NaN	
6359323731000	6350564302925	None	Fixation	(45.22, 165.12)	(349.98, 163.13)	6329.77	0.4501953	NaN	NaN	NaN	
6359340399000	6350580970726	None	Fixation	(44.58, 165.04)	(349.67, 162.95)	6329.77	0.4667969	NaN	NaN	NaN	
6359357066000	6350597638130	None	Fixation	(44.56, 164.95)	(349.93, 163.09)	6329.77	0.4833984	NaN	NaN	NaN	
6359373732000	6350614303357	None	Fixation	(44.68, 165.01)	(349.94, 163.04)	6329.77	0.5	NaN	NaN	NaN	
6359390399000	6350630970125	None	Fixation	(44.47, 166.00)	(349.19, 162.26)	6329.77	0.5166016	NaN	NaN	NaN	
6359407063000	6350647633956	None	Fixation	(44.63, 165.82)	(349.37, 162.65)	6329.77	0.5332031	NaN	NaN	NaN	
6359423730000	6350664300777	None	Fixation	(44.69, 165.72)	(349.31, 162.51)	6329.77	0.5498047	NaN	NaN	NaN	
6359440396000	6350680966572	None	Fixation	(46.50, 165.70)	(349.48, 162.80)	6329.77	0.5664063	NaN	NaN	NaN	
6359457063000	6350697633443	None	Fixation	(44.67, 165.40)	(349.51, 162.73)	6329.77	0.5834961	NaN	NaN	NaN	
6359473730000	6350714300237	None	Fixation	(45.80, 165.56)	(349.59, 162.78)	6329.77	0.6000977	NaN	NaN	NaN	
6359490397000	6350730966980	None	Fixation	(45.86, 165.63)	(349.48, 162.68)	6329.77	0.6166992	NaN	NaN	NaN	
6359507062000	6350747631867	None	Fixation	(44.47, 165.33)	(349.42, 162.70)	6329.77	0.6333008	NaN	NaN	NaN	
6359523729000	6350764298622	None	Fixation	(45.10, 165.85)	(349.35, 162.82)	6329.77	0.6499023	NaN	NaN	NaN	
6359540395000	6350780964375	None	Fixation	(44.83, 165.58)	(349.32, 162.64)	6329.77	0.6665039	NaN	NaN	NaN	
6359557062000	6350797631267	None	Fixation	(45.09, 165.68)	(349.26, 162.65)	6329.77	0.6831055	NaN	NaN	NaN	
6359573728000	6350814297004	None	Fixation	(44.97, 165.79)	(349.31, 162.93)	6329.77	0.7001953	NaN	NaN	NaN	
6359590395000	6350830963888	None	Fixation	(45.02, 165.69)	(349.18, 162.82)	6329.77	0.7167969	NaN	NaN	NaN	
6359607061000	6350847629615	None	WinkRight	(45.97, 166.58)	(349.38, 163.68)	NaN	NaN	NaN	NaN	NaN	
6359623728000	6350864296473	None	Blink	(46.67, 168.24)	(349.19, 165.84)	NaN	NaN	NaN	NaN	NaN	
6359640394000	6350880962254	None	Blink	(45.11, 163.80)	(348.55, 168.24)	NaN	NaN	NaN	NaN	NaN	
6359657061000	6350897629243	None	Blink	(46.84, 170.11)	(344.82, 173.25)	NaN	NaN	NaN	NaN	NaN	
6359673729000	6350914296869	None	Blink	(44.59, 167.30)	(343.77, 171.55)	NaN	NaN	NaN	NaN	NaN	
6359690396000	6350930963677	None	Blink	(48.24, 172.37)	(335.67, 166.70)	NaN	NaN	NaN	NaN	NaN	
6359707060000	6350947627415	None	Blink	(45.08, 167.06)	(349.16, 164.40)	NaN	NaN	NaN	NaN	NaN	
6359723727000	6350964294660	None	Blink	(43.58, 166.87)	(349.98, 163.23)	NaN	NaN	NaN	NaN	NaN	
6359740396000	6350980963083	None	Blink	(43.97, 166.26)	(350.42, 163.19)	NaN	NaN	NaN	NaN	NaN	
6359757063000	6350997629906	None	Blink	(44.52, 166.44)	(349.62, 162.83)	NaN	NaN	NaN	NaN	NaN	
6359773726000	6351014292931	None	Blink	(44.04, 166.37)	(349.79, 162.95)	NaN	NaN	NaN	NaN	NaN	
6359790393000	6351030959754	None	Blink	(44.16, 166.02)	(349.77, 162.41)	NaN	NaN	NaN	NaN	NaN	
6359807061000	6351047627283	None	Blink	(45.67, 166.31)	(349.81, 162.23)	NaN	NaN	NaN	NaN	NaN	
6359823728000	6351064294057	None	Blink	(45.07, 165.87)	(350.01, 162.05)	NaN	NaN	NaN	NaN	NaN	
6359840394000	6351080959882	None	WinkLeft	(45.51, 165.75)	(350.13, 162.12)	NaN	NaN	NaN	NaN	NaN	
6359857061000	6351097626729	None	Fixation	(45.25, 165.48)	(350.07, 162.07)	6329.77	0.9833984	NaN	NaN	NaN	
6359873726000	6351114291495	None	Fixation	(44.09, 165.59)	(349.96, 162.36)	6329.77	1	NaN	NaN	NaN	
6359890392000	6351130957313	None	Fixation	(44.91, 165.34)	(349.71, 162.50)	6329.77	1.016602	NaN	NaN	NaN	
6359907058000	6351147623088	None	Fixation	(45.61, 164.95)	(349.98, 163.11)	6329.77	1.033203	NaN	NaN	NaN	
6359923725000	6351164290003	None	Fixation	(46.72, 165.05)	(349.99, 163.02)	6329.77	1.049805	NaN	NaN	NaN	
6359940391000	6351180955701	None	Fixation	(45.32, 165.00)	(349.85, 163.01)	6329.77	1.066406	NaN	NaN	NaN	
6359957058000	6351197622540	None	Fixation	(45.10, 164.95)	(350.05, 163.10)	6329.77	1.083496	NaN	NaN	NaN	
6359973724000	6351214288386	None	Fixation	(45.04, 164.99)	(350.07, 163.05)	6329.77	1.100098	NaN	NaN	NaN	
6359990391000	6351230955129	None	Fixation	(44.83, 164.75)	(350.19, 163.27)	6329.77	1.116699	NaN	NaN	NaN	
6360007058000	6351247621919	None	Fixation	(46.32, 164.90)	(350.59, 163.39)	6329.77	1.133301	NaN	NaN	NaN	
6360023724000	6351264288061	None	Fixation	(44.76, 164.68)	(350.91, 163.22)	6329.77	1.149902	NaN	NaN	NaN	
6360040390000	6351280953523	None	Fixation	(46.22, 164.57)	(351.05, 163.41)	6329.77	1.166504	NaN	NaN	NaN	
6360057057000	6351297620658	None	Fixation	(44.39, 164.50)	(351.43, 163.45)	6329.77	1.183105	NaN	NaN	NaN	
6360073725000	6351314288633	None	Fixation	(44.12, 164.36)	(351.57, 163.41)	6329.77	1.199707	NaN	NaN	NaN	
6360090392000	6351330955368	None	Fixation	(44.30, 164.45)	(352.17, 163.74)	6329.77	1.216797	NaN	NaN	NaN	
6360107057000	6351347619752	None	Fixation	(45.25, 164.27)	(352.25, 163.46)	6329.77	1.233398	NaN	NaN	NaN	
6360123723000	6351364285923	None	Fixation	(43.79, 164.13)	(352.72, 163.39)	6329.77	1.25	NaN	NaN	NaN	
6360140390000	6351380952900	None	Fixation	(41.82, 163.76)	(354.90, 163.56)	6329.77	1.266602	NaN	NaN	NaN	
6360157056000	6351397618595	None	Saccade	(41.79, 163.55)	(355.63, 163.79)	6331.036	0.01660156	2.604303	0.3161359	139.4908	
6360173723000	6351414285259	None	Pursuit	(41.17, 163.47)	(356.11, 163.89)	6331.036	0.03320313	7.727115	0.2932627	100.7975	
6360190390000	6351430952102	None	Pursuit	(41.90, 163.44)	(356.77, 163.95)	6331.036	0.04980469	8.169002	0.7852142	115.0465	
6360207055000	6351447616572	None	Fixation	(41.19, 162.84)	(356.81, 163.95)	6331.086	0.01708984	NaN	NaN	NaN	
6360223721000	6351464282451	None	Fixation	(41.08, 162.71)	(356.92, 164.01)	6331.086	0.03369141	NaN	NaN	NaN	
6360240388000	6351480949244	None	Fixation	(40.28, 162.70)	(357.32, 164.22)	6331.086	0.05029297	NaN	NaN	NaN	
6360257054000	6351497615092	None	Fixation	(40.72, 162.37)	(356.96, 164.01)	6331.086	0.06689453	NaN	NaN	NaN	
6360273721000	6351514281842	None	Fixation	(40.35, 162.44)	(357.70, 164.30)	6331.086	0.08349609	NaN	NaN	NaN	
6360290387000	6351530947597	None	Fixation	(41.08, 162.30)	(357.70, 164.10)	6331.086	0.1000977	NaN	NaN	NaN	
6360307053000	6351547613386	None	Fixation	(41.27, 162.44)	(358.04, 164.26)	6331.086	0.1166992	NaN	NaN	NaN	
6360323720000	6351564280229	None	Fixation	(40.17, 162.30)	(358.42, 164.17)	6331.086	0.1333008	NaN	NaN	NaN	
6360340387000	6351580947216	None	Fixation	(39.81, 162.01)	(358.26, 164.01)	6331.086	0.1503906	NaN	NaN	NaN	
6360357053000	6351597612873	None	Fixation	(39.99, 162.09)	(358.68, 164.07)	6331.086	0.1669922	NaN	NaN	NaN	
6360373720000	6351614279682	None	Fixation	(40.08, 161.87)	(358.66, 164.14)	6331.086	0.1835938	NaN	NaN	NaN	
6360390386000	6351630945439	None	Fixation	(39.64, 162.08)	(358.60, 164.09)	6331.086	0.2001953	NaN	NaN	NaN	
6360407053000	6351647612225	None	Fixation	(39.20, 161.84)	(358.87, 164.06)	6331.086	0.2167969	NaN	NaN	NaN	
6360423719000	6351664278103	None	Fixation	(39.32, 161.75)	(358.72, 163.97)	6331.086	0.2333984	NaN	NaN	NaN	
6360440386000	6351680945125	None	Fixation	(39.39, 161.99)	(358.86, 164.18)	6331.086	0.25	NaN	NaN	NaN	
6360457052000	6351697610938	None	Fixation	(40.02, 161.95)	(358.48, 163.96)	6331.086	0.2670898	NaN	NaN	NaN	
6360473719000	6351714277468	None	Fixation	(40.47, 162.89)	(356.64, 163.60)	6331.086	0.2836914	NaN	NaN	NaN	
6360490385000	6351730943293	None	Saccade	(42.47, 164.00)	(352.51, 163.50)	6331.37	0.01660156	28.13668	1.694794	285.299	
6360507052000	6351747610195	None	Pursuit	(46.25, 165.12)	(351.56, 163.78)	6331.37	0.03320313	48.42655	2.537452	278.1194	
6360523718000	6351764275929	None	Pursuit	(45.34, 164.90)	(351.38, 163.60)	6331.37	0.04980469	11.46331	2.159461	279.4891	
6360540385000	6351780942715	None	Pursuit	(45.89, 164.56)	(351.32, 163.54)	6331.37	0.06640625	8.032742	2.326744	274.1432	
6360557051000	6351797608480	None	Pursuit	(44.69, 164.33)	(351.26, 163.51)	6331.37	0.08300781	15.08526	1.827472	275.8052	
6360573718000	6351814275319	None	Fixation	(45.57, 164.29)	(351.59, 163.27)	6331.453	0.01660156	NaN	NaN	NaN	
6360590384000	6351830941132	None	Fixation	(44.22, 164.02)	(351.34, 163.01)	6331.469	0.01708984	NaN	NaN	NaN	
6360607051000	6351847607937	None	Fixation	(45.71, 164.02)	(351.49, 163.25)	6331.469	0.03369141	NaN	NaN	NaN	
6360623717000	6351864273690	None	Fixation	(45.70, 164.07)	(351.62, 163.34)	6331.469	0.05029297	NaN	NaN	NaN	
6360640384000	6351880940543	None	Fixation	(43.87, 164.14)	(351.46, 163.06)	6331.469	0.06689453	NaN	NaN	NaN	
6360657050000	6351897606346	None	Fixation	(45.54, 164.09)	(351.67, 163.25)	6331.469	0.08349609	NaN	NaN	NaN	
6360673719000	6351914275143	None	Fixation	(44.51, 164.13)	(351.37, 162.92)	6331.469	0.1000977	NaN	NaN	NaN	
6360690385000	6351930941335	None	Fixation	(45.45, 164.18)	(351.64, 163.03)	6331.469	0.1166992	NaN	NaN	NaN	
6360707050000	6351947605715	None	Fixation	(44.76, 164.33)	(351.47, 163.04)	6331.469	0.1337891	NaN	NaN	NaN	
6360723716000	6351964271570	None	Fixation	(44.93, 164.11)	(351.44, 162.99)	6331.469	0.1503906	NaN	NaN	NaN	
6360740383000	6351980938328	None	Fixation	(43.99, 164.04)	(351.64, 162.99)	6331.469	0.1669922	NaN	NaN	NaN	
6360757049000	6351997604199	None	Fixation	(44.35, 164.91)	(350.81, 162.73)	6331.469	0.1835938	NaN	NaN	NaN	
6360773716000	6352014270975	None	Fixation	(44.73, 165.74)	(349.17, 162.74)	6331.469	0.2001953	NaN	NaN	NaN	
6360790382000	6352030936760	None	Fixation	(46.19, 165.89)	(349.71, 162.85)	6331.469	0.2167969	NaN	NaN	NaN	
6360807051000	6352047605582	None	Fixation	(46.01, 165.40)	(349.46, 162.92)	6331.469	0.2333984	NaN	NaN	NaN	
6360823717000	6352064271740	None	Fixation	(45.25, 165.81)	(349.48, 163.04)	6331.469	0.25	NaN	NaN	NaN	
6360840382000	6352080936152	None	Fixation	(46.05, 165.46)	(349.42, 163.01)	6331.469	0.2670898	NaN	NaN	NaN	
6360857048000	6352097602226	None	Fixation	(45.46, 165.56)	(349.77, 162.99)	6331.469	0.2836914	NaN	NaN	NaN	
6360873717000	6352114270809	None	Fixation	(45.86, 165.49)	(349.36, 163.11)	6331.469	0.300293	NaN	NaN	NaN	
6360890383000	6352130936933	None	Fixation	(45.99, 165.53)	(349.33, 163.23)	6331.469	0.3168945	NaN	NaN	NaN	
6360907048000	6352147601396	None	Fixation	(46.28, 165.23)	(349.59, 163.29)	6331.469	0.3334961	NaN	NaN	NaN	
6360923715000	6352164268172	None	Fixation	(46.19, 165.42)	(349.57, 163.18)	6331.469	0.3500977	NaN	NaN	NaN	
6360940381000	6352180934014	None	Fixation	(45.34, 165.48)	(349.52, 163.14)	6331.469	0.3666992	NaN	NaN	NaN	
6360957047000	6352197599838	None	Fixation	(46.11, 165.43)	(349.54, 163.06)	6331.469	0.3837891	NaN	NaN	NaN	
6360973714000	6352214266599	None	Fixation	(45.71, 165.81)	(349.62, 163.01)	6331.469	0.4003906	NaN	NaN	NaN	
6360990380000	6352230932429	None	Fixation	(46.62, 165.34)	(349.62, 162.98)	6331.469	0.4169922	NaN	NaN	NaN	
6361007047000	6352247599224	None	Fixation	(44.58, 165.56)	(349.48, 162.99)	6331.469	0.4335938	NaN	NaN	NaN	
6361023713000	6352264264999	None	Fixation	(45.78, 165.44)	(349.63, 162.92)	6331.469	0.4501953	NaN	NaN	NaN	
6361040380000	6352280932170	None	Fixation	(45.38, 165.76)	(349.55, 162.82)	6331.469	0.4667969	NaN	NaN	NaN	
6361057046000	6352297597648	None	Fixation	(45.34, 165.55)	(349.53, 162.75)	6331.469	0.4833984	NaN	NaN	NaN	
6361073713000	6352314264457	None	Fixation	(44.60, 165.55)	(349.78, 162.92)	6331.469	0.5	NaN	NaN	NaN	
6361090379000	6352330930229	None	Fixation	(44.69, 165.83)	(349.81, 162.84)	6331.469	0.5170898	NaN	NaN	NaN	
6361107046000	6352347597064	None	Fixation	(45.74, 165.29)	(349.68, 162.86)	6331.469	0.5336914	NaN	NaN	NaN	
6361123712000	6352364262848	None	Fixation	(44.48, 165.38)	(349.72, 162.91)	6331.469	0.550293	NaN	NaN	NaN	
6361140379000	6352380929986	None	Fixation	(45.62, 165.29)	(349.89, 163.01)	6331.469	0.5668945	NaN	NaN	NaN	
6361157046000	6352397596474	None	Fixation	(45.34, 165.16)	(349.84, 162.95)	6331.469	0.5834961	NaN	NaN	NaN	
6361173712000	6352414262284	None	Fixation	(45.57, 165.16)	(349.88, 163.00)	6331.469	0.6000977	NaN	NaN	NaN	
6361190378000	6352430928090	None	Fixation	(46.38, 165.13)	(349.77, 162.97)	6331.469	0.6166992	NaN	NaN	NaN	
6361207045000	6352447594912	None	Fixation	(44.12, 165.36)	(349.73, 162.93)	6331.469	0.6337891	NaN	NaN	NaN	
6361223712000	6352464261670	None	Fixation	(45.45, 165.37)	(349.69, 162.89)	6331.469	0.6503906	NaN	NaN	NaN	
6361240378000	6352480927516	None	Fixation	(45.44, 165.40)	(349.83, 162.80)	6331.469	0.6669922	NaN	NaN	NaN	
6361257045000	6352497594270	None	Fixation	(44.83, 165.40)	(349.66, 162.82)	6331.469	0.6835938	NaN	NaN	NaN	
6361273711000	6352514260116	None	Fixation	(45.47, 165.39)	(349.79, 162.70)	6331.469	0.7001953	NaN	NaN	NaN	
6361290378000	6352530926908	None	Fixation	(44.22, 165.17)	(349.73, 162.74)	6331.469	0.7167969	NaN	NaN	NaN	
6361307044000	6352547592712	None	Fixation	(44.68, 165.36)	(350.00, 162.94)	6331.469	0.7333984	NaN	NaN	NaN	
6361323710000	6352564258513	None	Fixation	(44.83, 165.33)	(349.95, 162.87)	6331.469	0.75	NaN	NaN	NaN	
6361340377000	6352580925337	None	Fixation	(45.85, 165.35)	(349.77, 162.74)	6331.469	0.7670898	NaN	NaN	NaN	
6361340377000	6352580925302	None	Fixation	(45.85, 165.35)	(349.77, 162.74)	6331.469	0.7670898	NaN	NaN	NaN	
6361357044000	6352597592125	None	Fixation	(46.06, 165.25)	(349.62, 163.23)	6331.469	0.7836914	NaN	NaN	NaN	
6361390377000	6352630925076	None	Fixation	(44.77, 164.93)	(349.82, 163.26)	6331.469	0.8168945	NaN	NaN	NaN	
6361407043000	6352647590757	None	Fixation	(46.25, 164.97)	(349.85, 163.25)	6331.469	0.8334961	NaN	NaN	NaN	
6361407043000	6352647590705	None	Fixation	(46.25, 164.97)	(349.85, 163.25)	6331.469	0.8334961	NaN	NaN	NaN	
6361423710000	6352664257682	None	Fixation	(45.08, 164.90)	(349.70, 163.01)	6331.469	0.8500977	NaN	NaN	NaN	
6361440376000	6352680923135	None	Fixation	(46.37, 164.98)	(349.73, 163.16)	6331.469	0.8666992	NaN	NaN	NaN	
6361457043000	6352697589939	None	Fixation	(45.91, 164.98)	(350.01, 163.10)	6331.469	0.8837891	NaN	NaN	NaN	
6361473709000	6352714255744	None	Fixation	(44.86, 164.77)	(349.78, 163.02)	6331.469	0.9003906	NaN	NaN	NaN	
6361490376000	6352730922558	None	Fixation	(46.35, 165.09)	(349.78, 162.94)	6331.469	0.9169922	NaN	NaN	NaN	
6361507044000	6352747590376	None	Fixation	(46.00, 165.13)	(349.91, 163.13)	6331.469	0.9335938	NaN	NaN	NaN	
6361523711000	6352764257169	None	Fixation	(46.08, 164.97)	(349.80, 163.09)	6331.469	0.9501953	NaN	NaN	NaN	
6361557043000	6352797588784	None	Fixation	(45.55, 165.05)	(349.54, 162.98)	6331.469	0.9833984	NaN	NaN	NaN	
6361557043000	6352797589163	None	Fixation	(45.55, 165.05)	(349.54, 162.98)	6331.469	0.9833984	NaN	NaN	NaN	
6361573708000	6352814253575	None	Fixation	(45.73, 165.11)	(349.67, 162.97)	6331.469	1	NaN	NaN	NaN	
6361590375000	6352830920395	None	Fixation	(45.87, 164.97)	(349.59, 162.91)	6331.469	1.01709	NaN	NaN	NaN	
6361607041000	6352847586208	None	Fixation	(46.01, 165.22)	(349.68, 163.20)	6331.469	1.033691	NaN	NaN	NaN	
6361623708000	6352864252985	None	Fixation	(46.20, 164.99)	(349.54, 163.11)	6331.469	1.050293	NaN	NaN	NaN	
6361640373000	6352880917800	None	Fixation	(48.40, 165.09)	(349.73, 163.35)	6331.469	1.066895	NaN	NaN	NaN	
6361657040000	6352897584911	None	Fixation	(45.82, 165.32)	(349.68, 163.07)	6331.469	1.083496	NaN	NaN	NaN	
6361673706000	6352914250420	None	Fixation	(45.54, 165.17)	(349.48, 163.06)	6331.469	1.100098	NaN	NaN	NaN	
6361690373000	6352930917227	None	Fixation	(45.79, 165.18)	(349.79, 163.03)	6331.469	1.116699	NaN	NaN	NaN	
6361707039000	6352947583054	None	Fixation	(44.97, 165.30)	(349.64, 163.09)	6331.469	1.133789	NaN	NaN	NaN	
6361723706000	6352964249839	None	Fixation	(45.05, 165.08)	(349.77, 163.16)	6331.469	1.150391	NaN	NaN	NaN	
6361740372000	6352980915648	None	Fixation	(45.90, 165.42)	(349.65, 163.08)	6331.469	1.166992	NaN	NaN	NaN	
6361757039000	6352997582439	None	Fixation	(45.20, 165.99)	(349.63, 163.07)	6331.469	1.183594	NaN	NaN	NaN	
6361773705000	6353014248255	None	Fixation	(44.98, 165.33)	(349.66, 163.04)	6331.469	1.200195	NaN	NaN	NaN	
6361790372000	6353030915039	None	Fixation	(45.73, 165.34)	(349.79, 163.08)	6331.469	1.216797	NaN	NaN	NaN	
6361807039000	6353047582155	None	Fixation	(45.64, 165.41)	(349.71, 163.00)	6331.469	1.233398	NaN	NaN	NaN	
6361823706000	6353064248664	None	Fixation	(44.86, 165.39)	(349.48, 163.15)	6331.469	1.25	NaN	NaN	NaN	
6361840373000	6353080915575	None	Fixation	(46.24, 165.26)	(349.63, 163.18)	6331.469	1.26709	NaN	NaN	NaN	
6361857040000	6353097582273	None	Fixation	(45.59, 165.44)	(349.76, 163.25)	6331.469	1.283691	NaN	NaN	NaN	
6361873704000	6353114246064	None	Fixation	(45.09, 165.40)	(349.58, 163.04)	6331.469	1.300293	NaN	NaN	NaN	
6361890371000	6353130912890	None	Fixation	(45.17, 165.45)	(349.78, 163.29)	6331.469	1.316895	NaN	NaN	NaN	
6361907037000	6353147578694	None	Fixation	(44.92, 165.20)	(349.78, 163.17)	6331.469	1.333496	NaN	NaN	NaN	
6361923704000	6353164245504	None	Fixation	(45.68, 165.38)	(349.96, 163.44)	6331.469	1.350098	NaN	NaN	NaN	
6361940370000	6353180911304	None	Fixation	(45.93, 165.41)	(349.57, 163.07)	6331.469	1.366699	NaN	NaN	NaN	
6361957037000	6353197578104	None	Fixation	(45.30, 165.37)	(349.68, 163.09)	6331.469	1.383789	NaN	NaN	NaN	
6361973703000	6353214243933	None	Fixation	(45.91, 165.59)	(349.80, 163.26)	6331.469	1.400391	NaN	NaN	NaN	
6361990370000	6353230910803	None	Fixation	(45.17, 165.39)	(349.82, 163.28)	6331.469	1.416992	NaN	NaN	NaN	
6362007036000	6353247576538	None	Fixation	(44.98, 165.24)	(349.83, 163.25)	6331.469	1.433594	NaN	NaN	NaN	
6362023703000	6353264243351	None	Fixation	(45.30, 165.18)	(349.56, 163.39)	6331.469	1.450195	NaN	NaN	NaN	
6362040369000	6353280909111	None	Fixation	(45.26, 165.26)	(349.82, 163.33)	6331.469	1.466797	NaN	NaN	NaN	
6362057036000	6353297576338	None	Fixation	(45.66, 165.36)	(349.80, 163.35)	6331.469	1.483398	NaN	NaN	NaN	
6362073703000	6353314243000	None	Fixation	(45.52, 165.34)	(349.76, 163.57)	6331.469	1.5	NaN	NaN	NaN	
6362090370000	6353330910070	None	Fixation	(45.93, 165.26)	(349.38, 163.84)	6331.469	1.51709	NaN	NaN	NaN	
6362107035000	6353347574332	None	Fixation	(47.28, 165.27)	(349.36, 163.52)	6331.469	1.533691	NaN	NaN	NaN	
6362123702000	6353364241169	None	Fixation	(46.77, 165.22)	(349.35, 163.59)	6331.469	1.550293	NaN	NaN	NaN	
6362140370000	6353380908994	None	Fixation	(47.17, 165.28)	(349.17, 163.65)	6331.469	1.566895	NaN	NaN	NaN	
6362157037000	6353397575774	None	Fixation	(45.83, 165.30)	(349.40, 163.76)	6331.469	1.583496	NaN	NaN	NaN	
6362173701000	6353414239667	None	Fixation	(46.70, 165.15)	(349.23, 163.59)	6331.469	1.600098	NaN	NaN	NaN	
6362190368000	6353430906386	None	Fixation	(47.25, 165.28)	(349.24, 163.41)	6331.469	1.616699	NaN	NaN	NaN	
6362207034000	6353447572180	None	Fixation	(45.89, 165.06)	(349.14, 163.59)	6331.469	1.633789	NaN	NaN	NaN	
6362223701000	6353464238983	None	Fixation	(45.84, 165.17)	(349.42, 163.37)	6331.469	1.650391	NaN	NaN	NaN	
6362240367000	6353480904780	None	Fixation	(45.65, 165.25)	(349.38, 163.36)	6331.469	1.666992	NaN	NaN	NaN	
6362257034000	6353497571613	None	Fixation	(46.21, 165.18)	(349.22, 163.39)	6331.469	1.683594	NaN	NaN	NaN	
6362273700000	6353514237408	None	Fixation	(46.59, 165.37)	(349.51, 163.37)	6331.469	1.700195	NaN	NaN	NaN	
6362290367000	6353530904198	None	Fixation	(45.31, 165.35)	(349.30, 163.22)	6331.469	1.716797	NaN	NaN	NaN	
6362307033000	6353547570080	None	Fixation	(45.36, 165.19)	(349.28, 163.34)	6331.469	1.733398	NaN	NaN	NaN	
6362323700000	6353564236824	None	Fixation	(45.95, 165.20)	(349.28, 163.12)	6331.469	1.75	NaN	NaN	NaN	
6362340366000	6353580902612	None	Fixation	(46.55, 165.14)	(349.30, 163.15)	6331.469	1.76709	NaN	NaN	NaN	
6362357033000	6353597569478	None	Fixation	(46.03, 165.23)	(349.31, 163.04)	6331.469	1.783691	NaN	NaN	NaN	
6362373699000	6353614235246	None	Fixation	(45.55, 165.31)	(349.35, 163.14)	6331.469	1.800293	NaN	NaN	NaN	
6362390366000	6353630902041	None	Fixation	(45.75, 165.29)	(349.48, 163.05)	6331.469	1.816895	NaN	NaN	NaN	
6362407033000	6353647568831	None	Fixation	(46.07, 165.06)	(349.62, 162.95)	6331.469	1.833496	NaN	NaN	NaN	
6362423699000	6353664234689	None	Fixation	(45.02, 164.91)	(349.57, 163.17)	6331.469	1.850098	NaN	NaN	NaN	
6362440366000	6353680901447	None	Fixation	(45.97, 165.30)	(349.40, 162.90)	6331.469	1.866699	NaN	NaN	NaN	
6362457032000	6353697567273	None	Fixation	(45.22, 164.87)	(349.47, 163.04)	6331.469	1.883789	NaN	NaN	NaN	
6362473699000	6353714234057	None	Fixation	(45.76, 165.26)	(349.52, 163.07)	6331.469	1.900391	NaN	NaN	NaN	
6362490365000	6353730899879	None	Fixation	(46.34, 165.24)	(349.39, 163.00)	6331.469	1.916992	NaN	NaN	NaN	
6362507033000	6353747567701	None	Fixation	(45.04, 165.22)	(349.51, 162.96)	6331.469	1.933594	NaN	NaN	NaN	
6362523700000	6353764234480	None	Fixation	(45.04, 165.38)	(349.61, 162.92)	6331.469	1.950195	NaN	NaN	NaN	
6362540364000	6353780898299	None	Fixation	(44.85, 165.23)	(349.50, 163.03)	6331.469	1.966797	NaN	NaN	NaN	
6362557031000	6353797565094	None	Fixation	(45.32, 165.49)	(349.62, 162.92)	6331.469	1.983398	NaN	NaN	NaN	
6362573698000	6353814231915	None	Fixation	(44.59, 165.19)	(349.58, 162.91)	6331.469	2	NaN	NaN	NaN	
6362590364000	6353830897702	None	Fixation	(44.87, 165.37)	(349.59, 162.99)	6331.469	2.01709	NaN	NaN	NaN	
6362607031000	6353847564535	None	Fixation	(44.68, 165.43)	(349.51, 162.85)	6331.469	2.033691	NaN	NaN	NaN	
6362623697000	6353864230583	None	Fixation	(45.00, 165.55)	(349.54, 162.86)	6331.469	2.050293	NaN	NaN	NaN	
6362640365000	6353880898125	None	Fixation	(45.17, 165.44)	(348.94, 162.85)	6331.469	2.066895	NaN	NaN	NaN	
6362657032000	6353897564922	None	Fixation	(45.03, 165.79)	(349.16, 162.79)	6331.469	2.083496	NaN	NaN	NaN	
6362673697000	6353914230069	None	Fixation	(45.16, 165.72)	(349.06, 162.61)	6331.469	2.100098	NaN	NaN	NaN	
6362690363000	6353930895541	None	Fixation	(44.60, 167.30)	(347.40, 161.80)	6331.469	2.116699	NaN	NaN	NaN	
6362707030000	6353947562342	None	Saccade	(46.09, 169.07)	(344.72, 161.36)	6333.586	0.01708984	28.35302	1.112369	299.5952	
6362723696000	6353964228149	None	Pursuit	(46.42, 169.24)	(344.83, 161.21)	6333.586	0.03369141	4.612659	1.088811	303.9167	
6362740363000	6353980894966	None	Pursuit	(46.39, 169.12)	(344.32, 161.18)	6333.586	0.05029297	1.500361	1.046715	302.4674	
6362757029000	6353997560774	None	Unknown	(45.86, 169.23)	(344.11, 161.15)	NaN	NaN	NaN	NaN	NaN	
6362773697000	6354014228566	None	Fixation	(45.54, 169.61)	(344.28, 160.90)	6333.653	0.01660156	NaN	NaN	NaN	
6362790364000	6354030895380	None	Fixation	(46.41, 169.79)	(343.59, 160.43)	6333.653	0.03320313	NaN	NaN	NaN	
6362807029000	6354047560200	None	Fixation	(46.11, 171.36)	(341.83, 159.59)	6333.653	0.04980469	NaN	NaN	NaN	
6362823695000	6354064225986	None	Saccade	(46.60, 174.05)	(338.84, 158.51)	6333.703	0.01660156	33.61671	1.299557	319.7755	
6362840362000	6354080892777	None	Pursuit	(46.93, 173.79)	(338.79, 158.46)	6333.703	0.03369141	5.223715	1.0501	328.3466	
6362857029000	6354097559594	None	Pursuit	(47.01, 174.23)	(338.23, 158.07)	6333.703	0.05029297	5.533519	1.232994	329.5505	
6362873696000	6354114226427	None	Pursuit	(47.50, 174.75)	(337.94, 158.15)	6333.703	0.06689453	3.618962	1.697098	303.3456	
6362890363000	6354130893203	None	Fixation	(47.28, 175.15)	(338.02, 157.89)	6333.77	0.01660156	NaN	NaN	NaN	
6362907029000	6354147559049	None	Saccade	(50.79, 175.69)	(337.46, 157.47)	6333.786	0.01660156	43.71661	1.45722	265.8006	
6362923695000	6354164224829	None	Fixation	(46.62, 175.08)	(336.95, 157.44)	6333.786	0.03320313	NaN	NaN	NaN	
6362940362000	6354180891648	None	Fixation	(46.96, 175.53)	(336.96, 157.57)	6333.786	0.04980469	NaN	NaN	NaN	
6362957028000	6354197557408	None	Pursuit	(47.13, 176.02)	(336.48, 157.06)	6333.836	0.01708984	6.428702	0.2142901	327.9135	
6362973695000	6354214224250	None	Pursuit	(47.71, 176.35)	(336.18, 156.91)	6333.836	0.03369141	8.080371	0.4529706	304.8035	
6362990361000	6354230890048	None	Fixation	(46.95, 176.19)	(335.78, 156.88)	6333.786	0.1000977	NaN	NaN	NaN	
6363007028000	6354247556851	None	Fixation	(46.90, 176.40)	(335.43, 156.87)	6333.886	0.01660156	NaN	NaN	NaN	
6363023694000	6354264222657	None	Fixation	(47.04, 176.47)	(335.29, 156.65)	6333.886	0.03320313	NaN	NaN	NaN	
6363040361000	6354280889495	None	Fixation	(47.20, 176.80)	(334.98, 156.58)	6333.886	0.04980469	NaN	NaN	NaN	
6363057027000	6354297555779	None	Fixation	(47.04, 177.48)	(334.39, 156.32)	6333.886	0.06640625	NaN	NaN	NaN	
6363073694000	6354314222082	None	Fixation	(47.36, 177.57)	(334.19, 156.09)	6333.886	0.08300781	NaN	NaN	NaN	
6363090360000	6354330887856	None	Fixation	(47.29, 178.10)	(333.65, 155.92)	6333.886	0.1000977	NaN	NaN	NaN	
6363107029000	6354347556922	None	Fixation	(46.94, 177.58)	(333.52, 155.96)	6333.886	0.1166992	NaN	NaN	NaN	
6363123695000	6354364222502	None	Fixation	(47.23, 178.04)	(333.36, 155.79)	6333.886	0.1333008	NaN	NaN	NaN	
6363140360000	6354380887318	None	Fixation	(47.71, 179.00)	(332.11, 155.36)	6333.886	0.1499023	NaN	NaN	NaN	
6363157026000	6354397553063	None	Fixation	(47.74, 179.83)	(330.70, 155.12)	6333.886	0.1665039	NaN	NaN	NaN	
6363173695000	6354414221891	None	Fixation	(48.55, 180.43)	(330.77, 155.12)	6333.886	0.1831055	NaN	NaN	NaN	
6363190361000	6354430887698	None	Fixation	(48.36, 180.70)	(330.18, 154.89)	6333.886	0.199707	NaN	NaN	NaN	
6363207026000	6354447552514	None	Fixation	(48.24, 181.09)	(330.03, 154.81)	6333.886	0.2163086	NaN	NaN	NaN	
6363223692000	6354464218331	None	Fixation	(48.52, 180.63)	(329.67, 154.47)	6333.886	0.2333984	NaN	NaN	NaN	
6363240359000	6354480885131	None	Fixation	(48.93, 180.75)	(329.21, 154.33)	6333.886	0.25	NaN	NaN	NaN	
6363257025000	6354497550959	None	Fixation	(48.67, 180.73)	(329.17, 154.48)	6333.886	0.2666016	NaN	NaN	NaN	
6363273692000	6354514218252	None	Fixation	(48.74, 181.96)	(328.68, 154.26)	6333.886	0.2832031	NaN	NaN	NaN	
6363290358000	6354530883869	None	Fixation	(48.73, 182.43)	(328.42, 154.08)	6333.886	0.2998047	NaN	NaN	NaN	
6363307025000	6354547550619	None	Fixation	(49.03, 182.25)	(328.41, 154.07)	6333.886	0.3164063	NaN	NaN	NaN	
6363323691000	6354564216147	None	Fixation	(49.34, 181.95)	(327.93, 153.97)	6333.886	0.3330078	NaN	NaN	NaN	
6363340360000	6354580884946	None	Fixation	(48.92, 183.09)	(327.82, 153.73)	6333.886	0.3500977	NaN	NaN	NaN	
6363357026000	6354597550766	None	Fixation	(49.31, 182.84)	(327.58, 153.98)	6333.886	0.3666992	NaN	NaN	NaN	
6363373691000	6354614215567	None	Fixation	(49.13, 183.36)	(327.49, 153.73)	6333.886	0.3833008	NaN	NaN	NaN	
6363390357000	6354630881398	None	Fixation	(49.07, 183.53)	(327.46, 153.68)	6333.886	0.3999023	NaN	NaN	NaN	
6363407024000	6354647548191	None	Fixation	(48.99, 183.31)	(327.14, 153.45)	6333.886	0.4165039	NaN	NaN	NaN	
6363423690000	6354664213959	None	Fixation	(49.14, 183.52)	(326.80, 153.41)	6333.886	0.4331055	NaN	NaN	NaN	
6363440357000	6354680880791	None	Fixation	(49.27, 183.40)	(326.71, 153.37)	6333.886	0.449707	NaN	NaN	NaN	
6363457023000	6354697546588	None	Fixation	(49.15, 183.38)	(327.11, 153.63)	6333.886	0.4663086	NaN	NaN	NaN	
6363473690000	6354714213407	None	Saccade	(48.07, 176.28)	(335.31, 156.72)	6334.353	0.01708984	88.35323	3.592515	141.0123	
6363490356000	6354730879191	None	Saccade	(47.54, 170.77)	(343.13, 161.92)	6334.353	0.03369141	68.15309	7.396818	145.0357	
6363507023000	6354747546028	None	Unknown	(47.22, 168.10)	(346.32, 164.35)	NaN	NaN	NaN	NaN	NaN	
6363523689000	6354764212091	None	Pursuit	(47.06, 167.86)	(347.35, 164.41)	6334.403	0.01660156	3.546257	0.1182086	134.1187	
6363540356000	6354780878875	None	Pursuit	(47.00, 167.45)	(347.77, 163.92)	6334.403	0.03320313	5.034981	0.2799548	148.261	
6363557022000	6354797544406	None	Pursuit	(46.75, 167.16)	(347.71, 163.86)	6334.403	0.04980469	4.674091	0.4289307	140.7134	
6363573691000	6354814213279	None	Unknown	(46.52, 167.15)	(347.52, 163.93)	NaN	NaN	NaN	NaN	NaN	
6363590357000	6354830879121	None	Fixation	(46.11, 167.38)	(347.56, 163.69)	6334.469	0.01708984	NaN	NaN	NaN	
6363607022000	6354847543887	None	Fixation	(46.48, 167.16)	(347.76, 163.61)	6334.469	0.03369141	NaN	NaN	NaN	
6363623688000	6354864209892	None	Fixation	(46.29, 167.28)	(347.63, 163.51)	6334.469	0.05029297	NaN	NaN	NaN	
6363640355000	6354880876498	None	Fixation	(46.22, 167.11)	(347.68, 163.21)	6334.469	0.06689453	NaN	NaN	NaN	
6363657021000	6354897542257	None	Fixation	(45.91, 166.97)	(347.69, 163.21)	6334.469	0.08349609	NaN	NaN	NaN	
6363673688000	6354914209066	None	Fixation	(45.73, 167.37)	(347.92, 163.18)	6334.469	0.1000977	NaN	NaN	NaN	
6363690355000	6354930875889	None	Fixation	(45.89, 167.10)	(347.97, 163.15)	6334.469	0.1166992	NaN	NaN	NaN	
6363707021000	6354947541653	None	Fixation	(46.08, 166.81)	(347.94, 163.04)	6334.469	0.1333008	NaN	NaN	NaN	
6363723688000	6354964208481	None	Fixation	(46.07, 166.95)	(348.16, 163.25)	6334.469	0.1503906	NaN	NaN	NaN	
6363740354000	6354980874293	None	Fixation	(45.23, 165.77)	(349.77, 163.42)	6334.469	0.1669922	NaN	NaN	NaN	
6363757021000	6354997541062	None	Fixation	(45.28, 165.63)	(349.63, 163.58)	6334.469	0.1835938	NaN	NaN	NaN	
6363773687000	6355014206943	None	Fixation	(45.03, 165.82)	(349.66, 163.53)	6334.469	0.2001953	NaN	NaN	NaN	
6363790353000	6355030872684	None	Fixation	(45.11, 165.98)	(349.77, 163.44)	6334.469	0.2167969	NaN	NaN	NaN	
6363807020000	6355047539523	None	Fixation	(45.26, 165.86)	(349.67, 163.17)	6334.469	0.2333984	NaN	NaN	NaN	
6363823686000	6355064205505	None	Fixation	(45.23, 165.83)	(349.61, 163.38)	6334.469	0.25	NaN	NaN	NaN	
6363840353000	6355080872405	None	Fixation	(45.13, 165.85)	(349.41, 163.33)	6334.469	0.2670898	NaN	NaN	NaN	
6363857019000	6355097537912	None	Fixation	(45.00, 165.74)	(349.70, 163.38)	6334.469	0.2836914	NaN	NaN	NaN	
6363873686000	6355114204729	None	Fixation	(45.29, 165.64)	(349.64, 163.34)	6334.469	0.300293	NaN	NaN	NaN	
6363890352000	6355130870535	None	Fixation	(45.33, 165.47)	(349.49, 163.19)	6334.469	0.3168945	NaN	NaN	NaN	
6363907019000	6355147537358	None	Fixation	(45.83, 165.81)	(349.52, 163.15)	6334.469	0.3334961	NaN	NaN	NaN	
6363923685000	6355164203846	None	Fixation	(45.05, 165.55)	(349.50, 163.13)	6334.469	0.3500977	NaN	NaN	NaN	
6363940352000	6355180869945	None	Fixation	(45.75, 165.69)	(349.41, 162.77)	6334.469	0.3666992	NaN	NaN	NaN	
6363957019000	6355197536787	None	Fixation	(45.43, 165.44)	(349.53, 162.93)	6334.469	0.3833008	NaN	NaN	NaN	
6363973685000	6355214202578	None	Fixation	(45.50, 165.40)	(349.42, 162.85)	6334.469	0.4003906	NaN	NaN	NaN	
6363990352000	6355230869379	None	Fixation	(47.01, 165.50)	(349.27, 162.87)	6334.469	0.4169922	NaN	NaN	NaN	
6364007018000	6355247535186	None	Fixation	(46.10, 165.31)	(349.43, 162.92)	6334.469	0.4335938	NaN	NaN	NaN	
6364023685000	6355264201954	None	Fixation	(45.45, 165.16)	(349.33, 162.84)	6334.469	0.4501953	NaN	NaN	NaN	
6364040351000	6355280867987	None	Fixation	(46.31, 165.35)	(349.48, 162.92)	6334.469	0.4667969	NaN	NaN	NaN	
6364073684000	6355314200919	None	Fixation	(45.48, 165.25)	(349.10, 162.66)	6334.469	0.5	NaN	NaN	NaN	
6364073684000	6355314200391	None	Fixation	(45.48, 165.25)	(349.10, 162.66)	6334.469	0.5	NaN	NaN	NaN	
6364090351000	6355330867614	None	Fixation	(45.42, 165.34)	(349.43, 162.73)	6334.469	0.5170898	NaN	NaN	NaN	
6364107017000	6355347533340	None	Fixation	(45.37, 165.34)	(349.11, 162.63)	6334.469	0.5336914	NaN	NaN	NaN	
6364123684000	6355364200144	None	Fixation	(45.27, 165.41)	(349.32, 162.56)	6334.469	0.550293	NaN	NaN	NaN	
6364140350000	6355380865658	None	Fixation	(44.89, 165.44)	(349.28, 162.64)	6334.469	0.5668945	NaN	NaN	NaN	
6364157017000	6355397532725	None	Fixation	(45.20, 165.62)	(349.46, 162.52)	6334.469	0.5834961	NaN	NaN	NaN	
6364173683000	6355414198408	None	Fixation	(45.71, 165.73)	(349.38, 162.71)	6334.469	0.6000977	NaN	NaN	NaN	
6364190349000	6355430864032	None	Fixation	(45.83, 166.11)	(349.40, 163.44)	6334.469	0.6166992	NaN	NaN	NaN	
6364207016000	6355447531257	None	WinkRight	(45.87, 168.53)	(349.14, 166.74)	NaN	NaN	NaN	NaN	NaN	
6364240349000	6355480863616	None	Blink	(53.29, 174.42)	(0.00, 0.00)	NaN	NaN	NaN	NaN	NaN	
6364257016000	6355497530805	None	Blink	(49.77, 175.15)	(0.00, 0.00)	NaN	NaN	NaN	NaN	NaN	
6364273681000	6355514195548	None	Blink	(48.19, 169.18)	(344.99, 193.15)	NaN	NaN	NaN	NaN	NaN	
6364290348000	6355530862060	None	Blink	(47.66, 169.74)	(333.19, 164.30)	NaN	NaN	NaN	NaN	NaN	
6364290348000	6355530861869	None	Blink	(47.66, 169.74)	(333.19, 164.30)	NaN	NaN	NaN	NaN	NaN	
6364307015000	6355547528680	None	Blink	(44.16, 165.23)	(350.52, 164.02)	NaN	NaN	NaN	NaN	NaN	
6364323682000	6355564195459	None	Blink	(44.74, 166.32)	(352.44, 159.89)	NaN	NaN	NaN	NaN	NaN	
6364340349000	6355580862290	None	Blink	(44.62, 166.62)	(349.84, 163.92)	NaN	NaN	NaN	NaN	NaN	
6364357015000	6355597528083	None	Blink	(44.66, 166.23)	(350.16, 164.09)	NaN	NaN	NaN	NaN	NaN	
6364373680000	6355614192904	None	Blink	(44.68, 166.11)	(350.08, 163.71)	NaN	NaN	NaN	NaN	NaN	
6364390347000	6355630859691	None	Blink	(44.51, 165.98)	(350.02, 163.44)	NaN	NaN	NaN	NaN	NaN	
6364407013000	6355647525575	None	WinkLeft	(44.26, 165.98)	(350.10, 163.42)	NaN	NaN	NaN	NaN	NaN	
6364423680000	6355664192327	None	Fixation	(44.43, 165.87)	(350.20, 163.57)	6334.469	0.8500977	NaN	NaN	NaN	
6364440345000	6355680857623	None	Fixation	(44.47, 165.87)	(350.39, 163.57)	6334.469	0.8666992	NaN	NaN	NaN	
6364457012000	6355697523902	None	Fixation	(44.51, 165.47)	(350.36, 163.68)	6334.469	0.8833008	NaN	NaN	NaN	
6364473678000	6355714189740	None	Fixation	(44.46, 165.44)	(350.19, 163.46)	6334.469	0.9003906	NaN	NaN	NaN	
6364490345000	6355730856571	None	Fixation	(44.58, 165.49)	(350.14, 163.20)	6334.469	0.9169922	NaN	NaN	NaN	
6364507013000	6355747524330	None	Fixation	(46.68, 165.70)	(349.94, 163.29)	6334.469	0.9335938	NaN	NaN	NaN	
6364523680000	6355764191136	None	Fixation	(44.63, 165.31)	(350.02, 163.44)	6334.469	0.9501953	NaN	NaN	NaN	
6364540344000	6355780855426	None	Fixation	(44.83, 165.53)	(350.03, 163.29)	6334.469	0.9667969	NaN	NaN	NaN	
6364573678000	6355814188730	None	Fixation	(44.68, 165.63)	(349.49, 163.18)	6334.469	1	NaN	NaN	NaN	
6364590345000	6355830855591	None	Fixation	(45.03, 165.88)	(349.46, 163.01)	6334.469	1.01709	NaN	NaN	NaN	
6364607010000	6355847520375	None	Fixation	(45.01, 165.59)	(349.42, 162.98)	6334.469	1.033691	NaN	NaN	NaN	
6364623677000	6355864187186	None	Fixation	(44.77, 165.93)	(349.56, 163.17)	6334.469	1.050293	NaN	NaN	NaN	
6364640343000	6355880853450	None	Fixation	(45.54, 165.84)	(349.40, 163.19)	6334.469	1.066895	NaN	NaN	NaN	
6364657010000	6355897519785	None	Fixation	(44.76, 165.70)	(349.62, 163.36)	6334.469	1.083496	NaN	NaN	NaN	
6364673677000	6355914186575	None	Fixation	(45.09, 165.75)	(349.85, 163.46)	6334.469	1.100098	NaN	NaN	NaN	
6364673677000	6355914186414	None	Fixation	(45.09, 165.75)	(349.85, 163.46)	6334.469	1.100098	NaN	NaN	NaN	
6364707009000	6355947518207	None	Fixation	(45.18, 165.79)	(349.83, 163.48)	6334.469	1.133301	NaN	NaN	NaN	
6364723676000	6355964185024	None	Fixation	(44.95, 165.57)	(349.87, 163.50)	6334.469	1.150391	NaN	NaN	NaN	
6364740344000	6355980852804	None	Fixation	(45.17, 165.79)	(349.84, 163.38)	6334.469	1.166992	NaN	NaN	NaN	
6364757011000	6355997519613	None	Fixation	(44.80, 165.69)	(349.93, 163.44)	6334.469	1.183594	NaN	NaN	NaN	
6364773675000	6356014183425	None	Fixation	(45.37, 165.77)	(349.77, 163.36)	6334.469	1.200195	NaN	NaN	NaN	
6364790342000	6356030850227	None	Fixation	(45.06, 165.69)	(349.69, 163.32)	6334.469	1.216797	NaN	NaN	NaN	
6364807008000	6356047516085	None	Fixation	(45.90, 165.76)	(349.67, 163.36)	6334.469	1.233398	NaN	NaN	NaN	
6364823675000	6356064182844	None	Fixation	(45.13, 165.78)	(349.76, 163.36)	6334.469	1.25	NaN	NaN	NaN	
6364840341000	6356080848966	None	Fixation	(45.13, 165.66)	(349.81, 163.30)	6334.469	1.26709	NaN	NaN	NaN	
6364857008000	6356097515468	None	Fixation	(45.91, 165.70)	(349.66, 163.23)	6334.469	1.283691	NaN	NaN	NaN	
6364873674000	6356114181272	None	Fixation	(45.25, 165.78)	(349.92, 163.30)	6334.469	1.300293	NaN	NaN	NaN	
6364890341000	6356130848069	None	Fixation	(45.07, 165.85)	(349.70, 163.32)	6334.469	1.316895	NaN	NaN	NaN	
6364907007000	6356147513855	None	Fixation	(45.52, 165.67)	(349.45, 163.45)	6334.469	1.333496	NaN	NaN	NaN	
6364923674000	6356164180689	None	Fixation	(45.87, 165.73)	(349.67, 163.70)	6334.469	1.350098	NaN	NaN	NaN	
6364940340000	6356180846516	None	Fixation	(46.30, 165.58)	(349.20, 163.83)	6334.469	1.366699	NaN	NaN	NaN	
6364957007000	6356197513282	None	Saccade	(49.62, 165.00)	(347.89, 165.88)	6335.836	0.01660156	41.5064	1.383547	246.9836	
6364973673000	6356214179074	None	Saccade	(50.25, 165.50)	(346.87, 165.64)	6335.853	0.01708984	12.89119	0.4297063	296.1234	
6364990340000	6356230845936	None	Pursuit	(50.46, 165.35)	(346.90, 165.81)	6335.836	0.05029297	3.179284	1.708495	253.7366	
6365007008000	6356247514078	None	Pursuit	(50.71, 165.29)	(346.68, 165.98)	6335.836	0.06689453	3.085679	1.809917	253.1788	
6365023675000	6356264180588	None	Fixation	(50.65, 165.24)	(346.70, 165.88)	6335.903	0.01660156	NaN	NaN	NaN	
6365040339000	6356280844331	None	Fixation	(50.81, 164.81)	(346.57, 165.96)	6335.919	0.01660156	NaN	NaN	NaN	
6365057006000	6356297511113	None	Fixation	(51.07, 165.13)	(346.34, 166.11)	6335.919	0.03320313	NaN	NaN	NaN	
6365057006000	6356297510936	None	Fixation	(51.07, 165.13)	(346.34, 166.11)	6335.919	0.03320313	NaN	NaN	NaN	
6365090339000	6356330843733	None	Fixation	(51.52, 165.19)	(346.17, 166.58)	6335.919	0.06689453	NaN	NaN	NaN	
6365107005000	6356347509546	None	Fixation	(52.45, 165.11)	(345.76, 166.26)	6335.919	0.08349609	NaN	NaN	NaN	
6365123672000	6356364176324	None	Fixation	(52.19, 165.14)	(345.61, 166.39)	6335.919	0.1000977	NaN	NaN	NaN	
6365140338000	6356380842651	None	Fixation	(52.49, 165.01)	(345.48, 166.36)	6335.919	0.1166992	NaN	NaN	NaN	
6365157005000	6356397508971	None	Fixation	(52.40, 165.10)	(344.99, 166.63)	6335.919	0.1333008	NaN	NaN	NaN	
6365173671000	6356414174767	None	Fixation	(54.31, 164.93)	(344.06, 167.74)	6335.919	0.1499023	NaN	NaN	NaN	
6365190338000	6356430842020	None	Fixation	(54.40, 165.01)	(344.00, 167.70)	6335.919	0.1665039	NaN	NaN	NaN	
6365207004000	6356447507985	None	Fixation	(54.76, 165.16)	(343.58, 167.85)	6335.919	0.1831055	NaN	NaN	NaN	
6365223671000	6356464174378	None	Fixation	(54.90, 165.07)	(343.49, 167.76)	6335.919	0.2001953	NaN	NaN	NaN	
6365240338000	6356480841417	None	Fixation	(54.75, 164.92)	(343.31, 167.93)	6335.919	0.2167969	NaN	NaN	NaN	
6365257004000	6356497506771	None	Fixation	(55.11, 165.17)	(343.34, 167.74)	6335.919	0.2333984	NaN	NaN	NaN	
6365273672000	6356514175046	None	Fixation	(55.81, 164.90)	(343.31, 168.03)	6335.919	0.25	NaN	NaN	NaN	
6365290339000	6356530841704	None	Fixation	(55.41, 165.18)	(343.03, 167.84)	6335.919	0.2666016	NaN	NaN	NaN	
6365307003000	6356547505220	None	Fixation	(55.34, 165.05)	(343.07, 167.92)	6335.919	0.2832031	NaN	NaN	NaN	
6365323670000	6356564172028	None	Fixation	(55.19, 164.86)	(342.78, 168.08)	6335.919	0.2998047	NaN	NaN	NaN	
6365340338000	6356580839820	None	Fixation	(55.58, 165.03)	(342.87, 168.05)	6335.919	0.3168945	NaN	NaN	NaN	
6365357005000	6356597506621	None	Fixation	(55.65, 164.76)	(342.74, 168.06)	6335.919	0.3334961	NaN	NaN	NaN	
6365373670000	6356614171743	None	Fixation	(55.82, 165.12)	(342.69, 168.01)	6335.919	0.3500977	NaN	NaN	NaN	
6365390336000	6356630837255	None	Fixation	(55.77, 165.02)	(342.68, 168.03)	6335.919	0.3666992	NaN	NaN	NaN	
6365407003000	6356647504061	None	Fixation	(55.99, 165.00)	(342.67, 168.05)	6335.919	0.3833008	NaN	NaN	NaN	
6365423669000	6356664170263	None	Fixation	(55.78, 164.90)	(342.55, 168.05)	6335.919	0.3999023	NaN	NaN	NaN	
6365440336000	6356680836672	None	Fixation	(56.12, 164.88)	(342.35, 168.19)	6335.919	0.4165039	NaN	NaN	NaN	
6365457002000	6356697502443	None	Fixation	(55.92, 164.83)	(342.30, 168.20)	6335.919	0.4331055	NaN	NaN	NaN	
6365473669000	6356714169292	None	Fixation	(56.25, 165.02)	(342.16, 168.12)	6335.919	0.4501953	NaN	NaN	NaN	
6365490335000	6356730835087	None	Fixation	(56.54, 164.91)	(342.12, 168.21)	6335.919	0.4667969	NaN	NaN	NaN	
6365507002000	6356747501881	None	Fixation	(57.45, 164.81)	(342.25, 168.20)	6335.919	0.4833984	NaN	NaN	NaN	
6365523668000	6356764167681	None	Fixation	(56.55, 164.80)	(342.23, 168.25)	6335.919	0.5	NaN	NaN	NaN	
6365540336000	6356780835499	None	Fixation	(56.12, 164.67)	(342.31, 168.32)	6335.919	0.5166016	NaN	NaN	NaN	
6365557003000	6356797502270	None	Fixation	(56.16, 164.85)	(341.91, 168.17)	6335.919	0.5332031	NaN	NaN	NaN	
6365573668000	6356814167105	None	Fixation	(56.14, 164.79)	(341.96, 168.31)	6335.919	0.5498047	NaN	NaN	NaN	
6365590334000	6356830832977	None	Fixation	(57.54, 164.90)	(342.04, 168.37)	6335.919	0.5668945	NaN	NaN	NaN	
6365607003000	6356847501700	None	Fixation	(56.12, 164.57)	(342.05, 168.16)	6335.919	0.5834961	NaN	NaN	NaN	
6365623669000	6356864167589	None	Fixation	(56.14, 164.58)	(342.06, 168.29)	6335.919	0.6000977	NaN	NaN	NaN	
6365640334000	6356880832344	None	Fixation	(56.60, 164.88)	(342.04, 168.02)	6335.919	0.6166992	NaN	NaN	NaN	
6365657000000	6356897498113	None	Fixation	(56.16, 164.89)	(342.14, 167.87)	6335.919	0.6333008	NaN	NaN	NaN	
6365673668000	6356914165928	None	Fixation	(55.46, 164.82)	(342.35, 167.57)	6335.919	0.6499023	NaN	NaN	NaN	
6365690335000	6356930832729	None	Saccade	(50.94, 166.06)	(344.59, 164.04)	6336.569	0.01660156	57.63381	1.921127	53.54044	
6365706999000	6356947496749	None	Unknown	(48.34, 166.66)	(345.67, 164.47)	NaN	NaN	NaN	NaN	NaN	
6365723666000	6356964163871	None	Pursuit	(48.84, 166.80)	(346.04, 164.51)	6336.603	0.01708984	6.398127	0.2132709	272.1039	
6365740333000	6356980830324	None	Pursuit	(48.80, 166.14)	(346.64, 164.50)	6336.603	0.03369141	8.077625	0.2845372	208.4955	
6365756999000	6356997496047	None	Unknown	(47.79, 165.78)	(346.87, 163.98)	NaN	NaN	NaN	NaN	NaN	
6365773666000	6357014162796	None	Fixation	(48.06, 165.80)	(346.57, 163.82)	6336.653	0.01660156	NaN	NaN	NaN	
6365790332000	6357030828577	None	Fixation	(48.07, 166.10)	(346.77, 164.02)	6336.653	0.03320313	NaN	NaN	NaN	
6365806999000	6357047495389	None	Fixation	(48.54, 165.76)	(346.96, 163.93)	6336.653	0.04980469	NaN	NaN	NaN	
6365823665000	6357064161220	None	Fixation	(48.16, 165.58)	(347.29, 163.78)	6336.653	0.06640625	NaN	NaN	NaN	
6365840332000	6357080828295	None	Fixation	(45.63, 165.34)	(349.40, 163.33)	6336.653	0.08349609	NaN	NaN	NaN	
6365856998000	6357097493787	None	Saccade	(44.43, 165.75)	(349.88, 163.18)	6336.736	0.01660156	15.6223	0.5207434	71.62908	
6365873665000	6357114160609	None	Pursuit	(44.54, 165.79)	(349.73, 163.16)	6336.736	0.03320313	1.44916	0.4840188	54.75812	
6365873665000	6357114160418	None	Pursuit	(44.54, 165.79)	(349.73, 163.16)	6336.736	0.03320313	1.44916	0.4840188	54.75812	
6365906998000	6357147493222	None	Fixation	(44.19, 165.30)	(350.17, 163.01)	6336.77	0.03320313	NaN	NaN	NaN	
6365923664000	6357164159113	None	Fixation	(43.85, 165.66)	(350.20, 163.08)	6336.803	0.01660156	NaN	NaN	NaN	
6365940331000	6357180825821	None	Fixation	(45.30, 165.35)	(350.04, 162.99)	6336.803	0.03320313	NaN	NaN	NaN	
6365956997000	6357197491644	None	Fixation	(44.23, 165.25)	(350.16, 162.73)	6336.803	0.04980469	NaN	NaN	NaN	
6365973664000	6357214158442	None	Fixation	(44.75, 165.19)	(350.15, 162.86)	6336.803	0.06689453	NaN	NaN	NaN	
6365973664000	6357214158318	None	Fixation	(44.75, 165.19)	(350.15, 162.86)	6336.803	0.06689453	NaN	NaN	NaN	
6366006997000	6357247491036	None	Fixation	(46.79, 165.20)	(349.87, 162.64)	6336.803	0.1000977	NaN	NaN	NaN	
6366023663000	6357264156884	None	Fixation	(44.74, 165.24)	(350.12, 162.83)	6336.803	0.1166992	NaN	NaN	NaN	
6366040330000	6357280823670	None	Fixation	(44.62, 165.31)	(350.17, 162.73)	6336.803	0.1333008	NaN	NaN	NaN	
6366056996000	6357297489479	None	Fixation	(44.26, 165.34)	(350.31, 162.86)	6336.803	0.1499023	NaN	NaN	NaN	
6366073664000	6357314157681	None	Fixation	(44.03, 165.28)	(350.22, 162.74)	6336.803	0.1665039	NaN	NaN	NaN	
6366090331000	6357330824103	None	Fixation	(44.00, 165.55)	(350.35, 162.54)	6336.803	0.1835938	NaN	NaN	NaN	
6366106996000	6357347489286	None	Fixation	(44.15, 165.43)	(350.32, 162.67)	6336.803	0.2001953	NaN	NaN	NaN	
6366123662000	6357364155120	None	Fixation	(44.12, 165.35)	(350.25, 162.41)	6336.803	0.2167969	NaN	NaN	NaN	
6366140331000	6357380823825	None	Fixation	(43.92, 165.42)	(350.25, 162.42)	6336.803	0.2333984	NaN	NaN	NaN	
6366156997000	6357397489712	None	Fixation	(44.15, 165.26)	(350.29, 162.40)	6336.803	0.25	NaN	NaN	NaN	
6366173664000	6357414156122	None	Fixation	(44.28, 165.29)	(349.79, 162.53)	6336.803	0.2666016	NaN	NaN	NaN	
6366190330000	6357430822540	None	Fixation	(44.33, 165.20)	(350.20, 162.57)	6336.803	0.2832031	NaN	NaN	NaN	
6366206995000	6357447487020	None	Fixation	(44.36, 165.34)	(350.22, 162.72)	6336.803	0.2998047	NaN	NaN	NaN	
6366223661000	6357464152989	None	Fixation	(45.01, 165.25)	(350.18, 162.72)	6336.803	0.3168945	NaN	NaN	NaN	
6366240328000	6357480820143	None	Fixation	(45.08, 165.33)	(350.10, 162.84)	6336.803	0.3334961	NaN	NaN	NaN	
6366256994000	6357497485251	None	Fixation	(45.79, 165.14)	(349.97, 163.07)	6336.803	0.3500977	NaN	NaN	NaN	
6366273661000	6357514151966	None	Fixation	(47.66, 164.45)	(349.56, 164.38)	6336.803	0.3666992	NaN	NaN	NaN	
6366290327000	6357530817790	None	Saccade	(49.22, 164.68)	(347.97, 165.69)	6337.169	0.01660156	19.34301	0.8494626	254.5084	
6366306996000	6357547486562	None	Pursuit	(49.60, 164.36)	(347.92, 166.07)	6337.169	0.03320313	6.083528	0.7941507	254.4996	
6366323662000	6357564152347	None	Pursuit	(50.49, 164.53)	(347.50, 165.91)	6337.169	0.04980469	11.07179	1.156899	258.563	
6366340329000	6357580819199	None	Unknown	(49.71, 164.33)	(347.38, 166.16)	NaN	NaN	NaN	NaN	NaN	
6366356995000	6357597485041	None	Fixation	(49.52, 164.14)	(347.58, 165.92)	6337.236	0.01660156	NaN	NaN	NaN	
6366373660000	6357614149779	None	Fixation	(49.74, 164.15)	(347.31, 165.89)	6337.236	0.03320313	NaN	NaN	NaN	
6366390326000	6357630815599	None	Fixation	(50.45, 163.99)	(346.95, 166.28)	6337.236	0.04980469	NaN	NaN	NaN	
6366406993000	6357647482381	None	Fixation	(50.64, 164.23)	(346.82, 166.33)	6337.236	0.06640625	NaN	NaN	NaN	
6366423659000	6357664148214	None	Fixation	(50.84, 164.32)	(346.65, 166.82)	6337.236	0.08300781	NaN	NaN	NaN	
6366440326000	6357680815016	None	Fixation	(51.38, 163.74)	(346.21, 167.15)	6337.236	0.09960938	NaN	NaN	NaN	
6366456992000	6357697480823	None	Fixation	(52.73, 163.53)	(345.72, 167.91)	6337.236	0.1162109	NaN	NaN	NaN	
6366473659000	6357714147874	None	Fixation	(52.88, 163.49)	(345.52, 167.96)	6337.236	0.1333008	NaN	NaN	NaN	
6366490325000	6357730813835	None	Fixation	(52.98, 163.46)	(345.41, 167.84)	6337.236	0.1499023	NaN	NaN	NaN	
6366506992000	6357747480498	None	Fixation	(53.45, 163.48)	(345.10, 168.04)	6337.236	0.1665039	NaN	NaN	NaN	
6366523658000	6357764146592	None	Fixation	(53.47, 163.43)	(345.39, 167.88)	6337.236	0.1831055	NaN	NaN	NaN	
6366540325000	6357780813284	None	Fixation	(53.34, 163.41)	(345.15, 168.29)	6337.236	0.199707	NaN	NaN	NaN	
6366556992000	6357797480100	None	Fixation	(53.60, 163.33)	(345.25, 167.94)	6337.236	0.2163086	NaN	NaN	NaN	
6366573658000	6357814145718	None	Fixation	(54.15, 163.26)	(345.09, 167.86)	6337.236	0.2329102	NaN	NaN	NaN	
6366590324000	6357830811585	None	Fixation	(56.58, 163.09)	(343.40, 170.20)	6337.236	0.2495117	NaN	NaN	NaN	
6366606991000	6357847478060	None	Saccade	(58.84, 163.97)	(341.32, 171.74)	6337.486	0.01708984	29.89699	1.062536	262.3742	
6366623657000	6357864143962	None	Pursuit	(58.98, 163.64)	(341.36, 171.68)	6337.486	0.03369141	4.48946	1.01036	269.7891	
6366640324000	6357880810713	None	Pursuit	(59.61, 163.66)	(340.91, 171.53)	6337.486	0.05029297	7.755898	1.265064	267.5432	
6366656991000	6357897477892	None	Unknown	(59.46, 163.79)	(340.91, 171.66)	NaN	NaN	NaN	NaN	NaN	
6366673657000	6357914143303	None	Fixation	(59.13, 163.17)	(341.02, 171.44)	6337.553	0.01660156	NaN	NaN	NaN	
6366690323000	6357930809100	None	Fixation	(59.42, 163.26)	(341.00, 171.13)	6337.553	0.03320313	NaN	NaN	NaN	
6366706990000	6357947475921	None	Fixation	(59.68, 163.30)	(340.72, 171.17)	6337.553	0.04980469	NaN	NaN	NaN	
6366723656000	6357964141713	None	Fixation	(59.36, 163.21)	(340.94, 171.32)	6337.553	0.06689453	NaN	NaN	NaN	
6366740325000	6357980810512	None	Fixation	(56.26, 163.23)	(342.45, 169.31)	6337.553	0.08349609	NaN	NaN	NaN	
6366756991000	6357997476398	None	Saccade	(50.87, 163.97)	(346.56, 166.54)	6337.636	0.01660156	66.9726	2.23242	69.08571	
6366773658000	6358014143253	None	Unknown	(46.42, 165.32)	(348.97, 164.55)	NaN	NaN	NaN	NaN	NaN	
6366790324000	6358030808947	None	Pursuit	(43.89, 166.53)	(350.02, 163.20)	6337.669	0.01660156	34.47263	1.149087	51.33949	
6366806991000	6358047475752	None	Pursuit	(44.12, 165.99)	(350.70, 162.94)	6337.669	0.03320313	7.253463	0.9824223	60.79591	
6366823657000	6358064141820	None	Pursuit	(43.11, 165.22)	(350.79, 162.37)	6337.669	0.04980469	15.54326	1.356683	78.64915	
6366840322000	6358080806359	None	Unknown	(43.31, 165.31)	(350.42, 162.60)	NaN	NaN	NaN	NaN	NaN	
6366856989000	6358097473164	None	Fixation	(43.95, 165.69)	(350.54, 162.54)	6337.736	0.01708984	NaN	NaN	NaN	
6366873657000	6358114140947	None	Fixation	(43.37, 165.17)	(350.80, 162.39)	6337.736	0.03369141	NaN	NaN	NaN	
6366890323000	6358130806851	None	Fixation	(43.65, 165.24)	(350.84, 162.28)	6337.736	0.05029297	NaN	NaN	NaN	
6366906988000	6358147471846	None	Fixation	(43.15, 165.06)	(350.73, 162.14)	6337.736	0.06689453	NaN	NaN	NaN	
6366923655000	6358164138374	None	Fixation	(43.78, 165.42)	(351.03, 162.25)	6337.736	0.08349609	NaN	NaN	NaN	
6366940321000	6358180804176	None	Fixation	(42.99, 165.56)	(351.03, 162.31)	6337.736	0.1000977	NaN	NaN	NaN	
6366956988000	6358197471008	None	Fixation	(43.35, 165.12)	(350.99, 162.15)	6337.736	0.1166992	NaN	NaN	NaN	
6366973654000	6358214136824	None	Fixation	(43.44, 165.20)	(351.10, 162.20)	6337.736	0.1337891	NaN	NaN	NaN	
6366990320000	6358230802636	None	Fixation	(43.64, 165.22)	(351.24, 162.34)	6337.736	0.1503906	NaN	NaN	NaN	
6367006987000	6358247469411	None	Fixation	(43.29, 165.16)	(351.27, 162.26)	6337.736	0.1669922	NaN	NaN	NaN	
6367023654000	6358264136228	None	Fixation	(43.87, 165.07)	(351.41, 162.18)	6337.736	0.1835938	NaN	NaN	NaN	
6367040322000	6358280804039	None	Fixation	(42.73, 165.12)	(351.19, 162.29)	6337.736	0.2001953	NaN	NaN	NaN	
6367056989000	6358297470866	None	Fixation	(44.03, 166.27)	(350.34, 162.33)	6337.736	0.2167969	NaN	NaN	NaN	
6367073654000	6358314135701	None	Fixation	(43.64, 166.04)	(350.60, 162.54)	6337.736	0.2333984	NaN	NaN	NaN	
6367090320000	6358330801432	None	Fixation	(43.47, 166.09)	(350.28, 162.61)	6337.736	0.25	NaN	NaN	NaN	
6367106987000	6358347468236	None	Fixation	(43.75, 165.91)	(350.28, 162.68)	6337.736	0.2670898	NaN	NaN	NaN	
6367123654000	6358364135101	None	Fixation	(43.78, 166.03)	(350.41, 162.60)	6337.736	0.2836914	NaN	NaN	NaN	
6367140320000	6358380800883	None	Fixation	(44.31, 166.05)	(350.55, 162.46)	6337.736	0.300293	NaN	NaN	NaN	
6367156987000	6358397467681	None	Fixation	(43.86, 165.95)	(350.31, 162.77)	6337.736	0.3168945	NaN	NaN	NaN	
6367173653000	6358414133829	None	Fixation	(44.01, 166.10)	(350.02, 162.55)	6337.736	0.3334961	NaN	NaN	NaN	
6367190320000	6358430800683	None	Fixation	(43.78, 165.98)	(350.26, 162.44)	6337.736	0.3500977	NaN	NaN	NaN	
6367206986000	6358447466867	None	Fixation	(43.71, 166.14)	(350.21, 162.46)	6337.736	0.3666992	NaN	NaN	NaN	
6367223653000	6358464132904	None	Fixation	(43.51, 166.11)	(350.23, 162.41)	6337.736	0.3837891	NaN	NaN	NaN	
6367240319000	6358480798704	None	Fixation	(44.66, 166.16)	(350.31, 162.39)	6337.736	0.4003906	NaN	NaN	NaN	
6367256986000	6358497465854	None	Fixation	(43.47, 166.00)	(350.27, 162.41)	6337.736	0.4169922	NaN	NaN	NaN	
6367273652000	6358514131640	None	Fixation	(43.27, 165.99)	(350.27, 162.44)	6337.736	0.4335938	NaN	NaN	NaN	
6367290319000	6358530798531	None	Fixation	(44.64, 166.51)	(350.32, 162.68)	6337.736	0.4501953	NaN	NaN	NaN	
6367306985000	6358547463943	None	Fixation	(44.31, 166.12)	(350.20, 162.73)	6337.736	0.4667969	NaN	NaN	NaN	
6367323652000	6358564131281	None	Fixation	(45.63, 166.45)	(350.14, 162.62)	6337.736	0.4833984	NaN	NaN	NaN	
6367340319000	6358580797566	None	Fixation	(45.01, 165.88)	(349.82, 162.79)	6337.736	0.5	NaN	NaN	NaN	
6367356986000	6358597464418	None	Fixation	(44.21, 165.77)	(349.76, 162.58)	6337.736	0.5170898	NaN	NaN	NaN	
6367373652000	6358614130178	None	Fixation	(43.91, 165.86)	(349.73, 162.79)	6337.736	0.5336914	NaN	NaN	NaN	
6367390319000	6358630796945	None	Fixation	(45.80, 165.84)	(349.82, 162.60)	6337.736	0.550293	NaN	NaN	NaN	
6367406983000	6358647460762	None	Fixation	(44.13, 165.75)	(349.68, 162.70)	6337.736	0.5668945	NaN	NaN	NaN	
6367423650000	6358664127585	None	Fixation	(44.21, 165.73)	(349.71, 162.63)	6337.736	0.5834961	NaN	NaN	NaN	
6367440316000	6358680793461	None	Fixation	(45.18, 165.90)	(349.77, 162.64)	6337.736	0.6000977	NaN	NaN	NaN	
6367456983000	6358697460174	None	Fixation	(45.48, 165.92)	(349.51, 162.59)	6337.736	0.6166992	NaN	NaN	NaN	
6367473649000	6358714125984	None	Fixation	(44.51, 165.55)	(349.52, 162.51)	6337.736	0.6337891	NaN	NaN	NaN	
6367490316000	6358730792801	None	Fixation	(44.28, 165.76)	(349.43, 162.49)	6337.736	0.6503906	NaN	NaN	NaN	
6367506985000	6358747461911	None	Fixation	(44.45, 165.99)	(349.40, 162.45)	6337.736	0.6669922	NaN	NaN	NaN	
6367523652000	6358764128750	None	Fixation	(45.46, 165.71)	(349.39, 162.55)	6337.736	0.6835938	NaN	NaN	NaN	
6367540316000	6358780792245	None	Fixation	(44.09, 165.73)	(349.38, 162.51)	6337.736	0.7001953	NaN	NaN	NaN	
6367556983000	6358797459604	None	Fixation	(45.40, 165.87)	(349.40, 162.56)	6337.736	0.7167969	NaN	NaN	NaN	
6367573650000	6358814125835	None	Fixation	(45.49, 165.67)	(349.50, 162.48)	6337.736	0.7333984	NaN	NaN	NaN	
6367590317000	6358830792627	None	Fixation	(44.34, 165.55)	(349.55, 162.40)	6337.736	0.75	NaN	NaN	NaN	
6367606981000	6358847456449	None	Fixation	(44.17, 165.38)	(349.59, 162.62)	6337.736	0.7670898	NaN	NaN	NaN	
6367623648000	6358864123519	None	Fixation	(44.32, 165.48)	(349.67, 162.58)	6337.736	0.7836914	NaN	NaN	NaN	
6367640314000	6358880789211	None	Fixation	(45.48, 165.62)	(349.69, 162.48)	6337.736	0.800293	NaN	NaN	NaN	
6367656981000	6358897455867	None	Fixation	(43.99, 165.60)	(349.50, 162.41)	6337.736	0.8168945	NaN	NaN	NaN	
6367673647000	6358914122124	None	Fixation	(44.45, 165.47)	(349.60, 162.45)	6337.736	0.8334961	NaN	NaN	NaN	
6367690314000	6358930789135	None	Fixation	(44.03, 165.53)	(349.59, 162.46)	6337.736	0.8500977	NaN	NaN	NaN	
6367706980000	6358947454771	None	Fixation	(44.03, 165.67)	(349.61, 162.52)	6337.736	0.8666992	NaN	NaN	NaN	
6367723647000	6358964121395	None	Fixation	(44.64, 165.63)	(349.74, 162.57)	6337.736	0.8837891	NaN	NaN	NaN	
6367740313000	6358980787111	None	Fixation	(45.00, 165.54)	(349.56, 162.58)	6337.736	0.9003906	NaN	NaN	NaN	
6367756980000	6358997453740	None	Fixation	(45.27, 165.66)	(349.49, 162.60)	6337.736	0.9169922	NaN	NaN	NaN	
6367773648000	6359014121590	None	Fixation	(44.29, 165.46)	(349.46, 162.70)	6337.736	0.9335938	NaN	NaN	NaN	
6367790315000	6359030788293	None	Fixation	(45.13, 165.85)	(349.54, 162.71)	6337.736	0.9501953	NaN	NaN	NaN	
6367806980000	6359047453125	None	Fixation	(44.31, 165.57)	(349.57, 162.67)	6337.736	0.9667969	NaN	NaN	NaN	
6367823647000	6359064119907	None	Fixation	(44.84, 165.59)	(349.61, 162.70)	6337.736	0.9833984	NaN	NaN	NaN	
6367840314000	6359080786718	None	Fixation	(45.92, 165.87)	(349.66, 162.64)	6337.736	1	NaN	NaN	NaN	
6367856981000	6359097453629	None	Fixation	(45.31, 165.75)	(349.59, 162.62)	6337.736	1.01709	NaN	NaN	NaN	
6367873645000	6359114117374	None	Fixation	(44.62, 165.79)	(349.64, 162.62)	6337.736	1.033691	NaN	NaN	NaN	
6367890312000	6359130784198	None	Fixation	(44.12, 165.59)	(349.52, 162.70)	6337.736	1.050293	NaN	NaN	NaN	
6367906980000	6359147451970	None	Fixation	(44.06, 165.48)	(349.47, 162.68)	6337.736	1.066895	NaN	NaN	NaN	
6367923647000	6359164118744	None	Fixation	(44.10, 165.53)	(349.65, 162.74)	6337.736	1.083496	NaN	NaN	NaN	
6367940311000	6359180782549	None	Fixation	(45.66, 165.72)	(349.52, 162.55)	6337.736	1.100098	NaN	NaN	NaN	
6367956978000	6359197449689	None	Fixation	(44.74, 165.23)	(349.68, 162.78)	6337.736	1.116699	NaN	NaN	NaN	
6367973644000	6359214115563	None	Fixation	(44.52, 165.22)	(349.64, 163.00)	6337.736	1.133789	NaN	NaN	NaN	
6367990311000	6359230782002	None	Fixation	(44.88, 165.16)	(349.51, 162.98)	6337.736	1.150391	NaN	NaN	NaN	
6368006979000	6359247449980	None	Fixation	(44.86, 165.16)	(349.76, 162.88)	6337.736	1.166992	NaN	NaN	NaN	
6368023646000	6359264116610	None	Fixation	(47.04, 165.30)	(349.71, 162.95)	6337.736	1.183594	NaN	NaN	NaN	
6368040310000	6359280780478	None	Fixation	(44.72, 165.33)	(349.61, 163.16)	6337.736	1.200195	NaN	NaN	NaN	
6368056977000	6359297447241	None	Fixation	(44.67, 165.12)	(349.49, 162.96)	6337.736	1.216797	NaN	NaN	NaN	
6368073643000	6359314113036	None	Fixation	(44.47, 165.45)	(349.54, 162.94)	6337.736	1.233398	NaN	NaN	NaN	
6368090310000	6359330780171	None	Fixation	(46.17, 165.56)	(349.30, 163.01)	6337.736	1.25	NaN	NaN	NaN	
6368106976000	6359347445600	None	Fixation	(44.64, 165.28)	(349.39, 162.92)	6337.736	1.26709	NaN	NaN	NaN	
6368123643000	6359364112458	None	Fixation	(46.46, 165.61)	(349.38, 163.07)	6337.736	1.283691	NaN	NaN	NaN	
6368140310000	6359380779220	None	Fixation	(44.71, 165.18)	(349.37, 163.14)	6337.736	1.300293	NaN	NaN	NaN	
6368156976000	6359397445030	None	Fixation	(45.26, 165.09)	(349.52, 163.41)	6337.736	1.316895	NaN	NaN	NaN	
6368173642000	6359414110832	None	Fixation	(45.44, 165.21)	(349.77, 163.48)	6337.736	1.333496	NaN	NaN	NaN	
6368190309000	6359430777694	None	Fixation	(45.37, 165.24)	(349.52, 163.54)	6337.736	1.350098	NaN	NaN	NaN	
6368206975000	6359447443648	None	Fixation	(46.38, 165.59)	(349.57, 163.32)	6337.736	1.366699	NaN	NaN	NaN	
6368223642000	6359464110523	None	Fixation	(45.02, 165.70)	(349.36, 163.08)	6337.736	1.383789	NaN	NaN	NaN	
6368240310000	6359480778052	None	Fixation	(44.20, 165.57)	(349.62, 162.99)	6337.736	1.400391	NaN	NaN	NaN	
6368256977000	6359497444890	None	Fixation	(44.22, 165.85)	(349.53, 162.59)	6337.736	1.416992	NaN	NaN	NaN	
6368273641000	6359514108697	None	Fixation	(44.61, 166.18)	(349.74, 162.39)	6337.736	1.433594	NaN	NaN	NaN	
6368290308000	6359530775479	None	Saccade	(38.96, 169.74)	(348.64, 158.58)	6339.169	0.01660156	82.16357	2.738786	200.8177	
6368306974000	6359547441286	None	Pursuit	(39.37, 170.18)	(348.79, 158.76)	6339.169	0.03320313	2.861246	1.538894	358.2933	
6368323641000	6359564108074	None	Pursuit	(40.89, 170.24)	(349.18, 158.52)	6339.203	0.01660156	18.71779	0.6239263	259.201	
6368340307000	6359580773922	None	Pursuit	(38.60, 170.28)	(349.28, 158.29)	6339.203	0.03320313	28.23966	0.3203527	69.62043	
6368356974000	6359597440771	None	Pursuit	(36.72, 170.73)	(349.25, 157.85)	6339.203	0.05029297	23.76016	1.111057	65.26083	
6368373641000	6359614107567	None	Pursuit	(37.25, 170.65)	(349.61, 157.59)	6339.203	0.06689453	6.558515	0.8927019	64.64494	
6368390307000	6359630773335	None	Pursuit	(36.86, 170.89)	(349.20, 157.49)	6339.203	0.08349609	5.668016	1.07254	61.2532	
6368406974000	6359647440455	None	Fixation	(36.62, 171.12)	(349.12, 156.99)	6339.253	0.04980469	NaN	NaN	NaN	
6368423640000	6359664105945	None	Fixation	(35.75, 171.89)	(348.86, 156.51)	6339.303	0.01660156	NaN	NaN	NaN	
6368440307000	6359680772788	None	Saccade	(34.45, 173.00)	(349.22, 156.13)	6339.319	0.01660156	21.03667	0.7012225	36.18151	
6368456973000	6359697438584	None	Fixation	(34.53, 172.37)	(348.84, 155.76)	6339.253	0.09960938	NaN	NaN	NaN	
6368473640000	6359714105352	None	Saccade	(33.70, 173.52)	(348.65, 155.26)	6339.353	0.01708984	17.41068	0.5803559	22.85419	
6368490306000	6359730771167	None	Fixation	(33.58, 173.57)	(348.95, 154.95)	6339.253	0.1333008	NaN	NaN	NaN	
6368506971000	6359747435951	None	Fixation	(33.04, 174.11)	(348.46, 154.47)	6339.386	0.01660156	NaN	NaN	NaN	
6368523638000	6359764102743	None	Fixation	(32.87, 174.13)	(348.09, 154.12)	6339.386	0.03320313	NaN	NaN	NaN	
6368540304000	6359780768619	None	Fixation	(32.81, 174.43)	(348.30, 153.87)	6339.386	0.04980469	NaN	NaN	NaN	
6368556971000	6359797435426	None	Fixation	(32.19, 174.74)	(348.12, 153.65)	6339.386	0.06640625	NaN	NaN	NaN	
6368573637000	6359814101226	None	Fixation	(32.11, 175.24)	(347.66, 153.23)	6339.386	0.08300781	NaN	NaN	NaN	
6368590304000	6359830768043	None	Fixation	(31.93, 175.31)	(348.17, 153.02)	6339.386	0.09960938	NaN	NaN	NaN	
6368606971000	6359847435285	None	Fixation	(31.40, 175.99)	(347.40, 152.84)	6339.386	0.1166992	NaN	NaN	NaN	
6368623637000	6359864100582	None	Fixation	(31.68, 175.63)	(347.69, 152.63)	6339.386	0.1333008	NaN	NaN	NaN	
6368640304000	6359880767804	None	Fixation	(31.75, 175.77)	(348.09, 152.21)	6339.386	0.1499023	NaN	NaN	NaN	
6368656970000	6359897433221	None	Fixation	(30.90, 175.91)	(348.20, 152.29)	6339.386	0.1665039	NaN	NaN	NaN	
6368673638000	6359914101455	None	Fixation	(30.22, 176.72)	(347.95, 152.16)	6339.386	0.1831055	NaN	NaN	NaN	
6368690305000	6359930767886	None	Fixation	(30.34, 176.68)	(348.21, 152.08)	6339.386	0.199707	NaN	NaN	NaN	
6368706970000	6359947432632	None	Fixation	(30.43, 176.93)	(348.10, 151.86)	6339.386	0.2163086	NaN	NaN	NaN	
6368723636000	6359964098528	None	Fixation	(29.99, 177.22)	(347.94, 151.87)	6339.386	0.2333984	NaN	NaN	NaN	
6368740305000	6359980767269	None	Fixation	(30.00, 177.21)	(347.75, 151.42)	6339.386	0.25	NaN	NaN	NaN	
6368756971000	6359997433069	None	Fixation	(29.73, 177.45)	(347.80, 151.03)	6339.386	0.2666016	NaN	NaN	NaN	
6368773636000	6360014097900	None	Fixation	(29.90, 177.73)	(347.75, 151.02)	6339.386	0.2832031	NaN	NaN	NaN	
6368790302000	6360030763671	None	Fixation	(29.59, 177.73)	(347.80, 150.93)	6339.386	0.2998047	NaN	NaN	NaN	
6368806969000	6360047431144	None	Fixation	(31.06, 176.10)	(348.79, 152.33)	6339.386	0.3164063	NaN	NaN	NaN	
6368823635000	6360064096333	None	Saccade	(40.08, 169.77)	(349.70, 159.40)	6339.703	0.01660156	135.5393	4.517976	203.7973	
6368840302000	6360080763589	None	Unknown	(41.97, 167.67)	(350.10, 162.60)	NaN	NaN	NaN	NaN	NaN	
6368856968000	6360097428936	None	Pursuit	(43.60, 167.75)	(349.77, 162.56)	6339.736	0.01708984	20.14737	0.671579	259.7632	
6368873635000	6360114095735	None	Pursuit	(43.04, 167.53)	(349.76, 162.33)	6339.736	0.03369141	7.440839	0.4436627	249.4799	
6368890301000	6360130761558	None	Pursuit	(43.27, 167.28)	(350.15, 162.19)	6339.736	0.05029297	4.226484	0.5580108	239.9926	
6368906968000	6360147428302	None	Fixation	(43.32, 166.91)	(349.83, 162.17)	6339.786	0.01660156	NaN	NaN	NaN	
6368923634000	6360164094175	None	Fixation	(42.70, 166.86)	(349.71, 161.93)	6339.803	0.01660156	NaN	NaN	NaN	
6368940301000	6360180760915	None	Fixation	(43.67, 167.12)	(349.64, 161.86)	6339.803	0.03320313	NaN	NaN	NaN	
6368956967000	6360197426985	None	Fixation	(43.41, 167.23)	(349.82, 161.79)	6339.803	0.04980469	NaN	NaN	NaN	
6368973634000	6360214093577	None	Fixation	(43.46, 167.15)	(349.83, 161.50)	6339.803	0.06689453	NaN	NaN	NaN	
6368990300000	6360230759780	None	Fixation	(44.37, 167.42)	(349.97, 161.49)	6339.803	0.08349609	NaN	NaN	NaN	
6369006967000	6360247426148	None	Fixation	(43.56, 167.45)	(349.86, 161.45)	6339.803	0.1000977	NaN	NaN	NaN	
6369023633000	6360264091981	None	Fixation	(44.14, 166.26)	(349.45, 162.96)	6339.803	0.1166992	NaN	NaN	NaN	
6369040300000	6360280759133	None	Fixation	(44.06, 166.67)	(349.23, 162.67)	6339.803	0.1333008	NaN	NaN	NaN	
6369056966000	6360297424609	None	Fixation	(44.09, 166.73)	(349.10, 162.75)	6339.803	0.1499023	NaN	NaN	NaN	
6369073634000	6360314092682	None	Fixation	(44.28, 167.14)	(348.80, 162.56)	6339.803	0.1665039	NaN	NaN	NaN	
6369090301000	6360330759204	None	Fixation	(44.39, 166.82)	(348.96, 162.48)	6339.803	0.1831055	NaN	NaN	NaN	
6369106967000	6360347425317	None	Fixation	(43.76, 166.75)	(348.98, 162.23)	6339.803	0.2001953	NaN	NaN	NaN	
6369123634000	6360364092152	None	Fixation	(43.96, 166.32)	(348.84, 162.20)	6339.803	0.2167969	NaN	NaN	NaN	
6369140299000	6360380756902	None	Fixation	(43.91, 166.54)	(348.93, 162.33)	6339.803	0.2333984	NaN	NaN	NaN	
6369156965000	6360397422482	None	Fixation	(44.29, 166.47)	(349.04, 162.29)	6339.803	0.25	NaN	NaN	NaN	
6369173632000	6360414089286	None	Fixation	(45.55, 166.72)	(349.24, 162.32)	6339.803	0.2666016	NaN	NaN	NaN	
6369190298000	6360430755012	None	Fixation	(44.05, 166.32)	(348.99, 162.31)	6339.803	0.2832031	NaN	NaN	NaN	
6369206965000	6360447421824	None	Fixation	(44.83, 166.33)	(349.13, 162.34)	6339.803	0.2998047	NaN	NaN	NaN	
6369223631000	6360464087702	None	Fixation	(45.62, 166.39)	(349.10, 162.32)	6339.803	0.3168945	NaN	NaN	NaN	
6369240298000	6360480754423	None	Fixation	(44.64, 166.05)	(349.24, 162.32)	6339.803	0.3334961	NaN	NaN	NaN	
6369256964000	6360497420304	None	Fixation	(44.35, 165.74)	(348.96, 162.22)	6339.803	0.3500977	NaN	NaN	NaN	
6369273633000	6360514089073	None	Fixation	(46.49, 165.23)	(349.42, 163.34)	6339.803	0.3666992	NaN	NaN	NaN	
6369290299000	6360530754868	None	Fixation	(44.99, 165.33)	(349.48, 162.90)	6339.803	0.3833008	NaN	NaN	NaN	
6369306966000	6360547421689	None	Fixation	(45.29, 165.18)	(349.10, 163.20)	6339.803	0.3999023	NaN	NaN	NaN	
6369323632000	6360564087929	None	Fixation	(46.35, 165.49)	(349.28, 163.17)	6339.803	0.4165039	NaN	NaN	NaN	
6369340299000	6360580754291	None	Fixation	(46.80, 165.49)	(349.34, 163.12)	6339.803	0.4331055	NaN	NaN	NaN	
6369356965000	6360597420121	None	Fixation	(45.95, 165.29)	(349.06, 163.25)	6339.803	0.4501953	NaN	NaN	NaN	
6369373632000	6360614086893	None	Fixation	(45.63, 165.24)	(349.51, 163.34)	6339.803	0.4667969	NaN	NaN	NaN	
6369390298000	6360630752696	None	Fixation	(45.73, 165.36)	(349.32, 163.31)	6339.803	0.4833984	NaN	NaN	NaN	
6369406965000	6360647419827	None	Fixation	(45.82, 165.37)	(349.19, 163.15)	6339.803	0.5	NaN	NaN	NaN	
6369423631000	6360664085660	None	Fixation	(45.33, 165.19)	(349.23, 163.02)	6339.803	0.5166016	NaN	NaN	NaN	
6369440296000	6360680750548	None	Fixation	(45.20, 165.29)	(349.07, 163.05)	6339.803	0.5332031	NaN	NaN	NaN	
6369456962000	6360697415892	None	Fixation	(45.13, 165.28)	(349.03, 162.96)	6339.803	0.5498047	NaN	NaN	NaN	
6369473629000	6360714082741	None	Fixation	(45.05, 165.52)	(349.11, 162.98)	6339.803	0.5668945	NaN	NaN	NaN	
6369490295000	6360730748556	None	Fixation	(44.93, 165.47)	(349.15, 162.87)	6339.803	0.5834961	NaN	NaN	NaN	
6369506962000	6360747415325	None	Fixation	(44.61, 165.32)	(349.39, 163.04)	6339.803	0.6000977	NaN	NaN	NaN	
6369523628000	6360764081157	None	Fixation	(44.73, 165.45)	(349.74, 162.83)	6339.803	0.6166992	NaN	NaN	NaN	
6369540295000	6360780747945	None	Fixation	(44.80, 165.54)	(349.52, 162.96)	6339.803	0.6333008	NaN	NaN	NaN	
6369556961000	6360797413773	None	Fixation	(46.59, 165.51)	(349.75, 162.88)	6339.803	0.6499023	NaN	NaN	NaN	
6369573628000	6360814080566	None	Fixation	(44.79, 165.46)	(349.84, 163.03)	6339.803	0.6665039	NaN	NaN	NaN	
6369590294000	6360830746369	None	Fixation	(44.53, 165.35)	(349.55, 162.86)	6339.803	0.6831055	NaN	NaN	NaN	
6369606961000	6360847413163	None	Fixation	(44.82, 165.43)	(349.66, 162.92)	6339.803	0.7001953	NaN	NaN	NaN	
6369623627000	6360864079290	None	Fixation	(46.60, 165.52)	(349.65, 162.89)	6339.803	0.7167969	NaN	NaN	NaN	
6369640294000	6360880746592	None	Fixation	(44.40, 165.85)	(349.57, 162.91)	6339.803	0.7333984	NaN	NaN	NaN	
6369656960000	6360897411842	None	Fixation	(44.43, 165.86)	(349.38, 162.68)	6339.803	0.75	NaN	NaN	NaN	
6369673627000	6360914078657	None	Fixation	(44.64, 165.83)	(349.61, 162.51)	6339.803	0.7666016	NaN	NaN	NaN	
6369690293000	6360930744228	None	Fixation	(44.40, 166.02)	(349.55, 162.50)	6339.803	0.7832031	NaN	NaN	NaN	
6369706960000	6360947411026	None	Fixation	(43.79, 165.94)	(349.61, 162.40)	6339.803	0.7998047	NaN	NaN	NaN	
6369723626000	6360964076844	None	Fixation	(43.85, 166.07)	(349.80, 162.35)	6339.803	0.8164063	NaN	NaN	NaN	
6369740293000	6360980743646	None	Fixation	(43.69, 165.97)	(349.70, 162.38)	6339.803	0.8334961	NaN	NaN	NaN	
6369756959000	6360997409455	None	Fixation	(44.76, 165.86)	(349.71, 162.41)	6339.803	0.8500977	NaN	NaN	NaN	
6369773628000	6361014078234	None	Fixation	(44.38, 165.80)	(349.77, 162.52)	6339.803	0.8666992	NaN	NaN	NaN	
6369790294000	6361030744040	None	Fixation	(46.11, 165.99)	(349.68, 162.53)	6339.803	0.8833008	NaN	NaN	NaN	
6369806959000	6361047408828	None	Fixation	(44.29, 165.91)	(349.73, 162.37)	6339.803	0.8999023	NaN	NaN	NaN	
6369823625000	6361064074676	None	Fixation	(44.34, 165.91)	(349.71, 162.63)	6339.803	0.9165039	NaN	NaN	NaN	
6369840292000	6361080741471	None	Fixation	(44.25, 165.96)	(349.67, 162.61)	6339.803	0.9331055	NaN	NaN	NaN	
6369856958000	6361097407261	None	Fixation	(44.28, 165.85)	(349.71, 162.59)	6339.803	0.9501953	NaN	NaN	NaN	
6369873625000	6361114074563	None	Fixation	(44.21, 166.14)	(349.69, 162.74)	6339.803	0.9667969	NaN	NaN	NaN	
6369890291000	6361130739891	None	WinkLeft	(44.12, 167.37)	(349.64, 163.77)	NaN	NaN	NaN	NaN	NaN	
6369906960000	6361147408661	None	Blink	(45.17, 169.53)	(349.33, 167.14)	NaN	NaN	NaN	NaN	NaN	
6369923626000	6361164074483	None	Blink	(44.13, 164.83)	(350.65, 166.24)	NaN	NaN	NaN	NaN	NaN	
6369940291000	6361180739298	None	Blink	(46.43, 172.55)	(350.56, 167.83)	NaN	NaN	NaN	NaN	NaN	
6369956958000	6361197406128	None	Blink	(43.29, 167.52)	(341.08, 167.42)	NaN	NaN	NaN	NaN	NaN	
6369956958000	6361197406101	None	Blink	(43.29, 167.52)	(341.08, 167.42)	NaN	NaN	NaN	NaN	NaN	
6369990291000	6361230739171	None	Blink	(44.27, 166.93)	(355.87, 163.78)	NaN	NaN	NaN	NaN	NaN	
6370006957000	6361247404905	None	Blink	(44.43, 166.62)	(350.24, 163.51)	NaN	NaN	NaN	NaN	NaN	
6370023624000	6361264071687	None	Blink	(44.43, 165.94)	(349.92, 163.96)	NaN	NaN	NaN	NaN	NaN	
6370040290000	6361280737429	None	Blink	(44.06, 165.85)	(350.27, 163.68)	NaN	NaN	NaN	NaN	NaN	
6370056956000	6361297402928	None	Blink	(44.29, 165.59)	(350.33, 163.33)	NaN	NaN	NaN	NaN	NaN	
6370056956000	6361297402949	None	Blink	(44.29, 165.59)	(350.33, 163.33)	NaN	NaN	NaN	NaN	NaN	
6370073623000	6361314069772	None	Blink	(44.59, 165.54)	(350.35, 163.24)	NaN	NaN	NaN	NaN	NaN	
6370090289000	6361330735562	None	Fixation	(44.42, 165.31)	(350.49, 163.28)	6339.803	1.183105	NaN	NaN	NaN	
6370123623000	6361364069180	None	Fixation	(44.01, 165.16)	(350.56, 163.17)	6339.803	1.216797	NaN	NaN	NaN	
6370140289000	6361380735015	None	Fixation	(44.39, 165.33)	(350.83, 163.46)	6339.803	1.233398	NaN	NaN	NaN	
6370140289000	6361380735349	None	Fixation	(44.39, 165.33)	(350.83, 163.46)	6339.803	1.233398	NaN	NaN	NaN	
6370156955000	6361397401153	None	Fixation	(43.35, 165.14)	(350.78, 163.08)	6339.803	1.25	NaN	NaN	NaN	
6370190289000	6361430734423	None	Fixation	(43.20, 165.49)	(350.95, 162.82)	6339.803	1.283203	NaN	NaN	NaN	
6370190289000	6361430735841	None	Fixation	(43.20, 165.49)	(350.95, 162.82)	6339.803	1.283203	NaN	NaN	NaN	
6370206955000	6361447400186	None	Fixation	(42.49, 165.61)	(351.00, 162.64)	6339.803	1.299805	NaN	NaN	NaN	
6370223622000	6361464067013	None	Fixation	(41.51, 166.38)	(350.77, 161.68)	6339.803	1.316406	NaN	NaN	NaN	
6370240288000	6361480732813	None	Saccade	(36.52, 170.38)	(349.88, 158.51)	6341.119	0.01708984	78.62725	2.620908	197.8679	
6370256955000	6361497399651	None	Pursuit	(36.73, 170.50)	(350.38, 158.95)	6341.119	0.03369141	8.117559	1.134274	4.777564	
6370273623000	6361514067424	None	Pursuit	(36.91, 170.58)	(350.47, 158.34)	6341.153	0.01660156	2.394418	0.07981393	278.95	
6370290289000	6361530733550	None	Pursuit	(36.07, 170.13)	(350.96, 158.25)	6341.153	0.03320313	11.78435	0.3135881	106.7582	
6370306954000	6361547398427	None	Unknown	(35.98, 170.11)	(351.26, 157.77)	NaN	NaN	NaN	NaN	NaN	
6370323621000	6361564064835	None	Fixation	(35.49, 170.46)	(351.38, 157.42)	6341.203	0.01660156	NaN	NaN	NaN	
6370340287000	6361580730649	None	Fixation	(34.96, 170.37)	(351.24, 157.47)	6341.203	0.03320313	NaN	NaN	NaN	
6370356953000	6361597396449	None	Fixation	(33.72, 171.26)	(351.40, 157.19)	6341.203	0.05029297	NaN	NaN	NaN	
6370373622000	6361614065272	None	Fixation	(33.65, 171.39)	(351.44, 156.86)	6341.203	0.06689453	NaN	NaN	NaN	
6370390288000	6361630731118	None	Fixation	(32.92, 171.87)	(351.62, 156.76)	6341.203	0.08349609	NaN	NaN	NaN	
6370406955000	6361647397882	None	Fixation	(33.53, 171.09)	(351.74, 156.52)	6341.203	0.1000977	NaN	NaN	NaN	
6370423621000	6361664063964	None	Fixation	(33.12, 171.57)	(352.04, 156.29)	6341.203	0.1166992	NaN	NaN	NaN	
6370440286000	6361680728490	None	Fixation	(32.90, 171.61)	(352.08, 156.12)	6341.203	0.1333008	NaN	NaN	NaN	
6370456953000	6361697395304	None	Fixation	(31.57, 172.98)	(351.32, 154.91)	6341.203	0.1499023	NaN	NaN	NaN	
6370473619000	6361714061112	None	Fixation	(31.56, 173.47)	(351.49, 154.01)	6341.203	0.1665039	NaN	NaN	NaN	
6370490286000	6361730728250	None	Saccade	(30.84, 174.42)	(351.27, 154.04)	6341.369	0.01708984	14.71694	0.4905647	23.79836	
6370506952000	6361747393710	None	Fixation	(30.63, 173.78)	(351.63, 153.83)	6341.203	0.2001953	NaN	NaN	NaN	
6370523619000	6361764060513	None	Fixation	(29.89, 173.82)	(351.64, 153.65)	6341.403	0.01660156	NaN	NaN	NaN	
6370540285000	6361780726322	None	Fixation	(30.42, 173.86)	(351.85, 153.45)	6341.403	0.03320313	NaN	NaN	NaN	
6370556952000	6361797393155	None	Fixation	(30.57, 173.84)	(351.99, 153.45)	6341.403	0.04980469	NaN	NaN	NaN	
6370573618000	6361814059092	None	Fixation	(30.33, 173.76)	(352.15, 153.49)	6341.403	0.06640625	NaN	NaN	NaN	
6370590285000	6361830725739	None	Fixation	(30.50, 173.70)	(352.00, 153.41)	6341.403	0.08300781	NaN	NaN	NaN	
6370606951000	6361847391563	None	Fixation	(30.44, 173.84)	(351.96, 153.34)	6341.403	0.1000977	NaN	NaN	NaN	
6370623618000	6361864058371	None	Fixation	(30.52, 173.82)	(352.08, 153.40)	6341.403	0.1166992	NaN	NaN	NaN	
6370640284000	6361880724156	None	Fixation	(30.02, 173.94)	(352.35, 153.36)	6341.403	0.1333008	NaN	NaN	NaN	
6370656951000	6361897390991	None	Fixation	(30.45, 173.72)	(352.17, 153.29)	6341.403	0.1499023	NaN	NaN	NaN	
6370673619000	6361914058787	None	Fixation	(30.65, 173.65)	(352.16, 153.13)	6341.403	0.1665039	NaN	NaN	NaN	
6370690285000	6361930724587	None	Fixation	(30.28, 173.74)	(352.32, 153.35)	6341.403	0.1831055	NaN	NaN	NaN	
6370706950000	6361947389401	None	Fixation	(30.19, 173.89)	(352.26, 153.22)	6341.403	0.199707	NaN	NaN	NaN	
6370723617000	6361964056168	None	Fixation	(30.42, 173.83)	(352.21, 153.25)	6341.403	0.2163086	NaN	NaN	NaN	
6370740282000	6361980721232	None	Fixation	(30.30, 173.82)	(352.24, 153.19)	6341.403	0.2333984	NaN	NaN	NaN	
6370756949000	6361997387815	None	Fixation	(30.29, 173.84)	(352.23, 153.19)	6341.403	0.25	NaN	NaN	NaN	
6370773615000	6362014053601	None	Fixation	(30.38, 173.91)	(352.13, 153.13)	6341.403	0.2666016	NaN	NaN	NaN	
6370790282000	6362030720622	None	Fixation	(30.30, 173.81)	(352.08, 153.15)	6341.403	0.2832031	NaN	NaN	NaN	
6370806950000	6362047388240	None	Saccade	(33.75, 171.37)	(351.94, 155.97)	6341.686	0.01660156	52.02158	1.734053	221.7066	
6370823617000	6362064055060	None	Saccade	(38.75, 169.67)	(350.25, 159.35)	6341.686	0.03320313	65.04239	3.86238	225.2493	
6370840281000	6362080719224	None	Unknown	(40.73, 168.63)	(349.54, 160.28)	NaN	NaN	NaN	NaN	NaN	
6370856948000	6362097385959	None	Pursuit	(41.77, 168.77)	(349.40, 160.12)	6341.736	0.01708984	12.84689	0.4282298	264.7783	
6370873615000	6362114052446	None	Pursuit	(42.05, 168.71)	(349.41, 159.86)	6341.736	0.03369141	3.556751	0.5407692	260.3367	
6370890282000	6362130719283	None	Unknown	(41.15, 168.39)	(349.41, 159.81)	NaN	NaN	NaN	NaN	NaN	
6370906948000	6362147385070	None	Fixation	(41.24, 168.16)	(349.34, 159.60)	6341.786	0.01660156	NaN	NaN	NaN	
6370923615000	6362164052192	None	Fixation	(41.08, 168.05)	(349.43, 159.43)	6341.786	0.03320313	NaN	NaN	NaN	
6370940281000	6362180717998	None	Fixation	(41.09, 168.06)	(349.53, 159.59)	6341.786	0.04980469	NaN	NaN	NaN	
6370956948000	6362197384497	None	Fixation	(41.76, 168.03)	(349.43, 159.60)	6341.786	0.06640625	NaN	NaN	NaN	
6370973613000	6362214049275	None	Fixation	(40.71, 168.02)	(349.53, 159.57)	6341.786	0.08300781	NaN	NaN	NaN	
6370990280000	6362230716110	None	Fixation	(42.46, 168.00)	(349.55, 159.65)	6341.786	0.1000977	NaN	NaN	NaN	
6371006946000	6362247381907	None	Saccade	(43.39, 165.49)	(350.70, 162.32)	6341.886	0.01660156	32.89911	1.096637	187.4169	
6371023613000	6362264048715	None	Saccade	(43.47, 165.44)	(350.69, 162.26)	6341.903	0.01660156	0.7400213	0.02466737	359.1848	
6371040281000	6362280716534	None	Pursuit	(43.71, 165.57)	(350.08, 162.54)	6341.886	0.04980469	3.372144	1.120079	194.2303	
6371056948000	6362297383319	None	Unknown	(43.72, 165.73)	(350.53, 162.48)	NaN	NaN	NaN	NaN	NaN	
6371073613000	6362314048655	None	Fixation	(44.73, 165.84)	(350.78, 162.44)	6341.953	0.01660156	NaN	NaN	NaN	
6371090280000	6362330714933	None	Fixation	(43.88, 165.61)	(350.72, 162.46)	6341.953	0.03320313	NaN	NaN	NaN	
6371106945000	6362347379748	None	Fixation	(43.37, 165.47)	(350.40, 162.31)	6341.953	0.05029297	NaN	NaN	NaN	
6371123612000	6362364046550	None	Fixation	(44.05, 165.85)	(350.50, 162.32)	6341.953	0.06689453	NaN	NaN	NaN	
6371140279000	6362380713364	None	Fixation	(43.26, 165.63)	(350.54, 162.45)	6341.953	0.08349609	NaN	NaN	NaN	
6371156946000	6362397380172	None	Fixation	(43.39, 165.63)	(350.67, 162.40)	6341.953	0.1000977	NaN	NaN	NaN	
6371173613000	6362414046961	None	Fixation	(43.29, 165.88)	(350.72, 162.26)	6341.953	0.1166992	NaN	NaN	NaN	
6371190280000	6362430713795	None	Fixation	(43.00, 165.79)	(350.74, 162.34)	6341.953	0.1333008	NaN	NaN	NaN	
6371206945000	6362447378599	None	Fixation	(43.16, 165.69)	(350.60, 162.44)	6341.953	0.1499023	NaN	NaN	NaN	
6371223612000	6362464045385	None	Fixation	(45.42, 165.69)	(349.98, 163.11)	6341.953	0.1665039	NaN	NaN	NaN	
6371240278000	6362480711204	None	Fixation	(44.40, 165.74)	(349.66, 162.84)	6341.953	0.1835938	NaN	NaN	NaN	
6371256945000	6362497378227	None	Fixation	(44.59, 165.85)	(349.78, 162.77)	6341.953	0.2001953	NaN	NaN	NaN	
6371273611000	6362514043818	None	Fixation	(44.65, 165.89)	(349.74, 162.71)	6341.953	0.2167969	NaN	NaN	NaN	
6371290278000	6362530710615	None	Fixation	(44.51, 165.63)	(349.77, 162.75)	6341.953	0.2333984	NaN	NaN	NaN	
6371306945000	6362547377429	None	Fixation	(44.33, 165.68)	(349.85, 162.66)	6341.953	0.25	NaN	NaN	NaN	
6371323612000	6362564044225	None	Fixation	(44.71, 165.71)	(349.82, 162.61)	6341.953	0.2666016	NaN	NaN	NaN	
6371340277000	6362580709071	None	Fixation	(44.35, 165.81)	(349.80, 162.69)	6341.953	0.2832031	NaN	NaN	NaN	
6371356944000	6362597376094	None	Fixation	(44.25, 165.73)	(350.00, 162.71)	6341.953	0.300293	NaN	NaN	NaN	
6371373610000	6362614042114	None	Fixation	(44.34, 165.74)	(349.97, 162.67)	6341.953	0.3168945	NaN	NaN	NaN	
6371390277000	6362630708464	None	Fixation	(44.29, 165.76)	(349.88, 162.46)	6341.953	0.3334961	NaN	NaN	NaN	
6371406943000	6362647374275	None	Fixation	(44.43, 165.81)	(349.71, 162.60)	6341.953	0.3500977	NaN	NaN	NaN	
6371423610000	6362664041082	None	Fixation	(44.71, 165.68)	(349.90, 162.66)	6341.953	0.3666992	NaN	NaN	NaN	
6371440276000	6362680707332	None	Fixation	(46.03, 165.78)	(349.78, 162.65)	6341.953	0.3833008	NaN	NaN	NaN	
6371456943000	6362697373701	None	Fixation	(44.68, 165.85)	(350.10, 162.49)	6341.953	0.3999023	NaN	NaN	NaN	
6371473609000	6362714039550	None	Fixation	(44.58, 165.82)	(349.61, 162.63)	6341.953	0.4165039	NaN	NaN	NaN	
6371490276000	6362730706304	None	Fixation	(44.25, 165.75)	(349.72, 162.70)	6341.953	0.4335938	NaN	NaN	NaN	
6371506942000	6362747372096	None	Fixation	(44.48, 165.66)	(349.57, 162.68)	6341.953	0.4501953	NaN	NaN	NaN	
6371523609000	6362764038949	None	Fixation	(44.58, 165.54)	(349.68, 162.68)	6341.953	0.4667969	NaN	NaN	NaN	
6371540275000	6362780704727	None	Fixation	(44.60, 165.42)	(349.69, 162.67)	6341.953	0.4833984	NaN	NaN	NaN	
6371556942000	6362797371551	None	Fixation	(45.80, 165.93)	(349.61, 162.88)	6341.953	0.5	NaN	NaN	NaN	
6371573610000	6362814039730	None	Fixation	(44.86, 165.59)	(349.39, 162.80)	6341.953	0.5166016	NaN	NaN	NaN	
6371590277000	6362830706397	None	Fixation	(45.07, 165.91)	(349.26, 162.79)	6341.953	0.5332031	NaN	NaN	NaN	
6371606941000	6362847369965	None	Fixation	(45.32, 166.04)	(349.18, 162.81)	6341.953	0.550293	NaN	NaN	NaN	
6371623608000	6362864036762	None	Fixation	(45.16, 165.90)	(349.23, 162.88)	6341.953	0.5668945	NaN	NaN	NaN	
6371640276000	6362880704581	None	Fixation	(47.06, 166.41)	(349.44, 162.86)	6341.953	0.5834961	NaN	NaN	NaN	
6371656943000	6362897371375	None	Fixation	(44.62, 165.86)	(349.42, 162.67)	6341.953	0.6000977	NaN	NaN	NaN	
6371673607000	6362914035201	None	Fixation	(44.57, 165.85)	(349.33, 162.45)	6341.953	0.6166992	NaN	NaN	NaN	
6371690274000	6362930701984	None	Fixation	(44.50, 165.82)	(349.82, 162.62)	6341.953	0.6333008	NaN	NaN	NaN	
6371706940000	6362947367800	None	Fixation	(45.02, 165.74)	(349.88, 162.63)	6341.953	0.6499023	NaN	NaN	NaN	
6371723607000	6362964034622	None	Fixation	(44.39, 165.73)	(349.81, 162.48)	6341.953	0.6665039	NaN	NaN	NaN	
6371740273000	6362980700380	None	Fixation	(44.23, 165.60)	(350.08, 162.58)	6341.953	0.6835938	NaN	NaN	NaN	
6371756940000	6362997367210	None	Fixation	(43.98, 165.79)	(349.96, 162.52)	6341.953	0.7001953	NaN	NaN	NaN	
6371773606000	6363014033057	None	Fixation	(45.72, 165.55)	(350.27, 162.65)	6341.953	0.7167969	NaN	NaN	NaN	
6371790273000	6363030699841	None	Fixation	(44.58, 165.53)	(349.99, 162.57)	6341.953	0.7333984	NaN	NaN	NaN	
6371806940000	6363047366661	None	Fixation	(44.61, 165.57)	(349.98, 162.42)	6341.953	0.75	NaN	NaN	NaN	
6371823606000	6363064032450	None	Fixation	(44.62, 165.62)	(349.99, 162.57)	6341.953	0.7666016	NaN	NaN	NaN	
6371840272000	6363080698251	None	Fixation	(44.39, 165.57)	(349.97, 162.49)	6341.953	0.7832031	NaN	NaN	NaN	
6371856939000	6363097365314	None	Fixation	(44.65, 165.53)	(349.98, 162.57)	6341.953	0.800293	NaN	NaN	NaN	
6371873606000	6363114031856	None	Fixation	(44.55, 165.59)	(349.78, 162.34)	6341.953	0.8168945	NaN	NaN	NaN	
6371890272000	6363130697647	None	Fixation	(45.30, 165.83)	(349.83, 162.26)	6341.953	0.8334961	NaN	NaN	NaN	
6371906939000	6363147364800	None	Fixation	(44.94, 165.59)	(350.02, 162.47)	6341.953	0.8500977	NaN	NaN	NaN	
6371923605000	6363164030545	None	Fixation	(44.86, 166.06)	(349.21, 162.33)	6341.953	0.8666992	NaN	NaN	NaN	
6371940271000	6363180696415	None	Fixation	(44.68, 165.95)	(349.49, 162.51)	6341.953	0.8833008	NaN	NaN	NaN	
6371956938000	6363197362885	None	Fixation	(44.11, 166.06)	(349.50, 162.39)	6341.953	0.8999023	NaN	NaN	NaN	
6371973604000	6363214028735	None	Fixation	(45.42, 165.93)	(349.48, 162.41)	6341.953	0.9165039	NaN	NaN	NaN	
6371990271000	6363230695533	None	Fixation	(44.38, 165.81)	(349.41, 162.48)	6341.953	0.9335938	NaN	NaN	NaN	
6372006937000	6363247361339	None	Fixation	(44.75, 165.66)	(349.47, 162.42)	6341.953	0.9501953	NaN	NaN	NaN	
6372023604000	6363264028148	None	Fixation	(45.84, 166.07)	(349.27, 162.49)	6341.953	0.9667969	NaN	NaN	NaN	
6372040271000	6363280694920	None	Fixation	(44.59, 165.88)	(349.41, 162.42)	6341.953	0.9833984	NaN	NaN	NaN	
6372056937000	6363297360721	None	Fixation	(45.25, 165.94)	(349.14, 162.45)	6341.953	1	NaN	NaN	NaN	
6372073603000	6363314026554	None	Fixation	(45.22, 165.89)	(349.36, 162.43)	6341.953	1.016602	NaN	NaN	NaN	
6372090270000	6363330693372	None	Fixation	(44.57, 165.73)	(349.38, 162.45)	6341.953	1.033203	NaN	NaN	NaN	
6372106937000	6363347360163	None	Fixation	(44.69, 165.71)	(349.21, 162.54)	6341.953	1.050293	NaN	NaN	NaN	
6372123603000	6363364025991	None	Fixation	(44.64, 165.72)	(349.41, 162.58)	6341.953	1.066895	NaN	NaN	NaN	
6372140270000	6363380692763	None	Fixation	(45.08, 166.09)	(349.35, 162.54)	6341.953	1.083496	NaN	NaN	NaN	
6372156936000	6363397358580	None	Fixation	(45.77, 165.97)	(349.20, 162.69)	6341.953	1.100098	NaN	NaN	NaN	
6372173603000	6363414025396	None	Fixation	(44.88, 165.84)	(349.14, 162.57)	6341.953	1.116699	NaN	NaN	NaN	
6372190269000	6363430691493	None	Fixation	(45.54, 166.18)	(349.20, 162.49)	6341.953	1.133301	NaN	NaN	NaN	
6372206935000	6363447357006	None	Fixation	(45.58, 166.07)	(349.06, 162.55)	6341.953	1.149902	NaN	NaN	NaN	
6372223602000	6363464023819	None	Fixation	(45.01, 165.90)	(348.82, 162.52)	6341.953	1.166504	NaN	NaN	NaN	
6372240269000	6363480690602	None	Fixation	(44.79, 165.87)	(349.06, 162.47)	6341.953	1.183594	NaN	NaN	NaN	
6372256935000	6363497356434	None	Fixation	(45.31, 165.95)	(349.05, 162.76)	6341.953	1.200195	NaN	NaN	NaN	
6372273603000	6363514024235	None	Fixation	(45.38, 166.27)	(349.13, 162.74)	6341.953	1.216797	NaN	NaN	NaN	
6372290270000	6363530691021	None	Fixation	(45.19, 165.93)	(349.36, 162.84)	6341.953	1.233398	NaN	NaN	NaN	
6372306935000	6363547355840	None	Fixation	(45.43, 165.62)	(349.39, 162.85)	6341.953	1.25	NaN	NaN	NaN	
6372323601000	6363564022199	None	Fixation	(44.60, 165.49)	(349.51, 162.96)	6341.953	1.266602	NaN	NaN	NaN	
6372340268000	6363580688447	None	Fixation	(46.14, 165.37)	(349.91, 163.02)	6341.953	1.283203	NaN	NaN	NaN	
6372356934000	6363597354837	None	Fixation	(45.69, 165.44)	(350.07, 163.20)	6341.953	1.300293	NaN	NaN	NaN	
6372373601000	6363614021157	None	Fixation	(45.59, 164.92)	(350.42, 163.62)	6341.953	1.316895	NaN	NaN	NaN	
6372390267000	6363630687202	None	Saccade	(46.31, 163.08)	(351.82, 165.94)	6343.27	0.01660156	33.25076	1.108359	161.9037	
6372406933000	6363647353024	None	Saccade	(48.59, 162.01)	(352.67, 167.36)	6343.286	0.01660156	31.05999	1.035333	231.7323	
6372423600000	6363664019522	None	Pursuit	(47.08, 161.69)	(352.67, 167.61)	6343.286	0.03320313	18.9366	0.6552114	196.105	
6372440267000	6363680686296	None	Pursuit	(47.35, 161.58)	(353.11, 167.92)	6343.286	0.04980469	3.530104	0.7499759	201.8089	
6372456933000	6363697352114	None	Unknown	(47.49, 161.40)	(353.33, 167.95)	NaN	NaN	NaN	NaN	NaN	
6372473600000	6363714018913	None	Fixation	(47.73, 160.92)	(354.15, 168.49)	6343.353	0.01660156	NaN	NaN	NaN	
6372490266000	6363730684696	None	Fixation	(47.96, 160.48)	(354.16, 168.72)	6343.353	0.03369141	NaN	NaN	NaN	
6372506934000	6363747352797	None	Fixation	(48.96, 160.39)	(354.54, 169.08)	6343.353	0.05029297	NaN	NaN	NaN	
6372523601000	6363764019628	None	Fixation	(48.27, 160.22)	(354.96, 169.67)	6343.353	0.06689453	NaN	NaN	NaN	
6372540266000	6363780684162	None	Fixation	(47.90, 159.48)	(355.25, 169.89)	6343.353	0.08349609	NaN	NaN	NaN	
6372556932000	6363797349921	None	Fixation	(48.06, 159.25)	(355.61, 169.92)	6343.353	0.1000977	NaN	NaN	NaN	
6372573598000	6363814015756	None	Fixation	(48.49, 158.95)	(355.89, 170.39)	6343.353	0.1166992	NaN	NaN	NaN	
6372590265000	6363830682552	None	Fixation	(48.74, 158.77)	(356.30, 170.67)	6343.353	0.1333008	NaN	NaN	NaN	
6372606932000	6363847349395	None	Fixation	(49.06, 158.29)	(356.67, 171.44)	6343.353	0.1503906	NaN	NaN	NaN	
6372623598000	6363864015154	None	Saccade	(51.69, 155.46)	(358.32, 174.87)	6343.503	0.01660156	47.51611	1.58387	188.5908	
6372640265000	6363880682290	None	Pursuit	(51.64, 155.21)	(358.81, 174.85)	6343.503	0.03320313	3.264505	1.647982	206.7749	
6372656931000	6363897348181	None	Pursuit	(52.38, 155.11)	(358.93, 175.60)	6343.503	0.04980469	9.172471	1.882858	213.1451	
6372673599000	6363914015975	None	Pursuit	(52.00, 155.09)	(359.08, 175.43)	6343.503	0.06640625	4.629277	1.780582	209.5288	
6372690265000	6363930681763	None	Unknown	(51.98, 154.42)	(359.40, 175.83)	NaN	NaN	NaN	NaN	NaN	
6372706930000	6363947346476	None	Fixation	(51.90, 154.01)	(359.83, 176.28)	6343.586	0.01660156	NaN	NaN	NaN	
6372723596000	6363964011979	None	Fixation	(52.17, 153.76)	(359.81, 176.40)	6343.586	0.03320313	NaN	NaN	NaN	
6372740263000	6363980679244	None	Fixation	(52.39, 153.81)	(360.11, 176.65)	6343.586	0.05029297	NaN	NaN	NaN	
6372756929000	6363997344604	None	Fixation	(52.31, 153.43)	(360.23, 177.04)	6343.586	0.06689453	NaN	NaN	NaN	
6372773596000	6364014011440	None	Fixation	(53.43, 153.16)	(360.13, 176.79)	6343.586	0.08349609	NaN	NaN	NaN	
6372790262000	6364030677227	None	Fixation	(53.38, 153.24)	(360.53, 177.26)	6343.586	0.1000977	NaN	NaN	NaN	
6372806931000	6364047346059	None	Fixation	(53.18, 153.01)	(360.67, 177.79)	6343.586	0.1166992	NaN	NaN	NaN	
6372823597000	6364064012131	None	Fixation	(53.36, 152.86)	(360.90, 177.82)	6343.586	0.1333008	NaN	NaN	NaN	
6372840262000	6364080676945	None	Fixation	(53.67, 152.61)	(361.01, 177.89)	6343.586	0.1499023	NaN	NaN	NaN	
6372856928000	6364097342798	None	Fixation	(53.76, 152.42)	(361.10, 178.18)	6343.586	0.1665039	NaN	NaN	NaN	
6372873595000	6364114009576	None	Fixation	(54.12, 152.15)	(361.17, 178.42)	6343.586	0.1835938	NaN	NaN	NaN	
6372890261000	6364130675057	None	Fixation	(53.96, 152.00)	(361.66, 178.78)	6343.586	0.2001953	NaN	NaN	NaN	
6372906930000	6364147344088	None	Fixation	(54.52, 151.86)	(361.66, 178.98)	6343.586	0.2167969	NaN	NaN	NaN	
6372923596000	6364164009927	None	Fixation	(54.40, 151.73)	(361.83, 179.28)	6343.586	0.2333984	NaN	NaN	NaN	
6372940261000	6364180674462	None	Fixation	(55.19, 151.68)	(362.01, 179.23)	6343.586	0.25	NaN	NaN	NaN	
6372956927000	6364197340306	None	Fixation	(54.23, 151.61)	(362.31, 179.50)	6343.586	0.2666016	NaN	NaN	NaN	
6372990260000	6364230673112	None	Fixation	(54.35, 151.32)	(362.41, 179.78)	6343.586	0.300293	NaN	NaN	NaN	
6372990260000	6364230672913	None	Fixation	(54.35, 151.32)	(362.41, 179.78)	6343.586	0.300293	NaN	NaN	NaN	
6373006927000	6364247339736	None	Fixation	(54.24, 151.38)	(362.19, 179.40)	6343.586	0.3168945	NaN	NaN	NaN	
6373023593000	6364264005513	None	Saccade	(49.95, 157.25)	(357.22, 172.76)	6343.903	0.01660156	89.49622	3.397176	179.7033	
6373056926000	6364297338300	None	Unknown	(46.63, 166.00)	(349.76, 164.79)	NaN	NaN	NaN	NaN	NaN	
6373056926000	6364297338149	None	Unknown	(46.63, 166.00)	(349.76, 164.79)	NaN	NaN	NaN	NaN	NaN	
6373090261000	6364330672928	None	Pursuit	(46.24, 164.96)	(350.12, 164.87)	6343.953	0.03320313	9.836786	0.452537	146.5742	
6373106926000	6364347337743	None	Unknown	(45.36, 164.69)	(350.65, 164.54)	NaN	NaN	NaN	NaN	NaN	
6373106926000	6364347337564	None	Unknown	(45.36, 164.69)	(350.65, 164.54)	NaN	NaN	NaN	NaN	NaN	
6373123592000	6364364003366	None	Fixation	(45.49, 164.44)	(350.75, 164.48)	6344.002	0.01708984	NaN	NaN	NaN	
6373140261000	6364380672209	None	Fixation	(45.50, 164.56)	(350.80, 164.52)	6344.002	0.03369141	NaN	NaN	NaN	
6373156927000	6364397337980	None	Fixation	(45.65, 164.45)	(350.70, 164.95)	6344.002	0.05029297	NaN	NaN	NaN	
6373173592000	6364414002812	None	Fixation	(46.62, 164.47)	(351.02, 164.79)	6344.002	0.06689453	NaN	NaN	NaN	
6373190258000	6364430668590	None	Fixation	(45.43, 164.46)	(350.81, 164.86)	6344.002	0.08349609	NaN	NaN	NaN	
6373206925000	6364447335854	None	Fixation	(45.84, 164.39)	(350.77, 164.73)	6344.002	0.1000977	NaN	NaN	NaN	
6373223591000	6364464001204	None	Fixation	(45.62, 164.49)	(350.91, 164.94)	6344.002	0.1166992	NaN	NaN	NaN	
6373256924000	6364497334347	None	Fixation	(45.69, 164.38)	(350.87, 164.88)	6344.002	0.1503906	NaN	NaN	NaN	
6373256924000	6364497333823	None	Fixation	(45.69, 164.38)	(350.87, 164.88)	6344.002	0.1503906	NaN	NaN	NaN	
6373290257000	6364530666612	None	Fixation	(44.80, 166.13)	(348.84, 163.21)	6344.002	0.1835938	NaN	NaN	NaN	
6373306924000	6364547333727	None	Fixation	(44.66, 166.24)	(348.92, 163.07)	6344.002	0.2001953	NaN	NaN	NaN	
6373323590000	6364563999614	None	Fixation	(44.91, 166.17)	(348.84, 163.02)	6344.002	0.2167969	NaN	NaN	NaN	
6373340257000	6364580666515	None	Fixation	(44.76, 166.05)	(348.94, 163.06)	6344.002	0.2333984	NaN	NaN	NaN	
6373340257000	6364580666322	None	Fixation	(44.76, 166.05)	(348.94, 163.06)	6344.002	0.2333984	NaN	NaN	NaN	
6373356923000	6364597331682	None	Fixation	(44.78, 166.05)	(348.87, 162.84)	6344.002	0.25	NaN	NaN	NaN	
6373373590000	6364613998451	None	Fixation	(44.66, 165.97)	(348.91, 162.88)	6344.002	0.2670898	NaN	NaN	NaN	
6373390256000	6364630664287	None	Fixation	(44.54, 165.87)	(348.81, 162.94)	6344.002	0.2836914	NaN	NaN	NaN	
6373406923000	6364647331111	None	Fixation	(44.79, 165.80)	(348.93, 162.89)	6344.002	0.300293	NaN	NaN	NaN	
6373440256000	6364680663879	None	Fixation	(44.93, 165.62)	(349.00, 162.93)	6344.002	0.3334961	NaN	NaN	NaN	
6373456922000	6364697329695	None	Fixation	(44.27, 165.56)	(349.22, 162.76)	6344.002	0.3500977	NaN	NaN	NaN	
6373473589000	6364713996532	None	Fixation	(46.23, 165.47)	(349.19, 162.75)	6344.002	0.3666992	NaN	NaN	NaN	
6373490255000	6364730662313	None	Fixation	(45.05, 165.61)	(348.95, 162.65)	6344.002	0.3837891	NaN	NaN	NaN	
6373506922000	6364747329121	None	Fixation	(45.71, 165.85)	(349.01, 162.67)	6344.002	0.4003906	NaN	NaN	NaN	
6373523588000	6364763994973	None	Fixation	(45.08, 165.66)	(349.25, 162.72)	6344.002	0.4169922	NaN	NaN	NaN	
6373540257000	6364780664024	None	Fixation	(44.78, 165.60)	(349.27, 162.51)	6344.002	0.4335938	NaN	NaN	NaN	
6373556923000	6364797329540	None	Fixation	(44.26, 165.56)	(349.18, 162.43)	6344.002	0.4501953	NaN	NaN	NaN	
6373573590000	6364813996329	None	Fixation	(44.98, 165.87)	(349.38, 162.63)	6344.002	0.4667969	NaN	NaN	NaN	
6373590256000	6364830662133	None	Fixation	(45.22, 165.72)	(349.05, 162.51)	6344.002	0.4833984	NaN	NaN	NaN	
6373606921000	6364847326964	None	Fixation	(45.04, 165.56)	(349.22, 162.45)	6344.002	0.5	NaN	NaN	NaN	
6373623587000	6364863993623	None	Fixation	(44.95, 165.63)	(349.24, 162.64)	6344.002	0.5170898	NaN	NaN	NaN	
6373640254000	6364880659566	None	Fixation	(44.99, 165.58)	(349.21, 162.46)	6344.002	0.5336914	NaN	NaN	NaN	
6373656921000	6364897326385	None	Fixation	(44.80, 165.77)	(349.28, 162.62)	6344.002	0.550293	NaN	NaN	NaN	
6373673587000	6364913992166	None	Fixation	(44.70, 165.72)	(349.41, 162.82)	6344.002	0.5668945	NaN	NaN	NaN	
6373690254000	6364930658999	None	Fixation	(44.89, 165.48)	(349.54, 162.82)	6344.002	0.5834961	NaN	NaN	NaN	
6373706920000	6364947324805	None	Fixation	(44.68, 165.57)	(349.68, 162.78)	6344.002	0.6000977	NaN	NaN	NaN	
6373723586000	6364963990628	None	Fixation	(44.81, 165.56)	(349.54, 162.81)	6344.002	0.6166992	NaN	NaN	NaN	
6373740253000	6364980657401	None	Fixation	(45.37, 165.47)	(349.67, 162.82)	6344.002	0.6337891	NaN	NaN	NaN	
6373756919000	6364997323184	None	Fixation	(44.96, 165.64)	(349.70, 162.89)	6344.002	0.6503906	NaN	NaN	NaN	
6373773586000	6365013990022	None	Fixation	(44.41, 165.39)	(349.50, 162.68)	6344.002	0.6669922	NaN	NaN	NaN	
6373790252000	6365030655847	None	Fixation	(44.58, 165.61)	(349.62, 162.62)	6344.002	0.6835938	NaN	NaN	NaN	
6373806919000	6365047322628	None	Fixation	(44.25, 165.79)	(349.56, 162.45)	6344.002	0.7001953	NaN	NaN	NaN	
6373823585000	6365063988472	None	Fixation	(44.60, 165.66)	(349.51, 162.43)	6344.002	0.7167969	NaN	NaN	NaN	
6373840252000	6365080655250	None	Fixation	(44.77, 165.98)	(349.53, 162.42)	6344.002	0.7333984	NaN	NaN	NaN	
6373856918000	6365097321042	None	Fixation	(45.20, 165.77)	(349.59, 162.44)	6344.002	0.75	NaN	NaN	NaN	
6373873585000	6365113987884	None	Fixation	(44.60, 165.83)	(349.66, 162.72)	6344.002	0.7670898	NaN	NaN	NaN	
6373890252000	6365130654680	None	Fixation	(44.25, 165.72)	(349.60, 162.54)	6344.002	0.7836914	NaN	NaN	NaN	
6373906919000	6365147321476	None	Fixation	(44.80, 165.63)	(349.59, 162.49)	6344.002	0.800293	NaN	NaN	NaN	
6373923586000	6365163988429	None	Fixation	(44.76, 165.61)	(349.62, 162.77)	6344.002	0.8168945	NaN	NaN	NaN	
6373940251000	6365180653623	None	Fixation	(44.39, 165.42)	(349.49, 162.69)	6344.002	0.8334961	NaN	NaN	NaN	
6373956918000	6365197319952	None	Fixation	(44.94, 165.50)	(349.60, 162.73)	6344.002	0.8500977	NaN	NaN	NaN	
6373973584000	6365213986039	None	Fixation	(44.99, 165.43)	(349.52, 162.84)	6344.002	0.8666992	NaN	NaN	NaN	
6373990251000	6365230652514	None	Fixation	(45.46, 165.48)	(349.28, 163.07)	6344.002	0.8837891	NaN	NaN	NaN	
6374006917000	6365247318318	None	Fixation	(44.69, 165.41)	(349.10, 162.95)	6344.002	0.9003906	NaN	NaN	NaN	
6374023584000	6365263985210	None	Fixation	(45.34, 165.58)	(349.24, 163.02)	6344.002	0.9169922	NaN	NaN	NaN	
6374040250000	6365280650940	None	Fixation	(44.82, 165.70)	(348.95, 162.93)	6344.002	0.9335938	NaN	NaN	NaN	
6374056916000	6365297316762	None	Fixation	(45.06, 165.52)	(349.11, 163.08)	6344.002	0.9501953	NaN	NaN	NaN	
6374073583000	6365313983566	None	Fixation	(44.88, 165.60)	(349.06, 162.98)	6344.002	0.9667969	NaN	NaN	NaN	
6374090249000	6365330649377	None	Fixation	(45.11, 165.80)	(349.09, 162.89)	6344.002	0.9833984	NaN	NaN	NaN	
6374106916000	6365347316249	None	Fixation	(45.56, 166.13)	(348.94, 162.99)	6344.002	1	NaN	NaN	NaN	
6374123583000	6365363982979	None	Fixation	(44.74, 165.79)	(348.80, 162.91)	6344.002	1.01709	NaN	NaN	NaN	
6374140251000	6365380650790	None	Fixation	(45.43, 165.88)	(349.00, 162.78)	6344.002	1.033691	NaN	NaN	NaN	
6374156917000	6365397316575	None	Fixation	(45.89, 165.86)	(348.99, 162.99)	6344.002	1.050293	NaN	NaN	NaN	
6374173582000	6365413981373	None	Fixation	(44.96, 165.60)	(349.10, 162.98)	6344.002	1.066895	NaN	NaN	NaN	
6374190249000	6365430648209	None	Fixation	(44.65, 165.70)	(349.01, 162.71)	6344.002	1.083496	NaN	NaN	NaN	
6374206915000	6365447314071	None	Fixation	(44.65, 165.92)	(349.06, 162.74)	6344.002	1.100098	NaN	NaN	NaN	
6374223582000	6365463980822	None	Fixation	(44.44, 165.55)	(349.17, 162.69)	6344.002	1.116699	NaN	NaN	NaN	
6374240248000	6365480646633	None	Fixation	(44.72, 165.42)	(349.22, 162.67)	6344.002	1.133789	NaN	NaN	NaN	
6374256915000	6365497313416	None	Fixation	(44.82, 165.35)	(349.45, 162.71)	6344.002	1.150391	NaN	NaN	NaN	
6374273581000	6365513979222	None	Fixation	(44.58, 165.30)	(349.30, 162.91)	6344.002	1.166992	NaN	NaN	NaN	
6374290248000	6365530646314	None	Fixation	(46.61, 165.32)	(349.51, 162.70)	6344.002	1.183594	NaN	NaN	NaN	
6374306916000	6365547314277	None	Fixation	(44.62, 165.16)	(349.46, 162.69)	6344.002	1.200195	NaN	NaN	NaN	
6374323582000	6365563980056	None	Fixation	(45.27, 165.49)	(349.45, 162.74)	6344.002	1.216797	NaN	NaN	NaN	
6374340247000	6365580644682	None	Fixation	(44.79, 165.38)	(349.23, 162.63)	6344.002	1.233398	NaN	NaN	NaN	
6374356914000	6365597311243	None	Fixation	(44.99, 165.55)	(349.46, 162.60)	6344.002	1.25	NaN	NaN	NaN	
6374373580000	6365613977195	None	Fixation	(44.82, 165.62)	(349.20, 162.60)	6344.002	1.26709	NaN	NaN	NaN	
6374390247000	6365630644290	None	Fixation	(45.40, 165.64)	(349.18, 162.64)	6344.002	1.283691	NaN	NaN	NaN	
6374406913000	6365647309797	None	Fixation	(44.76, 165.66)	(349.18, 162.58)	6344.002	1.300293	NaN	NaN	NaN	
6374423580000	6365663976584	None	Fixation	(45.26, 165.63)	(349.20, 162.44)	6344.002	1.316895	NaN	NaN	NaN	
6374440246000	6365680642373	None	Fixation	(44.76, 165.66)	(349.09, 162.58)	6344.002	1.333496	NaN	NaN	NaN	
6374456913000	6365697309106	None	Fixation	(44.64, 165.54)	(349.33, 162.30)	6344.002	1.350098	NaN	NaN	NaN	
6374473579000	6365713974938	None	Fixation	(44.83, 165.73)	(349.23, 162.54)	6344.002	1.366699	NaN	NaN	NaN	
6374490246000	6365730641812	None	Fixation	(44.67, 165.50)	(349.33, 162.50)	6344.002	1.383789	NaN	NaN	NaN	
6374506912000	6365747307594	None	Fixation	(44.41, 165.57)	(349.15, 162.51)	6344.002	1.400391	NaN	NaN	NaN	
6374523578000	6365763973359	None	Fixation	(44.61, 165.57)	(349.21, 162.69)	6344.002	1.416992	NaN	NaN	NaN	
6374540245000	6365780640134	None	Fixation	(45.03, 165.84)	(349.12, 162.50)	6344.002	1.433594	NaN	NaN	NaN	
6374556912000	6365797307188	None	Fixation	(45.59, 165.73)	(349.23, 162.54)	6344.002	1.450195	NaN	NaN	NaN	
6374573578000	6365813972738	None	Fixation	(44.56, 165.58)	(348.96, 162.38)	6344.002	1.466797	NaN	NaN	NaN	
6374590244000	6365830638560	None	Fixation	(44.48, 165.64)	(349.19, 162.48)	6344.002	1.483398	NaN	NaN	NaN	
6374606911000	6365847305455	None	Fixation	(44.66, 165.69)	(349.10, 162.48)	6344.002	1.5	NaN	NaN	NaN	
6374623578000	6365863972194	None	Fixation	(45.40, 167.05)	(349.00, 163.74)	6344.002	1.51709	NaN	NaN	NaN	
6374640246000	6365880639986	None	Blink	(45.39, 169.42)	(348.36, 167.23)	NaN	NaN	NaN	NaN	NaN	
6374656913000	6365897306788	None	Blink	(44.84, 170.53)	(347.13, 169.89)	NaN	NaN	NaN	NaN	NaN	
6374673579000	6365913972596	None	Blink	(52.97, 174.44)	(341.97, 174.13)	NaN	NaN	NaN	NaN	NaN	
6374690246000	6365930639403	None	Blink	(47.76, 174.66)	(343.81, 168.42)	NaN	NaN	NaN	NaN	NaN	
6374706910000	6365947303200	None	Blink	(47.11, 167.91)	(347.21, 165.46)	NaN	NaN	NaN	NaN	NaN	
6374723577000	6365963970037	None	Blink	(41.89, 166.47)	(348.28, 164.31)	NaN	NaN	NaN	NaN	NaN	
6374740243000	6365980635829	None	Blink	(45.43, 167.63)	(349.97, 161.94)	NaN	NaN	NaN	NaN	NaN	
6374756910000	6365997302617	None	Blink	(44.65, 166.81)	(348.80, 163.58)	NaN	NaN	NaN	NaN	NaN	
6374773576000	6366013968844	None	Blink	(44.69, 166.76)	(348.79, 163.41)	NaN	NaN	NaN	NaN	NaN	
6374790243000	6366030635272	None	Blink	(44.46, 166.24)	(348.75, 163.10)	NaN	NaN	NaN	NaN	NaN	
6374806909000	6366047301066	None	Blink	(44.66, 166.14)	(348.85, 162.92)	NaN	NaN	NaN	NaN	NaN	
6374823576000	6366063967866	None	Fixation	(44.53, 165.80)	(349.29, 162.91)	6344.002	1.716797	NaN	NaN	NaN	
6374840242000	6366080633695	None	Fixation	(45.09, 165.96)	(349.17, 162.75)	6344.002	1.733398	NaN	NaN	NaN	
6374856909000	6366097300569	None	Fixation	(44.18, 165.60)	(349.14, 162.73)	6344.002	1.75	NaN	NaN	NaN	
6374873574000	6366113965312	None	Fixation	(44.49, 165.58)	(349.33, 162.70)	6344.002	1.76709	NaN	NaN	NaN	
6374890241000	6366130632115	None	Fixation	(43.97, 165.49)	(349.40, 162.94)	6344.002	1.783691	NaN	NaN	NaN	
6374906907000	6366147297894	None	Fixation	(44.06, 165.52)	(349.38, 162.69)	6344.002	1.800293	NaN	NaN	NaN	
6374923574000	6366163964702	None	Fixation	(44.29, 165.59)	(349.23, 162.81)	6344.002	1.816895	NaN	NaN	NaN	
6374940240000	6366180630560	None	Fixation	(45.92, 166.01)	(349.51, 162.87)	6344.002	1.833496	NaN	NaN	NaN	
6374956907000	6366197297323	None	Fixation	(43.85, 165.55)	(349.28, 162.50)	6344.002	1.850098	NaN	NaN	NaN	
6374973573000	6366213963192	None	Fixation	(44.19, 165.55)	(349.40, 162.71)	6344.002	1.866699	NaN	NaN	NaN	
6374990240000	6366230629988	None	Fixation	(44.32, 165.64)	(349.30, 162.77)	6344.002	1.883789	NaN	NaN	NaN	
6375006908000	6366247297728	None	Fixation	(44.33, 165.56)	(349.34, 162.87)	6344.002	1.900391	NaN	NaN	NaN	
6375023575000	6366263964566	None	Fixation	(44.41, 165.90)	(349.36, 162.84)	6344.002	1.916992	NaN	NaN	NaN	
6375040239000	6366280628366	None	Fixation	(44.25, 165.57)	(349.56, 163.03)	6344.002	1.933594	NaN	NaN	NaN	
6375056906000	6366297295190	None	Fixation	(44.43, 165.69)	(349.26, 162.83)	6344.002	1.950195	NaN	NaN	NaN	
6375073573000	6366313962950	None	Fixation	(44.25, 165.63)	(349.25, 162.78)	6344.002	1.966797	NaN	NaN	NaN	
6375090240000	6366330628788	None	Fixation	(44.34, 165.76)	(349.51, 162.73)	6344.002	1.983398	NaN	NaN	NaN	
6375106906000	6366347294602	None	Fixation	(44.54, 165.93)	(349.08, 162.47)	6344.002	2	NaN	NaN	NaN	
6375123573000	6366363961398	None	Fixation	(43.84, 165.74)	(349.12, 162.59)	6344.002	2.01709	NaN	NaN	NaN	
6375140238000	6366380626219	None	Fixation	(44.12, 165.82)	(349.20, 162.54)	6344.002	2.033691	NaN	NaN	NaN	
6375156905000	6366397293004	None	Fixation	(44.08, 165.73)	(349.45, 162.53)	6344.002	2.050293	NaN	NaN	NaN	
6375173571000	6366413958859	None	Fixation	(44.08, 165.63)	(349.20, 162.51)	6344.002	2.066895	NaN	NaN	NaN	
6375190238000	6366430625680	None	Fixation	(44.10, 165.53)	(349.47, 162.49)	6344.002	2.083496	NaN	NaN	NaN	
6375206904000	6366447291509	None	Fixation	(44.08, 165.50)	(349.68, 162.61)	6344.002	2.100098	NaN	NaN	NaN	
6375223571000	6366463958218	None	Fixation	(43.88, 165.47)	(349.65, 162.56)	6344.002	2.116699	NaN	NaN	NaN	
6375240239000	6366480626036	None	Fixation	(45.76, 164.91)	(349.83, 163.19)	6344.002	2.133789	NaN	NaN	NaN	
6375256906000	6366497292846	None	Fixation	(45.46, 165.05)	(349.81, 163.07)	6344.002	2.150391	NaN	NaN	NaN	
6375273572000	6366513958655	None	Fixation	(44.99, 164.98)	(349.82, 163.09)	6344.002	2.166992	NaN	NaN	NaN	
6375290239000	6366530625540	None	Fixation	(45.19, 165.26)	(349.76, 162.95)	6344.002	2.183594	NaN	NaN	NaN	
6375306904000	6366547290264	None	Fixation	(45.23, 165.42)	(349.93, 162.92)	6344.002	2.200195	NaN	NaN	NaN	
6375323570000	6366563956064	None	Fixation	(45.15, 165.09)	(350.01, 162.74)	6344.002	2.216797	NaN	NaN	NaN	
6375340237000	6366580622898	None	Fixation	(44.88, 165.18)	(350.08, 162.92)	6344.002	2.233398	NaN	NaN	NaN	
6375356904000	6366597289723	None	Fixation	(44.82, 165.24)	(349.87, 162.71)	6344.002	2.25	NaN	NaN	NaN	
6375373570000	6366613955475	None	Fixation	(44.58, 165.37)	(349.69, 162.74)	6344.002	2.26709	NaN	NaN	NaN	
6375390237000	6366630622312	None	Fixation	(46.63, 165.51)	(349.82, 162.63)	6344.002	2.283691	NaN	NaN	NaN	
6375406905000	6366647290111	None	Fixation	(44.38, 165.13)	(349.68, 162.75)	6344.002	2.300293	NaN	NaN	NaN	
6375423571000	6366663955910	None	Fixation	(44.58, 165.17)	(349.89, 162.61)	6344.002	2.316895	NaN	NaN	NaN	
6375440236000	6366680620762	None	Fixation	(44.56, 165.20)	(349.81, 162.59)	6344.002	2.333496	NaN	NaN	NaN	
6375456903000	6366697287581	None	Fixation	(44.41, 165.24)	(349.83, 162.51)	6344.002	2.350098	NaN	NaN	NaN	
6375473569000	6366713953422	None	Fixation	(44.52, 165.36)	(349.85, 162.54)	6344.002	2.366699	NaN	NaN	NaN	
6375490236000	6366730620262	None	Fixation	(44.15, 165.48)	(350.11, 162.52)	6344.002	2.383789	NaN	NaN	NaN	
6375506902000	6366747285948	None	Fixation	(43.92, 165.45)	(350.25, 162.41)	6344.002	2.400391	NaN	NaN	NaN	
6375523569000	6366763952843	None	Fixation	(44.08, 165.48)	(350.66, 162.61)	6344.002	2.416992	NaN	NaN	NaN	
6375540235000	6366780618577	None	Fixation	(43.83, 165.50)	(350.76, 162.43)	6344.002	2.433594	NaN	NaN	NaN	
6375556902000	6366797285797	None	Fixation	(43.43, 165.53)	(350.86, 162.45)	6344.002	2.450195	NaN	NaN	NaN	
6375573568000	6366813951280	None	Fixation	(44.65, 165.50)	(351.22, 162.31)	6344.002	2.466797	NaN	NaN	NaN	
6375590235000	6366830618013	None	Fixation	(42.47, 165.74)	(351.37, 162.05)	6344.002	2.483398	NaN	NaN	NaN	
6375606901000	6366847283865	None	Fixation	(41.79, 166.02)	(351.34, 161.70)	6344.002	2.5	NaN	NaN	NaN	
6375623568000	6366863950618	None	Fixation	(41.55, 166.16)	(351.58, 161.55)	6344.002	2.51709	NaN	NaN	NaN	
6375640234000	6366880616724	None	Fixation	(41.25, 166.50)	(351.65, 161.13)	6344.002	2.533691	NaN	NaN	NaN	
6375656901000	6366897283476	None	Fixation	(40.26, 166.86)	(351.94, 160.80)	6344.002	2.550293	NaN	NaN	NaN	
6375673567000	6366913949577	None	Saccade	(38.45, 168.45)	(351.06, 159.37)	6346.553	0.01660156	29.60955	0.9869849	35.88048	
6375690234000	6366930616224	None	Pursuit	(38.50, 168.87)	(351.11, 158.64)	6346.553	0.03320313	5.271517	1.096931	28.32718	
6375706905000	6366947286959	None	Pursuit	(37.53, 169.75)	(351.44, 158.56)	6346.553	0.04980469	15.99579	1.627846	30.43833	
6375723567000	6366963948761	None	Pursuit	(36.39, 169.78)	(351.49, 158.31)	6346.553	0.06640625	14.00972	1.987305	39.94565	
6375740233000	6366980614506	None	Fixation	(36.82, 169.27)	(351.47, 158.21)	6344.002	2.633789	NaN	NaN	NaN	
6375756900000	6366997281520	None	Fixation	(36.05, 169.60)	(351.51, 157.92)	6346.636	0.01660156	NaN	NaN	NaN	
6375773568000	6367013949343	None	Fixation	(37.13, 169.90)	(351.55, 157.69)	6346.636	0.03320313	NaN	NaN	NaN	
6375790235000	6367030616168	None	Fixation	(35.52, 169.97)	(351.84, 157.65)	6346.636	0.04980469	NaN	NaN	NaN	
6375806899000	6367047279656	None	Fixation	(35.34, 170.12)	(351.80, 157.46)	6346.636	0.06640625	NaN	NaN	NaN	
6375823566000	6367063946554	None	Fixation	(34.88, 170.40)	(352.06, 157.18)	6346.636	0.08300781	NaN	NaN	NaN	
6375840232000	6367080612397	None	Fixation	(34.76, 170.38)	(352.10, 156.98)	6346.636	0.09960938	NaN	NaN	NaN	
6375856899000	6367097278938	None	Fixation	(34.37, 170.68)	(352.21, 156.89)	6346.636	0.1162109	NaN	NaN	NaN	
6375873565000	6367113945067	None	Fixation	(34.55, 170.76)	(352.49, 156.75)	6346.636	0.1333008	NaN	NaN	NaN	
6375890232000	6367130611651	None	Fixation	(34.28, 170.83)	(352.17, 156.67)	6346.636	0.1499023	NaN	NaN	NaN	
6375906900000	6367147279363	None	Fixation	(34.40, 170.91)	(352.55, 156.29)	6346.636	0.1665039	NaN	NaN	NaN	
6375923567000	6367163946222	None	Fixation	(34.21, 170.91)	(352.26, 156.22)	6346.636	0.1831055	NaN	NaN	NaN	
6375940233000	6367180612011	None	Fixation	(33.40, 171.05)	(352.41, 156.02)	6346.636	0.199707	NaN	NaN	NaN	
6375956900000	6367197279134	None	Fixation	(33.75, 170.97)	(352.19, 155.85)	6346.636	0.2163086	NaN	NaN	NaN	
6375973565000	6367213943967	None	Fixation	(33.54, 171.19)	(352.32, 155.73)	6346.636	0.2329102	NaN	NaN	NaN	
6375990231000	6367230609367	None	Fixation	(33.68, 171.29)	(352.25, 155.57)	6346.636	0.25	NaN	NaN	NaN	
6376006899000	6367247277198	None	Fixation	(33.45, 171.25)	(352.41, 155.57)	6346.636	0.2666016	NaN	NaN	NaN	
6376023566000	6367263943960	None	Fixation	(33.00, 171.38)	(352.56, 155.55)	6346.636	0.2832031	NaN	NaN	NaN	
6376040231000	6367280608774	None	Fixation	(33.46, 171.19)	(352.53, 155.42)	6346.636	0.2998047	NaN	NaN	NaN	
6376056897000	6367297274615	None	WinkLeft	(33.20, 171.18)	(352.35, 155.39)	NaN	NaN	NaN	NaN	NaN	
6376073563000	6367313940429	None	WinkLeft	(33.49, 171.17)	(352.49, 155.41)	NaN	NaN	NaN	NaN	NaN	
6376090230000	6367330607310	None	WinkLeft	(33.27, 171.22)	(352.67, 155.36)	NaN	NaN	NaN	NaN	NaN	
6376106896000	6367347272973	None	WinkLeft	(33.15, 171.29)	(352.70, 155.21)	NaN	NaN	NaN	NaN	NaN	
6376123563000	6367363939821	None	WinkLeft	(33.10, 171.16)	(352.47, 154.96)	NaN	NaN	NaN	NaN	NaN	
6376140230000	6367380607037	None	WinkLeft	(32.93, 171.27)	(352.44, 154.98)	NaN	NaN	NaN	NaN	NaN	
6376156896000	6367397272466	None	WinkLeft	(32.96, 171.24)	(352.51, 155.01)	NaN	NaN	NaN	NaN	NaN	
6376173562000	6367413938240	None	Fixation	(32.04, 171.79)	(352.13, 154.60)	6346.636	0.4331055	NaN	NaN	NaN	
6376190229000	6367430605150	None	Saccade	(30.58, 173.61)	(351.77, 153.02)	6347.069	0.01660156	28.74291	0.9580969	25.86935	
6376206896000	6367447271863	None	Pursuit	(30.73, 173.52)	(352.04, 153.30)	6347.069	0.03320313	2.135206	0.8925023	24.15778	
6376223562000	6367463937668	None	Pursuit	(31.06, 173.26)	(351.96, 153.05)	6347.069	0.04980469	5.229959	0.7257718	20.53238	
6376240229000	6367480604530	None	Fixation	(30.09, 173.34)	(352.31, 153.18)	6344.002	3.133301	NaN	NaN	NaN	
6376256895000	6367497270276	None	Fixation	(29.99, 173.36)	(352.41, 153.03)	6347.136	0.01708984	NaN	NaN	NaN	
6376273562000	6367513937105	None	Fixation	(30.16, 173.36)	(352.47, 152.93)	6347.136	0.03369141	NaN	NaN	NaN	
6376290228000	6367530602972	None	Fixation	(31.29, 172.60)	(352.32, 153.83)	6347.136	0.05029297	NaN	NaN	NaN	
6376306895000	6367547270006	None	Saccade	(40.22, 168.30)	(351.18, 159.27)	6347.186	0.01660156	121.962	4.065399	218.0677	
6376323561000	6367563935912	None	Saccade	(44.66, 167.24)	(349.62, 162.90)	6347.186	0.03320313	56.17885	5.908349	222.3545	
6376340229000	6367580603409	None	Unknown	(46.48, 166.82)	(349.75, 163.55)	NaN	NaN	NaN	NaN	NaN	
6376356896000	6367597270503	None	Pursuit	(45.89, 166.52)	(349.56, 163.40)	6347.236	0.01660156	8.151344	0.2717115	103.751	
6376373561000	6367613935335	None	Pursuit	(44.84, 166.40)	(349.83, 163.40)	6347.236	0.03369141	12.95883	0.6934325	91.38573	
6376390227000	6367630600761	None	Unknown	(44.13, 166.28)	(349.94, 163.07)	NaN	NaN	NaN	NaN	NaN	
6376406894000	6367647267526	None	Fixation	(44.05, 166.06)	(350.15, 162.91)	6347.286	0.01660156	NaN	NaN	NaN	
6376423560000	6367663933634	None	Saccade	(47.67, 165.99)	(350.17, 162.80)	6347.303	0.01660156	44.60642	1.486881	255.9171	
6376440227000	6367680600474	None	Pursuit	(44.41, 166.25)	(350.32, 163.07)	6347.303	0.03320313	40.20224	0.1702663	284.6459	
6376456893000	6367697266002	None	Pursuit	(44.71, 166.19)	(350.28, 162.80)	6347.303	0.04980469	3.746706	0.2779037	267.9032	
6376473560000	6367713932813	None	Pursuit	(43.50, 166.05)	(350.40, 162.79)	6347.303	0.06640625	15.04252	0.2255608	77.50986	
6376490226000	6367730599063	None	Pursuit	(44.97, 166.20)	(350.37, 162.85)	6347.303	0.08300781	18.26439	0.3846181	265.4531	
6376506895000	6367747267660	None	Fixation	(43.57, 166.00)	(349.93, 162.87)	6347.286	0.1166992	NaN	NaN	NaN	
6376523561000	6367763933184	None	Fixation	(45.20, 166.20)	(350.18, 162.50)	6347.403	0.01660156	NaN	NaN	NaN	
6376540228000	6367780600045	None	Fixation	(45.76, 166.31)	(350.17, 162.35)	6347.403	0.03320313	NaN	NaN	NaN	
6376556894000	6367797266113	None	Fixation	(44.54, 166.40)	(349.89, 162.34)	6347.403	0.04980469	NaN	NaN	NaN	
6376573558000	6367813929651	None	Fixation	(43.87, 166.39)	(349.99, 162.37)	6347.403	0.06640625	NaN	NaN	NaN	
6376590225000	6367830596458	None	Fixation	(44.49, 166.28)	(350.06, 162.39)	6347.403	0.08300781	NaN	NaN	NaN	
6376606893000	6367847264657	None	Fixation	(43.62, 166.19)	(350.27, 162.15)	6347.403	0.09960938	NaN	NaN	NaN	
6376623560000	6367863931313	None	Fixation	(43.86, 166.11)	(349.88, 162.29)	6347.403	0.1166992	NaN	NaN	NaN	
6376640225000	6367880595828	None	Fixation	(44.46, 165.72)	(349.95, 162.55)	6347.403	0.1333008	NaN	NaN	NaN	
6376656891000	6367897261629	None	Fixation	(44.93, 165.91)	(349.75, 162.46)	6347.403	0.1499023	NaN	NaN	NaN	
6376673558000	6367913928463	None	Fixation	(44.58, 165.59)	(349.74, 162.51)	6347.403	0.1665039	NaN	NaN	NaN	
6376690224000	6367930594265	None	Fixation	(44.59, 165.87)	(349.67, 162.64)	6347.403	0.1831055	NaN	NaN	NaN	
6376706891000	6367947261429	None	Fixation	(45.49, 165.72)	(349.80, 162.50)	6347.403	0.199707	NaN	NaN	NaN	
6376723557000	6367963927060	None	Fixation	(45.09, 165.51)	(349.89, 162.68)	6347.403	0.2163086	NaN	NaN	NaN	
6376740225000	6367980594986	None	Fixation	(44.87, 165.58)	(349.98, 162.75)	6347.403	0.2329102	NaN	NaN	NaN	
6376756892000	6367997261503	None	Fixation	(45.05, 165.58)	(349.90, 162.68)	6347.403	0.25	NaN	NaN	NaN	
6376773557000	6368013926704	None	Fixation	(44.66, 165.48)	(349.63, 162.83)	6347.403	0.2666016	NaN	NaN	NaN	
6376790223000	6368030592491	None	Fixation	(45.01, 165.47)	(349.75, 162.72)	6347.403	0.2832031	NaN	NaN	NaN	
6376806890000	6368047259589	None	Fixation	(45.60, 165.59)	(349.75, 162.77)	6347.403	0.2998047	NaN	NaN	NaN	
6376823556000	6368063925130	None	Fixation	(45.16, 165.39)	(349.68, 162.78)	6347.403	0.3164063	NaN	NaN	NaN	
6376840222000	6368080590735	None	Fixation	(45.08, 165.43)	(349.51, 162.71)	6347.403	0.3330078	NaN	NaN	NaN	
6376856888000	6368097256308	None	Fixation	(45.06, 165.32)	(349.69, 162.64)	6347.403	0.3496094	NaN	NaN	NaN	
6376873555000	6368113923225	None	Fixation	(44.66, 165.38)	(349.49, 162.61)	6347.403	0.3666992	NaN	NaN	NaN	
6376890221000	6368130588960	None	Fixation	(45.28, 165.45)	(349.54, 162.63)	6347.403	0.3833008	NaN	NaN	NaN	
6376906887000	6368147254855	None	Fixation	(45.34, 165.39)	(349.49, 162.56)	6347.403	0.3999023	NaN	NaN	NaN	
6376923554000	6368163921565	None	Fixation	(45.48, 165.48)	(349.44, 162.66)	6347.403	0.4165039	NaN	NaN	NaN	
6376940221000	6368180589052	None	Fixation	(44.73, 165.62)	(349.48, 162.56)	6347.403	0.4331055	NaN	NaN	NaN	
6376956887000	6368197254604	None	Fixation	(45.94, 165.60)	(349.52, 162.55)	6347.403	0.449707	NaN	NaN	NaN	
6376973554000	6368213921386	None	Fixation	(45.19, 165.47)	(349.66, 162.60)	6347.403	0.4663086	NaN	NaN	NaN	
6376990220000	6368230587255	None	Fixation	(45.16, 165.37)	(349.62, 162.57)	6347.403	0.4829102	NaN	NaN	NaN	
6377006887000	6368247254010	None	Fixation	(44.78, 165.71)	(349.73, 162.48)	6347.403	0.5	NaN	NaN	NaN	
6377023553000	6368263919921	None	Fixation	(44.50, 165.54)	(349.78, 162.51)	6347.403	0.5166016	NaN	NaN	NaN	
6377040220000	6368280586615	None	Fixation	(43.76, 165.56)	(349.65, 162.42)	6347.403	0.5332031	NaN	NaN	NaN	
6377056886000	6368297252023	None	Fixation	(44.75, 165.76)	(349.58, 162.36)	6347.403	0.5498047	NaN	NaN	NaN	
6377073553000	6368313918918	None	Fixation	(45.14, 165.66)	(349.35, 162.26)	6347.403	0.5664063	NaN	NaN	NaN	
6377090219000	6368330584724	None	Fixation	(44.76, 165.94)	(349.03, 162.38)	6347.403	0.5830078	NaN	NaN	NaN	
6377106887000	6368347252466	None	Fixation	(45.20, 166.01)	(348.83, 162.28)	6347.403	0.5996094	NaN	NaN	NaN	
6377123554000	6368363919304	None	Fixation	(45.74, 167.33)	(347.36, 161.86)	6347.403	0.6166992	NaN	NaN	NaN	
6377140220000	6368380585201	None	Saccade	(47.28, 169.33)	(343.36, 161.75)	6348.02	0.01660156	30.9758	1.641558	296.9885	
6377156887000	6368397251919	None	Pursuit	(47.69, 169.23)	(343.70, 162.06)	6348.02	0.03320313	5.281923	1.117539	301.188	
6377173552000	6368413916698	None	Pursuit	(48.63, 169.25)	(342.91, 162.04)	6348.02	0.04980469	11.46999	1.420985	290.5976	
6377190218000	6368430582544	None	Pursuit	(48.69, 169.02)	(342.89, 162.01)	6348.02	0.06640625	2.953489	1.392743	286.7558	
6377206885000	6368447249279	None	Unknown	(49.39, 169.17)	(342.92, 161.59)	NaN	NaN	NaN	NaN	NaN	
6377223551000	6368463915412	None	Fixation	(48.61, 169.27)	(342.93, 161.28)	6348.103	0.01660156	NaN	NaN	NaN	
6377240218000	6368480582001	None	Fixation	(50.30, 169.88)	(342.39, 161.70)	6348.103	0.03320313	NaN	NaN	NaN	
6377256884000	6368497247703	None	Fixation	(49.25, 169.60)	(342.06, 161.44)	6348.103	0.05029297	NaN	NaN	NaN	
6377273551000	6368513914546	None	Fixation	(48.86, 169.65)	(341.86, 161.41)	6348.103	0.06689453	NaN	NaN	NaN	
6377290217000	6368530580380	None	Fixation	(49.07, 170.38)	(341.67, 161.32)	6348.103	0.08349609	NaN	NaN	NaN	
6377306886000	6368547249111	None	Fixation	(49.20, 169.97)	(341.31, 161.31)	6348.103	0.1000977	NaN	NaN	NaN	
6377323552000	6368563914990	None	Fixation	(49.83, 170.13)	(341.15, 161.19)	6348.103	0.1166992	NaN	NaN	NaN	
6377340217000	6368580579784	None	Fixation	(49.43, 170.29)	(340.81, 160.99)	6348.103	0.1333008	NaN	NaN	NaN	
6377356883000	6368597245612	None	Saccade	(49.44, 173.17)	(337.82, 160.11)	6348.236	0.01660156	38.29032	1.276344	299.518	
6377373550000	6368613912393	None	Saccade	(51.05, 174.19)	(336.03, 160.42)	6348.252	0.01708984	23.35819	0.7786064	289.2357	
6377390216000	6368630578194	None	Pursuit	(53.82, 174.18)	(335.79, 160.10)	6348.252	0.03369141	34.01193	1.83915	269.9573	
6377406883000	6368647244972	None	Pursuit	(51.58, 174.46)	(335.28, 159.88)	6348.252	0.05029297	27.64848	1.024346	288.0094	
6377423549000	6368663910784	None	Pursuit	(51.40, 174.59)	(335.47, 160.22)	6348.252	0.06689453	2.734035	0.9920898	292.8553	
6377440216000	6368680577609	None	Fixation	(51.76, 175.10)	(335.17, 159.58)	6348.319	0.01660156	NaN	NaN	NaN	
6377456882000	6368697243429	None	Saccade	(54.64, 174.55)	(334.66, 159.61)	6348.336	0.01660156	36.10347	1.203449	246.289	
6377473549000	6368713910246	None	Pursuit	(52.45, 176.08)	(334.90, 159.66)	6348.336	0.03320313	32.80297	0.4925885	311.5937	
6377490215000	6368730576017	None	Pursuit	(54.32, 175.60)	(334.38, 159.64)	6348.336	0.04980469	23.75091	1.071889	267.9999	
6377506884000	6368747244806	None	Pursuit	(51.61, 174.62)	(334.22, 159.55)	6348.336	0.06689453	35.44176	0.2046261	150.1587	
6377523550000	6368763911009	None	Pursuit	(52.19, 175.16)	(334.60, 159.59)	6348.336	0.08349609	9.722568	0.1781895	265.6703	
6377540217000	6368780577676	None	Fixation	(51.33, 173.86)	(334.35, 159.78)	6348.319	0.1166992	NaN	NaN	NaN	
6377556883000	6368797243301	None	Fixation	(51.96, 175.23)	(334.07, 159.67)	6348.436	0.01660156	NaN	NaN	NaN	
6377573548000	6368813908054	None	Fixation	(52.39, 175.59)	(334.04, 159.68)	6348.436	0.03320313	NaN	NaN	NaN	
6377590214000	6368830574333	None	Fixation	(52.15, 174.94)	(333.86, 159.51)	6348.436	0.04980469	NaN	NaN	NaN	
6377606881000	6368847240675	None	Saccade	(54.70, 175.85)	(333.61, 159.51)	6348.486	0.01660156	33.29748	1.109916	276.6368	
6377623547000	6368863906474	None	Fixation	(51.83, 175.31)	(333.63, 159.47)	6348.319	0.2001953	NaN	NaN	NaN	
6377640214000	6368880573260	None	Fixation	(52.11, 174.95)	(333.44, 159.39)	6348.52	0.01660156	NaN	NaN	NaN	
6377656880000	6368897239112	None	Fixation	(51.95, 174.76)	(333.15, 159.27)	6348.52	0.03320313	NaN	NaN	NaN	
6377673549000	6368913907928	None	Fixation	(52.13, 176.03)	(332.88, 159.14)	6348.52	0.04980469	NaN	NaN	NaN	
6377690215000	6368930573711	None	Fixation	(52.01, 175.46)	(332.89, 158.89)	6348.52	0.06640625	NaN	NaN	NaN	
6377706880000	6368947238592	None	Fixation	(51.89, 175.71)	(332.95, 159.03)	6348.52	0.08300781	NaN	NaN	NaN	
6377723546000	6368963904341	None	Fixation	(52.59, 175.42)	(332.99, 159.03)	6348.52	0.09960938	NaN	NaN	NaN	
6377740213000	6368980571134	None	Fixation	(51.52, 174.75)	(332.90, 158.86)	6348.52	0.1162109	NaN	NaN	NaN	
6377756879000	6368997237349	None	Fixation	(52.10, 175.43)	(332.99, 158.97)	6348.52	0.1333008	NaN	NaN	NaN	
6377773546000	6369013903748	None	Fixation	(51.93, 174.98)	(333.04, 158.86)	6348.52	0.1499023	NaN	NaN	NaN	
6377790212000	6369030569996	None	Fixation	(52.52, 176.04)	(333.04, 158.91)	6348.52	0.1665039	NaN	NaN	NaN	
6377806879000	6369047236434	None	Fixation	(53.20, 175.68)	(332.85, 158.83)	6348.52	0.1831055	NaN	NaN	NaN	
6377823545000	6369063902158	None	Fixation	(52.90, 175.85)	(332.86, 158.90)	6348.52	0.199707	NaN	NaN	NaN	
6377840212000	6369080568966	None	Fixation	(52.49, 175.35)	(332.92, 158.65)	6348.52	0.2163086	NaN	NaN	NaN	
6377856878000	6369097235416	None	Fixation	(52.05, 175.03)	(332.87, 158.85)	6348.52	0.2329102	NaN	NaN	NaN	
6377873545000	6369113901604	None	Fixation	(52.74, 174.61)	(334.16, 159.38)	6348.52	0.25	NaN	NaN	NaN	
6377890211000	6369130567443	None	Saccade	(49.67, 169.94)	(341.40, 161.40)	6348.77	0.01660156	68.81147	3.085953	126.133	
6377906878000	6369147234556	None	Saccade	(47.55, 168.22)	(345.21, 163.33)	6348.77	0.03320313	52.53888	4.815636	122.6827	
6377923544000	6369163900001	None	Pursuit	(47.66, 168.26)	(345.69, 163.49)	6348.803	0.01660156	1.402765	0.04675882	277.3801	
6377940211000	6369180566883	None	Pursuit	(46.77, 167.88)	(346.35, 163.08)	6348.803	0.03320313	11.88446	0.3494498	100.4663	
6377956877000	6369197232655	None	Pursuit	(46.78, 167.58)	(346.85, 162.73)	6348.803	0.04980469	3.661136	0.4097587	116.5836	
6377973544000	6369213899430	None	Unknown	(46.95, 167.47)	(346.58, 163.08)	NaN	NaN	NaN	NaN	NaN	
6377990210000	6369230565732	None	Fixation	(47.23, 167.38)	(346.78, 163.04)	6348.869	0.01660156	NaN	NaN	NaN	
6378006877000	6369247232029	None	Fixation	(46.70, 167.45)	(346.58, 162.93)	6348.869	0.03369141	NaN	NaN	NaN	
6378023543000	6369263897881	None	Fixation	(46.85, 167.48)	(346.95, 162.76)	6348.869	0.05029297	NaN	NaN	NaN	
6378040212000	6369280566678	None	Fixation	(46.47, 167.38)	(346.75, 162.86)	6348.869	0.06689453	NaN	NaN	NaN	
6378056878000	6369297232482	None	Fixation	(47.14, 167.45)	(346.67, 162.69)	6348.869	0.08349609	NaN	NaN	NaN	
6378073545000	6369313899279	None	Fixation	(46.78, 167.52)	(346.75, 162.54)	6348.869	0.1000977	NaN	NaN	NaN	
6378090211000	6369330565511	None	Fixation	(46.26, 167.27)	(346.84, 162.58)	6348.869	0.1166992	NaN	NaN	NaN	
6378106876000	6369347229864	None	Fixation	(46.35, 166.73)	(347.66, 162.92)	6348.869	0.1333008	NaN	NaN	NaN	
6378123542000	6369363895718	None	Fixation	(45.47, 166.71)	(348.83, 162.83)	6348.869	0.1503906	NaN	NaN	NaN	
6378140209000	6369380562486	None	Fixation	(45.93, 166.60)	(348.59, 162.90)	6348.869	0.1669922	NaN	NaN	NaN	
6378156875000	6369397228326	None	Fixation	(44.72, 166.54)	(348.95, 162.78)	6348.869	0.1835938	NaN	NaN	NaN	
6378173544000	6369413897128	None	Fixation	(45.15, 166.37)	(348.98, 162.52)	6348.869	0.2001953	NaN	NaN	NaN	
6378190210000	6369430562997	None	Fixation	(44.72, 166.32)	(348.73, 162.46)	6348.869	0.2167969	NaN	NaN	NaN	
6378206875000	6369447227730	None	Fixation	(45.05, 166.52)	(348.77, 162.50)	6348.869	0.2333984	NaN	NaN	NaN	
6378223541000	6369463893537	None	Fixation	(44.47, 166.19)	(348.62, 162.36)	6348.869	0.25	NaN	NaN	NaN	
6378240208000	6369480560500	None	Fixation	(45.64, 166.49)	(348.69, 162.13)	6348.869	0.2666016	NaN	NaN	NaN	
6378256874000	6369497226144	None	Fixation	(45.49, 166.54)	(348.72, 162.32)	6348.869	0.2836914	NaN	NaN	NaN	
6378273541000	6369513892963	None	Fixation	(44.52, 166.36)	(348.41, 161.96)	6348.869	0.300293	NaN	NaN	NaN	
6378290207000	6369530558768	None	Fixation	(45.32, 166.37)	(348.64, 162.31)	6348.869	0.3168945	NaN	NaN	NaN	
6378306874000	6369547225583	None	Fixation	(44.83, 166.34)	(348.66, 162.09)	6348.869	0.3334961	NaN	NaN	NaN	
6378323540000	6369563891386	None	Fixation	(44.40, 166.19)	(348.75, 162.21)	6348.869	0.3500977	NaN	NaN	NaN	
6378340207000	6369580558171	None	Fixation	(46.37, 166.31)	(348.72, 162.12)	6348.869	0.3666992	NaN	NaN	NaN	
6378356873000	6369597223993	None	Fixation	(44.19, 166.05)	(348.74, 162.24)	6348.869	0.3833008	NaN	NaN	NaN	
6378373542000	6369613892799	None	Fixation	(44.24, 166.15)	(348.85, 162.23)	6348.869	0.4003906	NaN	NaN	NaN	
6378390208000	6369630559003	None	Fixation	(46.67, 165.04)	(349.81, 163.24)	6348.869	0.4169922	NaN	NaN	NaN	
6378406872000	6369647222431	None	Fixation	(44.94, 165.37)	(349.97, 163.02)	6348.869	0.4335938	NaN	NaN	NaN	
6378423539000	6369663889222	None	Fixation	(45.89, 165.29)	(349.90, 163.22)	6348.869	0.4501953	NaN	NaN	NaN	
6378440206000	6369680556227	None	Fixation	(45.30, 165.45)	(349.69, 163.09)	6348.869	0.4667969	NaN	NaN	NaN	
6378456872000	6369697222123	None	Fixation	(45.34, 165.30)	(349.64, 163.08)	6348.869	0.4833984	NaN	NaN	NaN	
6378473539000	6369713888646	None	Fixation	(44.45, 165.18)	(349.79, 163.18)	6348.869	0.5	NaN	NaN	NaN	
6378490205000	6369730554444	None	Fixation	(44.99, 165.32)	(349.75, 163.28)	6348.869	0.5166016	NaN	NaN	NaN	
6378506872000	6369747221250	None	Fixation	(45.12, 165.36)	(349.56, 163.32)	6348.869	0.5336914	NaN	NaN	NaN	
6378523538000	6369763887052	None	Fixation	(46.64, 165.30)	(349.83, 163.23)	6348.869	0.550293	NaN	NaN	NaN	
6378540205000	6369780553872	None	Fixation	(45.30, 165.16)	(349.70, 163.29)	6348.869	0.5668945	NaN	NaN	NaN	
6378556872000	6369797220718	None	Fixation	(45.02, 165.33)	(349.78, 163.00)	6348.869	0.5834961	NaN	NaN	NaN	
6378573538000	6369813886491	None	Fixation	(45.23, 165.00)	(349.76, 163.01)	6348.869	0.6000977	NaN	NaN	NaN	
6378590205000	6369830553328	None	Fixation	(45.27, 165.34)	(349.62, 162.94)	6348.869	0.6166992	NaN	NaN	NaN	
6378606871000	6369847219118	None	Fixation	(45.18, 165.26)	(349.60, 162.77)	6348.869	0.6333008	NaN	NaN	NaN	
6378623537000	6369863884930	None	Fixation	(44.86, 165.14)	(349.61, 162.85)	6348.869	0.6503906	NaN	NaN	NaN	
6378640204000	6369880551693	None	Fixation	(45.00, 165.20)	(349.54, 162.90)	6348.869	0.6669922	NaN	NaN	NaN	
6378656871000	6369897218531	None	Fixation	(44.57, 165.07)	(349.63, 162.87)	6348.869	0.6835938	NaN	NaN	NaN	
6378673539000	6369913886320	None	Fixation	(45.35, 165.28)	(349.82, 162.85)	6348.869	0.7001953	NaN	NaN	NaN	
6378690205000	6369930552150	None	Fixation	(44.98, 165.03)	(349.82, 162.89)	6348.869	0.7167969	NaN	NaN	NaN	
6378706870000	6369947216947	None	Fixation	(45.29, 165.13)	(349.83, 162.58)	6348.869	0.7333984	NaN	NaN	NaN	
6378723537000	6369963883771	None	Fixation	(45.73, 165.12)	(349.85, 162.70)	6348.869	0.75	NaN	NaN	NaN	
6378740203000	6369980549581	None	Fixation	(45.07, 165.20)	(349.85, 162.80)	6348.869	0.7666016	NaN	NaN	NaN	
6378756870000	6369997216369	None	Fixation	(44.82, 165.05)	(349.58, 162.80)	6348.869	0.7836914	NaN	NaN	NaN	
6378773536000	6370013882182	None	Fixation	(45.30, 165.41)	(349.51, 162.85)	6348.869	0.800293	NaN	NaN	NaN	
6378790202000	6370030547992	None	Fixation	(46.39, 166.73)	(349.60, 164.33)	6348.869	0.8168945	NaN	NaN	NaN	
6378790202000	6370030548056	None	Fixation	(46.39, 166.73)	(349.60, 164.33)	6348.869	0.8168945	NaN	NaN	NaN	
6378806869000	6370047214787	None	WinkRight	(46.54, 168.85)	(348.78, 166.86)	NaN	NaN	NaN	NaN	NaN	
6378823536000	6370063881872	None	Blink	(45.87, 169.66)	(348.37, 168.02)	NaN	NaN	NaN	NaN	NaN	
6378840202000	6370080547815	None	Blink	(42.00, 165.60)	(347.61, 168.49)	NaN	NaN	NaN	NaN	NaN	
6378873535000	6370113880025	None	Blink	(45.35, 167.15)	(350.24, 159.36)	NaN	NaN	NaN	NaN	NaN	
6378873535000	6370113880001	None	Blink	(45.35, 167.15)	(350.24, 159.36)	NaN	NaN	NaN	NaN	NaN	
6378890202000	6370130546817	None	Blink	(45.41, 166.34)	(349.24, 164.35)	NaN	NaN	NaN	NaN	NaN	
6378906868000	6370147212627	None	Blink	(44.95, 166.78)	(348.86, 163.61)	NaN	NaN	NaN	NaN	NaN	
6378923535000	6370163879926	None	Blink	(45.27, 166.35)	(348.68, 163.77)	NaN	NaN	NaN	NaN	NaN	
6378940201000	6370180546005	None	Blink	(45.27, 166.57)	(349.06, 163.51)	NaN	NaN	NaN	NaN	NaN	
6378956868000	6370197213012	None	Blink	(45.23, 166.24)	(348.48, 163.28)	NaN	NaN	NaN	NaN	NaN	
6378973534000	6370213878208	None	Blink	(45.29, 166.16)	(348.83, 163.30)	NaN	NaN	NaN	NaN	NaN	
6378990201000	6370230544982	None	Fixation	(47.41, 166.43)	(348.95, 163.14)	6348.869	1.016602	NaN	NaN	NaN	
6379006869000	6370247212475	None	Fixation	(45.45, 165.98)	(349.35, 163.11)	6348.869	1.033691	NaN	NaN	NaN	
6379023535000	6370263878312	None	Fixation	(45.37, 166.09)	(348.87, 163.15)	6348.869	1.050293	NaN	NaN	NaN	
6379040200000	6370280543450	None	Fixation	(45.33, 165.75)	(349.18, 163.16)	6348.869	1.066895	NaN	NaN	NaN	
6379056867000	6370297209909	None	Fixation	(44.98, 165.72)	(349.42, 163.23)	6348.869	1.083496	NaN	NaN	NaN	
6379073533000	6370313875721	None	Fixation	(45.14, 165.86)	(349.40, 163.33)	6348.869	1.100098	NaN	NaN	NaN	
6379090200000	6370330542501	None	Fixation	(45.07, 165.80)	(349.28, 163.24)	6348.869	1.116699	NaN	NaN	NaN	
6379106868000	6370347210317	None	Fixation	(44.95, 165.76)	(348.83, 163.17)	6348.869	1.133301	NaN	NaN	NaN	
6379123534000	6370363876122	None	Fixation	(45.70, 166.05)	(349.05, 163.17)	6348.869	1.150391	NaN	NaN	NaN	
6379140201000	6370380543276	None	Fixation	(45.39, 165.95)	(349.14, 163.27)	6348.869	1.166992	NaN	NaN	NaN	
6379156868000	6370397209736	None	Fixation	(45.27, 165.93)	(349.00, 163.11)	6348.869	1.183594	NaN	NaN	NaN	
6379173532000	6370413873539	None	Fixation	(46.09, 165.94)	(348.94, 163.14)	6348.869	1.200195	NaN	NaN	NaN	
6379190199000	6370430540359	None	Fixation	(45.04, 165.84)	(348.93, 163.00)	6348.869	1.216797	NaN	NaN	NaN	
6379206865000	6370447206181	None	Fixation	(45.22, 165.89)	(349.06, 162.97)	6348.869	1.233398	NaN	NaN	NaN	
6379223532000	6370463872956	None	Fixation	(45.62, 165.80)	(348.99, 163.01)	6348.869	1.25	NaN	NaN	NaN	
6379240198000	6370480538796	None	Fixation	(45.11, 165.88)	(349.13, 163.13)	6348.869	1.266602	NaN	NaN	NaN	
6379256865000	6370497205589	None	Fixation	(44.91, 166.02)	(349.14, 163.02)	6348.869	1.283691	NaN	NaN	NaN	
6379273531000	6370513871424	None	Fixation	(45.35, 166.09)	(349.16, 163.00)	6348.869	1.300293	NaN	NaN	NaN	
6379290198000	6370530538426	None	Fixation	(44.69, 165.90)	(349.09, 162.92)	6348.869	1.316895	NaN	NaN	NaN	
6379306864000	6370547203997	None	Fixation	(44.92, 166.17)	(349.15, 163.06)	6348.869	1.333496	NaN	NaN	NaN	
6379323531000	6370563870811	None	Fixation	(44.72, 165.87)	(348.96, 163.07)	6348.869	1.350098	NaN	NaN	NaN	
6379340197000	6370580536735	None	Fixation	(45.13, 165.84)	(348.96, 163.09)	6348.869	1.366699	NaN	NaN	NaN	
6379356864000	6370597203410	None	Fixation	(44.99, 165.86)	(349.19, 162.94)	6348.869	1.383301	NaN	NaN	NaN	
6379373530000	6370613869257	None	Fixation	(45.65, 165.97)	(349.08, 162.95)	6348.869	1.399902	NaN	NaN	NaN	
6379390197000	6370630536049	None	Fixation	(45.01, 165.80)	(348.85, 162.87)	6348.869	1.416992	NaN	NaN	NaN	
6379406863000	6370647201884	None	Fixation	(44.92, 165.95)	(348.93, 162.86)	6348.869	1.433594	NaN	NaN	NaN	
6379423530000	6370663868692	None	Fixation	(44.89, 165.97)	(348.81, 162.71)	6348.869	1.450195	NaN	NaN	NaN	
6379440196000	6370680534467	None	Fixation	(45.02, 165.81)	(349.04, 162.76)	6348.869	1.466797	NaN	NaN	NaN	
6379456863000	6370697201291	None	Fixation	(45.36, 165.94)	(349.13, 162.78)	6348.869	1.483398	NaN	NaN	NaN	
6379473529000	6370713867082	None	Fixation	(45.32, 165.90)	(349.30, 162.67)	6348.869	1.5	NaN	NaN	NaN	
6379490196000	6370730534435	None	Fixation	(44.79, 165.77)	(349.29, 162.67)	6348.869	1.516602	NaN	NaN	NaN	
6379506862000	6370747199965	None	Fixation	(44.68, 166.08)	(349.01, 162.68)	6348.869	1.533691	NaN	NaN	NaN	
6379523529000	6370763866496	None	Fixation	(45.04, 167.12)	(349.26, 163.67)	6348.869	1.550293	NaN	NaN	NaN	
6379540195000	6370780532317	None	Blink	(45.57, 169.71)	(347.92, 166.94)	NaN	NaN	NaN	NaN	NaN	
6379556862000	6370797199133	None	Blink	(53.42, 175.60)	(0.00, 0.00)	NaN	NaN	NaN	NaN	NaN	
6379573529000	6370813865925	None	Blink	(0.00, 0.00)	(0.00, 0.00)	NaN	NaN	NaN	NaN	NaN	
6379590195000	6370830531737	None	Blink	(0.00, 0.00)	(0.00, 0.00)	NaN	NaN	NaN	NaN	NaN	
6379606862000	6370847198663	None	Blink	(0.00, 0.00)	(0.00, 0.00)	NaN	NaN	NaN	NaN	NaN	
6379623529000	6370863865363	None	Blink	(0.00, 0.00)	(0.00, 0.00)	NaN	NaN	NaN	NaN	NaN	
6379640194000	6370880530496	None	Blink	(49.21, 167.97)	(344.17, 199.11)	NaN	NaN	NaN	NaN	NaN	
6379656861000	6370897197406	None	Blink	(48.63, 165.15)	(344.29, 169.00)	NaN	NaN	NaN	NaN	NaN	
6379673527000	6370913863351	None	Blink	(47.23, 164.60)	(349.63, 166.39)	NaN	NaN	NaN	NaN	NaN	
6379690194000	6370930529583	None	Blink	(45.54, 164.09)	(353.07, 162.14)	NaN	NaN	NaN	NaN	NaN	
6379706862000	6370947197734	None	Blink	(45.64, 164.83)	(350.48, 165.25)	NaN	NaN	NaN	NaN	NaN	
6379723529000	6370963864218	None	Blink	(45.49, 164.53)	(350.37, 165.04)	NaN	NaN	NaN	NaN	NaN	
6379740195000	6370980529999	None	Blink	(45.43, 164.34)	(350.65, 165.14)	NaN	NaN	NaN	NaN	NaN	
6379756862000	6370997196819	None	Blink	(45.57, 164.41)	(350.49, 164.73)	NaN	NaN	NaN	NaN	NaN	
6379773527000	6371013861614	None	Blink	(45.50, 164.31)	(350.39, 164.73)	NaN	NaN	NaN	NaN	NaN	
6379790194000	6371030528622	None	Fixation	(45.85, 164.28)	(350.22, 164.69)	6348.869	1.816895	NaN	NaN	NaN	
6379806860000	6371047194638	None	Fixation	(45.93, 164.28)	(350.48, 164.82)	6348.869	1.833496	NaN	NaN	NaN	
6379823527000	6371063861390	None	Saccade	(45.87, 164.10)	(350.52, 164.74)	6350.703	0.01660156	2.329655	0.07765517	150.4618	
6379840192000	6371080526078	None	Fixation	(45.88, 164.14)	(350.29, 164.66)	6348.869	1.866699	NaN	NaN	NaN	
6379856859000	6371097192657	None	Fixation	(45.91, 164.12)	(350.52, 164.53)	6350.736	0.01660156	NaN	NaN	NaN	
6379873525000	6371113858787	None	Fixation	(45.81, 164.07)	(350.16, 164.56)	6350.736	0.03320313	NaN	NaN	NaN	
6379890192000	6371130525812	None	Fixation	(45.33, 165.21)	(349.20, 163.55)	6350.736	0.05029297	NaN	NaN	NaN	
6379906859000	6371147192062	None	Fixation	(44.70, 165.56)	(348.97, 163.51)	6350.736	0.06689453	NaN	NaN	NaN	
6379923525000	6371163858247	None	Fixation	(45.26, 165.75)	(349.04, 163.56)	6350.736	0.08349609	NaN	NaN	NaN	
6379940191000	6371180523691	None	Fixation	(45.39, 165.68)	(348.90, 163.49)	6350.736	0.1000977	NaN	NaN	NaN	
6379956858000	6371197190507	None	Fixation	(45.18, 165.61)	(349.00, 163.32)	6350.736	0.1166992	NaN	NaN	NaN	
6379973524000	6371213856350	None	Fixation	(45.70, 165.77)	(349.07, 163.38)	6350.736	0.1333008	NaN	NaN	NaN	
6379990191000	6371230523440	None	Fixation	(44.98, 165.58)	(349.02, 163.28)	6350.736	0.1499023	NaN	NaN	NaN	
6380006858000	6371247189931	None	Fixation	(45.56, 165.69)	(349.12, 163.27)	6350.736	0.1669922	NaN	NaN	NaN	
6380023525000	6371263856748	None	Fixation	(45.89, 165.54)	(349.11, 163.32)	6350.736	0.1835938	NaN	NaN	NaN	
6380040190000	6371280521571	None	Fixation	(45.17, 165.51)	(349.21, 163.31)	6350.736	0.2001953	NaN	NaN	NaN	
6380056857000	6371297188362	None	Fixation	(45.75, 165.18)	(348.97, 163.42)	6350.736	0.2167969	NaN	NaN	NaN	
6380073525000	6371313856469	None	Fixation	(45.91, 165.58)	(348.98, 163.41)	6350.736	0.2333984	NaN	NaN	NaN	
6380090192000	6371330522943	None	Fixation	(45.03, 165.51)	(348.87, 163.17)	6350.736	0.25	NaN	NaN	NaN	
6380106856000	6371347186794	None	Fixation	(45.35, 165.62)	(348.72, 163.31)	6350.736	0.2666016	NaN	NaN	NaN	
6380123523000	6371363853581	None	Fixation	(45.48, 165.37)	(349.13, 163.36)	6350.736	0.2832031	NaN	NaN	NaN	
6380140189000	6371380519372	None	Fixation	(45.49, 165.54)	(349.07, 163.38)	6350.736	0.300293	NaN	NaN	NaN	
6380156856000	6371397186160	None	Fixation	(45.32, 165.49)	(349.19, 163.48)	6350.736	0.3168945	NaN	NaN	NaN	
6380173524000	6371413853989	None	Fixation	(46.02, 165.51)	(348.95, 163.46)	6350.736	0.3334961	NaN	NaN	NaN	
6380190191000	6371430520803	None	Fixation	(46.12, 165.37)	(349.09, 163.68)	6350.736	0.3500977	NaN	NaN	NaN	
6380206855000	6371447184599	None	Fixation	(46.21, 165.51)	(349.24, 163.73)	6350.736	0.3666992	NaN	NaN	NaN	
6380223522000	6371463851415	None	Fixation	(46.24, 165.33)	(349.27, 163.57)	6350.736	0.3833008	NaN	NaN	NaN	
6380240188000	6371480517231	None	Fixation	(45.35, 165.36)	(349.15, 163.48)	6350.736	0.3999023	NaN	NaN	NaN	
6380256855000	6371497184034	None	Fixation	(45.25, 165.23)	(349.10, 163.39)	6350.736	0.4169922	NaN	NaN	NaN	
6380273521000	6371513849872	None	Fixation	(45.80, 165.29)	(349.01, 163.42)	6350.736	0.4335938	NaN	NaN	NaN	
6380290188000	6371530516659	None	Fixation	(45.87, 165.38)	(349.02, 163.37)	6350.736	0.4501953	NaN	NaN	NaN	
6380306854000	6371547182493	None	Fixation	(45.64, 165.38)	(349.02, 163.28)	6350.736	0.4667969	NaN	NaN	NaN	
6380323521000	6371563849270	None	Fixation	(47.61, 165.51)	(348.90, 163.20)	6350.736	0.4833984	NaN	NaN	NaN	
6380340187000	6371580515096	None	Fixation	(45.13, 165.26)	(348.80, 163.28)	6350.736	0.5	NaN	NaN	NaN	
6380356854000	6371597181905	None	Fixation	(45.06, 165.33)	(348.88, 163.17)	6350.736	0.5166016	NaN	NaN	NaN	
6380373522000	6371613849713	None	Fixation	(45.23, 165.39)	(348.91, 163.12)	6350.736	0.5332031	NaN	NaN	NaN	
6380390189000	6371630516505	None	Fixation	(45.48, 165.60)	(348.91, 163.03)	6350.736	0.550293	NaN	NaN	NaN	
6380406853000	6371647180467	None	Fixation	(46.08, 165.63)	(348.87, 162.85)	6350.736	0.5668945	NaN	NaN	NaN	
6380423520000	6371663847117	None	Fixation	(44.88, 165.79)	(349.10, 162.81)	6350.736	0.5834961	NaN	NaN	NaN	
6380440186000	6371680512912	None	Fixation	(45.02, 165.87)	(349.01, 162.63)	6350.736	0.6000977	NaN	NaN	NaN	
6380456853000	6371697179738	None	Fixation	(44.75, 166.22)	(348.93, 162.39)	6350.736	0.6166992	NaN	NaN	NaN	
6380473519000	6371713845530	None	Fixation	(45.77, 166.14)	(348.70, 162.37)	6350.736	0.6333008	NaN	NaN	NaN	
6380490186000	6371730512347	None	Fixation	(45.12, 166.35)	(348.43, 162.29)	6350.736	0.6499023	NaN	NaN	NaN	
6380506854000	6371747180171	None	Fixation	(44.87, 166.59)	(348.37, 162.05)	6350.736	0.6669922	NaN	NaN	NaN	
6380523521000	6371763846972	None	Fixation	(44.50, 166.68)	(348.12, 161.90)	6350.736	0.6835938	NaN	NaN	NaN	
6380540187000	6371780513042	None	Fixation	(44.89, 167.11)	(347.92, 161.76)	6350.736	0.7001953	NaN	NaN	NaN	
6380556854000	6371797180066	None	Fixation	(44.49, 167.34)	(347.68, 161.73)	6350.736	0.7167969	NaN	NaN	NaN	
6380573520000	6371813845707	None	Fixation	(43.48, 169.63)	(345.59, 159.83)	6350.736	0.7333984	NaN	NaN	NaN	
6380590187000	6371830512532	None	Saccade	(43.66, 171.40)	(343.10, 159.04)	6351.469	0.01660156	21.93619	1.072384	321.0738	
6380606851000	6371847176023	None	Pursuit	(45.36, 172.23)	(343.36, 159.06)	6351.469	0.03320313	23.33065	1.317428	311.2164	
6380623518000	6371863842839	None	Pursuit	(43.60, 172.11)	(342.85, 158.61)	6351.469	0.04980469	21.72087	1.018762	344.2931	
6380640186000	6371880510614	None	Unknown	(43.29, 172.04)	(342.74, 158.69)	NaN	NaN	NaN	NaN	NaN	
6380656853000	6371897177422	None	Fixation	(43.12, 172.59)	(342.54, 158.14)	6351.536	0.01660156	NaN	NaN	NaN	
6380673517000	6371913841250	None	Fixation	(43.18, 173.08)	(342.12, 157.72)	6351.536	0.03320313	NaN	NaN	NaN	
6380690184000	6371930508030	None	Fixation	(43.11, 173.45)	(341.57, 157.52)	6351.536	0.04980469	NaN	NaN	NaN	
6380706850000	6371947173862	None	Fixation	(42.81, 174.15)	(341.20, 157.38)	6351.536	0.06640625	NaN	NaN	NaN	
6380723517000	6371963840684	None	Saccade	(42.21, 176.74)	(338.56, 155.34)	6351.603	0.01660156	32.62254	1.369996	340.3381	
6380740183000	6371980506468	None	Pursuit	(43.12, 178.44)	(335.47, 154.51)	6351.603	0.03320313	23.6725	1.760939	342.872	
6380756850000	6371997173284	None	Pursuit	(43.39, 179.52)	(335.95, 154.27)	6351.603	0.05029297	13.70432	2.212295	340.8287	
6380773516000	6372013839537	None	Pursuit	(43.67, 179.59)	(335.26, 154.04)	6351.603	0.06689453	3.547658	2.255112	338.0008	
6380790183000	6372030505878	None	Pursuit	(42.99, 179.39)	(335.09, 154.07)	6351.603	0.08349609	2.092891	2.851622	311.4636	
6380806849000	6372047171739	None	Fixation	(42.91, 179.72)	(335.11, 153.66)	6351.686	0.01660156	NaN	NaN	NaN	
6380823516000	6372063838514	None	Fixation	(43.22, 180.06)	(334.71, 153.32)	6351.686	0.03320313	NaN	NaN	NaN	
6380840184000	6372080506662	None	Fixation	(42.78, 180.26)	(334.11, 153.28)	6351.686	0.04980469	NaN	NaN	NaN	
6380856851000	6372097173464	None	Fixation	(42.83, 180.89)	(334.07, 153.35)	6351.686	0.06640625	NaN	NaN	NaN	
6380873515000	6372113836926	None	Fixation	(43.28, 181.09)	(333.95, 153.01)	6351.686	0.08300781	NaN	NaN	NaN	
6380890182000	6372130503886	None	Fixation	(43.30, 181.56)	(333.59, 152.94)	6351.686	0.1000977	NaN	NaN	NaN	
6380906848000	6372147170101	None	Fixation	(43.04, 183.38)	(331.53, 152.08)	6351.686	0.1166992	NaN	NaN	NaN	
6380923515000	6372163836358	None	Saccade	(43.83, 184.83)	(329.11, 151.28)	6351.803	0.01660156	20.32778	1.045331	309.8192	
6380940181000	6372180502254	None	Pursuit	(43.93, 185.17)	(329.05, 151.36)	6351.803	0.03320313	4.404727	0.8222293	320.3544	
6380956850000	6372197171309	None	Pursuit	(44.45, 185.95)	(328.47, 151.05)	6351.803	0.04980469	11.58633	1.206639	318.2114	
6380973515000	6372213835789	None	Unknown	(44.82, 186.35)	(328.31, 151.19)	NaN	NaN	NaN	NaN	NaN	
6380990181000	6372230501575	None	Fixation	(44.26, 186.30)	(327.91, 150.63)	6351.869	0.01660156	NaN	NaN	NaN	
6381006846000	6372247166674	None	Fixation	(44.47, 186.30)	(327.63, 150.53)	6351.869	0.03369141	NaN	NaN	NaN	
6381023513000	6372263833194	None	Fixation	(44.55, 187.00)	(327.17, 150.67)	6351.869	0.05029297	NaN	NaN	NaN	
6381040181000	6372280501041	None	Fixation	(44.53, 187.18)	(326.94, 150.44)	6351.869	0.06689453	NaN	NaN	NaN	
6381056848000	6372297167804	None	Fixation	(44.68, 187.45)	(326.48, 149.98)	6351.869	0.08349609	NaN	NaN	NaN	
6381073512000	6372313831620	None	Fixation	(44.37, 188.67)	(325.99, 149.67)	6351.869	0.1000977	NaN	NaN	NaN	
6381090179000	6372330498537	None	Saccade	(43.57, 193.15)	(321.76, 147.57)	6351.969	0.01660156	56.00132	1.935886	333.2578	
6381106845000	6372347164255	None	Unknown	(43.67, 193.16)	(321.97, 147.43)	NaN	NaN	NaN	NaN	NaN	
6381123512000	6372363831072	None	Pursuit	(43.90, 193.85)	(321.09, 147.01)	6352.002	0.01660156	9.002891	0.3000963	328.6776	
6381140180000	6372380499162	None	Pursuit	(43.48, 193.72)	(320.64, 146.57)	6352.002	0.03369141	5.440339	0.2421895	5.849061	
6381156847000	6372397165651	None	Unknown	(43.43, 193.92)	(321.22, 146.60)	NaN	NaN	NaN	NaN	NaN	
6381173511000	6372413829513	None	Fixation	(43.53, 194.23)	(320.47, 146.64)	6352.053	0.01660156	NaN	NaN	NaN	
6381190178000	6372430496287	None	Fixation	(43.44, 194.42)	(320.08, 146.25)	6352.053	0.03320313	NaN	NaN	NaN	
6381206846000	6372447164184	None	Fixation	(43.16, 194.52)	(320.07, 146.37)	6352.053	0.04980469	NaN	NaN	NaN	
6381223513000	6372463830872	None	Fixation	(43.33, 194.86)	(319.50, 145.99)	6352.053	0.06640625	NaN	NaN	NaN	
6381240178000	6372480495689	None	Fixation	(43.26, 195.00)	(319.79, 145.75)	6352.053	0.08300781	NaN	NaN	NaN	
6381256844000	6372497161872	None	Fixation	(42.86, 195.30)	(319.36, 145.69)	6352.053	0.1000977	NaN	NaN	NaN	
6381273511000	6372513828319	None	Fixation	(42.92, 195.08)	(319.58, 145.96)	6352.053	0.1166992	NaN	NaN	NaN	
6381290177000	6372530494116	None	Fixation	(43.17, 195.56)	(319.37, 145.70)	6352.053	0.1333008	NaN	NaN	NaN	
6381306843000	6372547159938	None	Fixation	(42.92, 195.99)	(318.51, 145.48)	6352.053	0.1499023	NaN	NaN	NaN	
6381323510000	6372563826720	None	Fixation	(43.19, 196.14)	(318.72, 145.32)	6352.053	0.1665039	NaN	NaN	NaN	
6381340176000	6372580492549	None	Fixation	(43.25, 196.10)	(318.43, 145.17)	6352.053	0.1831055	NaN	NaN	NaN	
6381356843000	6372597159367	None	Fixation	(42.89, 196.38)	(318.66, 145.35)	6352.053	0.199707	NaN	NaN	NaN	
6381373509000	6372613825215	None	Saccade	(44.11, 190.98)	(322.69, 147.33)	6352.252	0.01660156	68.05278	2.268426	154.4873	
6381390176000	6372630491969	None	Saccade	(45.01, 181.21)	(332.37, 153.33)	6352.252	0.03369141	120.7618	6.504197	154.0831	
6381406842000	6372647158070	None	Saccade	(46.36, 173.48)	(340.62, 159.98)	6352.252	0.05029297	96.44456	10.81626	156.1425	
6381423508000	6372663823583	None	Unknown	(47.27, 169.78)	(344.93, 163.68)	NaN	NaN	NaN	NaN	NaN	
6381440176000	6372680491402	None	Pursuit	(46.75, 169.07)	(346.10, 163.77)	6352.319	0.01660156	10.81708	0.3605692	130.5115	
6381456842000	6372697157206	None	Pursuit	(46.71, 168.77)	(346.28, 163.77)	6352.319	0.03320313	3.739315	0.4737614	137.7511	
6381473509000	6372713824417	None	Pursuit	(47.00, 168.53)	(346.27, 163.58)	6352.319	0.04980469	4.662654	0.5229222	154.7862	
6381490175000	6372730489822	None	Unknown	(46.75, 168.21)	(346.18, 163.50)	NaN	NaN	NaN	NaN	NaN	
6381506842000	6372747156768	None	Fixation	(46.57, 168.01)	(346.36, 163.36)	6352.386	0.01708984	NaN	NaN	NaN	
6381523508000	6372763822435	None	Fixation	(46.70, 168.00)	(346.27, 163.23)	6352.386	0.03369141	NaN	NaN	NaN	
6381540174000	6372780488232	None	Fixation	(46.36, 168.17)	(346.51, 163.19)	6352.386	0.05029297	NaN	NaN	NaN	
6381556841000	6372797155235	None	Fixation	(46.43, 167.92)	(346.51, 163.03)	6352.386	0.06689453	NaN	NaN	NaN	
6381573509000	6372813822877	None	Fixation	(46.73, 167.90)	(346.63, 162.80)	6352.386	0.08349609	NaN	NaN	NaN	
6381590176000	6372830490348	None	Fixation	(46.07, 167.96)	(346.84, 162.62)	6352.386	0.1000977	NaN	NaN	NaN	
6381606840000	6372847153502	None	Fixation	(44.38, 167.30)	(348.63, 162.50)	6352.386	0.1166992	NaN	NaN	NaN	
6381623507000	6372863820310	None	Fixation	(44.47, 167.38)	(349.04, 162.52)	6352.386	0.1333008	NaN	NaN	NaN	
6381640173000	6372880486383	None	Fixation	(45.11, 167.43)	(348.99, 162.46)	6352.386	0.1503906	NaN	NaN	NaN	
6381673506000	6372913819072	None	Fixation	(43.91, 167.14)	(349.43, 162.09)	6352.386	0.1835938	NaN	NaN	NaN	
6381673506000	6372913819064	None	Fixation	(43.91, 167.14)	(349.43, 162.09)	6352.386	0.1835938	NaN	NaN	NaN	
6381690173000	6372930485976	None	Fixation	(44.22, 167.02)	(349.45, 162.30)	6352.386	0.2001953	NaN	NaN	NaN	
6381706841000	6372947153294	None	Fixation	(43.82, 167.09)	(349.35, 162.18)	6352.386	0.2167969	NaN	NaN	NaN	
6381723508000	6372963820127	None	Fixation	(44.05, 166.78)	(349.45, 162.07)	6352.386	0.2333984	NaN	NaN	NaN	
6381740173000	6372980484918	None	Fixation	(44.40, 166.71)	(349.34, 162.09)	6352.386	0.25	NaN	NaN	NaN	
6381756839000	6372997150758	None	Fixation	(47.11, 166.84)	(349.18, 161.86)	6352.386	0.2670898	NaN	NaN	NaN	
6381773506000	6373013817543	None	Fixation	(43.84, 166.88)	(349.27, 161.87)	6352.386	0.2836914	NaN	NaN	NaN	
6381790172000	6373030483344	None	Fixation	(44.49, 166.80)	(349.30, 161.84)	6352.386	0.300293	NaN	NaN	NaN	
6381806840000	6373047151396	None	Fixation	(43.84, 166.98)	(349.17, 161.87)	6352.386	0.3168945	NaN	NaN	NaN	
6381823507000	6373063817989	None	Fixation	(44.29, 166.43)	(349.43, 161.93)	6352.386	0.3334961	NaN	NaN	NaN	
6381840171000	6373080481784	None	Fixation	(44.49, 166.00)	(349.59, 162.53)	6352.386	0.3500977	NaN	NaN	NaN	
6381856838000	6373097148576	None	Fixation	(44.10, 166.01)	(349.40, 162.21)	6352.386	0.3666992	NaN	NaN	NaN	
6381873506000	6373113817366	None	Fixation	(44.26, 166.01)	(349.56, 162.37)	6352.386	0.3833008	NaN	NaN	NaN	
6381890173000	6373130483637	None	Fixation	(44.09, 166.26)	(349.61, 162.33)	6352.386	0.4003906	NaN	NaN	NaN	
6381906838000	6373147147997	None	Fixation	(44.29, 166.09)	(349.49, 162.44)	6352.386	0.4169922	NaN	NaN	NaN	
6381923504000	6373163813770	None	Fixation	(44.36, 166.05)	(349.61, 162.48)	6352.386	0.4335938	NaN	NaN	NaN	
6381940171000	6373180480636	None	Fixation	(44.59, 165.96)	(349.61, 162.66)	6352.386	0.4501953	NaN	NaN	NaN	
6381956837000	6373197146419	None	Fixation	(44.46, 165.95)	(349.35, 162.43)	6352.386	0.4667969	NaN	NaN	NaN	
6381973504000	6373213813234	None	Fixation	(44.53, 166.23)	(349.43, 162.50)	6352.386	0.4833984	NaN	NaN	NaN	
6381990170000	6373230479224	None	Fixation	(44.76, 166.16)	(349.36, 162.51)	6352.386	0.5	NaN	NaN	NaN	
6382006837000	6373247145938	None	Fixation	(44.89, 166.25)	(349.20, 162.47)	6352.386	0.5170898	NaN	NaN	NaN	
6382023503000	6373263811678	None	Fixation	(44.90, 166.03)	(349.28, 162.54)	6352.386	0.5336914	NaN	NaN	NaN	
6382040170000	6373280478554	None	Fixation	(44.55, 165.97)	(349.31, 162.45)	6352.386	0.550293	NaN	NaN	NaN	
6382073503000	6373313811590	None	Fixation	(44.41, 166.07)	(349.19, 162.29)	6352.386	0.5834961	NaN	NaN	NaN	
6382073503000	6373313811067	None	Fixation	(44.41, 166.07)	(349.19, 162.29)	6352.386	0.5834961	NaN	NaN	NaN	
6382106836000	6373347144213	None	Fixation	(44.38, 166.03)	(349.51, 162.31)	6352.386	0.6166992	NaN	NaN	NaN	
6382123502000	6373363809685	None	Fixation	(44.25, 166.04)	(349.54, 162.22)	6352.386	0.6333008	NaN	NaN	NaN	
6382123502000	6373363809496	None	Fixation	(44.25, 166.04)	(349.54, 162.22)	6352.386	0.6333008	NaN	NaN	NaN	
6382140169000	6373380476418	None	Fixation	(44.29, 165.85)	(350.05, 162.45)	6352.386	0.6503906	NaN	NaN	NaN	
6382173502000	6373413809131	None	Fixation	(43.76, 166.00)	(349.95, 162.09)	6352.386	0.6835938	NaN	NaN	NaN	
6382190168000	6373430474933	None	Fixation	(45.26, 165.95)	(349.93, 162.14)	6352.386	0.7001953	NaN	NaN	NaN	
6382206835000	6373447141721	None	Fixation	(45.31, 165.00)	(350.77, 162.98)	6352.386	0.7167969	NaN	NaN	NaN	
6382223501000	6373463807550	None	Fixation	(45.16, 165.00)	(350.38, 162.68)	6352.386	0.7333984	NaN	NaN	NaN	
6382240168000	6373480474336	None	Fixation	(44.42, 164.93)	(350.71, 162.86)	6352.386	0.75	NaN	NaN	NaN	
6382256834000	6373497140170	None	Fixation	(45.20, 165.22)	(350.37, 162.82)	6352.386	0.7670898	NaN	NaN	NaN	
6382273502000	6373513807955	None	Fixation	(44.63, 164.95)	(350.29, 162.80)	6352.386	0.7836914	NaN	NaN	NaN	
6382290169000	6373530474782	None	Fixation	(44.13, 164.95)	(350.51, 162.75)	6352.386	0.800293	NaN	NaN	NaN	
6382306834000	6373547139574	None	Fixation	(44.39, 164.96)	(350.71, 162.73)	6352.386	0.8168945	NaN	NaN	NaN	
6382323500000	6373563805383	None	Fixation	(44.53, 165.02)	(350.35, 162.76)	6352.386	0.8334961	NaN	NaN	NaN	
6382340167000	6373580472205	None	Fixation	(45.35, 165.13)	(350.38, 162.61)	6352.386	0.8500977	NaN	NaN	NaN	
6382340167000	6373580471984	None	Fixation	(45.35, 165.13)	(350.38, 162.61)	6352.386	0.8500977	NaN	NaN	NaN	
6382373500000	6373613804904	None	Fixation	(44.45, 165.06)	(350.41, 162.71)	6352.386	0.8833008	NaN	NaN	NaN	
6382390166000	6373630470597	None	Fixation	(43.89, 165.00)	(350.22, 162.57)	6352.386	0.9003906	NaN	NaN	NaN	
6382406833000	6373647137441	None	Fixation	(43.99, 165.15)	(350.17, 162.55)	6352.386	0.9169922	NaN	NaN	NaN	
6382423499000	6373663803260	None	Fixation	(44.48, 165.26)	(350.29, 162.56)	6352.386	0.9335938	NaN	NaN	NaN	
6382440166000	6373680470037	None	Fixation	(44.24, 165.18)	(350.26, 162.58)	6352.386	0.9501953	NaN	NaN	NaN	
6382456837000	6373697141077	None	Fixation	(44.03, 165.35)	(350.50, 162.69)	6352.386	0.9667969	NaN	NaN	NaN	
6382473501000	6373713804667	None	Fixation	(44.30, 164.91)	(350.36, 162.61)	6352.386	0.9833984	NaN	NaN	NaN	
6382490167000	6373730470470	None	Fixation	(45.30, 165.22)	(350.41, 162.58)	6352.386	1	NaN	NaN	NaN	
6382506832000	6373747135282	None	Fixation	(44.63, 165.39)	(350.10, 162.81)	6352.386	1.01709	NaN	NaN	NaN	
6382523498000	6373763801988	None	Fixation	(44.63, 165.60)	(349.52, 162.69)	6352.386	1.033691	NaN	NaN	NaN	
6382540165000	6373780467874	None	Fixation	(44.44, 166.00)	(349.66, 162.68)	6352.386	1.050293	NaN	NaN	NaN	
6382556831000	6373797133707	None	Fixation	(44.91, 165.78)	(349.50, 162.70)	6352.386	1.066895	NaN	NaN	NaN	
6382573499000	6373813801507	None	Fixation	(45.29, 165.83)	(349.34, 162.70)	6352.386	1.083496	NaN	NaN	NaN	
6382590166000	6373830468304	None	Fixation	(44.70, 165.62)	(349.33, 162.69)	6352.386	1.100098	NaN	NaN	NaN	
6382606831000	6373847133103	None	Fixation	(44.92, 165.64)	(349.27, 162.68)	6352.386	1.116699	NaN	NaN	NaN	
6382623497000	6373863799272	None	Fixation	(44.84, 165.98)	(349.12, 162.71)	6352.386	1.133301	NaN	NaN	NaN	
6382640164000	6373880466056	None	Fixation	(44.80, 165.93)	(349.30, 162.75)	6352.386	1.150391	NaN	NaN	NaN	
6382656830000	6373897131902	None	Fixation	(45.04, 165.90)	(349.25, 162.69)	6352.386	1.166992	NaN	NaN	NaN	
6382673497000	6373913798736	None	Fixation	(44.39, 166.19)	(349.22, 162.74)	6352.386	1.183594	NaN	NaN	NaN	
6382690163000	6373930464160	None	Fixation	(45.42, 165.91)	(349.13, 162.76)	6352.386	1.200195	NaN	NaN	NaN	
6382706830000	6373947130983	None	Fixation	(45.40, 165.93)	(349.25, 162.84)	6352.386	1.216797	NaN	NaN	NaN	
6382723496000	6373963796765	None	Fixation	(44.41, 166.36)	(348.94, 162.67)	6352.386	1.233398	NaN	NaN	NaN	
6382740165000	6373980465579	None	Fixation	(45.31, 166.08)	(348.97, 162.69)	6352.386	1.25	NaN	NaN	NaN	
6382756831000	6373997131417	None	Fixation	(45.22, 165.94)	(348.81, 162.63)	6352.386	1.26709	NaN	NaN	NaN	
6382773496000	6374013796500	None	Fixation	(45.28, 166.23)	(348.85, 162.53)	6352.386	1.283691	NaN	NaN	NaN	
6382790162000	6374030462343	None	Fixation	(45.44, 166.27)	(348.84, 162.62)	6352.386	1.300293	NaN	NaN	NaN	
6382806831000	6374047131207	None	Fixation	(45.05, 166.28)	(348.55, 162.64)	6352.386	1.316895	NaN	NaN	NaN	
6382823497000	6374063796625	None	Fixation	(45.48, 166.25)	(348.52, 162.66)	6352.386	1.333496	NaN	NaN	NaN	
6382840162000	6374080461462	None	Fixation	(44.78, 166.63)	(348.72, 162.64)	6352.386	1.350098	NaN	NaN	NaN	
6382856828000	6374097127228	None	Fixation	(45.16, 166.27)	(348.58, 162.63)	6352.386	1.366699	NaN	NaN	NaN	
6382873495000	6374113794039	None	Fixation	(44.91, 166.19)	(348.50, 162.58)	6352.386	1.383301	NaN	NaN	NaN	
6382890161000	6374130460490	None	Fixation	(44.71, 166.17)	(348.66, 162.47)	6352.386	1.400391	NaN	NaN	NaN	
6382906827000	6374147125654	None	Fixation	(44.70, 166.18)	(348.91, 162.42)	6352.386	1.416992	NaN	NaN	NaN	
6382923494000	6374163792462	None	Fixation	(44.56, 166.12)	(348.78, 162.43)	6352.386	1.433594	NaN	NaN	NaN	
6382940161000	6374180459276	None	Fixation	(44.60, 166.24)	(348.80, 162.45)	6352.386	1.450195	NaN	NaN	NaN	
6382956827000	6374197125084	None	Fixation	(44.90, 166.16)	(348.65, 162.32)	6352.386	1.466797	NaN	NaN	NaN	
6382973494000	6374213791976	None	Fixation	(44.77, 166.10)	(349.02, 162.41)	6352.386	1.483398	NaN	NaN	NaN	
6382990160000	6374230457701	None	Fixation	(44.78, 166.00)	(348.83, 162.41)	6352.386	1.5	NaN	NaN	NaN	
6383006827000	6374247124492	None	Fixation	(44.72, 165.86)	(348.80, 162.35)	6352.386	1.516602	NaN	NaN	NaN	
6383023493000	6374263790334	None	Fixation	(44.90, 165.98)	(348.83, 162.36)	6352.386	1.533691	NaN	NaN	NaN	
6383040162000	6374280459132	None	Fixation	(45.22, 165.34)	(349.27, 162.99)	6352.386	1.550293	NaN	NaN	NaN	
6383056828000	6374297124907	None	Fixation	(45.45, 165.49)	(349.27, 162.73)	6352.386	1.566895	NaN	NaN	NaN	
6383073493000	6374313789747	None	Fixation	(45.43, 165.51)	(349.23, 162.98)	6352.386	1.583496	NaN	NaN	NaN	
6383090159000	6374330455609	None	Fixation	(45.11, 165.78)	(349.14, 162.82)	6352.386	1.600098	NaN	NaN	NaN	
6383106826000	6374347122604	None	Fixation	(45.48, 165.65)	(349.10, 162.70)	6352.386	1.616699	NaN	NaN	NaN	
6383123492000	6374363788144	None	Fixation	(44.89, 165.54)	(349.19, 162.73)	6352.386	1.633301	NaN	NaN	NaN	
6383140161000	6374380456975	None	Fixation	(45.75, 165.71)	(349.14, 162.75)	6352.386	1.650391	NaN	NaN	NaN	
6383156827000	6374397122790	None	Fixation	(45.83, 165.85)	(349.01, 162.67)	6352.386	1.666992	NaN	NaN	NaN	
6383173492000	6374413787595	None	Fixation	(44.83, 165.76)	(349.04, 162.59)	6352.386	1.683594	NaN	NaN	NaN	
6383190158000	6374430453857	None	Fixation	(44.74, 165.89)	(349.06, 162.70)	6352.386	1.700195	NaN	NaN	NaN	
6383206829000	6374447124207	None	Fixation	(45.18, 165.76)	(349.11, 162.66)	6352.386	1.716797	NaN	NaN	NaN	
6383223491000	6374463786070	None	Fixation	(44.99, 165.79)	(349.17, 162.74)	6352.386	1.733398	NaN	NaN	NaN	
6383240158000	6374480453160	None	Fixation	(44.53, 165.67)	(349.34, 162.55)	6352.386	1.75	NaN	NaN	NaN	
6383256824000	6374497119028	None	Fixation	(44.98, 165.76)	(349.19, 162.59)	6352.386	1.766602	NaN	NaN	NaN	
6383273491000	6374513785729	None	Fixation	(44.54, 165.61)	(349.18, 162.64)	6352.386	1.783691	NaN	NaN	NaN	
6383290157000	6374530451500	None	Fixation	(44.83, 165.56)	(349.33, 162.68)	6352.386	1.800293	NaN	NaN	NaN	
6383306826000	6374547120059	None	Fixation	(44.90, 165.94)	(349.17, 162.63)	6352.386	1.816895	NaN	NaN	NaN	
6383323492000	6374563785848	None	Fixation	(45.28, 165.88)	(349.22, 162.76)	6352.386	1.833496	NaN	NaN	NaN	
6383340157000	6374580450965	None	WinkRight	(45.69, 167.33)	(349.06, 164.14)	NaN	NaN	NaN	NaN	NaN	
6383356823000	6374597116459	None	Blink	(47.34, 169.80)	(348.62, 166.62)	NaN	NaN	NaN	NaN	NaN	
6383373490000	6374613783370	None	Blink	(50.37, 172.05)	(346.64, 168.95)	NaN	NaN	NaN	NaN	NaN	
6383390156000	6374630449139	None	Blink	(52.23, 172.41)	(342.50, 173.46)	NaN	NaN	NaN	NaN	NaN	
6383406823000	6374647115915	None	Blink	(47.46, 168.37)	(343.55, 171.03)	NaN	NaN	NaN	NaN	NaN	
6383423489000	6374663781729	None	Blink	(49.26, 167.39)	(356.05, 158.29)	NaN	NaN	NaN	NaN	NaN	
6383440156000	6374680448908	None	Blink	(46.25, 167.13)	(347.00, 164.98)	NaN	NaN	NaN	NaN	NaN	
6383456822000	6374697114351	None	Blink	(46.49, 161.33)	(349.94, 162.62)	NaN	NaN	NaN	NaN	NaN	
6383473489000	6374713781120	None	Blink	(44.24, 167.01)	(349.40, 164.44)	NaN	NaN	NaN	NaN	NaN	
6383490155000	6374730446923	None	Blink	(44.90, 166.45)	(349.50, 163.67)	NaN	NaN	NaN	NaN	NaN	
6383506822000	6374747113809	None	Blink	(44.92, 166.42)	(349.21, 163.23)	NaN	NaN	NaN	NaN	NaN	
6383523488000	6374763779622	None	Blink	(44.89, 165.98)	(349.31, 163.27)	NaN	NaN	NaN	NaN	NaN	
6383540157000	6374780448348	None	Blink	(46.70, 166.16)	(349.39, 163.16)	NaN	NaN	NaN	NaN	NaN	
6383556823000	6374797114153	None	Blink	(44.97, 165.94)	(349.34, 162.99)	NaN	NaN	NaN	NaN	NaN	
6383573488000	6374813778971	None	WinkLeft	(44.76, 165.96)	(349.49, 163.01)	NaN	NaN	NaN	NaN	NaN	
6383590154000	6374830444777	None	Fixation	(44.79, 165.88)	(349.56, 162.89)	6352.386	2.100098	NaN	NaN	NaN	
6383606821000	6374847111777	None	Fixation	(44.66, 165.85)	(349.69, 162.83)	6352.386	2.116699	NaN	NaN	NaN	
6383623487000	6374863777413	None	Fixation	(44.52, 165.89)	(349.55, 162.80)	6352.386	2.133301	NaN	NaN	NaN	
6383640154000	6374880444217	None	Fixation	(45.19, 165.98)	(349.45, 162.90)	6352.386	2.150391	NaN	NaN	NaN	
6383656820000	6374897110007	None	Fixation	(45.02, 165.93)	(349.53, 162.70)	6352.386	2.166992	NaN	NaN	NaN	
6383673489000	6374913778825	None	Fixation	(46.52, 166.06)	(349.60, 162.83)	6352.386	2.183594	NaN	NaN	NaN	
6383690155000	6374930444628	None	Fixation	(46.93, 166.09)	(349.23, 162.70)	6352.386	2.200195	NaN	NaN	NaN	
6383706820000	6374947109458	None	Fixation	(46.76, 166.31)	(349.08, 162.60)	6352.386	2.216797	NaN	NaN	NaN	
6383723487000	6374963776248	None	Fixation	(45.54, 166.34)	(349.10, 162.61)	6352.386	2.233398	NaN	NaN	NaN	
6383740154000	6374980443133	None	Fixation	(46.00, 166.70)	(349.03, 162.58)	6352.386	2.25	NaN	NaN	NaN	
6383756820000	6374997109147	None	Fixation	(45.52, 166.51)	(349.01, 162.39)	6352.386	2.266602	NaN	NaN	NaN	
6383773487000	6375013776059	None	Fixation	(45.47, 166.73)	(348.95, 162.45)	6352.386	2.283691	NaN	NaN	NaN	
6383790153000	6375030441867	None	Fixation	(45.91, 166.76)	(348.87, 162.28)	6352.386	2.300293	NaN	NaN	NaN	
6383806821000	6375047109297	None	Fixation	(45.24, 166.81)	(348.77, 162.26)	6352.386	2.316895	NaN	NaN	NaN	
6383823487000	6375063775154	None	Fixation	(45.32, 166.80)	(349.02, 162.11)	6352.386	2.333496	NaN	NaN	NaN	
6383840153000	6375080440922	None	Fixation	(45.00, 166.80)	(348.92, 162.04)	6352.386	2.350098	NaN	NaN	NaN	
6383856819000	6375097106720	None	Fixation	(44.58, 166.99)	(348.84, 162.11)	6352.386	2.366699	NaN	NaN	NaN	
6383873486000	6375113773518	None	Fixation	(45.05, 167.06)	(348.94, 162.04)	6352.386	2.383301	NaN	NaN	NaN	
6383890152000	6375130439640	None	Fixation	(44.79, 167.16)	(348.89, 161.94)	6352.386	2.400391	NaN	NaN	NaN	
6383906819000	6375147106395	None	Fixation	(44.52, 167.15)	(348.69, 161.97)	6352.386	2.416992	NaN	NaN	NaN	
6383923485000	6375163772296	None	Fixation	(44.70, 167.09)	(348.94, 161.80)	6352.386	2.433594	NaN	NaN	NaN	
6383940152000	6375180439185	None	Fixation	(44.80, 166.77)	(348.86, 161.72)	6352.386	2.450195	NaN	NaN	NaN	
6383956818000	6375197104630	None	Fixation	(44.72, 166.92)	(348.78, 162.05)	6352.386	2.466797	NaN	NaN	NaN	
6383973485000	6375213771364	None	Fixation	(45.51, 166.27)	(349.43, 162.58)	6352.386	2.483398	NaN	NaN	NaN	
6383990151000	6375230437199	None	Fixation	(44.69, 166.40)	(349.42, 162.45)	6352.386	2.5	NaN	NaN	NaN	
6384006818000	6375247103957	None	Fixation	(44.95, 166.27)	(349.35, 162.49)	6352.386	2.516602	NaN	NaN	NaN	
6384023484000	6375263769884	None	Fixation	(45.06, 166.46)	(349.64, 162.40)	6352.386	2.533691	NaN	NaN	NaN	
6384040153000	6375280438600	None	Fixation	(44.68, 166.41)	(349.52, 162.47)	6352.386	2.550293	NaN	NaN	NaN	
6384056819000	6375297104707	None	Fixation	(44.82, 166.26)	(349.45, 162.37)	6352.386	2.566895	NaN	NaN	NaN	
6384073484000	6375313769385	None	Fixation	(44.70, 166.30)	(349.42, 162.21)	6352.386	2.583496	NaN	NaN	NaN	
6384090150000	6375330435062	None	Fixation	(44.78, 166.36)	(349.42, 162.35)	6352.386	2.600098	NaN	NaN	NaN	
6384106817000	6375347102273	None	Fixation	(45.04, 166.37)	(349.48, 162.32)	6352.386	2.616699	NaN	NaN	NaN	
6384123483000	6375363768042	None	Fixation	(44.46, 166.43)	(349.57, 162.30)	6352.386	2.633301	NaN	NaN	NaN	
6384140152000	6375380436810	None	Fixation	(44.73, 166.29)	(349.54, 162.34)	6352.386	2.650391	NaN	NaN	NaN	
6384156818000	6375397102579	None	Fixation	(44.57, 166.19)	(349.49, 162.18)	6352.386	2.666992	NaN	NaN	NaN	
6384173483000	6375413767421	None	Fixation	(44.87, 166.22)	(349.67, 162.36)	6352.386	2.683594	NaN	NaN	NaN	
6384190149000	6375430432887	None	Fixation	(44.61, 166.34)	(349.55, 162.24)	6352.386	2.700195	NaN	NaN	NaN	
6384206816000	6375447099749	None	Fixation	(44.50, 166.16)	(349.53, 162.27)	6352.386	2.716797	NaN	NaN	NaN	
6384223482000	6375463765521	None	Fixation	(44.87, 166.19)	(349.76, 162.37)	6352.386	2.733398	NaN	NaN	NaN	
6384240149000	6375480432287	None	Fixation	(44.48, 166.16)	(349.72, 162.46)	6352.386	2.75	NaN	NaN	NaN	
6384256815000	6375497098506	None	Fixation	(44.77, 166.19)	(349.70, 162.32)	6352.386	2.766602	NaN	NaN	NaN	
6384273484000	6375513766945	None	Fixation	(44.30, 166.26)	(349.58, 162.33)	6352.386	2.783691	NaN	NaN	NaN	
6384290150000	6375530432757	None	Fixation	(44.67, 166.24)	(349.81, 162.40)	6352.386	2.800293	NaN	NaN	NaN	
6384306815000	6375547097540	None	Fixation	(44.35, 166.15)	(349.57, 162.57)	6352.386	2.816895	NaN	NaN	NaN	
6384323482000	6375563764367	None	Fixation	(44.58, 166.25)	(349.60, 162.55)	6352.386	2.833496	NaN	NaN	NaN	
6384340150000	6375580432187	None	Fixation	(45.11, 166.23)	(349.19, 162.43)	6352.386	2.850098	NaN	NaN	NaN	
6384356816000	6375597097966	None	Fixation	(44.45, 166.13)	(349.35, 162.60)	6352.386	2.866699	NaN	NaN	NaN	
6384373481000	6375613762736	None	Fixation	(45.28, 166.25)	(349.57, 162.72)	6352.386	2.883301	NaN	NaN	NaN	
6384390147000	6375630428650	None	Fixation	(44.85, 166.26)	(349.55, 162.37)	6352.386	2.900391	NaN	NaN	NaN	
6384406813000	6375647094388	None	Fixation	(45.13, 166.33)	(349.40, 162.60)	6352.386	2.916992	NaN	NaN	NaN	
6384423480000	6375663761278	None	Fixation	(45.00, 166.22)	(349.31, 162.64)	6352.386	2.933594	NaN	NaN	NaN	
6384440147000	6375680427989	None	Fixation	(44.61, 166.27)	(349.50, 162.62)	6352.386	2.950195	NaN	NaN	NaN	
6384456813000	6375697094362	None	Fixation	(44.77, 166.29)	(349.40, 162.68)	6352.386	2.966797	NaN	NaN	NaN	
6384473480000	6375713760606	None	Fixation	(44.71, 166.08)	(349.40, 162.55)	6352.386	2.983398	NaN	NaN	NaN	
6384490146000	6375730426496	None	Fixation	(44.78, 166.29)	(349.25, 162.61)	6352.386	3	NaN	NaN	NaN	
6384506813000	6375747093248	None	Fixation	(44.67, 166.23)	(349.16, 162.69)	6352.386	3.016602	NaN	NaN	NaN	
6384523480000	6375763760031	None	Fixation	(45.22, 166.33)	(349.16, 162.51)	6352.386	3.033691	NaN	NaN	NaN	
6384540146000	6375780425867	None	Fixation	(44.86, 166.41)	(349.05, 162.55)	6352.386	3.050293	NaN	NaN	NaN	
6384556813000	6375797093068	None	Fixation	(44.65, 166.40)	(349.23, 162.57)	6352.386	3.066895	NaN	NaN	NaN	
6384573479000	6375813758463	None	Fixation	(45.11, 166.47)	(349.14, 162.60)	6352.386	3.083496	NaN	NaN	NaN	
6384590146000	6375830425261	None	Fixation	(45.22, 166.47)	(349.01, 162.58)	6352.386	3.100098	NaN	NaN	NaN	
6384606812000	6375847091078	None	Fixation	(44.89, 166.50)	(349.04, 162.52)	6352.386	3.116699	NaN	NaN	NaN	
6384623478000	6375863756891	None	Fixation	(45.30, 166.51)	(348.75, 162.46)	6352.386	3.133301	NaN	NaN	NaN	
6384640145000	6375880423702	None	Fixation	(45.01, 166.46)	(348.85, 162.74)	6352.386	3.150391	NaN	NaN	NaN	
6384656811000	6375897089500	None	Fixation	(45.20, 166.53)	(348.91, 162.52)	6352.386	3.166992	NaN	NaN	NaN	
6384673479000	6375913757354	None	Fixation	(44.76, 166.50)	(348.90, 162.44)	6352.386	3.183594	NaN	NaN	NaN	
6384690146000	6375930424126	None	Fixation	(44.56, 166.52)	(348.94, 162.44)	6352.386	3.200195	NaN	NaN	NaN	
6384706811000	6375947089006	None	Fixation	(44.96, 166.49)	(348.65, 162.23)	6352.386	3.216797	NaN	NaN	NaN	
6384723477000	6375963754753	None	Fixation	(45.12, 166.40)	(348.72, 162.35)	6352.386	3.233398	NaN	NaN	NaN	
6384740144000	6375980421970	None	Fixation	(44.42, 166.46)	(348.91, 162.20)	6352.386	3.25	NaN	NaN	NaN	
6384756810000	6375997087360	None	Fixation	(44.69, 166.35)	(348.77, 162.19)	6352.386	3.266602	NaN	NaN	NaN	
6384773477000	6376013754211	None	Fixation	(44.68, 166.34)	(349.02, 162.43)	6352.386	3.283691	NaN	NaN	NaN	
6384790144000	6376030421009	None	Fixation	(45.14, 165.56)	(349.27, 162.63)	6352.386	3.300293	NaN	NaN	NaN	
6384806812000	6376047089328	None	Fixation	(45.24, 165.70)	(349.40, 162.84)	6352.386	3.316895	NaN	NaN	NaN	
6384823478000	6376063754754	None	Fixation	(44.72, 165.61)	(349.38, 162.86)	6352.386	3.333496	NaN	NaN	NaN	
6384840143000	6376080419652	None	Fixation	(44.93, 165.62)	(349.29, 162.90)	6352.386	3.350098	NaN	NaN	NaN	
6384856810000	6376097086262	None	Fixation	(44.79, 165.89)	(349.36, 162.69)	6352.386	3.366699	NaN	NaN	NaN	
6384873476000	6376113752062	None	Fixation	(44.98, 165.46)	(349.50, 162.80)	6352.386	3.383301	NaN	NaN	NaN	
6384890143000	6376130419175	None	Fixation	(44.95, 165.61)	(349.46, 162.69)	6352.386	3.400391	NaN	NaN	NaN	
6384906809000	6376147084695	None	Fixation	(44.62, 165.67)	(349.42, 162.79)	6352.386	3.416992	NaN	NaN	NaN	
6384923476000	6376163751511	None	Fixation	(44.85, 165.57)	(349.36, 162.91)	6352.386	3.433594	NaN	NaN	NaN	
6384940142000	6376180417289	None	Fixation	(44.98, 165.68)	(349.51, 162.96)	6352.386	3.450195	NaN	NaN	NaN	
6384956809000	6376197084652	None	Fixation	(44.78, 165.80)	(349.34, 163.00)	6352.386	3.466797	NaN	NaN	NaN	
6384973475000	6376213749963	None	Fixation	(45.13, 165.68)	(349.33, 162.95)	6352.386	3.483398	NaN	NaN	NaN	
6384990142000	6376230416656	None	Fixation	(44.83, 165.63)	(349.04, 162.88)	6352.386	3.5	NaN	NaN	NaN	
6385006808000	6376247082474	None	Fixation	(44.99, 165.58)	(349.26, 162.89)	6352.386	3.516602	NaN	NaN	NaN	
6385023475000	6376263749405	None	Fixation	(46.55, 165.81)	(349.04, 162.68)	6352.386	3.533691	NaN	NaN	NaN	
6385040143000	6376280417081	None	Fixation	(44.74, 165.79)	(348.95, 162.64)	6352.386	3.550293	NaN	NaN	NaN	
6385056809000	6376297083008	None	Fixation	(44.54, 165.81)	(349.44, 162.68)	6352.386	3.566895	NaN	NaN	NaN	
6385073474000	6376313747761	None	Fixation	(44.38, 165.91)	(349.27, 162.49)	6352.386	3.583496	NaN	NaN	NaN	
6385090141000	6376330414628	None	Saccade	(42.77, 167.50)	(348.45, 161.11)	6355.969	0.01660156	27.80915	0.9269717	32.32743	
6385106807000	6376347080345	None	Fixation	(43.60, 167.01)	(348.54, 161.59)	6352.386	3.616699	NaN	NaN	NaN	
6385123473000	6376363746182	None	Fixation	(45.29, 166.91)	(349.13, 161.82)	6356.002	0.01660156	NaN	NaN	NaN	
6385140142000	6376380415010	None	Fixation	(43.79, 166.61)	(349.36, 161.94)	6356.002	0.03369141	NaN	NaN	NaN	
6385156809000	6376397081742	None	Fixation	(43.81, 166.04)	(349.62, 162.18)	6356.002	0.05029297	NaN	NaN	NaN	
6385173472000	6376413744578	None	Fixation	(45.37, 166.05)	(349.86, 162.28)	6356.002	0.06689453	NaN	NaN	NaN	
6385190139000	6376430411729	None	Fixation	(43.95, 165.75)	(349.85, 162.50)	6356.002	0.08349609	NaN	NaN	NaN	
6385206805000	6376447077570	None	Saccade	(48.51, 163.03)	(351.89, 165.97)	6356.086	0.01660156	65.37018	2.179006	194.3742	
6385223472000	6376463744423	None	Pursuit	(46.60, 162.82)	(352.15, 166.14)	6356.086	0.03320313	23.6952	1.619967	209.0939	
6385240140000	6376480412132	None	Pursuit	(47.07, 162.84)	(351.98, 166.82)	6356.086	0.04980469	5.826282	1.750338	213.9933	
6385256806000	6376497077675	None	Pursuit	(47.18, 162.69)	(352.09, 166.85)	6356.086	0.06640625	2.326015	1.826338	213.5015	
6385273471000	6376513742432	None	Unknown	(46.94, 162.38)	(352.45, 166.63)	NaN	NaN	NaN	NaN	NaN	
6385290138000	6376530409253	None	Fixation	(47.29, 162.08)	(352.66, 167.09)	6356.169	0.01660156	NaN	NaN	NaN	
6385306806000	6376547077025	None	Fixation	(47.94, 161.83)	(352.79, 167.60)	6356.169	0.03320313	NaN	NaN	NaN	
6385323472000	6376563742837	None	Fixation	(48.59, 161.33)	(353.31, 168.78)	6356.169	0.04980469	NaN	NaN	NaN	
6385340137000	6376580407669	None	Saccade	(52.63, 159.07)	(353.84, 172.02)	6356.219	0.01660156	56.87502	1.895834	205.7326	
6385356804000	6376597074488	None	Pursuit	(52.87, 159.10)	(353.69, 171.84)	6356.219	0.03320313	2.882506	1.265099	185.944	
6385373472000	6376613742308	None	Pursuit	(51.93, 158.91)	(353.31, 172.19)	6356.252	0.01660156	11.8456	0.3948533	88.70544	
6385390138000	6376630408072	None	Pursuit	(53.61, 158.97)	(353.71, 172.20)	6356.252	0.03369141	20.72272	0.3090346	246.3683	
6385406803000	6376647072872	None	Unknown	(52.11, 158.49)	(353.92, 172.50)	NaN	NaN	NaN	NaN	NaN	
6385423470000	6376663739697	None	Fixation	(51.91, 158.04)	(354.00, 172.48)	6356.303	0.01660156	NaN	NaN	NaN	
6385440136000	6376680405560	None	Fixation	(54.63, 158.30)	(354.24, 172.86)	6356.303	0.03320313	NaN	NaN	NaN	
6385456803000	6376697072311	None	Fixation	(52.35, 158.06)	(354.30, 173.22)	6356.303	0.04980469	NaN	NaN	NaN	
6385473469000	6376713738125	None	Fixation	(53.43, 157.70)	(354.42, 173.31)	6356.303	0.06640625	NaN	NaN	NaN	
6385490136000	6376730404937	None	Fixation	(52.57, 157.62)	(354.66, 173.30)	6356.303	0.08300781	NaN	NaN	NaN	
6385506802000	6376747070727	None	Fixation	(54.11, 156.29)	(355.53, 175.53)	6356.303	0.09960938	NaN	NaN	NaN	
6385523469000	6376763737565	None	Saccade	(56.61, 154.08)	(356.60, 177.84)	6356.402	0.01708984	41.06425	1.368808	191.817	
6385540135000	6376780403400	None	Pursuit	(56.42, 154.12)	(356.43, 178.14)	6356.402	0.03369141	2.39489	1.300829	213.7439	
6385556802000	6376797070171	None	Pursuit	(56.60, 153.99)	(356.82, 178.28)	6356.402	0.05029297	2.728699	1.391049	214.236	
6385573470000	6376813738032	None	Pursuit	(56.67, 153.95)	(357.15, 178.37)	6356.402	0.06689453	0.9683354	1.422593	214.5148	
6385590137000	6376830404845	None	Fixation	(56.63, 153.61)	(357.55, 178.86)	6356.469	0.01660156	NaN	NaN	NaN	
6385606801000	6376847069025	None	Fixation	(57.06, 153.13)	(357.32, 178.80)	6356.486	0.01660156	NaN	NaN	NaN	
6385623468000	6376863735658	None	Fixation	(56.74, 153.04)	(357.62, 178.96)	6356.486	0.03320313	NaN	NaN	NaN	
6385640134000	6376880401205	None	Fixation	(56.91, 153.02)	(357.57, 179.28)	6356.486	0.05029297	NaN	NaN	NaN	
6385656801000	6376897068259	None	Fixation	(56.93, 152.86)	(357.81, 179.07)	6356.486	0.06689453	NaN	NaN	NaN	
6385673467000	6376913733825	None	Fixation	(57.19, 152.81)	(357.78, 179.23)	6356.486	0.08349609	NaN	NaN	NaN	
6385690134000	6376930400682	None	Fixation	(57.14, 152.67)	(358.13, 179.55)	6356.486	0.1000977	NaN	NaN	NaN	
6385706800000	6376947066415	None	Fixation	(57.26, 152.48)	(358.22, 179.52)	6356.486	0.1166992	NaN	NaN	NaN	
6385723467000	6376963733282	None	Fixation	(57.20, 152.66)	(358.40, 179.62)	6356.486	0.1333008	NaN	NaN	NaN	
6385740133000	6376980399053	None	Fixation	(57.21, 152.39)	(358.34, 179.68)	6356.486	0.1499023	NaN	NaN	NaN	
6385756800000	6376997065865	None	Fixation	(56.27, 153.75)	(357.03, 177.12)	6356.486	0.1665039	NaN	NaN	NaN	
6385773466000	6377013731680	None	Saccade	(47.83, 162.54)	(351.37, 168.02)	6356.652	0.01708984	149.8448	4.994827	185.9728	
6385790133000	6377030398534	None	Saccade	(44.75, 167.60)	(347.60, 162.93)	6356.652	0.03369141	72.88405	7.385791	183.058	
6385806801000	6377047066259	None	Unknown	(45.65, 167.80)	(348.14, 162.48)	NaN	NaN	NaN	NaN	NaN	
6385823467000	6377063732077	None	Pursuit	(45.50, 166.73)	(348.59, 162.46)	6356.703	0.01660156	13.2166	0.4405535	158.8135	
6385840132000	6377080396961	None	Pursuit	(45.04, 166.26)	(348.61, 162.30)	6356.703	0.03320313	8.126864	0.6779357	145.0976	
6385856799000	6377097063716	None	Unknown	(44.93, 166.45)	(348.75, 162.26)	NaN	NaN	NaN	NaN	NaN	
6385873465000	6377113729549	None	Fixation	(44.97, 166.69)	(348.75, 162.25)	6356.752	0.01660156	NaN	NaN	NaN	
6385890132000	6377130396345	None	Fixation	(44.95, 166.25)	(348.75, 162.26)	6356.752	0.03369141	NaN	NaN	NaN	
6385906800000	6377147064117	None	Fixation	(44.85, 166.29)	(348.87, 162.35)	6356.752	0.05029297	NaN	NaN	NaN	
6385923466000	6377163730190	None	Fixation	(44.61, 166.12)	(349.11, 162.30)	6356.752	0.06689453	NaN	NaN	NaN	
6385940131000	6377180394761	None	Fixation	(44.83, 166.08)	(349.02, 162.51)	6356.752	0.08349609	NaN	NaN	NaN	
6385956798000	6377197061846	None	Fixation	(45.74, 166.05)	(349.01, 162.47)	6356.752	0.1000977	NaN	NaN	NaN	
6385973464000	6377213727383	None	Fixation	(44.90, 166.27)	(349.04, 162.50)	6356.752	0.1166992	NaN	NaN	NaN	
6385990131000	6377230394191	None	Fixation	(44.41, 166.27)	(349.15, 162.41)	6356.752	0.1333008	NaN	NaN	NaN	
6386006797000	6377247059979	None	Fixation	(44.14, 166.69)	(349.09, 162.36)	6356.752	0.1499023	NaN	NaN	NaN	
6386023464000	6377263726787	None	Fixation	(44.73, 166.51)	(348.87, 162.26)	6356.752	0.1669922	NaN	NaN	NaN	
6386040130000	6377280392595	None	Fixation	(44.50, 166.55)	(348.76, 162.13)	6356.752	0.1835938	NaN	NaN	NaN	
6386056797000	6377297059428	None	Fixation	(44.68, 166.45)	(348.86, 162.15)	6356.752	0.2001953	NaN	NaN	NaN	
6386073465000	6377313727272	None	Fixation	(44.65, 166.59)	(348.82, 162.07)	6356.752	0.2167969	NaN	NaN	NaN	
6386090132000	6377330394255	None	Fixation	(44.29, 166.54)	(348.94, 162.17)	6356.752	0.2333984	NaN	NaN	NaN	
6386106798000	6377347059845	None	Fixation	(44.65, 166.67)	(349.04, 162.28)	6356.752	0.25	NaN	NaN	NaN	
6386123464000	6377363725641	None	Fixation	(44.45, 166.50)	(349.14, 162.34)	6356.752	0.2666016	NaN	NaN	NaN	
6386140129000	6377380390475	None	Fixation	(44.27, 166.37)	(349.13, 162.28)	6356.752	0.2832031	NaN	NaN	NaN	
6386156795000	6377397056415	None	Fixation	(44.40, 166.20)	(349.24, 162.28)	6356.752	0.300293	NaN	NaN	NaN	
6386173463000	6377413724059	None	Fixation	(44.20, 166.09)	(349.33, 162.31)	6356.752	0.3168945	NaN	NaN	NaN	
6386190130000	6377430390882	None	Fixation	(45.01, 166.19)	(349.35, 162.61)	6356.752	0.3334961	NaN	NaN	NaN	
6386206794000	6377447054761	None	Fixation	(44.59, 166.00)	(349.46, 162.44)	6356.752	0.3500977	NaN	NaN	NaN	
6386223461000	6377463721494	None	Fixation	(44.99, 166.19)	(349.40, 162.54)	6356.752	0.3666992	NaN	NaN	NaN	
6386240128000	6377480388300	None	Fixation	(44.59, 165.99)	(349.51, 162.56)	6356.752	0.3833008	NaN	NaN	NaN	
6386256795000	6377497055089	None	Fixation	(44.91, 165.94)	(349.34, 162.43)	6356.752	0.3999023	NaN	NaN	NaN	
6386273461000	6377513720902	None	Fixation	(44.82, 166.07)	(349.49, 162.48)	6356.752	0.4169922	NaN	NaN	NaN	
6386290128000	6377530387732	None	Fixation	(44.73, 165.97)	(349.48, 162.60)	6356.752	0.4335938	NaN	NaN	NaN	
6386306794000	6377547054095	None	Fixation	(45.14, 166.03)	(349.40, 162.54)	6356.752	0.4501953	NaN	NaN	NaN	
6386323461000	6377563720345	None	Fixation	(45.12, 166.06)	(349.52, 162.64)	6356.752	0.4667969	NaN	NaN	NaN	
6386340126000	6377580385486	None	Fixation	(44.14, 165.89)	(349.51, 162.62)	6356.752	0.4833984	NaN	NaN	NaN	
6386356793000	6377597052036	None	Fixation	(44.38, 166.09)	(349.47, 162.49)	6356.752	0.5	NaN	NaN	NaN	
6386373460000	6377613718799	None	Fixation	(45.18, 165.97)	(349.51, 162.61)	6356.752	0.5166016	NaN	NaN	NaN	
6386390127000	6377630385568	None	Fixation	(45.73, 166.18)	(349.05, 162.60)	6356.752	0.5332031	NaN	NaN	NaN	
6386406792000	6377647050645	None	Fixation	(44.14, 165.98)	(348.97, 162.57)	6356.752	0.550293	NaN	NaN	NaN	
6386423459000	6377663717280	None	Fixation	(45.52, 166.39)	(349.20, 162.67)	6356.752	0.5668945	NaN	NaN	NaN	
6386440125000	6377680383024	None	Fixation	(45.53, 166.26)	(349.00, 162.74)	6356.752	0.5834961	NaN	NaN	NaN	
6386456792000	6377697049864	None	Fixation	(44.24, 166.08)	(348.99, 162.68)	6356.752	0.6000977	NaN	NaN	NaN	
6386473459000	6377713717011	None	Fixation	(45.74, 166.28)	(349.11, 162.60)	6356.752	0.6166992	NaN	NaN	NaN	
6386490126000	6377730383680	None	Fixation	(44.72, 166.05)	(349.04, 162.65)	6356.752	0.6333008	NaN	NaN	NaN	
6386506792000	6377747049214	None	Fixation	(45.77, 166.06)	(348.95, 162.54)	6356.752	0.6499023	NaN	NaN	NaN	
6386523459000	6377763716029	None	Fixation	(45.46, 165.86)	(349.20, 162.64)	6356.752	0.6669922	NaN	NaN	NaN	
6386540125000	6377780381868	None	Fixation	(45.65, 165.78)	(349.28, 162.71)	6356.752	0.6835938	NaN	NaN	NaN	
6386556792000	6377797048653	None	Fixation	(45.67, 165.73)	(349.28, 162.78)	6356.752	0.7001953	NaN	NaN	NaN	
6386573460000	6377813716520	None	Fixation	(45.52, 165.64)	(349.40, 162.76)	6356.752	0.7167969	NaN	NaN	NaN	
6386590127000	6377830383316	None	Fixation	(45.07, 165.73)	(349.32, 162.51)	6356.752	0.7333984	NaN	NaN	NaN	
6386606790000	6377847046050	None	Fixation	(46.70, 165.43)	(349.34, 162.65)	6356.752	0.75	NaN	NaN	NaN	
6386623457000	6377863712882	None	Fixation	(44.33, 165.92)	(349.36, 162.66)	6356.752	0.7666016	NaN	NaN	NaN	
6386640123000	6377880379110	None	Fixation	(45.24, 165.62)	(349.25, 162.69)	6356.752	0.7832031	NaN	NaN	NaN	
6386656790000	6377897045931	None	Fixation	(45.42, 165.59)	(349.03, 162.36)	6356.752	0.800293	NaN	NaN	NaN	
6386673458000	6377913713329	None	Fixation	(45.76, 165.58)	(349.18, 162.57)	6356.752	0.8168945	NaN	NaN	NaN	
6386690125000	6377930380450	None	Fixation	(45.57, 165.50)	(349.37, 162.24)	6356.752	0.8334961	NaN	NaN	NaN	
6386706789000	6377947044303	None	Fixation	(44.46, 165.58)	(349.43, 162.62)	6356.752	0.8500977	NaN	NaN	NaN	
6386723456000	6377963710756	None	Fixation	(45.22, 165.61)	(349.42, 162.55)	6356.752	0.8666992	NaN	NaN	NaN	
6386740122000	6377980376563	None	Fixation	(44.71, 165.82)	(349.53, 162.63)	6356.752	0.8833008	NaN	NaN	NaN	
6386756789000	6377997043367	None	Fixation	(45.05, 165.50)	(349.57, 162.79)	6356.752	0.8999023	NaN	NaN	NaN	
6386773455000	6378013709511	None	Fixation	(44.85, 165.53)	(349.66, 162.75)	6356.752	0.9169922	NaN	NaN	NaN	
6386790122000	6378030376018	None	Fixation	(45.17, 165.59)	(349.60, 162.76)	6356.752	0.9335938	NaN	NaN	NaN	
6386806791000	6378047044804	None	Fixation	(44.68, 165.61)	(349.74, 162.67)	6356.752	0.9501953	NaN	NaN	NaN	
6386823458000	6378063711671	None	Fixation	(44.37, 165.74)	(349.69, 162.78)	6356.752	0.9667969	NaN	NaN	NaN	
6386840122000	6378080375483	None	Fixation	(45.36, 165.58)	(349.42, 162.67)	6356.752	0.9833984	NaN	NaN	NaN	
6386856789000	6378097042209	None	Fixation	(44.99, 165.78)	(349.43, 162.71)	6356.752	1	NaN	NaN	NaN	
6386873454000	6378113707051	None	Fixation	(45.51, 165.77)	(349.26, 162.51)	6356.752	1.016602	NaN	NaN	NaN	
6386890121000	6378130374176	None	Fixation	(44.01, 166.85)	(348.81, 162.03)	6356.752	1.033203	NaN	NaN	NaN	
6386906789000	6378147041914	None	Fixation	(45.09, 166.69)	(349.05, 162.26)	6356.752	1.050293	NaN	NaN	NaN	
6386923456000	6378163708412	None	Fixation	(44.75, 166.60)	(348.91, 162.14)	6356.752	1.066895	NaN	NaN	NaN	
6386940120000	6378180372239	None	Fixation	(43.98, 166.47)	(348.97, 162.27)	6356.752	1.083496	NaN	NaN	NaN	
6386956787000	6378197039072	None	Fixation	(43.97, 166.80)	(348.92, 161.75)	6356.752	1.100098	NaN	NaN	NaN	
6386973453000	6378213704860	None	Fixation	(44.35, 166.56)	(349.16, 161.93)	6356.752	1.116699	NaN	NaN	NaN	
6386990120000	6378230371696	None	Fixation	(43.80, 166.43)	(349.16, 161.86)	6356.752	1.133301	NaN	NaN	NaN	
6387006786000	6378247037728	None	Fixation	(43.94, 166.58)	(349.06, 161.98)	6356.752	1.149902	NaN	NaN	NaN	
6387023453000	6378263704292	None	Fixation	(44.10, 166.34)	(349.23, 162.05)	6356.752	1.166992	NaN	NaN	NaN	
6387040119000	6378280370090	None	Fixation	(44.14, 166.42)	(349.35, 162.01)	6356.752	1.183594	NaN	NaN	NaN	
6387056786000	6378297037571	None	Fixation	(43.81, 166.48)	(349.36, 162.15)	6356.752	1.200195	NaN	NaN	NaN	
6387073452000	6378313703323	None	Fixation	(43.92, 166.34)	(349.44, 162.16)	6356.752	1.216797	NaN	NaN	NaN	
6387090119000	6378330369927	None	Fixation	(44.69, 166.19)	(349.45, 162.28)	6356.752	1.233398	NaN	NaN	NaN	
6387106786000	6378347036313	None	Fixation	(44.29, 166.21)	(349.59, 162.28)	6356.752	1.25	NaN	NaN	NaN	
6387123453000	6378363703572	None	Fixation	(43.97, 166.36)	(349.60, 162.43)	6356.752	1.266602	NaN	NaN	NaN	
6387140118000	6378380368312	None	Fixation	(44.02, 166.29)	(349.43, 162.09)	6356.752	1.283203	NaN	NaN	NaN	
6387156785000	6378397034994	None	Fixation	(44.24, 166.17)	(349.38, 162.06)	6356.752	1.300293	NaN	NaN	NaN	
6387173451000	6378413700529	None	Fixation	(44.55, 166.37)	(349.48, 162.15)	6356.752	1.316895	NaN	NaN	NaN	
6387190118000	6378430367390	None	Fixation	(43.73, 166.70)	(349.48, 162.14)	6356.752	1.333496	NaN	NaN	NaN	
6387206784000	6378447033170	None	Fixation	(43.85, 166.39)	(349.57, 162.11)	6356.752	1.350098	NaN	NaN	NaN	
6387223451000	6378463699991	None	Fixation	(43.42, 166.53)	(349.76, 162.07)	6356.752	1.366699	NaN	NaN	NaN	
6387240119000	6378480367810	None	Fixation	(43.93, 166.56)	(349.94, 161.79)	6356.752	1.383301	NaN	NaN	NaN	
6387256786000	6378497034630	None	Fixation	(43.01, 166.64)	(350.32, 162.00)	6356.752	1.399902	NaN	NaN	NaN	
6387273450000	6378513698430	None	Fixation	(45.00, 166.54)	(350.38, 161.60)	6356.752	1.416992	NaN	NaN	NaN	
6387290117000	6378530365253	None	Fixation	(42.63, 166.46)	(351.01, 161.65)	6356.752	1.433594	NaN	NaN	NaN	
6387306783000	6378547031030	None	Fixation	(42.47, 166.68)	(351.07, 161.72)	6356.752	1.450195	NaN	NaN	NaN	
6387323450000	6378563697815	None	Fixation	(41.43, 166.51)	(351.25, 161.77)	6356.752	1.466797	NaN	NaN	NaN	
6387340116000	6378580363652	None	Saccade	(41.48, 165.49)	(352.81, 162.07)	6358.219	0.01660156	12.50376	0.416792	169.8022	
6387356783000	6378597030421	None	Saccade	(40.10, 165.72)	(354.47, 162.08)	6358.236	0.01660156	20.38642	0.6795474	103.3033	
6387373451000	6378613698254	None	Pursuit	(39.94, 165.76)	(354.05, 161.90)	6358.236	0.03320313	5.617304	0.5131252	94.96972	
6387390118000	6378630365071	None	Fixation	(38.98, 165.76)	(354.73, 161.72)	6358.252	0.03320313	NaN	NaN	NaN	
6387406783000	6378647029867	None	Fixation	(38.74, 165.50)	(355.43, 161.56)	6358.252	0.05029297	NaN	NaN	NaN	
6387423449000	6378663696028	None	Fixation	(38.69, 165.43)	(355.64, 161.53)	6358.252	0.06689453	NaN	NaN	NaN	
6387440115000	6378680361489	None	Fixation	(37.73, 165.48)	(355.76, 161.44)	6358.252	0.08349609	NaN	NaN	NaN	
6387456782000	6378697028313	None	Fixation	(37.64, 165.28)	(356.21, 161.40)	6358.252	0.1000977	NaN	NaN	NaN	
6387473448000	6378713694099	None	Fixation	(37.47, 165.36)	(356.52, 161.11)	6358.252	0.1166992	NaN	NaN	NaN	
6387490115000	6378730360908	None	Fixation	(37.23, 165.04)	(356.95, 161.20)	6358.252	0.1333008	NaN	NaN	NaN	
6387490115000	6378730360904	None	Fixation	(37.23, 165.04)	(356.95, 161.20)	6358.252	0.1333008	NaN	NaN	NaN	
6387523448000	6378763693529	None	Fixation	(36.41, 165.19)	(357.60, 161.25)	6358.252	0.1669922	NaN	NaN	NaN	
6387540116000	6378780361342	None	Fixation	(36.33, 164.98)	(357.64, 161.00)	6358.252	0.1835938	NaN	NaN	NaN	
6387556783000	6378797028143	None	Fixation	(36.19, 165.21)	(357.74, 161.03)	6358.252	0.2001953	NaN	NaN	NaN	
6387573448000	6378813692946	None	Fixation	(35.68, 165.04)	(358.12, 160.90)	6358.252	0.2167969	NaN	NaN	NaN	
6387573448000	6378813692949	None	Fixation	(35.68, 165.04)	(358.12, 160.90)	6358.252	0.2167969	NaN	NaN	NaN	
6387590115000	6378830359769	None	Fixation	(35.60, 165.10)	(358.26, 160.76)	6358.252	0.2333984	NaN	NaN	NaN	
6387606781000	6378847025568	None	Fixation	(35.46, 164.91)	(358.35, 160.78)	6358.252	0.25	NaN	NaN	NaN	
6387623448000	6378863692405	None	Fixation	(35.71, 164.81)	(358.50, 160.68)	6358.252	0.2666016	NaN	NaN	NaN	
6387640113000	6378880357183	None	Fixation	(34.94, 164.95)	(358.86, 160.78)	6358.252	0.2832031	NaN	NaN	NaN	
6387656780000	6378897023990	None	Fixation	(34.94, 164.87)	(358.83, 160.91)	6358.252	0.300293	NaN	NaN	NaN	
6387673446000	6378913689830	None	Fixation	(35.24, 164.84)	(358.72, 160.64)	6358.252	0.3168945	NaN	NaN	NaN	
6387690113000	6378930356625	None	Fixation	(34.70, 164.79)	(359.06, 160.66)	6358.252	0.3334961	NaN	NaN	NaN	
6387706779000	6378947022989	None	Fixation	(34.82, 164.81)	(359.20, 160.56)	6358.252	0.3500977	NaN	NaN	NaN	
6387723446000	6378963689594	None	Fixation	(34.61, 164.82)	(359.23, 160.65)	6358.252	0.3666992	NaN	NaN	NaN	
6387740112000	6378980355016	None	Fixation	(34.85, 164.83)	(358.99, 160.66)	6358.252	0.3833008	NaN	NaN	NaN	
6387756779000	6378997021862	None	Fixation	(35.07, 164.40)	(359.07, 160.90)	6358.252	0.3999023	NaN	NaN	NaN	
6387773445000	6379013687662	None	Fixation	(34.96, 164.55)	(359.05, 160.73)	6358.252	0.4169922	NaN	NaN	NaN	
6387790112000	6379030354473	None	Fixation	(34.94, 164.69)	(359.17, 160.86)	6358.252	0.4335938	NaN	NaN	NaN	
6387806779000	6379047021278	None	Fixation	(34.71, 164.57)	(359.06, 160.74)	6358.252	0.4501953	NaN	NaN	NaN	
6387823445000	6379063687073	None	Fixation	(35.24, 164.61)	(358.93, 160.73)	6358.252	0.4667969	NaN	NaN	NaN	
6387840112000	6379080353888	None	Fixation	(35.21, 165.10)	(358.25, 160.63)	6358.252	0.4833984	NaN	NaN	NaN	
6387856779000	6379097020687	None	Saccade	(38.92, 165.88)	(354.47, 160.99)	6358.736	0.01660156	46.57484	1.55687	273.1783	
6387873445000	6379113686509	None	Pursuit	(41.22, 165.64)	(354.18, 161.73)	6358.736	0.03320313	28.43228	2.471448	262.1435	
6387890112000	6379130353335	None	Pursuit	(40.48, 165.83)	(353.45, 161.70)	6358.736	0.04980469	9.362928	2.179783	264.8855	
6387906778000	6379147019097	None	Pursuit	(40.12, 165.52)	(353.51, 161.68)	6358.736	0.06689453	5.829854	2.019287	261.893	
6387923445000	6379163685928	None	Unknown	(41.59, 165.50)	(353.58, 161.80)	NaN	NaN	NaN	NaN	NaN	
6387940112000	6379180352741	None	Fixation	(41.15, 165.44)	(353.57, 161.48)	6358.819	0.01660156	NaN	NaN	NaN	
6387956778000	6379197018577	None	Fixation	(41.01, 165.25)	(353.55, 161.49)	6358.819	0.03320313	NaN	NaN	NaN	
6387973444000	6379213684762	None	Fixation	(41.16, 165.71)	(353.49, 161.76)	6358.819	0.04980469	NaN	NaN	NaN	
6387990111000	6379230351596	None	Fixation	(42.41, 165.68)	(352.98, 162.23)	6358.819	0.06640625	NaN	NaN	NaN	
6388006777000	6379247017343	None	Fixation	(43.72, 165.94)	(351.17, 162.65)	6358.819	0.08300781	NaN	NaN	NaN	
6388023444000	6379263683755	None	Fixation	(43.85, 165.88)	(351.72, 162.67)	6358.819	0.1000977	NaN	NaN	NaN	
6388040110000	6379280349591	None	Fixation	(42.45, 165.93)	(351.35, 162.49)	6358.819	0.1166992	NaN	NaN	NaN	
6388056777000	6379297016406	None	Fixation	(43.29, 165.87)	(351.14, 162.62)	6358.819	0.1333008	NaN	NaN	NaN	
6388073445000	6379313684183	None	Fixation	(43.36, 165.84)	(351.60, 162.76)	6358.819	0.1499023	NaN	NaN	NaN	
6388090112000	6379330351042	None	Fixation	(43.45, 165.80)	(351.45, 162.25)	6358.819	0.1665039	NaN	NaN	NaN	
6388106776000	6379347014822	None	Fixation	(43.37, 165.92)	(351.21, 162.25)	6358.819	0.1831055	NaN	NaN	NaN	
6388123443000	6379363681648	None	Fixation	(43.46, 165.81)	(351.26, 162.43)	6358.819	0.199707	NaN	NaN	NaN	
6388140109000	6379380347443	None	Fixation	(42.82, 165.88)	(351.24, 162.39)	6358.819	0.2163086	NaN	NaN	NaN	
6388156776000	6379397014262	None	Fixation	(43.62, 165.88)	(351.30, 162.37)	6358.819	0.2333984	NaN	NaN	NaN	
6388173442000	6379413680037	None	Fixation	(44.00, 166.07)	(350.31, 162.55)	6358.819	0.25	NaN	NaN	NaN	
6388190109000	6379430346853	None	Fixation	(44.10, 166.11)	(349.79, 162.70)	6358.819	0.2666016	NaN	NaN	NaN	
6388206775000	6379447012706	None	Fixation	(45.50, 166.23)	(349.83, 162.57)	6358.819	0.2832031	NaN	NaN	NaN	
6388223442000	6379463679475	None	Fixation	(44.71, 166.25)	(349.58, 162.47)	6358.819	0.2998047	NaN	NaN	NaN	
6388240108000	6379480345261	None	Fixation	(45.16, 166.17)	(349.70, 162.60)	6358.819	0.3164063	NaN	NaN	NaN	
6388256775000	6379497012111	None	Fixation	(45.09, 166.22)	(349.68, 162.42)	6358.819	0.3330078	NaN	NaN	NaN	
6388273443000	6379513679895	None	Fixation	(44.93, 165.86)	(349.62, 162.37)	6358.819	0.3500977	NaN	NaN	NaN	
6388290110000	6379530346712	None	Fixation	(45.33, 166.03)	(349.65, 162.31)	6358.819	0.3666992	NaN	NaN	NaN	
6388306774000	6379547010532	None	Fixation	(44.84, 165.94)	(349.69, 162.33)	6358.819	0.3833008	NaN	NaN	NaN	
6388323441000	6379563677322	None	Fixation	(44.81, 165.93)	(349.71, 162.39)	6358.819	0.3999023	NaN	NaN	NaN	
6388340107000	6379580343444	None	Fixation	(44.97, 166.01)	(349.59, 162.13)	6358.819	0.4165039	NaN	NaN	NaN	
6388356774000	6379597010255	None	Fixation	(44.10, 165.87)	(349.73, 162.30)	6358.819	0.4331055	NaN	NaN	NaN	
6388373440000	6379613676113	None	Fixation	(45.45, 165.83)	(349.85, 162.15)	6358.819	0.449707	NaN	NaN	NaN	
6388390107000	6379630342958	None	Fixation	(43.92, 166.07)	(349.85, 162.33)	6358.819	0.4663086	NaN	NaN	NaN	
6388406773000	6379647008370	None	Fixation	(44.50, 165.75)	(349.88, 162.20)	6358.819	0.4833984	NaN	NaN	NaN	
6388423440000	6379663675168	None	Fixation	(45.67, 165.76)	(349.87, 162.24)	6358.819	0.5	NaN	NaN	NaN	
6388440106000	6379680340969	None	Fixation	(45.70, 165.21)	(349.68, 162.85)	6358.819	0.5166016	NaN	NaN	NaN	
6388456773000	6379697007830	None	Fixation	(44.85, 165.33)	(349.64, 162.63)	6358.819	0.5332031	NaN	NaN	NaN	
6388473439000	6379713673610	None	Fixation	(44.31, 165.30)	(349.71, 162.76)	6358.819	0.5498047	NaN	NaN	NaN	
6388490106000	6379730340833	None	Fixation	(45.11, 165.46)	(349.69, 162.65)	6358.819	0.5664063	NaN	NaN	NaN	
6388506773000	6379747007210	None	Fixation	(46.32, 165.21)	(349.67, 162.72)	6358.819	0.5830078	NaN	NaN	NaN	
6388523439000	6379763673019	None	Fixation	(45.72, 165.37)	(349.51, 162.76)	6358.819	0.6000977	NaN	NaN	NaN	
6388540105000	6379780338833	None	Fixation	(45.51, 165.43)	(349.49, 162.67)	6358.819	0.6166992	NaN	NaN	NaN	
6388556772000	6379797005654	None	Fixation	(45.54, 165.66)	(349.66, 162.67)	6358.819	0.6333008	NaN	NaN	NaN	
6388573438000	6379813671455	None	Fixation	(45.65, 165.58)	(349.66, 162.62)	6358.819	0.6499023	NaN	NaN	NaN	
6388590105000	6379830338238	None	Fixation	(45.60, 165.60)	(349.65, 162.56)	6358.819	0.6665039	NaN	NaN	NaN	
6388606771000	6379847004093	None	Fixation	(45.15, 165.76)	(349.64, 162.54)	6358.819	0.6831055	NaN	NaN	NaN	
6388623438000	6379863670863	None	Fixation	(45.22, 165.44)	(349.65, 162.59)	6358.819	0.699707	NaN	NaN	NaN	
6388640104000	6379880336672	None	Fixation	(45.32, 165.55)	(349.70, 162.54)	6358.819	0.7163086	NaN	NaN	NaN	
6388656771000	6379897003471	None	Fixation	(45.20, 165.55)	(349.82, 162.65)	6358.819	0.7333984	NaN	NaN	NaN	
6388673437000	6379913669297	None	Fixation	(45.05, 165.56)	(349.79, 162.58)	6358.819	0.75	NaN	NaN	NaN	
6388690104000	6379930336141	None	Fixation	(45.09, 165.73)	(349.86, 162.68)	6358.819	0.7666016	NaN	NaN	NaN	
6388706772000	6379947003921	None	Fixation	(43.88, 165.78)	(349.81, 162.58)	6358.819	0.7832031	NaN	NaN	NaN	
6388723439000	6379963670737	None	Fixation	(45.04, 165.77)	(349.81, 162.58)	6358.819	0.7998047	NaN	NaN	NaN	
6388740104000	6379980335551	None	Fixation	(43.96, 165.81)	(349.92, 162.45)	6358.819	0.8164063	NaN	NaN	NaN	
6388756770000	6379997001365	None	Fixation	(45.07, 165.85)	(349.95, 162.58)	6358.819	0.8330078	NaN	NaN	NaN	
6388773437000	6380013668165	None	Fixation	(44.27, 165.72)	(349.89, 162.59)	6358.819	0.8500977	NaN	NaN	NaN	
6388790103000	6380030333953	None	Fixation	(45.16, 165.83)	(349.94, 162.63)	6358.819	0.8666992	NaN	NaN	NaN	
6388806770000	6380047000768	None	Fixation	(44.97, 165.81)	(349.93, 162.85)	6358.819	0.8833008	NaN	NaN	NaN	
6388823436000	6380063667036	None	Fixation	(45.40, 165.83)	(349.65, 162.43)	6358.819	0.8999023	NaN	NaN	NaN	
6388840102000	6380080332398	None	Fixation	(45.27, 165.86)	(349.44, 162.59)	6358.819	0.9165039	NaN	NaN	NaN	
6388856769000	6380096999190	None	Fixation	(45.29, 165.99)	(349.47, 162.54)	6358.819	0.9331055	NaN	NaN	NaN	
6388873437000	6380113667008	None	Fixation	(45.37, 166.02)	(349.47, 162.51)	6358.819	0.949707	NaN	NaN	NaN	
6388890104000	6380130333807	None	Fixation	(45.51, 165.95)	(349.46, 162.45)	6358.819	0.9663086	NaN	NaN	NaN	
6388906769000	6380146998608	None	Fixation	(47.87, 166.04)	(349.58, 162.55)	6358.819	0.9833984	NaN	NaN	NaN	
6388923436000	6380163665422	None	Fixation	(46.00, 165.84)	(349.54, 162.42)	6358.819	1	NaN	NaN	NaN	
6388940101000	6380180330232	None	Fixation	(45.41, 165.98)	(349.48, 162.47)	6358.819	1.016602	NaN	NaN	NaN	
6388956768000	6380196997030	None	Fixation	(44.47, 165.99)	(349.53, 162.58)	6358.819	1.033203	NaN	NaN	NaN	
6388973435000	6380213663866	None	Fixation	(45.82, 166.12)	(349.58, 162.49)	6358.819	1.049805	NaN	NaN	NaN	
6388990101000	6380230329668	None	Fixation	(45.01, 166.09)	(349.53, 162.39)	6358.819	1.066406	NaN	NaN	NaN	
6389006768000	6380246996557	None	Fixation	(45.27, 166.06)	(349.40, 162.38)	6358.819	1.083008	NaN	NaN	NaN	
6389023434000	6380263662290	None	Fixation	(45.17, 166.12)	(349.58, 162.59)	6358.819	1.100098	NaN	NaN	NaN	
6389040101000	6380280329081	None	Fixation	(45.25, 166.05)	(349.48, 162.41)	6358.819	1.116699	NaN	NaN	NaN	
6389056767000	6380296995213	None	Fixation	(45.48, 166.21)	(349.46, 162.49)	6358.819	1.133301	NaN	NaN	NaN	
6389073435000	6380313662700	None	Fixation	(44.96, 166.15)	(349.48, 162.47)	6358.819	1.149902	NaN	NaN	NaN	
6389090102000	6380330329547	None	Fixation	(45.05, 166.21)	(349.49, 162.39)	6358.819	1.166504	NaN	NaN	NaN	
6389106766000	6380346993315	None	Fixation	(44.67, 166.37)	(349.64, 162.45)	6358.819	1.183105	NaN	NaN	NaN	
6389123433000	6380363660503	None	Fixation	(44.93, 166.06)	(349.63, 162.39)	6358.819	1.199707	NaN	NaN	NaN	
6389140099000	6380380326482	None	Fixation	(45.26, 166.25)	(349.51, 162.43)	6358.819	1.216309	NaN	NaN	NaN	
6389156766000	6380396993142	None	Fixation	(44.15, 166.08)	(349.67, 162.40)	6358.819	1.233398	NaN	NaN	NaN	
6389173433000	6380413659558	None	Fixation	(45.08, 166.16)	(349.57, 162.48)	6358.819	1.25	NaN	NaN	NaN	
6389190099000	6380430325383	None	Fixation	(44.50, 166.03)	(349.58, 162.36)	6358.819	1.266602	NaN	NaN	NaN	
6389206765000	6380446991195	None	Fixation	(45.14, 166.21)	(349.62, 162.38)	6358.819	1.283203	NaN	NaN	NaN	
6389223432000	6380463657994	None	Fixation	(44.69, 165.93)	(349.70, 162.46)	6358.819	1.299805	NaN	NaN	NaN	
6389240100000	6380480325782	None	Fixation	(45.40, 165.70)	(349.80, 162.75)	6358.819	1.316406	NaN	NaN	NaN	
6389256767000	6380496992629	None	Fixation	(45.24, 165.50)	(349.73, 162.69)	6358.819	1.333008	NaN	NaN	NaN	
6389273432000	6380513657393	None	Fixation	(45.20, 165.52)	(349.92, 162.81)	6358.819	1.349609	NaN	NaN	NaN	
6389290098000	6380530323194	None	Fixation	(44.38, 165.56)	(350.09, 162.75)	6358.819	1.366699	NaN	NaN	NaN	
6389306765000	6380546990370	None	Fixation	(44.69, 165.58)	(349.98, 162.58)	6358.819	1.383301	NaN	NaN	NaN	
6389323431000	6380563655820	None	Fixation	(44.63, 165.69)	(349.82, 162.55)	6358.819	1.399902	NaN	NaN	NaN	
6389340097000	6380580321644	None	Fixation	(44.74, 165.59)	(349.80, 162.61)	6358.819	1.416504	NaN	NaN	NaN	
6389356763000	6380596987460	None	Fixation	(45.45, 165.59)	(349.58, 162.36)	6358.819	1.433105	NaN	NaN	NaN	
6389373429000	6380613653253	None	Fixation	(44.57, 165.80)	(349.69, 162.42)	6358.819	1.449707	NaN	NaN	NaN	
6389390096000	6380630320096	None	Fixation	(44.36, 166.04)	(349.75, 162.33)	6358.819	1.466309	NaN	NaN	NaN	
6389406762000	6380646985887	None	Fixation	(44.48, 165.88)	(349.70, 162.35)	6358.819	1.483398	NaN	NaN	NaN	
6389423429000	6380663652995	None	Fixation	(44.41, 165.87)	(349.56, 162.29)	6358.819	1.5	NaN	NaN	NaN	
6389440096000	6380680319842	None	Fixation	(44.90, 165.85)	(349.67, 162.33)	6358.819	1.516602	NaN	NaN	NaN	
6389456762000	6380696985706	None	Fixation	(44.73, 165.77)	(349.84, 162.41)	6358.819	1.533203	NaN	NaN	NaN	
6389473428000	6380713651536	None	Fixation	(44.57, 165.92)	(349.71, 162.29)	6358.819	1.549805	NaN	NaN	NaN	
6389490095000	6380730318209	None	Fixation	(44.40, 165.84)	(349.83, 162.38)	6358.819	1.566406	NaN	NaN	NaN	
6389506762000	6380746984747	None	Fixation	(44.40, 165.78)	(349.86, 162.31)	6358.819	1.583008	NaN	NaN	NaN	
6389523428000	6380763650528	None	Fixation	(44.24, 165.81)	(349.92, 162.46)	6358.819	1.599609	NaN	NaN	NaN	
6389540095000	6380780317367	None	Fixation	(43.60, 166.90)	(349.32, 161.42)	6358.819	1.616699	NaN	NaN	NaN	
6389556761000	6380796983148	None	Fixation	(43.89, 166.44)	(349.66, 161.86)	6358.819	1.633301	NaN	NaN	NaN	
6389573428000	6380813649972	None	Fixation	(45.76, 166.53)	(350.12, 161.86)	6358.819	1.649902	NaN	NaN	NaN	
6389590094000	6380830315773	None	Fixation	(43.42, 166.37)	(350.16, 161.84)	6358.819	1.666504	NaN	NaN	NaN	
6389606761000	6380846982647	None	Fixation	(42.94, 166.32)	(350.59, 161.83)	6358.819	1.683105	NaN	NaN	NaN	
6389623427000	6380863648394	None	Fixation	(44.51, 166.25)	(350.86, 161.88)	6358.819	1.699707	NaN	NaN	NaN	
6389640094000	6380880315194	None	Fixation	(43.11, 166.14)	(351.21, 161.92)	6358.819	1.716309	NaN	NaN	NaN	
6389656760000	6380896980976	None	Fixation	(42.46, 165.60)	(351.53, 162.20)	6358.819	1.733398	NaN	NaN	NaN	
6389673427000	6380913647819	None	Fixation	(43.15, 165.16)	(352.00, 162.70)	6358.819	1.75	NaN	NaN	NaN	
6389690093000	6380930313925	None	Saccade	(46.05, 161.56)	(355.25, 166.94)	6360.569	0.01660156	56.92799	2.189499	180.6675	
6389706760000	6380946980837	None	Pursuit	(45.19, 161.49)	(355.34, 166.65)	6360.569	0.03320313	10.56122	1.723064	196.0735	
6389723426000	6380963646591	None	Pursuit	(45.21, 161.51)	(355.44, 167.70)	6360.569	0.04980469	0.2212968	1.720003	196.2969	
6389740093000	6380980314071	None	Pursuit	(45.25, 161.36)	(356.21, 167.63)	6360.569	0.06640625	1.833321	1.779926	195.9043	
6389756759000	6380996979665	None	Unknown	(45.53, 161.01)	(356.74, 167.61)	NaN	NaN	NaN	NaN	NaN	
6389773427000	6381013647034	None	Fixation	(45.56, 160.45)	(356.79, 167.84)	6360.652	0.01660156	NaN	NaN	NaN	
6389790094000	6381030313473	None	Fixation	(45.41, 160.31)	(357.24, 168.17)	6360.652	0.03369141	NaN	NaN	NaN	
6389806759000	6381046978286	None	Fixation	(45.46, 160.16)	(357.06, 168.16)	6360.652	0.05029297	NaN	NaN	NaN	
6389823425000	6381063644123	None	Fixation	(45.30, 159.96)	(357.53, 168.64)	6360.652	0.06689453	NaN	NaN	NaN	
6389840092000	6381080310877	None	Fixation	(45.34, 159.50)	(358.01, 168.75)	6360.652	0.08349609	NaN	NaN	NaN	
6389856758000	6381096976702	None	Fixation	(45.73, 159.14)	(358.52, 169.14)	6360.652	0.1000977	NaN	NaN	NaN	
6389873425000	6381113643518	None	Fixation	(45.84, 159.06)	(358.83, 169.37)	6360.652	0.1166992	NaN	NaN	NaN	
6389890091000	6381130309355	None	Fixation	(44.89, 158.74)	(358.93, 169.48)	6360.652	0.1333008	NaN	NaN	NaN	
6389906758000	6381146976212	None	Fixation	(45.65, 158.49)	(359.44, 169.85)	6360.652	0.1503906	NaN	NaN	NaN	
6389923424000	6381163641936	None	Fixation	(45.34, 158.21)	(359.78, 170.17)	6360.652	0.1669922	NaN	NaN	NaN	
6389940091000	6381180308749	None	Fixation	(45.33, 158.06)	(360.08, 170.14)	6360.652	0.1835938	NaN	NaN	NaN	
6389956757000	6381196974564	None	Fixation	(46.31, 157.76)	(360.15, 170.63)	6360.652	0.2001953	NaN	NaN	NaN	
6389973424000	6381213641377	None	Fixation	(45.78, 157.41)	(360.26, 170.89)	6360.652	0.2167969	NaN	NaN	NaN	
6389990090000	6381230307155	None	Fixation	(47.24, 157.19)	(360.78, 171.00)	6360.652	0.2333984	NaN	NaN	NaN	
6390006757000	6381246974042	None	Fixation	(45.98, 157.20)	(360.45, 170.95)	6360.652	0.25	NaN	NaN	NaN	
6390023423000	6381263639826	None	Fixation	(46.01, 156.91)	(360.79, 171.23)	6360.652	0.2666016	NaN	NaN	NaN	
6390040092000	6381280308600	None	Fixation	(46.06, 156.87)	(360.69, 171.23)	6360.652	0.2836914	NaN	NaN	NaN	
6390056758000	6381296974412	None	Fixation	(46.46, 156.65)	(361.14, 171.48)	6360.652	0.300293	NaN	NaN	NaN	
6390073425000	6381313641295	None	Fixation	(46.06, 156.38)	(361.41, 171.90)	6360.652	0.3168945	NaN	NaN	NaN	
6390090091000	6381330307025	None	Fixation	(47.00, 156.22)	(361.65, 172.13)	6360.652	0.3334961	NaN	NaN	NaN	
6390106756000	6381346971839	None	Fixation	(46.74, 156.06)	(361.57, 172.10)	6360.652	0.3500977	NaN	NaN	NaN	
6390123422000	6381363637641	None	Fixation	(47.30, 155.92)	(361.88, 172.20)	6360.652	0.3666992	NaN	NaN	NaN	
6390140089000	6381380304479	None	Fixation	(46.80, 155.86)	(362.08, 172.57)	6360.652	0.3833008	NaN	NaN	NaN	
6390156755000	6381396970256	None	Fixation	(47.06, 155.70)	(361.70, 172.18)	6360.652	0.4003906	NaN	NaN	NaN	
6390173422000	6381413638076	None	Saccade	(43.67, 159.39)	(357.95, 167.64)	6361.053	0.01660156	61.59457	2.414912	181.4794	
6390190088000	6381430303181	None	Saccade	(41.52, 164.84)	(352.58, 163.04)	6361.053	0.03320313	72.0217	5.296382	173.1553	
6390206755000	6381446970022	None	Unknown	(42.16, 166.34)	(351.66, 161.50)	NaN	NaN	NaN	NaN	NaN	
6390223421000	6381463635524	None	Pursuit	(41.94, 166.23)	(351.96, 161.12)	6361.103	0.01660156	3.094053	0.1031351	104.2531	
6390240088000	6381480302305	None	Pursuit	(41.27, 165.53)	(351.91, 161.23)	6361.103	0.03320313	11.91423	0.4959954	119.0254	
6390256754000	6381496968100	None	Unknown	(41.53, 165.56)	(352.05, 161.15)	NaN	NaN	NaN	NaN	NaN	
6390273421000	6381513634934	None	Fixation	(42.17, 165.63)	(352.50, 161.22)	6361.152	0.01660156	NaN	NaN	NaN	
6390290087000	6381530300761	None	Fixation	(41.65, 165.37)	(352.34, 161.54)	6361.152	0.03369141	NaN	NaN	NaN	
6390306754000	6381546967577	None	Fixation	(41.76, 165.46)	(352.45, 161.41)	6361.152	0.05029297	NaN	NaN	NaN	
6390323420000	6381563633720	None	Fixation	(41.84, 165.34)	(352.55, 161.41)	6361.152	0.06689453	NaN	NaN	NaN	
6390340088000	6381580301494	None	Fixation	(41.74, 165.29)	(352.48, 161.41)	6361.152	0.08349609	NaN	NaN	NaN	
6390356755000	6381596968306	None	Fixation	(41.89, 165.04)	(352.49, 161.51)	6361.152	0.1000977	NaN	NaN	NaN	
6390373420000	6381613632787	None	Fixation	(41.62, 165.32)	(352.55, 161.60)	6361.152	0.1166992	NaN	NaN	NaN	
6390390086000	6381630298572	None	Fixation	(41.80, 165.15)	(352.61, 161.56)	6361.152	0.1333008	NaN	NaN	NaN	
6390406754000	6381646966487	None	Fixation	(41.86, 165.14)	(352.66, 161.64)	6361.152	0.1503906	NaN	NaN	NaN	
6390423420000	6381663632616	None	Fixation	(43.25, 166.48)	(350.24, 161.29)	6361.152	0.1669922	NaN	NaN	NaN	
6390440086000	6381680298346	None	Fixation	(43.91, 166.31)	(350.08, 161.84)	6361.152	0.1835938	NaN	NaN	NaN	
6390456752000	6381696963808	None	Fixation	(43.60, 166.30)	(350.25, 161.81)	6361.152	0.2001953	NaN	NaN	NaN	
6390473419000	6381713630635	None	Fixation	(43.38, 166.15)	(349.99, 161.80)	6361.152	0.2167969	NaN	NaN	NaN	
6390490085000	6381730296417	None	Fixation	(42.13, 166.34)	(350.25, 161.75)	6361.152	0.2333984	NaN	NaN	NaN	
6390506752000	6381746963253	None	Fixation	(43.50, 166.02)	(350.41, 161.69)	6361.152	0.25	NaN	NaN	NaN	
6390523418000	6381763629065	None	Fixation	(43.06, 166.00)	(350.57, 161.67)	6361.152	0.2666016	NaN	NaN	NaN	
6390540085000	6381780295869	None	Fixation	(43.51, 165.99)	(350.26, 161.76)	6361.152	0.2836914	NaN	NaN	NaN	
6390556751000	6381796961832	None	Fixation	(43.73, 165.96)	(350.40, 161.71)	6361.152	0.300293	NaN	NaN	NaN	
6390573417000	6381813627511	None	Fixation	(43.43, 166.02)	(350.53, 161.78)	6361.152	0.3168945	NaN	NaN	NaN	
6390590084000	6381830294603	None	Fixation	(43.82, 165.93)	(350.54, 161.81)	6361.152	0.3334961	NaN	NaN	NaN	
6390606751000	6381846961149	None	Fixation	(43.43, 166.05)	(350.35, 161.74)	6361.152	0.3500977	NaN	NaN	NaN	
6390623417000	6381863626923	None	Fixation	(44.03, 165.73)	(350.53, 162.32)	6361.152	0.3666992	NaN	NaN	NaN	
6390640084000	6381880293724	None	Fixation	(43.85, 165.66)	(350.20, 162.40)	6361.152	0.3833008	NaN	NaN	NaN	
6390673417000	6381913626918	None	Fixation	(44.70, 165.75)	(350.16, 162.40)	6361.152	0.4169922	NaN	NaN	NaN	
6390673417000	6381913626346	None	Fixation	(44.70, 165.75)	(350.16, 162.40)	6361.152	0.4169922	NaN	NaN	NaN	
6390690083000	6381930292555	None	Fixation	(44.48, 165.87)	(350.14, 162.25)	6361.152	0.4335938	NaN	NaN	NaN	
6390706750000	6381946959189	None	Fixation	(45.52, 165.77)	(350.20, 162.27)	6361.152	0.4501953	NaN	NaN	NaN	
6390723416000	6381963625211	None	Fixation	(44.81, 165.84)	(350.17, 162.24)	6361.152	0.4667969	NaN	NaN	NaN	
6390740084000	6381980292961	None	Fixation	(44.44, 165.81)	(350.01, 162.26)	6361.152	0.4833984	NaN	NaN	NaN	
6390756751000	6381996959819	None	Fixation	(45.34, 165.94)	(350.07, 162.29)	6361.152	0.5	NaN	NaN	NaN	
6390773416000	6382013624553	None	Fixation	(44.49, 165.91)	(350.30, 162.35)	6361.152	0.5166016	NaN	NaN	NaN	
6390790082000	6382030290265	None	Fixation	(44.70, 165.88)	(350.17, 162.31)	6361.152	0.5336914	NaN	NaN	NaN	
6390823417000	6382063624859	None	Fixation	(45.04, 165.80)	(350.09, 162.32)	6361.152	0.5668945	NaN	NaN	NaN	
6390840082000	6382080289932	None	Fixation	(44.74, 165.80)	(350.14, 162.33)	6361.152	0.5834961	NaN	NaN	NaN	
6390856748000	6382096955404	None	Fixation	(44.99, 165.72)	(350.07, 162.34)	6361.152	0.6000977	NaN	NaN	NaN	
6390873415000	6382113622236	None	Fixation	(46.09, 165.88)	(349.56, 162.55)	6361.152	0.6166992	NaN	NaN	NaN	
6390873415000	6382113622032	None	Fixation	(46.09, 165.88)	(349.56, 162.55)	6361.152	0.6166992	NaN	NaN	NaN	
6390906748000	6382146954873	None	Fixation	(44.71, 165.76)	(349.36, 162.40)	6361.152	0.6503906	NaN	NaN	NaN	
6390923414000	6382163620614	None	Fixation	(45.92, 165.80)	(349.41, 162.51)	6361.152	0.6669922	NaN	NaN	NaN	
6390923414000	6382163620455	None	Fixation	(45.92, 165.80)	(349.41, 162.51)	6361.152	0.6669922	NaN	NaN	NaN	
6390956747000	6382196953287	None	Fixation	(45.64, 165.96)	(349.41, 162.28)	6361.152	0.7001953	NaN	NaN	NaN	
6390956747000	6382196953156	None	Fixation	(45.64, 165.96)	(349.41, 162.28)	6361.152	0.7001953	NaN	NaN	NaN	
6390973414000	6382213619966	None	Fixation	(45.40, 165.86)	(349.40, 162.17)	6361.152	0.7167969	NaN	NaN	NaN	
6391006747000	6382246952704	None	Fixation	(44.59, 165.98)	(349.60, 162.35)	6361.152	0.75	NaN	NaN	NaN	
6391023413000	6382263618531	None	Fixation	(44.82, 165.89)	(349.83, 162.39)	6361.152	0.7666016	NaN	NaN	NaN	
6391040080000	6382280285307	None	Fixation	(45.34, 165.94)	(349.74, 162.46)	6361.152	0.7836914	NaN	NaN	NaN	
6391056746000	6382296951127	None	Fixation	(44.84, 165.91)	(349.69, 162.47)	6361.152	0.800293	NaN	NaN	NaN	
6391073413000	6382313617941	None	Fixation	(45.14, 165.90)	(349.65, 162.35)	6361.152	0.8168945	NaN	NaN	NaN	
6391090079000	6382330284042	None	Fixation	(45.19, 165.88)	(349.59, 162.27)	6361.152	0.8334961	NaN	NaN	NaN	
6391106748000	6382346952550	None	Fixation	(43.81, 165.92)	(349.43, 162.37)	6361.152	0.8500977	NaN	NaN	NaN	
6391123414000	6382363618352	None	Fixation	(45.56, 166.08)	(349.63, 162.38)	6361.152	0.8666992	NaN	NaN	NaN	
6391140079000	6382380283555	None	Fixation	(45.00, 165.81)	(349.52, 162.38)	6361.152	0.8833008	NaN	NaN	NaN	
6391156745000	6382396948994	None	Fixation	(44.99, 165.86)	(349.70, 162.40)	6361.152	0.9003906	NaN	NaN	NaN	
6391173412000	6382413615780	None	Fixation	(45.37, 165.71)	(349.72, 162.37)	6361.152	0.9169922	NaN	NaN	NaN	
6391190078000	6382430281606	None	Fixation	(45.30, 165.74)	(349.67, 162.30)	6361.152	0.9335938	NaN	NaN	NaN	
6391206745000	6382446948406	None	Fixation	(45.02, 165.93)	(349.66, 162.44)	6361.152	0.9501953	NaN	NaN	NaN	
6391223411000	6382463614246	None	Fixation	(44.57, 166.03)	(349.57, 162.49)	6361.152	0.9667969	NaN	NaN	NaN	
6391240078000	6382480281354	None	Fixation	(45.41, 166.71)	(349.52, 162.92)	6361.152	0.9833984	NaN	NaN	NaN	
6391256744000	6382496946831	None	Fixation	(44.50, 167.02)	(349.59, 163.33)	6361.152	1	NaN	NaN	NaN	
6391273411000	6382513613647	None	Blink	(45.09, 169.01)	(349.60, 164.46)	NaN	NaN	NaN	NaN	NaN	
6391290077000	6382530279448	None	Blink	(45.32, 169.39)	(348.80, 165.91)	NaN	NaN	NaN	NaN	NaN	
6391306744000	6382546946252	None	Blink	(44.68, 169.02)	(352.02, 160.46)	NaN	NaN	NaN	NaN	NaN	
6391323410000	6382563612155	None	Blink	(44.51, 167.88)	(349.27, 163.87)	NaN	NaN	NaN	NaN	NaN	
6391340077000	6382580278879	None	Blink	(45.55, 167.73)	(348.73, 163.64)	NaN	NaN	NaN	NaN	NaN	
6391356743000	6382596944926	None	Blink	(44.90, 167.33)	(348.66, 163.00)	NaN	NaN	NaN	NaN	NaN	
6391373412000	6382613613485	None	Blink	(45.70, 166.92)	(348.80, 163.05)	NaN	NaN	NaN	NaN	NaN	
6391390078000	6382630279286	None	WinkLeft	(45.44, 166.97)	(348.93, 162.71)	NaN	NaN	NaN	NaN	NaN	
6391406743000	6382646944424	None	WinkLeft	(45.53, 166.95)	(348.73, 162.75)	NaN	NaN	NaN	NaN	NaN	
6391423409000	6382663609922	None	WinkLeft	(45.14, 166.62)	(348.75, 162.64)	NaN	NaN	NaN	NaN	NaN	
6391440076000	6382680276741	None	WinkLeft	(45.34, 166.70)	(348.81, 162.27)	NaN	NaN	NaN	NaN	NaN	
6391456742000	6382696942559	None	WinkLeft	(45.20, 166.69)	(348.96, 162.24)	NaN	NaN	NaN	NaN	NaN	
6391473409000	6382713609357	None	Fixation	(44.90, 166.50)	(348.65, 162.17)	6361.152	1.216797	NaN	NaN	NaN	
6391490075000	6382730275149	None	Fixation	(45.13, 166.53)	(348.68, 162.10)	6361.152	1.233398	NaN	NaN	NaN	
6391506742000	6382746941954	None	Fixation	(45.47, 166.49)	(348.75, 162.04)	6361.152	1.25	NaN	NaN	NaN	
6391523408000	6382763607756	None	Fixation	(47.10, 166.61)	(348.71, 162.31)	6361.152	1.266602	NaN	NaN	NaN	
6391540075000	6382780274897	None	Fixation	(46.23, 166.44)	(348.78, 162.00)	6361.152	1.283691	NaN	NaN	NaN	
6391556741000	6382796940668	None	Fixation	(44.72, 166.50)	(348.96, 162.14)	6361.152	1.300293	NaN	NaN	NaN	
6391573408000	6382813607187	None	Fixation	(45.26, 166.55)	(348.94, 162.11)	6361.152	1.316895	NaN	NaN	NaN	
6391590074000	6382830272993	None	Fixation	(44.63, 166.44)	(348.75, 162.05)	6361.152	1.333496	NaN	NaN	NaN	
6391606741000	6382846939821	None	Fixation	(44.88, 167.11)	(348.81, 163.10)	6361.152	1.350098	NaN	NaN	NaN	
6391623407000	6382863605676	None	WinkRight	(44.71, 170.57)	(348.06, 166.86)	NaN	NaN	NaN	NaN	NaN	
6391640074000	6382880272438	None	Blink	(46.14, 200.30)	(0.00, 0.00)	NaN	NaN	NaN	NaN	NaN	
6391656740000	6382896938266	None	Blink	(0.00, 0.00)	(0.00, 0.00)	NaN	NaN	NaN	NaN	NaN	
6391673409000	6382913607122	None	Blink	(144.80, 117.02)	(0.00, 0.00)	NaN	NaN	NaN	NaN	NaN	
6391690075000	6382930273370	None	Blink	(0.00, 0.00)	(0.00, 0.00)	NaN	NaN	NaN	NaN	NaN	
6391706740000	6382946937648	None	Blink	(0.00, 0.00)	(0.00, 0.00)	NaN	NaN	NaN	NaN	NaN	
6391723406000	6382963603474	None	Blink	(0.00, 0.00)	(0.00, 0.00)	NaN	NaN	NaN	NaN	NaN	
6391740073000	6382980270589	None	Blink	(52.23, 172.27)	(0.00, 0.00)	NaN	NaN	NaN	NaN	NaN	
6391756739000	6382996936103	None	Blink	(45.55, 172.69)	(347.19, 175.68)	NaN	NaN	NaN	NaN	NaN	
6391773406000	6383013602916	None	Blink	(44.72, 167.18)	(349.34, 164.39)	NaN	NaN	NaN	NaN	NaN	
6391790072000	6383030268695	None	Blink	(44.72, 166.62)	(351.27, 161.92)	NaN	NaN	NaN	NaN	NaN	
6391806739000	6383046935524	None	Blink	(44.75, 166.45)	(349.75, 163.44)	NaN	NaN	NaN	NaN	NaN	
6391823405000	6383063601407	None	Blink	(44.91, 166.39)	(349.41, 163.08)	NaN	NaN	NaN	NaN	NaN	
6391840072000	6383080268126	None	Blink	(44.29, 166.19)	(349.58, 162.94)	NaN	NaN	NaN	NaN	NaN	
6391856738000	6383096934387	None	Blink	(44.23, 165.86)	(349.67, 162.59)	NaN	NaN	NaN	NaN	NaN	
6391873405000	6383113600746	None	Fixation	(44.35, 165.88)	(349.55, 162.48)	6361.152	1.616699	NaN	NaN	NaN	
6391890071000	6383130266625	None	Fixation	(44.60, 165.79)	(349.80, 162.68)	6361.152	1.633301	NaN	NaN	NaN	
6391906739000	6383146934365	None	Fixation	(44.12, 165.62)	(350.14, 162.63)	6361.152	1.650391	NaN	NaN	NaN	
6391923406000	6383163601609	None	Fixation	(44.44, 165.52)	(349.95, 162.74)	6361.152	1.666992	NaN	NaN	NaN	
6391940071000	6383180265977	None	Fixation	(44.25, 165.36)	(350.07, 162.58)	6361.152	1.683594	NaN	NaN	NaN	
6391956737000	6383196931799	None	Fixation	(44.02, 165.50)	(350.17, 162.53)	6361.152	1.700195	NaN	NaN	NaN	
6391973404000	6383213598591	None	Fixation	(44.02, 165.49)	(350.27, 162.59)	6361.152	1.716797	NaN	NaN	NaN	
6391990070000	6383230264426	None	Fixation	(44.15, 165.32)	(350.15, 162.53)	6361.152	1.733398	NaN	NaN	NaN	
6392006737000	6383246931236	None	Fixation	(43.91, 165.55)	(350.09, 162.42)	6361.152	1.75	NaN	NaN	NaN	
6392023404000	6383263598087	None	Fixation	(44.11, 165.46)	(349.99, 162.26)	6361.152	1.766602	NaN	NaN	NaN	
6392040072000	6383280266085	None	Fixation	(45.26, 165.52)	(350.12, 162.48)	6361.152	1.783691	NaN	NaN	NaN	
6392056738000	6383296931649	None	Fixation	(43.98, 165.71)	(350.26, 162.54)	6361.152	1.800293	NaN	NaN	NaN	
6392073404000	6383313597756	None	Fixation	(43.98, 165.63)	(350.38, 162.61)	6361.152	1.816895	NaN	NaN	NaN	
6392090070000	6383330263294	None	Fixation	(44.10, 165.59)	(350.25, 162.40)	6361.152	1.833496	NaN	NaN	NaN	
6392106737000	6383346930071	None	Fixation	(43.84, 165.72)	(350.15, 162.46)	6361.152	1.850098	NaN	NaN	NaN	
6392123403000	6383363596020	None	Fixation	(43.73, 165.51)	(350.21, 162.51)	6361.152	1.866699	NaN	NaN	NaN	
6392140070000	6383380262724	None	Fixation	(44.66, 165.73)	(350.27, 162.46)	6361.152	1.883301	NaN	NaN	NaN	
6392156736000	6383396928509	None	Fixation	(44.99, 165.98)	(349.65, 162.76)	6361.152	1.900391	NaN	NaN	NaN	
6392173404000	6383413596668	None	Fixation	(45.69, 165.36)	(349.88, 162.86)	6361.152	1.916992	NaN	NaN	NaN	
6392190070000	6383430262113	None	Fixation	(44.30, 165.74)	(349.81, 162.93)	6361.152	1.933594	NaN	NaN	NaN	
6392206736000	6383446927930	None	Fixation	(44.44, 165.80)	(349.61, 162.70)	6361.152	1.950195	NaN	NaN	NaN	
6392223402000	6383463593798	None	Fixation	(45.10, 165.87)	(349.71, 162.83)	6361.152	1.966797	NaN	NaN	NaN	
6392240069000	6383480260541	None	Fixation	(44.72, 165.94)	(349.88, 162.82)	6361.152	1.983398	NaN	NaN	NaN	
6392256735000	6383496926357	None	Fixation	(44.65, 165.68)	(349.79, 162.93)	6361.152	2	NaN	NaN	NaN	
6392273404000	6383513595129	None	Fixation	(44.53, 165.75)	(349.82, 162.75)	6361.152	2.016602	NaN	NaN	NaN	
6392290070000	6383530261008	None	Fixation	(46.32, 165.71)	(349.87, 162.70)	6361.152	2.033691	NaN	NaN	NaN	
6392306735000	6383546926116	None	Fixation	(46.04, 165.79)	(349.70, 162.82)	6361.152	2.050293	NaN	NaN	NaN	
6392323401000	6383563591639	None	Fixation	(45.50, 165.83)	(349.61, 162.83)	6361.152	2.066895	NaN	NaN	NaN	
6392340070000	6383580260407	None	Fixation	(45.56, 165.97)	(349.62, 162.86)	6361.152	2.083496	NaN	NaN	NaN	
6392356736000	6383596926228	None	Fixation	(45.49, 165.85)	(349.11, 162.83)	6361.152	2.100098	NaN	NaN	NaN	
6392373401000	6383613591082	None	Fixation	(45.70, 166.25)	(349.22, 162.74)	6361.152	2.116699	NaN	NaN	NaN	
6392390067000	6383630256799	None	Fixation	(45.53, 166.23)	(349.10, 162.53)	6361.152	2.133301	NaN	NaN	NaN	
6392406734000	6383646923668	None	Fixation	(45.17, 166.24)	(349.12, 162.64)	6361.152	2.150391	NaN	NaN	NaN	
6392423400000	6383663589426	None	Fixation	(45.10, 166.41)	(349.11, 162.49)	6361.152	2.166992	NaN	NaN	NaN	
6392440067000	6383680256255	None	Fixation	(45.24, 166.27)	(349.26, 162.36)	6361.152	2.183594	NaN	NaN	NaN	
6392456733000	6383696922052	None	Fixation	(45.04, 166.33)	(349.64, 162.41)	6361.152	2.200195	NaN	NaN	NaN	
6392473400000	6383713589188	None	Fixation	(44.35, 166.30)	(349.51, 162.52)	6361.152	2.216797	NaN	NaN	NaN	
6392490066000	6383730255169	None	Fixation	(44.56, 166.11)	(349.73, 162.40)	6361.152	2.233398	NaN	NaN	NaN	
6392506733000	6383746921816	None	Fixation	(44.71, 166.36)	(349.90, 162.51)	6361.152	2.25	NaN	NaN	NaN	
6392523399000	6383763587314	None	Fixation	(44.29, 166.05)	(350.11, 162.43)	6361.152	2.266602	NaN	NaN	NaN	
6392540068000	6383780256099	None	Fixation	(43.98, 165.99)	(349.84, 162.26)	6361.152	2.283691	NaN	NaN	NaN	
6392556734000	6383796921908	None	Fixation	(43.85, 166.24)	(350.08, 162.40)	6361.152	2.300293	NaN	NaN	NaN	
6392573399000	6383813586737	None	Fixation	(43.88, 166.13)	(350.29, 162.40)	6361.152	2.316895	NaN	NaN	NaN	
6392590065000	6383830252904	None	Fixation	(44.11, 166.06)	(350.28, 162.42)	6361.152	2.333496	NaN	NaN	NaN	
6392606734000	6383846921356	None	Fixation	(43.91, 166.09)	(350.20, 162.46)	6361.152	2.350098	NaN	NaN	NaN	
6392623400000	6383863587215	None	Fixation	(44.02, 165.88)	(350.64, 162.67)	6361.152	2.366699	NaN	NaN	NaN	
6392640065000	6383880252233	None	Fixation	(43.20, 165.83)	(351.28, 162.79)	6361.152	2.383301	NaN	NaN	NaN	
6392656731000	6383896918003	None	Fixation	(43.59, 165.74)	(351.31, 162.80)	6361.152	2.399902	NaN	NaN	NaN	
6392673400000	6383913586704	None	Fixation	(43.39, 165.94)	(351.11, 162.62)	6361.152	2.416992	NaN	NaN	NaN	
6392690066000	6383930252377	None	Fixation	(43.63, 165.93)	(351.17, 162.29)	6361.152	2.433594	NaN	NaN	NaN	
6392706733000	6383946919189	None	Fixation	(43.30, 166.05)	(350.98, 162.31)	6361.152	2.450195	NaN	NaN	NaN	
6392723399000	6383963584989	None	Fixation	(43.27, 166.11)	(350.91, 162.18)	6361.152	2.466797	NaN	NaN	NaN	
6392740064000	6383980249805	None	Fixation	(43.03, 166.32)	(350.41, 161.99)	6361.152	2.483398	NaN	NaN	NaN	
6392756730000	6383996915619	None	Saccade	(44.57, 168.72)	(347.07, 160.88)	6363.636	0.01660156	43.28739	1.442913	301.4263	
6392773399000	6384013584675	None	Saccade	(46.04, 168.97)	(345.85, 161.28)	6363.652	0.01660156	18.28473	0.6094912	266.7155	
6392790065000	6384030250751	None	Pursuit	(45.74, 169.31)	(345.53, 160.86)	6363.652	0.03369141	5.537183	0.5372905	283.786	
6392806730000	6384046915422	None	Pursuit	(45.32, 169.56)	(344.98, 160.82)	6363.652	0.05029297	6.088903	0.460014	305.5459	
6392823396000	6384063581126	None	Unknown	(46.00, 169.07)	(345.19, 160.76)	NaN	NaN	NaN	NaN	NaN	
6392840065000	6384080250294	None	Fixation	(47.54, 169.11)	(344.99, 160.33)	6363.719	0.01660156	NaN	NaN	NaN	
6392856731000	6384096915833	None	Fixation	(45.23, 169.64)	(344.76, 160.35)	6363.719	0.03320313	NaN	NaN	NaN	
6392873396000	6384113580679	None	Fixation	(45.43, 169.86)	(344.31, 160.37)	6363.719	0.04980469	NaN	NaN	NaN	
6392890062000	6384130246516	None	Fixation	(46.02, 170.46)	(343.82, 160.28)	6363.719	0.06640625	NaN	NaN	NaN	
6392906729000	6384146913401	None	Fixation	(47.40, 171.35)	(341.86, 160.12)	6363.719	0.08300781	NaN	NaN	NaN	
6392923395000	6384163579010	None	Saccade	(48.18, 171.38)	(341.07, 160.23)	6363.802	0.01708984	9.655161	0.3293	267.5261	
6392940062000	6384180245859	None	Pursuit	(48.55, 171.35)	(340.87, 160.12)	6363.802	0.03369141	4.578857	0.4733718	256.8751	
6392956729000	6384196912452	None	Unknown	(49.47, 171.85)	(340.48, 159.95)	NaN	NaN	NaN	NaN	NaN	
6392973395000	6384213578157	None	Fixation	(47.83, 171.95)	(340.53, 159.65)	6363.853	0.01660156	NaN	NaN	NaN	
6392990061000	6384230244314	None	Fixation	(47.94, 171.63)	(340.59, 159.14)	6363.853	0.03320313	NaN	NaN	NaN	
6393006728000	6384246910730	None	Fixation	(47.34, 172.00)	(340.60, 159.13)	6363.853	0.04980469	NaN	NaN	NaN	
6393023394000	6384263576539	None	Fixation	(47.01, 172.27)	(340.71, 158.79)	6363.853	0.06640625	NaN	NaN	NaN	
6393040061000	6384280243385	None	Fixation	(46.69, 172.86)	(340.69, 158.73)	6363.853	0.08349609	NaN	NaN	NaN	
6393056727000	6384296909182	None	Fixation	(48.03, 172.11)	(340.46, 158.33)	6363.853	0.1000977	NaN	NaN	NaN	
6393073394000	6384313576409	None	Fixation	(46.44, 172.77)	(340.64, 158.32)	6363.853	0.1166992	NaN	NaN	NaN	
6393090060000	6384330241819	None	Fixation	(46.09, 173.11)	(340.65, 158.32)	6363.853	0.1333008	NaN	NaN	NaN	
6393106727000	6384346908584	None	Fixation	(46.10, 172.93)	(340.58, 158.33)	6363.853	0.1499023	NaN	NaN	NaN	
6393123393000	6384363574424	None	Fixation	(46.26, 172.91)	(340.56, 158.31)	6363.853	0.1665039	NaN	NaN	NaN	
6393140060000	6384380241276	None	Fixation	(46.57, 173.10)	(340.62, 158.40)	6363.853	0.1831055	NaN	NaN	NaN	
6393156726000	6384396907127	None	Fixation	(46.72, 173.08)	(340.32, 158.35)	6363.853	0.199707	NaN	NaN	NaN	
6393173395000	6384413575832	None	Fixation	(46.52, 173.07)	(340.04, 158.20)	6363.853	0.2167969	NaN	NaN	NaN	
6393190061000	6384430241642	None	Fixation	(46.43, 173.42)	(340.01, 158.20)	6363.853	0.2333984	NaN	NaN	NaN	
6393206726000	6384446906462	None	Fixation	(46.73, 173.65)	(339.93, 158.33)	6363.853	0.25	NaN	NaN	NaN	
6393223392000	6384463572375	None	Fixation	(46.53, 173.63)	(339.63, 158.10)	6363.853	0.2666016	NaN	NaN	NaN	
6393240059000	6384480239076	None	Fixation	(46.61, 173.44)	(339.56, 158.00)	6363.853	0.2832031	NaN	NaN	NaN	
6393256725000	6384496904950	None	Fixation	(46.62, 173.89)	(339.25, 157.83)	6363.853	0.2998047	NaN	NaN	NaN	
6393273392000	6384513572150	None	Fixation	(46.10, 174.12)	(339.04, 157.56)	6363.853	0.3164063	NaN	NaN	NaN	
6393290058000	6384530237543	None	Fixation	(46.47, 174.48)	(338.85, 157.41)	6363.853	0.3334961	NaN	NaN	NaN	
6393306727000	6384546906740	None	Fixation	(46.06, 174.40)	(338.76, 157.32)	6363.853	0.3500977	NaN	NaN	NaN	
6393323393000	6384563572426	None	Fixation	(45.93, 174.97)	(338.58, 157.31)	6363.853	0.3666992	NaN	NaN	NaN	
6393340058000	6384580237374	None	Fixation	(45.97, 174.86)	(338.30, 157.17)	6363.853	0.3833008	NaN	NaN	NaN	
6393356724000	6384596902745	None	Fixation	(45.92, 174.81)	(338.25, 157.22)	6363.853	0.3999023	NaN	NaN	NaN	
6393373393000	6384613571556	None	Fixation	(45.60, 175.14)	(337.96, 157.08)	6363.853	0.4165039	NaN	NaN	NaN	
6393390059000	6384630237750	None	Fixation	(47.60, 174.97)	(338.02, 157.05)	6363.853	0.4331055	NaN	NaN	NaN	
6393406723000	6384646901179	None	Fixation	(45.89, 173.06)	(339.84, 157.86)	6363.853	0.449707	NaN	NaN	NaN	
6393423390000	6384663568320	None	Saccade	(45.50, 170.04)	(344.85, 160.20)	6364.302	0.01708984	37.43882	2.268912	143.887	
6393440057000	6384680235705	None	Pursuit	(46.61, 169.90)	(345.67, 160.98)	6364.302	0.03369141	13.75051	1.329699	179.8517	
6393456723000	6384696900996	None	Pursuit	(44.32, 169.88)	(345.88, 161.21)	6364.302	0.05029297	28.12383	1.452413	140.7813	
6393473390000	6384713567640	None	Pursuit	(46.40, 169.56)	(346.12, 160.84)	6364.302	0.06689453	25.84809	1.452879	175.2839	
6393490056000	6384730233192	None	Unknown	(47.47, 169.39)	(346.24, 160.48)	NaN	NaN	NaN	NaN	NaN	
6393506722000	6384746899017	None	Saccade	(43.90, 169.71)	(345.97, 160.83)	6364.386	0.01660156	44.06469	1.468823	71.74092	
6393523388000	6384763564823	None	Pursuit	(44.21, 169.42)	(346.17, 160.77)	6364.386	0.03320313	5.176529	1.337507	76.31792	
6393540055000	6384780231666	None	Pursuit	(44.49, 169.32)	(346.21, 160.57)	6364.386	0.05029297	3.68203	1.221838	78.15742	
6393556721000	6384796897507	None	Pursuit	(44.10, 169.51)	(346.59, 160.82)	6364.386	0.06689453	5.344429	1.383151	74.82518	
6393573390000	6384813566259	None	Pursuit	(47.34, 168.87)	(346.40, 160.76)	6364.386	0.08349609	40.65567	0.2195896	152.9704	
6393590056000	6384830232082	None	Pursuit	(47.52, 169.12)	(346.31, 160.71)	6364.386	0.1000977	3.840413	0.1095503	177.3176	
6393606721000	6384846896852	None	Pursuit	(47.74, 168.99)	(346.57, 160.77)	6364.386	0.1166992	3.171328	0.1965926	200.9039	
6393623387000	6384863562641	None	Pursuit	(47.38, 168.61)	(346.38, 160.72)	6364.386	0.1333008	6.374794	0.3202114	160.6102	
6393640054000	6384880229541	None	Fixation	(44.30, 169.09)	(346.65, 160.85)	6364.386	0.1499023	NaN	NaN	NaN	
6393656720000	6384896895592	None	Saccade	(44.45, 168.67)	(346.95, 160.75)	6364.536	0.01660156	5.446941	0.1815647	185.9696	
6393673387000	6384913562097	None	Pursuit	(44.46, 168.75)	(346.92, 160.73)	6364.536	0.03369141	0.9987172	0.1531534	191.9339	
6393690053000	6384930227914	None	Pursuit	(44.87, 166.93)	(348.41, 162.08)	6364.536	0.05029297	23.06046	0.9189278	181.719	
6393706720000	6384946894732	None	Fixation	(44.42, 166.68)	(349.26, 162.67)	6364.386	0.2167969	NaN	NaN	NaN	
6393723386000	6384963560641	None	Saccade	(44.82, 166.49)	(349.09, 162.76)	6364.603	0.01660156	2.353959	0.07846531	255.2132	
6393740053000	6384980227407	None	Fixation	(45.38, 166.42)	(349.37, 162.52)	6364.603	0.03320313	NaN	NaN	NaN	
6393756719000	6384996893172	None	Fixation	(45.66, 166.10)	(349.55, 162.69)	6364.603	0.04980469	NaN	NaN	NaN	
6393773386000	6385013559971	None	Fixation	(45.62, 166.10)	(349.22, 162.88)	6364.603	0.06640625	NaN	NaN	NaN	
6393790052000	6385030225792	None	Fixation	(45.64, 166.22)	(349.43, 162.94)	6364.603	0.08349609	NaN	NaN	NaN	
6393806719000	6385046892677	None	Fixation	(45.43, 165.98)	(349.73, 163.14)	6364.603	0.1000977	NaN	NaN	NaN	
6393823385000	6385063558398	None	Fixation	(46.06, 165.56)	(349.56, 163.12)	6364.603	0.1166992	NaN	NaN	NaN	
6393840054000	6385080227209	None	Fixation	(45.94, 165.54)	(349.46, 163.34)	6364.603	0.1333008	NaN	NaN	NaN	
6393856720000	6385096893015	None	Fixation	(46.33, 165.45)	(349.70, 163.40)	6364.603	0.1499023	NaN	NaN	NaN	
6393873385000	6385113557894	None	Fixation	(46.47, 165.36)	(349.59, 163.23)	6364.603	0.1665039	NaN	NaN	NaN	
6393890051000	6385130223642	None	Fixation	(46.90, 165.28)	(349.58, 163.39)	6364.603	0.1831055	NaN	NaN	NaN	
6393906718000	6385146890421	None	Fixation	(46.05, 165.46)	(349.50, 163.54)	6364.603	0.199707	NaN	NaN	NaN	
6393923384000	6385163556265	None	Fixation	(47.10, 165.38)	(349.63, 163.78)	6364.603	0.2167969	NaN	NaN	NaN	
6393940051000	6385180223100	None	Fixation	(47.06, 165.29)	(349.93, 163.81)	6364.603	0.2333984	NaN	NaN	NaN	
6393956717000	6385196888895	None	Fixation	(47.36, 165.37)	(349.75, 163.80)	6364.603	0.25	NaN	NaN	NaN	
6393973384000	6385213555675	None	Fixation	(46.98, 165.17)	(349.65, 163.73)	6364.603	0.2666016	NaN	NaN	NaN	
6393990051000	6385230222499	None	Fixation	(47.18, 165.29)	(349.62, 163.74)	6364.603	0.2832031	NaN	NaN	NaN	
6394006717000	6385246888282	None	Fixation	(45.31, 166.39)	(349.36, 162.27)	6364.603	0.2998047	NaN	NaN	NaN	
6394023384000	6385263555075	None	Fixation	(45.82, 166.45)	(349.64, 162.56)	6364.603	0.3164063	NaN	NaN	NaN	
6394040050000	6385280220901	None	Fixation	(46.55, 166.29)	(349.60, 162.59)	6364.603	0.3334961	NaN	NaN	NaN	
6394056716000	6385296886706	None	Fixation	(45.62, 166.04)	(349.62, 162.69)	6364.603	0.3500977	NaN	NaN	NaN	
6394073385000	6385313555536	None	Fixation	(45.76, 166.33)	(349.57, 162.48)	6364.603	0.3666992	NaN	NaN	NaN	
6394090051000	6385330221437	None	Fixation	(45.94, 166.23)	(349.67, 162.60)	6364.603	0.3833008	NaN	NaN	NaN	
6394106716000	6385346886100	None	Fixation	(44.65, 166.15)	(349.43, 162.36)	6364.603	0.3999023	NaN	NaN	NaN	
6394123382000	6385363552446	None	Fixation	(46.07, 166.23)	(349.72, 162.55)	6364.603	0.4165039	NaN	NaN	NaN	
6394140049000	6385380218781	None	Saccade	(42.60, 171.34)	(346.78, 158.60)	6365.019	0.01660156	75.9726	2.53242	178.7302	
6394156715000	6385396884577	None	Saccade	(35.61, 181.03)	(341.46, 153.06)	6365.019	0.03320313	147	7.43169	177.1196	
6394173382000	6385413551392	None	Unknown	(35.84, 182.64)	(339.23, 151.19)	NaN	NaN	NaN	NaN	NaN	
6394190048000	6385430217189	None	Pursuit	(35.59, 181.88)	(339.98, 150.97)	6365.069	0.01660156	9.846382	0.3282127	149.2989	
6394206715000	6385446883996	None	Pursuit	(34.93, 181.44)	(340.11, 150.93)	6365.069	0.03320313	9.806493	0.6186888	130.1478	
6394223381000	6385463549837	None	Unknown	(35.29, 181.67)	(340.57, 150.87)	NaN	NaN	NaN	NaN	NaN	
6394240048000	6385480216677	None	Saccade	(38.51, 181.60)	(340.41, 151.15)	6365.119	0.01660156	39.6287	1.320957	255.8159	
6394256714000	6385496882498	None	Pursuit	(34.80, 181.30)	(340.07, 150.79)	6365.119	0.03320313	45.81945	0.2520674	113.8915	
6394273381000	6385513549272	None	Pursuit	(35.11, 181.58)	(340.17, 150.77)	6365.119	0.04980469	5.096436	0.08411789	103.827	
6394290048000	6385530216103	None	Pursuit	(35.18, 181.40)	(340.01, 150.82)	6365.119	0.06689453	2.327417	0.1195388	144.0882	
6394306716000	6385546883966	None	Pursuit	(35.19, 181.47)	(340.05, 150.92)	6365.119	0.08349609	0.819441	0.09287864	140.8558	
6394323382000	6385563549789	None	Fixation	(35.08, 181.29)	(340.12, 150.78)	6365.119	0.1000977	NaN	NaN	NaN	
6394340047000	6385580214542	None	Fixation	(35.28, 181.49)	(340.23, 150.83)	6365.219	0.01660156	NaN	NaN	NaN	
6394356713000	6385596880281	None	Fixation	(35.11, 181.31)	(340.29, 150.80)	6365.219	0.03320313	NaN	NaN	NaN	
6394373380000	6385613547109	None	Fixation	(35.02, 181.37)	(340.21, 150.86)	6365.219	0.04980469	NaN	NaN	NaN	
6394390046000	6385630212888	None	Fixation	(35.02, 181.20)	(340.57, 150.91)	6365.219	0.06640625	NaN	NaN	NaN	
6394406715000	6385646881671	None	Fixation	(34.85, 181.53)	(340.34, 150.84)	6365.219	0.08300781	NaN	NaN	NaN	
6394423381000	6385663547502	None	Fixation	(34.63, 181.18)	(340.43, 150.92)	6365.219	0.1000977	NaN	NaN	NaN	
6394440046000	6385680212319	None	Fixation	(34.68, 181.10)	(340.66, 151.04)	6365.219	0.1166992	NaN	NaN	NaN	
6394456712000	6385696878121	None	Saccade	(39.06, 174.62)	(344.37, 154.98)	6365.336	0.01660156	96.22122	3.207374	175.4166	
6394473379000	6385713544920	None	Saccade	(45.44, 166.05)	(350.49, 163.98)	6365.336	0.03320313	131.4076	7.58568	179.1789	
6394490046000	6385730211835	None	Saccade	(49.21, 160.48)	(354.90, 171.39)	6365.336	0.04980469	106.0925	10.18213	158.0274	
6394506712000	6385746877870	None	Pursuit	(48.47, 159.59)	(356.28, 171.23)	6365.386	0.01660156	14.26594	0.4755314	127.3621	
6394523378000	6385763543821	None	Pursuit	(49.05, 160.29)	(356.50, 171.75)	6365.386	0.03320313	11.24648	0.1006491	127.2434	
6394540045000	6385780210167	None	Pursuit	(49.35, 159.72)	(356.40, 171.11)	6365.386	0.05029297	7.953059	0.318316	177.2565	
6394556712000	6385796876977	None	Unknown	(47.36, 159.53)	(356.17, 170.68)	NaN	NaN	NaN	NaN	NaN	
6394573378000	6385813543122	None	Fixation	(47.59, 159.67)	(356.56, 170.55)	6365.453	0.01660156	NaN	NaN	NaN	
6394590045000	6385830209891	None	Fixation	(48.80, 160.16)	(355.92, 170.28)	6365.453	0.03320313	NaN	NaN	NaN	
6394606711000	6385846875945	None	Fixation	(48.96, 160.03)	(0.00, 0.00)	6365.453	0.04980469	NaN	NaN	NaN	
6394623377000	6385863541219	None	Fixation	(48.53, 160.06)	(0.00, 0.00)	6365.453	0.06640625	NaN	NaN	NaN	
6394640046000	6385880210024	None	Fixation	(48.59, 159.92)	(355.34, 170.12)	6365.453	0.08300781	NaN	NaN	NaN	
6394656712000	6385896875883	None	Fixation	(48.72, 160.06)	(354.69, 170.05)	6365.453	0.09960938	NaN	NaN	NaN	
6394673377000	6385913540660	None	Fixation	(48.64, 160.06)	(354.46, 170.07)	6365.453	0.1166992	NaN	NaN	NaN	
6394690044000	6385930207454	None	Fixation	(49.06, 160.09)	(0.00, 0.00)	6365.453	0.1333008	NaN	NaN	NaN	
6394706710000	6385946873251	None	Fixation	(49.28, 159.98)	(354.80, 170.31)	6365.453	0.1499023	NaN	NaN	NaN	
6394723377000	6385963540406	None	Fixation	(49.68, 159.83)	(354.42, 170.10)	6365.453	0.1665039	NaN	NaN	NaN	
6394740043000	6385980206123	None	Fixation	(48.63, 160.01)	(354.72, 170.34)	6365.453	0.1831055	NaN	NaN	NaN	
6394756710000	6385996873178	None	Fixation	(48.93, 159.86)	(354.50, 170.05)	6365.453	0.199707	NaN	NaN	NaN	
6394773375000	6386013537625	None	Fixation	(49.11, 159.95)	(354.64, 170.02)	6365.453	0.2163086	NaN	NaN	NaN	
6394790042000	6386030204308	None	Fixation	(48.35, 160.26)	(354.62, 170.10)	6365.453	0.2333984	NaN	NaN	NaN	
6394806711000	6386046873092	None	Saccade	(52.86, 156.20)	(357.99, 175.37)	6365.686	0.01660156	74.61537	2.565141	187.7079	
6394823377000	6386063539221	None	WinkRight	(55.62, 152.06)	(361.05, 181.80)	NaN	NaN	NaN	NaN	NaN	
6394840042000	6386080203724	None	WinkRight	(56.15, 151.19)	(361.04, 182.47)	NaN	NaN	NaN	NaN	NaN	
6394856708000	6386096869560	None	WinkRight	(57.14, 151.37)	(361.60, 182.71)	NaN	NaN	NaN	NaN	NaN	
6394873375000	6386113536382	None	WinkRight	(57.04, 151.20)	(361.93, 182.51)	NaN	NaN	NaN	NaN	NaN	
6394890041000	6386130202168	None	WinkRight	(58.47, 150.54)	(362.43, 182.75)	NaN	NaN	NaN	NaN	NaN	
6394906707000	6386146867958	None	WinkRight	(55.51, 150.20)	(362.74, 182.55)	NaN	NaN	NaN	NaN	NaN	
6394923374000	6386163534841	None	WinkRight	(55.69, 150.06)	(362.74, 182.63)	NaN	NaN	NaN	NaN	NaN	
6394940041000	6386180201752	None	Saccade	(55.92, 150.62)	(363.04, 182.67)	6365.686	0.1499023	78.28691	6.205793	182.1801	
6394956707000	6386196867398	None	Unknown	(55.49, 150.23)	(363.10, 182.62)	NaN	NaN	NaN	NaN	NaN	
6394973374000	6386213534232	None	Pursuit	(59.46, 150.78)	(362.97, 182.34)	6365.853	0.01660156	49.24655	1.641552	264.8002	
6394990041000	6386230201049	None	Pursuit	(55.54, 150.32)	(363.15, 182.52)	6365.853	0.03320313	48.57333	0.03951624	319.6279	
6395006707000	6386246866862	None	Pursuit	(60.61, 151.19)	(363.01, 182.34)	6365.853	0.04980469	63.36428	2.136185	267.5254	
6395023374000	6386263533686	None	Pursuit	(55.71, 150.31)	(362.83, 182.35)	6365.853	0.06640625	61.31795	0.09373666	277.5051	
6395040040000	6386280199757	None	Pursuit	(56.73, 149.75)	(363.13, 183.79)	6365.853	0.08349609	14.43657	0.5469151	235.6177	
6395056707000	6386296866547	None	Pursuit	(57.08, 149.44)	(363.29, 183.75)	6365.853	0.1000977	5.76084	0.7299727	230.3559	
6395073373000	6386313532052	None	Pursuit	(57.24, 149.73)	(363.17, 184.17)	6365.853	0.1166992	4.126344	0.7452831	240.9893	
6395090039000	6386330197951	None	Pursuit	(59.96, 149.83)	(363.40, 183.79)	6365.853	0.1333008	33.54271	1.841309	251.8159	
6395106708000	6386346866672	None	Fixation	(56.79, 149.61)	(363.47, 183.97)	6365.902	0.1000977	NaN	NaN	NaN	
6395123374000	6386363532556	None	Fixation	(56.52, 149.70)	(363.55, 183.84)	6366.002	0.01660156	NaN	NaN	NaN	
6395140039000	6386380197637	None	Fixation	(58.01, 149.61)	(363.50, 184.06)	6366.002	0.03320313	NaN	NaN	NaN	
6395156705000	6386396863293	None	Saccade	(59.15, 149.42)	(363.50, 183.99)	6366.036	0.01660156	14.3058	0.4768601	247.6581	
6395173372000	6386413529957	None	Fixation	(59.59, 149.68)	(363.39, 184.08)	6365.902	0.1669922	NaN	NaN	NaN	
6395190038000	6386430195884	None	Fixation	(59.55, 149.55)	(363.39, 183.93)	6366.069	0.01660156	NaN	NaN	NaN	
6395206705000	6386446862567	None	Fixation	(57.15, 149.35)	(363.01, 184.39)	6366.069	0.03320313	NaN	NaN	NaN	
6395223372000	6386463529789	None	Fixation	(57.74, 149.67)	(363.20, 184.49)	6366.069	0.04980469	NaN	NaN	NaN	
6395240038000	6386480195168	None	Fixation	(58.80, 149.90)	(363.15, 184.25)	6366.069	0.06640625	NaN	NaN	NaN	
6395256705000	6386496862014	None	Saccade	(55.25, 152.12)	(360.60, 180.18)	6366.136	0.01660156	51.55144	1.969852	193.0446	
6395273371000	6386513527777	None	Saccade	(48.26, 162.20)	(352.65, 170.48)	6366.136	0.03320313	154.2165	7.098495	335.6703	
6395290038000	6386530194623	None	Saccade	(44.62, 170.15)	(347.99, 163.67)	6366.169	0.01708984	107.584	10.4798	174.1303	
6395306704000	6386546860393	None	Unknown	(45.30, 169.31)	(347.83, 162.49)	NaN	NaN	NaN	NaN	NaN	
6395323371000	6386563527256	None	Pursuit	(44.69, 168.68)	(347.73, 162.30)	6366.203	0.01660156	10.83907	0.3613022	122.9924	
6395340039000	6386580194996	None	Pursuit	(44.03, 168.86)	(347.73, 162.36)	6366.203	0.03320313	8.414657	0.5528783	96.49325	
6395356705000	6386596861257	None	Unknown	(43.67, 169.27)	(347.57, 161.96)	NaN	NaN	NaN	NaN	NaN	
6395373372000	6386613527630	None	Fixation	(44.29, 168.77)	(347.72, 161.70)	6366.252	0.01660156	NaN	NaN	NaN	
6395390038000	6386630198873	None	Fixation	(43.75, 168.75)	(347.94, 161.67)	6366.252	0.03320313	NaN	NaN	NaN	
6395406703000	6386646858218	None	Fixation	(42.83, 169.15)	(348.22, 161.31)	6366.252	0.04980469	NaN	NaN	NaN	
6395423370000	6386663525049	None	Fixation	(43.01, 168.84)	(348.48, 161.30)	6366.252	0.06689453	NaN	NaN	NaN	
6395440036000	6386680191116	None	Fixation	(42.00, 169.28)	(348.57, 161.17)	6366.252	0.08349609	NaN	NaN	NaN	
6395456702000	6386696857019	None	Fixation	(42.57, 168.88)	(348.69, 161.13)	6366.252	0.1000977	NaN	NaN	NaN	
6395473369000	6386713523475	None	Fixation	(43.38, 168.06)	(348.76, 161.04)	6366.252	0.1166992	NaN	NaN	NaN	
6395490036000	6386730190370	None	Fixation	(43.07, 169.08)	(348.75, 161.03)	6366.252	0.1333008	NaN	NaN	NaN	
6395506702000	6386746856083	None	Fixation	(43.29, 168.54)	(348.43, 161.00)	6366.252	0.1499023	NaN	NaN	NaN	
6395523369000	6386763522992	None	Fixation	(43.11, 168.85)	(348.53, 160.84)	6366.252	0.1665039	NaN	NaN	NaN	
6395540035000	6386780188712	None	Fixation	(43.27, 168.80)	(348.31, 161.00)	6366.252	0.1835938	NaN	NaN	NaN	
6395556702000	6386796855509	None	Fixation	(44.63, 167.08)	(348.97, 162.14)	6366.252	0.2001953	NaN	NaN	NaN	
6395573368000	6386813521322	None	Saccade	(45.59, 166.13)	(350.21, 163.58)	6366.453	0.01660156	16.65475	0.5551585	212.2921	
6395590035000	6386830188145	None	Saccade	(44.79, 165.93)	(349.91, 163.55)	6366.469	0.01660156	3.676747	0.1225582	287.7937	
6395606701000	6386846853931	None	Pursuit	(45.40, 165.97)	(350.04, 163.56)	6366.453	0.04980469	7.490735	0.5546826	201.7086	
6395623367000	6386863519750	None	Fixation	(45.52, 165.84)	(350.42, 163.26)	6366.502	0.01660156	NaN	NaN	NaN	
6395640036000	6386880188547	None	Fixation	(45.41, 165.65)	(350.54, 163.37)	6366.519	0.01660156	NaN	NaN	NaN	
6395656702000	6386896854419	None	Fixation	(44.73, 165.54)	(351.00, 163.58)	6366.519	0.03320313	NaN	NaN	NaN	
6395673367000	6386913519193	None	Fixation	(46.34, 165.42)	(350.80, 163.55)	6366.519	0.05029297	NaN	NaN	NaN	
6395690034000	6386930185991	None	Fixation	(44.98, 165.64)	(350.73, 163.54)	6366.519	0.06689453	NaN	NaN	NaN	
6395706700000	6386946851796	None	Fixation	(45.68, 165.37)	(350.92, 163.76)	6366.519	0.08349609	NaN	NaN	NaN	
6395723366000	6386963517680	None	Fixation	(45.03, 165.64)	(351.07, 164.10)	6366.519	0.1000977	NaN	NaN	NaN	
6395740033000	6386980184414	None	Fixation	(45.14, 165.60)	(350.63, 164.03)	6366.519	0.1166992	NaN	NaN	NaN	
6395756700000	6386996851226	None	Fixation	(46.57, 164.91)	(350.89, 163.87)	6366.519	0.1333008	NaN	NaN	NaN	
6395773366000	6387013517050	None	Fixation	(47.11, 165.33)	(350.87, 164.25)	6366.519	0.1499023	NaN	NaN	NaN	
6395790033000	6387030183888	None	Fixation	(45.66, 164.96)	(351.06, 164.04)	6366.519	0.1665039	NaN	NaN	NaN	
6395806699000	6387046849641	None	Fixation	(45.88, 164.92)	(351.27, 164.24)	6366.519	0.1835938	NaN	NaN	NaN	
6395823366000	6387063516456	None	Fixation	(45.20, 165.11)	(351.34, 164.29)	6366.519	0.2001953	NaN	NaN	NaN	
6395840034000	6387080184285	None	Fixation	(45.74, 164.79)	(351.34, 164.26)	6366.519	0.2167969	NaN	NaN	NaN	
6395856700000	6387096850506	None	Fixation	(44.77, 164.77)	(351.57, 164.61)	6366.519	0.2333984	NaN	NaN	NaN	
6395873367000	6387113516906	None	Fixation	(46.94, 164.83)	(351.26, 164.52)	6366.519	0.25	NaN	NaN	NaN	
6395890033000	6387130183190	None	Fixation	(47.08, 164.69)	(351.30, 164.36)	6366.519	0.2666016	NaN	NaN	NaN	
6395906698000	6387146847507	None	Fixation	(45.12, 164.88)	(351.11, 164.41)	6366.519	0.2832031	NaN	NaN	NaN	
6395923364000	6387163513328	None	Fixation	(45.72, 164.79)	(351.28, 164.52)	6366.519	0.300293	NaN	NaN	NaN	
6395940031000	6387180180152	None	Fixation	(45.24, 165.16)	(350.99, 164.43)	6366.519	0.3168945	NaN	NaN	NaN	
6395956698000	6387196846978	None	Fixation	(45.53, 165.06)	(350.82, 164.34)	6366.519	0.3334961	NaN	NaN	NaN	
6395973364000	6387213512763	None	Fixation	(45.39, 165.00)	(351.05, 164.80)	6366.519	0.3500977	NaN	NaN	NaN	
6395990031000	6387230179943	None	Fixation	(48.36, 164.81)	(350.78, 164.59)	6366.519	0.3666992	NaN	NaN	NaN	
6396006697000	6387246845367	None	Fixation	(47.41, 165.10)	(351.02, 164.57)	6366.519	0.3833008	NaN	NaN	NaN	
6396023364000	6387263512177	None	Fixation	(46.37, 164.55)	(350.96, 164.55)	6366.519	0.3999023	NaN	NaN	NaN	
6396040030000	6387280178024	None	Fixation	(46.81, 165.47)	(351.01, 164.56)	6366.519	0.4165039	NaN	NaN	NaN	
6396056697000	6387296845014	None	Fixation	(46.43, 165.16)	(350.68, 164.49)	6366.519	0.4335938	NaN	NaN	NaN	
6396073363000	6387313510594	None	Fixation	(48.43, 165.13)	(350.22, 164.30)	6366.519	0.4501953	NaN	NaN	NaN	
6396090030000	6387330177405	None	Fixation	(46.97, 165.61)	(350.19, 164.36)	6366.519	0.4667969	NaN	NaN	NaN	
6396106696000	6387346843222	None	Fixation	(49.59, 165.22)	(349.55, 164.17)	6366.519	0.4833984	NaN	NaN	NaN	
6396123362000	6387363509035	None	Saccade	(46.08, 166.34)	(349.44, 163.69)	6367.002	0.01660156	45.287	1.509567	59.33232	
6396140029000	6387380175854	None	Pursuit	(49.83, 166.53)	(349.26, 163.78)	6367.002	0.03320313	46.19375	0.5447763	336.4787	
6396156695000	6387396841691	None	Pursuit	(46.03, 166.30)	(349.34, 163.65)	6367.002	0.04980469	46.8494	1.524678	60.16515	
6396173362000	6387413508480	None	Pursuit	(46.22, 166.18)	(349.06, 163.72)	6367.002	0.06689453	2.694018	1.438148	61.09442	
6396173362000	6387413508493	None	Pursuit	(46.22, 166.18)	(349.06, 163.72)	6367.002	0.06689453	2.694018	1.438148	61.09442	
6396206697000	6387446843060	None	Blink	(50.10, 169.59)	(349.31, 168.03)	NaN	NaN	NaN	NaN	NaN	
6396223363000	6387463508892	None	Blink	(48.33, 170.99)	(347.59, 174.11)	NaN	NaN	NaN	NaN	NaN	
6396240029000	6387480174682	None	Blink	(0.00, 0.00)	(347.86, 198.04)	NaN	NaN	NaN	NaN	NaN	
6396240029000	6387480174660	None	Blink	(0.00, 0.00)	(347.86, 198.04)	NaN	NaN	NaN	NaN	NaN	
6396256695000	6387496840513	None	Blink	(45.59, 171.96)	(0.00, 0.00)	NaN	NaN	NaN	NaN	NaN	
6396290029000	6387530174137	None	Blink	(59.21, 157.06)	(351.44, 157.63)	NaN	NaN	NaN	NaN	NaN	
6396290029000	6387530174119	None	Blink	(59.21, 157.06)	(351.44, 157.63)	NaN	NaN	NaN	NaN	NaN	
6396323362000	6387563506746	None	Blink	(40.97, 170.36)	(348.67, 160.91)	NaN	NaN	NaN	NaN	NaN	
6396340028000	6387580172557	None	Blink	(41.29, 170.13)	(349.05, 160.66)	NaN	NaN	NaN	NaN	NaN	
6396340028000	6387580172528	None	Blink	(41.29, 170.13)	(349.05, 160.66)	NaN	NaN	NaN	NaN	NaN	
6396356695000	6387596839342	None	Blink	(41.30, 169.86)	(348.70, 160.41)	NaN	NaN	NaN	NaN	NaN	
6396373361000	6387613505158	None	Blink	(41.21, 169.73)	(349.09, 160.31)	NaN	NaN	NaN	NaN	NaN	
6396390027000	6387630170993	None	Blink	(41.02, 169.69)	(349.20, 160.03)	NaN	NaN	NaN	NaN	NaN	
6396406694000	6387646837769	None	Blink	(41.45, 169.24)	(349.46, 160.04)	NaN	NaN	NaN	NaN	NaN	
6396423360000	6387663503580	None	Saccade	(40.69, 169.39)	(349.59, 160.01)	6367.069	0.25	46.11472	1.537157	21.07362	
6396440027000	6387680170412	None	Pursuit	(40.34, 169.41)	(349.85, 159.97)	6367.002	0.3334961	4.364353	4.164874	52.64242	
6396456694000	6387696837193	None	Pursuit	(40.31, 169.31)	(350.05, 160.27)	6367.002	0.3500977	1.259019	4.16017	53.21645	
6396473360000	6387713503045	None	Pursuit	(40.75, 169.10)	(350.17, 160.06)	6367.002	0.3666992	6.0209	3.959629	53.32813	
6396490026000	6387730168843	None	Unknown	(40.70, 169.18)	(350.06, 160.10)	NaN	NaN	NaN	NaN	NaN	
6396506695000	6387746837637	None	Fixation	(41.01, 169.20)	(349.77, 160.08)	6367.386	0.01660156	NaN	NaN	NaN	
6396523361000	6387763503491	None	Fixation	(42.99, 167.45)	(350.35, 161.56)	6367.386	0.03320313	NaN	NaN	NaN	
6396540028000	6387780170356	None	Saccade	(44.56, 166.49)	(350.47, 162.94)	6367.419	0.01660156	22.55103	0.7517011	225.4292	
6396556694000	6387796836043	None	Pursuit	(43.37, 166.92)	(350.03, 162.79)	6367.419	0.03369141	15.54716	0.2659429	202.1279	
6396573359000	6387813500871	None	Pursuit	(43.64, 167.06)	(350.23, 162.82)	6367.419	0.05029297	3.805347	0.3108414	225.9398	
6396590026000	6387830167637	None	Fixation	(44.31, 166.50)	(350.20, 162.81)	6367.386	0.1000977	NaN	NaN	NaN	
6396606692000	6387846833487	None	Fixation	(44.76, 166.28)	(350.06, 162.75)	6367.486	0.01660156	NaN	NaN	NaN	
6396623359000	6387863500297	None	Fixation	(45.41, 165.95)	(349.94, 162.74)	6367.486	0.03320313	NaN	NaN	NaN	
6396640025000	6387880166108	None	Fixation	(44.95, 166.28)	(350.19, 163.12)	6367.486	0.04980469	NaN	NaN	NaN	
6396656691000	6387896831927	None	Fixation	(45.34, 166.30)	(349.97, 162.98)	6367.486	0.06640625	NaN	NaN	NaN	
6396673358000	6387913498748	None	Fixation	(45.39, 165.90)	(350.07, 162.94)	6367.486	0.08349609	NaN	NaN	NaN	
6396690025000	6387930165548	None	Fixation	(45.12, 166.11)	(350.21, 163.15)	6367.486	0.1000977	NaN	NaN	NaN	
6396706691000	6387946831351	None	Fixation	(44.78, 166.04)	(350.28, 163.01)	6367.486	0.1166992	NaN	NaN	NaN	
6396723358000	6387963498550	None	Fixation	(45.07, 166.17)	(350.26, 163.07)	6367.486	0.1333008	NaN	NaN	NaN	
6396740024000	6387980164423	None	Fixation	(44.51, 166.24)	(350.35, 163.05)	6367.486	0.1499023	NaN	NaN	NaN	
6396756691000	6387996830799	None	Fixation	(45.00, 165.91)	(350.24, 162.83)	6367.486	0.1665039	NaN	NaN	NaN	
6396773357000	6388013496592	None	Fixation	(45.61, 166.30)	(350.38, 163.08)	6367.486	0.1831055	NaN	NaN	NaN	
6396790024000	6388030163408	None	Fixation	(44.38, 166.10)	(350.34, 163.09)	6367.486	0.199707	NaN	NaN	NaN	
6396806690000	6388046829208	None	Fixation	(44.51, 165.81)	(350.39, 163.30)	6367.486	0.2167969	NaN	NaN	NaN	
6396823357000	6388063496005	None	Fixation	(44.71, 165.77)	(350.60, 163.50)	6367.486	0.2333984	NaN	NaN	NaN	
6396840023000	6388080161829	None	Fixation	(46.63, 165.64)	(350.72, 163.62)	6367.486	0.25	NaN	NaN	NaN	
6396856690000	6388096828638	None	Fixation	(44.49, 165.74)	(350.90, 163.82)	6367.486	0.2666016	NaN	NaN	NaN	
6396873356000	6388113494460	None	Fixation	(44.82, 165.25)	(350.83, 163.80)	6367.486	0.2832031	NaN	NaN	NaN	
6396890023000	6388130161276	None	Fixation	(45.26, 165.46)	(350.94, 164.05)	6367.486	0.2998047	NaN	NaN	NaN	
6396906691000	6388146829034	None	Fixation	(45.77, 165.52)	(350.88, 163.91)	6367.486	0.3164063	NaN	NaN	NaN	
6396923357000	6388163494862	None	Fixation	(44.75, 165.59)	(350.68, 163.76)	6367.486	0.3334961	NaN	NaN	NaN	
6396940022000	6388180159703	None	Fixation	(46.39, 165.77)	(350.90, 163.73)	6367.486	0.3500977	NaN	NaN	NaN	
6396956689000	6388196826482	None	Fixation	(45.07, 165.84)	(350.56, 163.68)	6367.486	0.3666992	NaN	NaN	NaN	
6396973355000	6388213492608	None	Fixation	(44.80, 165.72)	(350.71, 163.72)	6367.486	0.3833008	NaN	NaN	NaN	
6396990022000	6388230159115	None	Fixation	(43.90, 166.09)	(350.52, 163.67)	6367.486	0.3999023	NaN	NaN	NaN	
6397006688000	6388246824908	None	Fixation	(44.98, 165.71)	(350.57, 163.77)	6367.486	0.4165039	NaN	NaN	NaN	
6397023354000	6388263490725	None	Fixation	(45.04, 165.65)	(350.85, 163.81)	6367.486	0.4331055	NaN	NaN	NaN	
6397040021000	6388280157551	None	Fixation	(44.69, 165.72)	(350.54, 163.60)	6367.486	0.449707	NaN	NaN	NaN	
6397056688000	6388296824587	None	Saccade	(39.90, 172.45)	(346.68, 158.61)	6367.936	0.01708984	101.53	3.384335	178.8523	
6397073356000	6388313492185	None	Saccade	(36.51, 180.21)	(341.52, 153.84)	6367.936	0.03369141	104.1881	6.820963	173.3463	
6397090023000	6388330158960	None	Unknown	(37.06, 180.70)	(340.79, 152.67)	NaN	NaN	NaN	NaN	NaN	
6397106687000	6388346823107	None	Pursuit	(37.67, 180.62)	(341.03, 152.19)	6367.986	0.01660156	7.561092	0.2520364	249.0012	
6397123354000	6388363489613	None	Pursuit	(37.53, 180.10)	(340.69, 152.03)	6367.986	0.03320313	6.618953	0.3155341	204.9977	
6397140022000	6388380157394	None	Unknown	(36.47, 180.27)	(341.14, 152.09)	NaN	NaN	NaN	NaN	NaN	
6397156688000	6388396823197	None	Fixation	(35.83, 179.79)	(341.04, 151.83)	6368.036	0.01660156	NaN	NaN	NaN	
6397173353000	6388413488006	None	Fixation	(35.97, 180.06)	(340.79, 152.08)	6368.036	0.03369141	NaN	NaN	NaN	
6397190020000	6388430154819	None	Fixation	(35.88, 179.86)	(340.84, 151.90)	6368.036	0.05029297	NaN	NaN	NaN	
6397206686000	6388446821116	None	Fixation	(36.20, 180.58)	(340.96, 151.83)	6368.036	0.06689453	NaN	NaN	NaN	
6397223353000	6388463487433	None	Fixation	(35.41, 179.68)	(341.20, 151.97)	6368.036	0.08349609	NaN	NaN	NaN	
6397240019000	6388480153248	None	Fixation	(37.01, 179.52)	(341.19, 151.94)	6368.036	0.1000977	NaN	NaN	NaN	
6397256686000	6388496820048	None	Fixation	(38.00, 179.65)	(341.38, 151.97)	6368.036	0.1166992	NaN	NaN	NaN	
6397273352000	6388513485857	None	Fixation	(36.05, 179.69)	(341.26, 151.91)	6368.036	0.1333008	NaN	NaN	NaN	
6397290019000	6388530152660	None	Fixation	(37.10, 179.30)	(341.31, 151.87)	6368.036	0.1499023	NaN	NaN	NaN	
6397306685000	6388546818450	None	Fixation	(35.69, 179.33)	(341.48, 151.90)	6368.036	0.1669922	NaN	NaN	NaN	
6397323352000	6388563485321	None	Fixation	(35.39, 179.74)	(341.30, 151.90)	6368.036	0.1835938	NaN	NaN	NaN	
6397340018000	6388580151104	None	Fixation	(35.91, 179.72)	(341.37, 151.98)	6368.036	0.2001953	NaN	NaN	NaN	
6397356685000	6388596817916	None	Fixation	(37.37, 179.06)	(341.35, 151.99)	6368.036	0.2167969	NaN	NaN	NaN	
6397373351000	6388613483762	None	Fixation	(35.70, 180.01)	(341.39, 152.03)	6368.036	0.2333984	NaN	NaN	NaN	
6397390018000	6388630150540	None	Fixation	(34.89, 181.60)	(340.44, 150.89)	6368.036	0.25	NaN	NaN	NaN	
6397406684000	6388646816399	None	Fixation	(36.74, 181.04)	(340.14, 150.88)	6368.036	0.2666016	NaN	NaN	NaN	
6397423351000	6388663483136	None	Saccade	(35.36, 181.77)	(340.17, 150.87)	6368.302	0.01708984	19.15293	0.638431	49.06012	
6397440017000	6388680148980	None	Fixation	(36.18, 181.26)	(340.01, 150.67)	6368.036	0.300293	NaN	NaN	NaN	
6397456684000	6388696815770	None	Fixation	(35.35, 182.00)	(339.83, 150.51)	6368.336	0.01660156	NaN	NaN	NaN	
6397473350000	6388713481611	None	Fixation	(35.46, 181.92)	(339.78, 150.43)	6368.336	0.03320313	NaN	NaN	NaN	
6397490017000	6388730148412	None	Fixation	(34.76, 181.85)	(339.55, 150.27)	6368.336	0.04980469	NaN	NaN	NaN	
6397506683000	6388746814209	None	Fixation	(34.95, 182.58)	(339.47, 150.25)	6368.336	0.06640625	NaN	NaN	NaN	
6397523350000	6388763481035	None	Fixation	(34.65, 181.91)	(339.39, 150.08)	6368.336	0.08300781	NaN	NaN	NaN	
6397540018000	6388780148800	None	Fixation	(34.60, 182.53)	(339.61, 150.26)	6368.336	0.09960938	NaN	NaN	NaN	
6397556685000	6388796815617	None	Fixation	(34.78, 181.91)	(339.42, 150.03)	6368.336	0.1166992	NaN	NaN	NaN	
6397573349000	6388813479448	None	Fixation	(35.38, 182.09)	(339.67, 150.26)	6368.336	0.1333008	NaN	NaN	NaN	
6397590016000	6388830146287	None	Fixation	(34.89, 181.98)	(339.39, 150.27)	6368.336	0.1499023	NaN	NaN	NaN	
6397606682000	6388846812085	None	Fixation	(34.57, 182.30)	(339.45, 150.44)	6368.336	0.1665039	NaN	NaN	NaN	
6397623349000	6388863479177	None	Fixation	(36.36, 181.78)	(339.72, 150.95)	6368.336	0.1831055	NaN	NaN	NaN	
6397640015000	6388880144684	None	WinkRight	(35.60, 183.15)	(339.67, 152.16)	NaN	NaN	NaN	NaN	NaN	
6397656681000	6388896810470	None	Blink	(36.00, 184.29)	(339.69, 155.34)	NaN	NaN	NaN	NaN	NaN	
6397673347000	6388913476280	None	Blink	(0.00, 0.00)	(342.70, 157.78)	NaN	NaN	NaN	NaN	NaN	
6397690014000	6388930143091	None	Blink	(42.93, 178.56)	(0.00, 0.00)	NaN	NaN	NaN	NaN	NaN	
6397706680000	6388946808886	None	Blink	(48.32, 189.52)	(0.00, 0.00)	NaN	NaN	NaN	NaN	NaN	
6397723347000	6388963475716	None	Blink	(46.37, 173.90)	(0.00, 0.00)	NaN	NaN	NaN	NaN	NaN	
6397740013000	6388980141550	None	Blink	(45.96, 165.71)	(351.63, 169.66)	NaN	NaN	NaN	NaN	NaN	
6397756680000	6388996808340	None	Blink	(44.27, 164.90)	(350.97, 167.27)	NaN	NaN	NaN	NaN	NaN	
6397773348000	6389013476163	None	Blink	(45.93, 165.04)	(353.25, 168.40)	NaN	NaN	NaN	NaN	NaN	
6397790014000	6389030142467	None	Blink	(45.67, 164.85)	(352.55, 167.15)	NaN	NaN	NaN	NaN	NaN	
6397806679000	6389046806811	None	Blink	(45.30, 164.47)	(352.87, 167.30)	NaN	NaN	NaN	NaN	NaN	
6397823346000	6389063473578	None	Blink	(44.78, 164.48)	(352.59, 166.72)	NaN	NaN	NaN	NaN	NaN	
6397840014000	6389080141378	None	Blink	(45.39, 164.53)	(352.05, 166.45)	NaN	NaN	NaN	NaN	NaN	
6397856680000	6389096807446	None	Blink	(45.83, 164.61)	(352.18, 166.43)	NaN	NaN	NaN	NaN	NaN	
6397873347000	6389113474006	None	WinkRight	(45.27, 164.18)	(352.53, 166.39)	NaN	NaN	NaN	NaN	NaN	
6397890013000	6389130139816	None	Saccade	(46.29, 164.37)	(352.08, 166.11)	6368.519	0.2666016	246.5542	8.218475	175.2485	
6397906678000	6389146804625	None	Unknown	(45.84, 164.26)	(352.53, 166.44)	NaN	NaN	NaN	NaN	NaN	
6397923344000	6389163470450	None	Pursuit	(45.36, 164.04)	(352.38, 166.18)	6368.802	0.01708984	6.458976	0.2152992	102.0587	
6397940011000	6389180137243	None	Pursuit	(46.12, 164.34)	(352.60, 166.39)	6368.802	0.03369141	10.06541	0.1213096	272.4294	
6397956678000	6389196804062	None	Unknown	(45.78, 164.39)	(352.44, 165.96)	NaN	NaN	NaN	NaN	NaN	
6397973344000	6389213469890	None	Fixation	(45.09, 164.45)	(351.64, 165.31)	6368.853	0.01660156	NaN	NaN	NaN	
6397990011000	6389230136652	None	Fixation	(46.70, 164.65)	(351.60, 165.04)	6368.853	0.03320313	NaN	NaN	NaN	
6398006677000	6389246802574	None	Fixation	(47.00, 162.41)	(353.32, 167.84)	6368.853	0.04980469	NaN	NaN	NaN	
6398023344000	6389263469762	None	Saccade	(50.18, 159.36)	(355.24, 172.28)	6368.902	0.01660156	54.12772	1.983339	191.4404	
6398040011000	6389280136430	None	Pursuit	(49.99, 158.69)	(355.44, 172.38)	6368.902	0.03320313	8.656436	1.956215	205.7463	
6398056677000	6389296802600	None	Pursuit	(50.37, 158.96)	(355.42, 172.51)	6368.902	0.05029297	5.77643	1.97751	211.3232	
6398073343000	6389313468338	None	Pursuit	(50.20, 159.11)	(355.82, 171.81)	6368.902	0.06689453	2.792882	1.884522	211.19	
6398090010000	6389330135040	None	Unknown	(50.05, 158.89)	(356.29, 171.78)	NaN	NaN	NaN	NaN	NaN	
6398106678000	6389346802358	None	Fixation	(49.63, 158.44)	(356.09, 171.85)	6368.986	0.01660156	NaN	NaN	NaN	
6398123344000	6389363468467	None	Fixation	(49.34, 158.64)	(356.29, 172.03)	6368.986	0.03320313	NaN	NaN	NaN	
6398140009000	6389380132997	None	Fixation	(50.01, 158.49)	(356.41, 172.08)	6368.986	0.04980469	NaN	NaN	NaN	
6398156675000	6389396798801	None	Fixation	(49.14, 158.44)	(356.60, 171.77)	6368.986	0.06640625	NaN	NaN	NaN	
6398173342000	6389413465588	None	Fixation	(49.27, 158.41)	(356.61, 171.71)	6368.986	0.08349609	NaN	NaN	NaN	
6398190009000	6389430132389	None	Fixation	(49.01, 158.40)	(356.69, 171.58)	6368.986	0.1000977	NaN	NaN	NaN	
6398206675000	6389446798232	None	Fixation	(49.23, 158.41)	(356.49, 171.59)	6368.986	0.1166992	NaN	NaN	NaN	
6398223342000	6389463465027	None	Fixation	(48.49, 158.57)	(356.82, 171.63)	6368.986	0.1333008	NaN	NaN	NaN	
6398240008000	6389480130783	None	Fixation	(48.89, 158.44)	(356.83, 171.49)	6368.986	0.1499023	NaN	NaN	NaN	
6398256675000	6389496797591	None	Fixation	(51.41, 157.07)	(358.10, 173.68)	6368.986	0.1665039	NaN	NaN	NaN	
6398273341000	6389513463438	None	Saccade	(52.02, 156.21)	(358.49, 174.59)	6369.152	0.01660156	13.06133	0.4353777	185.8692	
6398290008000	6389530130245	None	Pursuit	(50.65, 156.04)	(358.04, 174.55)	6369.152	0.03320313	17.00722	0.5269377	130.6477	
6398306674000	6389546796083	None	Pursuit	(50.98, 156.20)	(358.45, 174.60)	6369.152	0.05029297	4.46805	0.3993849	140.262	
6398323341000	6389563462873	None	Unknown	(51.27, 155.91)	(358.75, 174.82)	NaN	NaN	NaN	NaN	NaN	
6398340009000	6389580130692	None	Fixation	(51.28, 155.96)	(358.63, 175.03)	6369.219	0.01660156	NaN	NaN	NaN	
6398356675000	6389596796490	None	Fixation	(51.75, 155.71)	(358.82, 175.15)	6369.219	0.03320313	NaN	NaN	NaN	
6398373340000	6389613461306	None	Fixation	(50.90, 156.29)	(358.78, 175.23)	6369.219	0.04980469	NaN	NaN	NaN	
6398390007000	6389630128135	None	Fixation	(51.50, 155.45)	(359.03, 175.67)	6369.219	0.06640625	NaN	NaN	NaN	
6398406673000	6389646793929	None	Fixation	(52.97, 155.59)	(359.11, 175.72)	6369.219	0.08300781	NaN	NaN	NaN	
6398423340000	6389663461222	None	Fixation	(52.93, 155.39)	(358.79, 175.57)	6369.219	0.1000977	NaN	NaN	NaN	
6398440006000	6389680127400	None	Saccade	(48.55, 160.88)	(354.03, 169.90)	6369.319	0.01660156	86.37013	3.034937	179.276	
6398456673000	6389696793331	None	Saccade	(45.21, 168.41)	(348.36, 163.98)	6369.319	0.03320313	101.2448	6.392349	174.3506	
6398473339000	6389713459236	None	Unknown	(45.15, 168.48)	(348.04, 162.71)	NaN	NaN	NaN	NaN	NaN	
6398490006000	6389730125956	None	Pursuit	(45.79, 168.27)	(347.99, 162.25)	6369.369	0.01660156	8.280582	0.2760194	238.8498	
6398506672000	6389746791767	None	Pursuit	(44.75, 167.96)	(347.90, 162.39)	6369.369	0.03320313	13.34564	0.2675602	129.0136	
6398523339000	6389763458571	None	Unknown	(44.34, 167.85)	(348.25, 162.05)	NaN	NaN	NaN	NaN	NaN	
6398540007000	6389780126418	None	Fixation	(45.05, 168.10)	(348.02, 161.97)	6369.419	0.01660156	NaN	NaN	NaN	
6398556673000	6389796792196	None	Fixation	(44.90, 168.18)	(347.90, 161.77)	6369.419	0.03369141	NaN	NaN	NaN	
6398573338000	6389813457002	None	Fixation	(44.71, 168.50)	(347.83, 161.81)	6369.419	0.05029297	NaN	NaN	NaN	
6398590004000	6389830122810	None	Fixation	(44.71, 168.51)	(347.63, 161.48)	6369.419	0.06689453	NaN	NaN	NaN	
6398606671000	6389846789656	None	Fixation	(44.48, 168.83)	(347.67, 161.32)	6369.419	0.08349609	NaN	NaN	NaN	
6398623338000	6389863456461	None	Fixation	(44.68, 168.82)	(347.39, 161.13)	6369.419	0.1000977	NaN	NaN	NaN	
6398640004000	6389880122234	None	Fixation	(44.62, 168.99)	(347.24, 160.93)	6369.419	0.1166992	NaN	NaN	NaN	
6398656670000	6389896788058	None	Fixation	(44.82, 169.13)	(347.27, 160.90)	6369.419	0.1333008	NaN	NaN	NaN	
6398673337000	6389913454921	None	Fixation	(44.45, 169.36)	(347.01, 160.78)	6369.419	0.1503906	NaN	NaN	NaN	
6398690004000	6389930121695	None	Fixation	(43.45, 169.83)	(346.94, 160.52)	6369.419	0.1669922	NaN	NaN	NaN	
6398706670000	6389946787506	None	Fixation	(43.59, 169.76)	(347.13, 160.37)	6369.419	0.1835938	NaN	NaN	NaN	
6398723337000	6389963454329	None	Fixation	(43.23, 170.07)	(347.06, 160.22)	6369.419	0.2001953	NaN	NaN	NaN	
6398740003000	6389980120130	None	Fixation	(43.40, 170.05)	(346.98, 160.17)	6369.419	0.2167969	NaN	NaN	NaN	
6398756670000	6389996786935	None	Fixation	(43.19, 169.86)	(347.12, 160.03)	6369.419	0.2333984	NaN	NaN	NaN	
6398773336000	6390013452730	None	Fixation	(42.49, 170.36)	(347.08, 160.04)	6369.419	0.25	NaN	NaN	NaN	
6398790003000	6390030119539	None	Fixation	(42.59, 170.73)	(347.12, 159.83)	6369.419	0.2666016	NaN	NaN	NaN	
6398806669000	6390046807521	None	Fixation	(42.63, 170.22)	(347.34, 159.81)	6369.419	0.2836914	NaN	NaN	NaN	
6398823336000	6390063452203	None	Fixation	(42.66, 170.26)	(347.34, 159.68)	6369.419	0.300293	NaN	NaN	NaN	
6398840002000	6390080118584	None	Fixation	(41.55, 170.56)	(347.46, 159.60)	6369.419	0.3168945	NaN	NaN	NaN	
6398856668000	6390096783756	None	Fixation	(41.60, 170.62)	(347.49, 159.55)	6369.419	0.3334961	NaN	NaN	NaN	
6398873337000	6390113452705	None	Fixation	(42.01, 170.45)	(347.56, 159.43)	6369.419	0.3500977	NaN	NaN	NaN	
6398890003000	6390130118367	None	Fixation	(41.56, 170.39)	(347.60, 159.50)	6369.419	0.3666992	NaN	NaN	NaN	
6398906668000	6390146783217	None	Fixation	(41.53, 170.19)	(347.72, 159.48)	6369.419	0.3833008	NaN	NaN	NaN	
6398923334000	6390163449016	None	Fixation	(42.25, 169.91)	(347.75, 159.54)	6369.419	0.3999023	NaN	NaN	NaN	
6398940001000	6390180115840	None	Fixation	(43.19, 168.47)	(349.03, 161.02)	6369.419	0.4169922	NaN	NaN	NaN	
6398956668000	6390196782967	None	Saccade	(45.27, 167.10)	(350.12, 162.93)	6369.836	0.01660156	30.6269	1.020897	193.4832	
6398973334000	6390213448489	None	Pursuit	(44.16, 167.01)	(349.92, 162.65)	6369.836	0.03320313	13.61856	0.7206622	200.7929	
6398990001000	6390230115250	None	Pursuit	(44.39, 167.16)	(349.96, 163.03)	6369.836	0.04980469	3.316126	0.7274685	209.5318	
6399006667000	6390246781346	None	Unknown	(44.38, 167.15)	(349.95, 162.38)	NaN	NaN	NaN	NaN	NaN	
6399023334000	6390263447938	None	Fixation	(43.91, 166.93)	(349.96, 162.36)	6369.902	0.01660156	NaN	NaN	NaN	
6399040002000	6390280115678	None	Fixation	(43.75, 166.81)	(350.23, 162.24)	6369.902	0.03320313	NaN	NaN	NaN	
6399056668000	6390296781489	None	Fixation	(43.58, 167.46)	(349.95, 162.22)	6369.902	0.05029297	NaN	NaN	NaN	
6399073335000	6390313448291	None	Fixation	(44.39, 167.16)	(349.99, 162.36)	6369.902	0.06689453	NaN	NaN	NaN	
6399090001000	6390330114101	None	Fixation	(43.97, 167.10)	(349.85, 162.25)	6369.902	0.08349609	NaN	NaN	NaN	
6399106666000	6390346779289	None	Fixation	(43.66, 167.38)	(349.77, 162.06)	6369.902	0.1000977	NaN	NaN	NaN	
6399123333000	6390363445724	None	Fixation	(43.74, 167.45)	(349.97, 162.18)	6369.902	0.1166992	NaN	NaN	NaN	
6399139999000	6390380111541	None	Fixation	(43.69, 167.43)	(349.90, 162.22)	6369.902	0.1333008	NaN	NaN	NaN	
6399173332000	6390413444546	None	Fixation	(43.92, 167.36)	(349.66, 161.98)	6369.902	0.1665039	NaN	NaN	NaN	
6399189999000	6390430111152	None	Fixation	(44.04, 167.22)	(349.70, 161.81)	6369.902	0.1835938	NaN	NaN	NaN	
6399206665000	6390446777178	None	Fixation	(43.53, 167.50)	(349.65, 161.72)	6369.902	0.2001953	NaN	NaN	NaN	
6399206665000	6390446776801	None	Fixation	(43.53, 167.50)	(349.65, 161.72)	6369.902	0.2001953	NaN	NaN	NaN	
6399223332000	6390463443609	None	Fixation	(44.12, 166.93)	(349.88, 162.18)	6369.902	0.2167969	NaN	NaN	NaN	
6399239998000	6390480109394	None	Fixation	(44.67, 165.99)	(350.52, 162.87)	6369.902	0.2333984	NaN	NaN	NaN	
6399273331000	6390513442390	None	Fixation	(44.06, 166.46)	(350.54, 162.84)	6369.902	0.2666016	NaN	NaN	NaN	
6399273331000	6390513442009	None	Fixation	(44.06, 166.46)	(350.54, 162.84)	6369.902	0.2666016	NaN	NaN	NaN	
6399289998000	6390530108831	None	Fixation	(44.17, 166.41)	(350.57, 162.66)	6369.902	0.2832031	NaN	NaN	NaN	
6399323331000	6390563441651	None	Fixation	(43.75, 166.40)	(350.71, 162.94)	6369.902	0.3168945	NaN	NaN	NaN	
6399323331000	6390563441439	None	Fixation	(43.75, 166.40)	(350.71, 162.94)	6369.902	0.3168945	NaN	NaN	NaN	
6399339997000	6390580107266	None	Fixation	(44.43, 166.11)	(350.85, 162.93)	6369.902	0.3334961	NaN	NaN	NaN	
6399356664000	6390596774048	None	Fixation	(43.92, 165.96)	(350.81, 162.89)	6369.902	0.3500977	NaN	NaN	NaN	
6399373332000	6390613441887	None	Fixation	(44.22, 166.13)	(350.75, 162.76)	6369.902	0.3666992	NaN	NaN	NaN	
6399389998000	6390630107701	None	Fixation	(43.84, 166.11)	(350.56, 162.76)	6369.902	0.3833008	NaN	NaN	NaN	
6399423329000	6390663438748	None	Fixation	(44.49, 166.23)	(350.33, 162.74)	6369.902	0.4165039	NaN	NaN	NaN	
6399439996000	6390680105606	None	Fixation	(44.15, 166.30)	(350.31, 162.83)	6369.902	0.4335938	NaN	NaN	NaN	
6399439996000	6390680105137	None	Fixation	(44.15, 166.30)	(350.31, 162.83)	6369.902	0.4335938	NaN	NaN	NaN	
6399456663000	6390696771922	None	Fixation	(44.09, 166.16)	(350.52, 162.83)	6369.902	0.4501953	NaN	NaN	NaN	
6399489996000	6390730104982	None	Fixation	(44.76, 166.30)	(350.10, 162.77)	6369.902	0.4833984	NaN	NaN	NaN	
6399489996000	6390730104543	None	Fixation	(44.76, 166.30)	(350.10, 162.77)	6369.902	0.4833984	NaN	NaN	NaN	
6399506662000	6390746770353	None	Fixation	(44.30, 166.36)	(350.14, 162.88)	6369.902	0.5	NaN	NaN	NaN	
6399539997000	6390780105162	None	Fixation	(44.41, 166.48)	(350.33, 162.78)	6369.902	0.5332031	NaN	NaN	NaN	
