TimeStamp	SystemTimeStamp	Error	Behavior	EyeLeft	EyeRight	OnsetS	DurationS	VelocityDegps	AmplitudeDeg	DirectionRadial	
2590678089000	2581984749307	None	Fixation	(229.33, 160.53)	(192.47, 211.49)	2561.608	0.06665039	NaN	NaN	NaN	
2590694755000	2582001415086	None	Fixation	(229.60, 160.30)	(192.80, 211.44)	2561.608	0.08349609	NaN	NaN	NaN	
2590711422000	2582018081875	None	Fixation	(229.49, 160.22)	(193.09, 211.61)	2561.608	0.1000977	NaN	NaN	NaN	
2590711422000	2582018081922	None	Fixation	(229.49, 160.22)	(193.09, 211.61)	2561.608	0.1000977	NaN	NaN	NaN	
2590744755000	2582051415029	None	Fixation	(229.45, 160.02)	(192.93, 211.53)	2561.608	0.1333008	NaN	NaN	NaN	
2590744755000	2582051414889	None	Fixation	(229.45, 160.02)	(192.93, 211.53)	2561.608	0.1333008	NaN	NaN	NaN	
2590778088000	2582084746929	None	Fixation	(229.58, 159.98)	(193.30, 213.14)	2561.608	0.166748	NaN	NaN	NaN	
2590794754000	2582101412690	None	Fixation	(229.82, 159.40)	(192.80, 213.15)	2561.608	0.1833496	NaN	NaN	NaN	
2590811420000	2582118078522	None	Fixation	(229.78, 159.69)	(192.73, 213.39)	2561.608	0.1999512	NaN	NaN	NaN	
2590828087000	2582134745405	None	Fixation	(229.99, 159.61)	(193.41, 212.96)	2561.608	0.2167969	NaN	NaN	NaN	
2590844754000	2582151412071	None	Fixation	(229.77, 159.49)	(193.44, 213.27)	2561.608	0.2333984	NaN	NaN	NaN	
2590844754000	2582151411745	None	Fixation	(229.77, 159.49)	(193.44, 213.27)	2561.608	0.2333984	NaN	NaN	NaN	
2590878087000	2582184745035	None	Fixation	(229.83, 159.64)	(193.20, 213.63)	2561.608	0.2666016	NaN	NaN	NaN	
2590894754000	2582201411264	None	Fixation	(229.66, 159.61)	(193.29, 213.32)	2561.608	0.2834473	NaN	NaN	NaN	
2590911419000	2582218076349	None	Fixation	(229.58, 159.53)	(193.12, 213.55)	2561.608	0.3000488	NaN	NaN	NaN	
2590911419000	2582218076207	None	Fixation	(229.58, 159.53)	(193.12, 213.55)	2561.608	0.3000488	NaN	NaN	NaN	
2590944752000	2582251408667	None	Fixation	(229.74, 159.71)	(193.16, 213.54)	2561.608	0.3334961	NaN	NaN	NaN	
2590944752000	2582251408434	None	Fixation	(229.74, 159.71)	(193.16, 213.54)	2561.608	0.3334961	NaN	NaN	NaN	
2590961419000	2582268075514	None	Fixation	(229.61, 159.64)	(193.51, 213.27)	2561.608	0.3500977	NaN	NaN	NaN	
2590978086000	2582284741909	None	Fixation	(229.50, 159.63)	(193.16, 213.36)	2561.608	0.3666992	NaN	NaN	NaN	
2590994752000	2582301407664	None	Fixation	(229.65, 159.79)	(193.65, 212.78)	2561.608	0.3833008	NaN	NaN	NaN	
2591011419000	2582318074418	None	Fixation	(229.57, 159.80)	(193.31, 213.81)	2561.608	0.4001465	NaN	NaN	NaN	
2591044750000	2582351405248	None	Fixation	(229.73, 159.60)	(193.34, 213.65)	2561.608	0.4333496	NaN	NaN	NaN	
2591044750000	2582351404959	None	Fixation	(229.73, 159.60)	(193.34, 213.65)	2561.608	0.4333496	NaN	NaN	NaN	
2591078085000	2582384739818	None	Fixation	(229.61, 159.54)	(193.43, 213.10)	2561.608	0.4667969	NaN	NaN	NaN	
2591094751000	2582401405579	None	Fixation	(229.48, 159.53)	(193.27, 213.11)	2561.608	0.4833984	NaN	NaN	NaN	
2591111418000	2582418072584	None	Fixation	(229.90, 159.45)	(193.06, 213.30)	2561.608	0.5	NaN	NaN	NaN	
2591128084000	2582434738098	None	Fixation	(229.87, 159.70)	(192.86, 213.68)	2561.608	0.5166016	NaN	NaN	NaN	
2591144749000	2582451402777	None	Fixation	(229.81, 159.42)	(193.01, 213.20)	2561.608	0.5334473	NaN	NaN	NaN	
2591161416000	2582468069568	None	Fixation	(229.65, 159.58)	(192.98, 213.33)	2561.608	0.5500488	NaN	NaN	NaN	
2591211416000	2582518069218	None	Fixation	(229.72, 159.47)	(192.79, 213.55)	2561.608	0.6000977	NaN	NaN	NaN	
2591211416000	2582518069407	None	Fixation	(229.72, 159.47)	(192.79, 213.55)	2561.608	0.6000977	NaN	NaN	NaN	
2591211416000	2582518069180	None	Fixation	(229.72, 159.47)	(192.79, 213.55)	2561.608	0.6000977	NaN	NaN	NaN	
2591211416000	2582518068770	None	Fixation	(229.72, 159.47)	(192.79, 213.55)	2561.608	0.6000977	NaN	NaN	NaN	
2591244749000	2582551401714	None	Fixation	(229.62, 159.49)	(192.68, 212.85)	2561.608	0.6333008	NaN	NaN	NaN	
2591261416000	2582568068715	None	Fixation	(229.54, 159.50)	(192.76, 212.88)	2561.608	0.6501465	NaN	NaN	NaN	
2591278082000	2582584734057	None	Fixation	(229.69, 159.23)	(192.81, 213.04)	2561.608	0.666748	NaN	NaN	NaN	
2591294749000	2582601400763	None	Fixation	(229.65, 159.46)	(192.93, 212.91)	2561.608	0.6833496	NaN	NaN	NaN	
2591311414000	2582618065540	None	Fixation	(229.71, 159.44)	(192.92, 213.10)	2561.608	0.6999512	NaN	NaN	NaN	
2591328080000	2582634731252	None	Fixation	(229.81, 159.35)	(193.16, 212.70)	2561.608	0.7167969	NaN	NaN	NaN	
2591344749000	2582651400082	None	Fixation	(229.70, 159.35)	(192.87, 213.08)	2561.608	0.7333984	NaN	NaN	NaN	
2591344749000	2582651399879	None	Fixation	(229.70, 159.35)	(192.87, 213.08)	2561.608	0.7333984	NaN	NaN	NaN	
2591378082000	2582684732594	None	Fixation	(229.65, 159.42)	(192.94, 212.76)	2561.608	0.7666016	NaN	NaN	NaN	
2591378082000	2582684732322	None	Fixation	(229.65, 159.42)	(192.94, 212.76)	2561.608	0.7666016	NaN	NaN	NaN	
2591411415000	2582718065088	None	Fixation	(229.33, 159.22)	(193.30, 212.51)	2561.608	0.8000488	NaN	NaN	NaN	
2591428082000	2582734731846	None	Fixation	(229.72, 159.54)	(193.01, 212.87)	2561.608	0.8166504	NaN	NaN	NaN	
2591444747000	2582751396689	None	Fixation	(229.55, 159.31)	(192.95, 212.87)	2561.608	0.833252	NaN	NaN	NaN	
2591444747000	2582751396421	None	Fixation	(229.55, 159.31)	(192.95, 212.87)	2561.608	0.833252	NaN	NaN	NaN	
2591478080000	2582784729377	None	Fixation	(229.03, 159.24)	(192.97, 213.00)	2561.608	0.8666992	NaN	NaN	NaN	
2591494747000	2582801396164	None	Fixation	(229.57, 159.46)	(192.94, 212.46)	2561.608	0.8833008	NaN	NaN	NaN	
2591511412000	2582818060751	None	Fixation	(229.45, 159.33)	(192.84, 212.47)	2561.608	0.9001465	NaN	NaN	NaN	
2591528078000	2582834726749	None	Fixation	(229.44, 159.30)	(193.10, 212.38)	2561.608	0.916748	NaN	NaN	NaN	
2591544747000	2582851395578	None	Fixation	(229.32, 159.34)	(193.03, 212.53)	2561.608	0.9333496	NaN	NaN	NaN	
2591544747000	2582851394982	None	Fixation	(229.32, 159.34)	(193.03, 212.53)	2561.608	0.9333496	NaN	NaN	NaN	
2591578080000	2582884728209	None	Fixation	(229.45, 159.42)	(193.19, 212.21)	2561.608	0.9667969	NaN	NaN	NaN	
2591594746000	2582901395049	None	Fixation	(229.40, 159.55)	(192.70, 212.23)	2561.608	0.9833984	NaN	NaN	NaN	
2591611413000	2582918060318	None	Fixation	(229.26, 159.35)	(193.19, 212.08)	2561.608	1	NaN	NaN	NaN	
2591628079000	2582934726133	None	Fixation	(229.30, 159.45)	(193.14, 212.45)	2561.608	1.016602	NaN	NaN	NaN	
2591644746000	2582951392896	None	Fixation	(229.17, 159.35)	(193.55, 211.94)	2561.608	1.033447	NaN	NaN	NaN	
2591661412000	2582968058581	None	Fixation	(229.18, 159.48)	(193.19, 212.71)	2561.608	1.050049	NaN	NaN	NaN	
2591678079000	2582984725611	None	Fixation	(229.22, 159.48)	(193.11, 212.17)	2561.608	1.06665	NaN	NaN	NaN	
2591694745000	2583001391140	None	Fixation	(229.22, 159.58)	(192.93, 212.13)	2561.608	1.083252	NaN	NaN	NaN	
2591711412000	2583018058207	None	Fixation	(229.25, 159.38)	(192.99, 212.56)	2561.608	1.100098	NaN	NaN	NaN	
2591728079000	2583034724663	None	Fixation	(229.21, 159.45)	(193.19, 212.43)	2561.608	1.116699	NaN	NaN	NaN	
2591744744000	2583051389511	None	Fixation	(229.02, 159.64)	(193.26, 212.42)	2561.608	1.133301	NaN	NaN	NaN	
2591761411000	2583068056231	None	Fixation	(228.89, 159.47)	(193.28, 212.58)	2561.608	1.150146	NaN	NaN	NaN	
2591778077000	2583084722401	None	Saccade	(224.85, 164.90)	(192.62, 201.84)	2562.758	0.01660156	83.24823	4.408492	16.54304	
2591778077000	2583084721820	None	Saccade	(224.85, 164.90)	(192.62, 201.84)	2562.758	0.01660156	83.24823	4.408492	16.54304	
2591811410000	2583118054521	None	Saccade	(211.40, 184.31)	(195.74, 184.16)	2562.758	0.04980469	118.4383	12.45167	22.14791	
2591828077000	2583134721282	None	Pursuit	(211.03, 184.38)	(195.31, 183.10)	2562.808	0.0168457	13.98626	0.4662087	350.8215	
2591844744000	2583151388048	None	Pursuit	(209.89, 184.64)	(196.08, 181.29)	2562.824	0.01660156	14.42521	0.4808402	64.35066	
2591861410000	2583168054164	None	Pursuit	(209.65, 183.74)	(195.99, 181.12)	2562.824	0.03320313	11.36048	0.6219938	101.83	
2591878077000	2583184720610	None	Pursuit	(210.00, 182.80)	(196.24, 180.83)	2562.808	0.06665039	4.693391	1.380627	21.55893	
2591894743000	2583201386631	None	Fixation	(210.19, 182.64)	(196.50, 180.67)	2562.874	0.0168457	NaN	NaN	NaN	
2591911410000	2583218053127	None	Fixation	(210.00, 182.62)	(196.86, 180.33)	2562.874	0.03344727	NaN	NaN	NaN	
2591928076000	2583234718897	None	Fixation	(210.14, 182.41)	(195.93, 180.35)	2562.874	0.05004883	NaN	NaN	NaN	
2591944743000	2583251385870	None	Fixation	(209.93, 182.28)	(196.68, 180.49)	2562.874	0.06665039	NaN	NaN	NaN	
2591961409000	2583268051793	None	Fixation	(209.92, 182.11)	(196.29, 180.00)	2562.874	0.08349609	NaN	NaN	NaN	
2591978076000	2583284718212	None	Fixation	(209.74, 181.75)	(196.57, 180.14)	2562.874	0.1000977	NaN	NaN	NaN	
2591994742000	2583301384046	None	Fixation	(209.80, 181.65)	(196.75, 179.69)	2562.874	0.1166992	NaN	NaN	NaN	
2592011408000	2583318050368	None	Fixation	(210.24, 181.70)	(196.26, 179.20)	2562.874	0.1335449	NaN	NaN	NaN	
2592028075000	2583334716508	None	Fixation	(209.82, 181.45)	(196.38, 179.92)	2562.874	0.1501465	NaN	NaN	NaN	
2592044741000	2583351382340	None	Saccade	(205.73, 183.36)	(199.42, 177.78)	2563.024	0.01660156	55.51807	1.850602	59.93347	
2592061408000	2583368049031	None	Pursuit	(205.09, 183.18)	(200.45, 178.93)	2563.024	0.03320313	18.93598	1.714593	89.2913	
2592078074000	2583384714896	None	Pursuit	(205.74, 182.55)	(199.71, 178.22)	2563.058	0.0168457	11.07332	0.3691108	213.0282	
2592094741000	2583401381538	None	Pursuit	(205.18, 182.79)	(199.91, 178.07)	2563.058	0.03344727	7.470905	0.1623861	180.0798	
2592111407000	2583418047352	None	Unknown	(205.24, 182.83)	(199.64, 178.29)	NaN	NaN	NaN	NaN	NaN	
2592128074000	2583434714225	None	Fixation	(205.29, 182.25)	(199.55, 178.02)	2563.108	0.01660156	NaN	NaN	NaN	
2592144739000	2583451378868	None	Fixation	(205.28, 182.19)	(200.03, 177.69)	2563.108	0.03344727	NaN	NaN	NaN	
2592161405000	2583468044631	None	Fixation	(205.15, 182.11)	(200.16, 177.41)	2563.108	0.05004883	NaN	NaN	NaN	
2592178074000	2583484713671	None	Fixation	(205.24, 182.13)	(199.31, 177.68)	2563.108	0.06665039	NaN	NaN	NaN	
2592194740000	2583501379151	None	Fixation	(205.43, 182.03)	(199.78, 178.09)	2563.108	0.08325195	NaN	NaN	NaN	
2592211407000	2583518045989	None	Fixation	(205.31, 182.07)	(200.28, 177.84)	2563.108	0.1000977	NaN	NaN	NaN	
2592228073000	2583534712070	None	Fixation	(205.24, 181.83)	(200.14, 177.59)	2563.108	0.1166992	NaN	NaN	NaN	
2592244740000	2583551378548	None	Fixation	(205.31, 182.07)	(200.12, 177.71)	2563.108	0.1333008	NaN	NaN	NaN	
2592261407000	2583568045292	None	Fixation	(205.45, 181.95)	(200.27, 177.22)	2563.108	0.1501465	NaN	NaN	NaN	
2592278073000	2583584711064	None	Fixation	(205.32, 181.88)	(200.46, 177.31)	2563.108	0.166748	NaN	NaN	NaN	
2592294740000	2583601377977	None	Fixation	(205.28, 181.96)	(200.02, 177.63)	2563.108	0.1833496	NaN	NaN	NaN	
2592311404000	2583618041660	None	Fixation	(205.32, 181.91)	(200.03, 178.01)	2563.108	0.1999512	NaN	NaN	NaN	
2592328070000	2583634707382	None	Fixation	(205.48, 181.92)	(199.95, 177.96)	2563.108	0.2167969	NaN	NaN	NaN	
2592344738000	2583651375100	None	Fixation	(205.58, 181.87)	(199.92, 177.85)	2563.108	0.2333984	NaN	NaN	NaN	
2592361405000	2583668041928	None	Fixation	(205.68, 181.83)	(199.74, 177.85)	2563.108	0.25	NaN	NaN	NaN	
2592378071000	2583684708042	None	Fixation	(205.82, 181.87)	(199.92, 177.65)	2563.108	0.2666016	NaN	NaN	NaN	
2592394738000	2583701374405	None	Fixation	(205.62, 181.81)	(200.26, 177.58)	2563.108	0.2834473	NaN	NaN	NaN	
2592411404000	2583718040194	None	Fixation	(205.77, 181.74)	(199.54, 177.93)	2563.108	0.3000488	NaN	NaN	NaN	
2592428071000	2583734707006	None	Fixation	(205.66, 181.76)	(200.31, 177.76)	2563.108	0.3166504	NaN	NaN	NaN	
2592444737000	2583751373048	None	Fixation	(205.56, 181.71)	(200.03, 177.86)	2563.108	0.333252	NaN	NaN	NaN	
2592461403000	2583768038457	None	Fixation	(205.50, 181.63)	(199.57, 177.84)	2563.108	0.3500977	NaN	NaN	NaN	
2592478071000	2583784706249	None	Fixation	(205.80, 181.63)	(199.90, 177.69)	2563.108	0.3666992	NaN	NaN	NaN	
2592494737000	2583801372014	None	Fixation	(205.65, 181.67)	(199.84, 177.72)	2563.108	0.3833008	NaN	NaN	NaN	
2592511404000	2583818038771	None	Fixation	(205.75, 181.66)	(199.61, 177.61)	2563.108	0.4001465	NaN	NaN	NaN	
2592528070000	2583834704646	None	Fixation	(206.07, 181.72)	(201.40, 176.96)	2563.108	0.416748	NaN	NaN	NaN	
2592544737000	2583851371308	None	Fixation	(206.09, 181.60)	(199.46, 177.74)	2563.108	0.4333496	NaN	NaN	NaN	
2592561404000	2583868038096	None	Fixation	(206.10, 181.58)	(199.27, 177.73)	2563.108	0.4499512	NaN	NaN	NaN	
2592578070000	2583884704346	None	Fixation	(205.96, 181.68)	(199.74, 177.50)	2563.108	0.4667969	NaN	NaN	NaN	
2592594737000	2583901370679	None	Fixation	(204.65, 183.10)	(199.73, 176.12)	2563.108	0.4833984	NaN	NaN	NaN	
2592611401000	2583918034424	None	Fixation	(205.39, 182.61)	(200.15, 176.99)	2563.108	0.5	NaN	NaN	NaN	
2592628068000	2583934701232	None	Fixation	(205.17, 182.57)	(199.78, 176.52)	2563.108	0.5166016	NaN	NaN	NaN	
2592644736000	2583951368962	None	Fixation	(205.20, 182.65)	(200.39, 176.26)	2563.108	0.5334473	NaN	NaN	NaN	
2592661403000	2583968035698	None	Fixation	(205.50, 182.24)	(201.75, 176.49)	2563.108	0.5500488	NaN	NaN	NaN	
2592678069000	2583984701460	None	Fixation	(205.21, 182.33)	(199.53, 176.55)	2563.108	0.5666504	NaN	NaN	NaN	
2592694736000	2584001368324	None	Fixation	(204.99, 182.14)	(200.09, 176.49)	2563.108	0.583252	NaN	NaN	NaN	
2592711402000	2584018033995	None	Fixation	(205.38, 182.25)	(200.02, 176.49)	2563.108	0.6000977	NaN	NaN	NaN	
2592728069000	2584034700793	None	Fixation	(205.53, 182.11)	(199.85, 176.69)	2563.108	0.6166992	NaN	NaN	NaN	
2592744736000	2584051367568	None	Fixation	(205.59, 182.19)	(199.85, 176.57)	2563.108	0.6333008	NaN	NaN	NaN	
2592761402000	2584068033325	None	Fixation	(205.56, 182.08)	(199.53, 176.54)	2563.108	0.6501465	NaN	NaN	NaN	
2592778069000	2584084700108	None	Fixation	(205.58, 181.91)	(199.65, 176.28)	2563.108	0.666748	NaN	NaN	NaN	
2592794735000	2584101365840	None	Fixation	(205.30, 181.86)	(199.93, 175.81)	2563.108	0.6833496	NaN	NaN	NaN	
2592811400000	2584118030620	None	Fixation	(205.59, 181.85)	(199.11, 176.33)	2563.108	0.6999512	NaN	NaN	NaN	
2592828067000	2584134697459	None	Fixation	(205.74, 181.80)	(199.41, 176.08)	2563.108	0.7167969	NaN	NaN	NaN	
2592844735000	2584151365155	None	Fixation	(205.75, 181.82)	(199.46, 176.19)	2563.108	0.7333984	NaN	NaN	NaN	
2592861402000	2584168032001	None	Fixation	(205.74, 181.92)	(199.59, 176.09)	2563.108	0.75	NaN	NaN	NaN	
2592878068000	2584184697779	None	Fixation	(205.67, 181.82)	(199.21, 176.35)	2563.108	0.7666016	NaN	NaN	NaN	
2592894735000	2584201364542	None	Fixation	(206.05, 181.78)	(199.00, 176.72)	2563.108	0.7834473	NaN	NaN	NaN	
2592911400000	2584218029218	None	Fixation	(205.50, 181.86)	(199.70, 176.33)	2563.108	0.8000488	NaN	NaN	NaN	
2592928067000	2584234695972	None	Fixation	(204.51, 182.43)	(200.75, 176.51)	2563.108	0.8166504	NaN	NaN	NaN	
2592944733000	2584251361830	None	Fixation	(204.63, 181.95)	(200.38, 176.37)	2563.108	0.833252	NaN	NaN	NaN	
2592961400000	2584268028552	None	Fixation	(204.55, 182.02)	(200.40, 176.37)	2563.108	0.8500977	NaN	NaN	NaN	
2592978066000	2584284694320	None	Fixation	(204.50, 182.31)	(200.10, 176.43)	2563.108	0.8666992	NaN	NaN	NaN	
2592994733000	2584301361063	None	Fixation	(204.62, 182.07)	(200.51, 176.30)	2563.108	0.8833008	NaN	NaN	NaN	
2593011400000	2584318027856	None	Fixation	(204.48, 181.79)	(200.50, 175.88)	2563.108	0.8999023	NaN	NaN	NaN	
2593028066000	2584334693617	None	Fixation	(204.39, 181.90)	(200.90, 175.65)	2563.108	0.916748	NaN	NaN	NaN	
2593044733000	2584351360381	None	Fixation	(204.44, 181.92)	(200.32, 176.39)	2563.108	0.9333496	NaN	NaN	NaN	
2593061399000	2584368026121	None	Fixation	(204.38, 181.88)	(200.06, 176.03)	2563.108	0.9499512	NaN	NaN	NaN	
2593078064000	2584384690901	None	Fixation	(204.50, 181.80)	(200.35, 175.91)	2563.108	0.9667969	NaN	NaN	NaN	
2593094730000	2584401356668	None	Fixation	(204.47, 181.81)	(200.16, 176.03)	2563.108	0.9833984	NaN	NaN	NaN	
2593111399000	2584418025462	None	Fixation	(204.56, 181.77)	(200.41, 175.96)	2563.108	1	NaN	NaN	NaN	
2593128065000	2584434691208	None	Fixation	(204.67, 181.74)	(200.84, 175.65)	2563.108	1.016602	NaN	NaN	NaN	
2593144732000	2584451358374	None	Fixation	(204.77, 181.69)	(200.22, 176.23)	2563.108	1.033447	NaN	NaN	NaN	
2593161399000	2584468025031	None	Fixation	(204.78, 181.72)	(200.29, 175.90)	2563.108	1.050049	NaN	NaN	NaN	
2593178065000	2584484690974	None	Fixation	(204.73, 181.84)	(199.88, 175.93)	2563.108	1.06665	NaN	NaN	NaN	
2593194732000	2584501357301	None	Fixation	(204.99, 181.82)	(199.81, 175.93)	2563.108	1.083252	NaN	NaN	NaN	
2593211397000	2584518022062	None	Fixation	(204.81, 181.74)	(199.96, 175.83)	2563.108	1.100098	NaN	NaN	NaN	
2593228064000	2584534688819	None	Fixation	(205.02, 181.70)	(199.68, 176.14)	2563.108	1.116699	NaN	NaN	NaN	
2593244730000	2584551354593	None	Fixation	(204.97, 181.77)	(200.27, 175.74)	2563.108	1.133301	NaN	NaN	NaN	
2593261397000	2584568021345	None	Fixation	(204.83, 182.19)	(200.03, 175.27)	2563.108	1.149902	NaN	NaN	NaN	
2593278063000	2584584687115	None	Fixation	(203.54, 184.32)	(199.41, 174.61)	2563.108	1.166748	NaN	NaN	NaN	
2593294730000	2584601353874	None	Fixation	(204.21, 184.08)	(199.51, 174.40)	2563.108	1.18335	NaN	NaN	NaN	
2593311397000	2584618020746	None	Fixation	(203.90, 184.06)	(199.35, 174.19)	2563.108	1.199951	NaN	NaN	NaN	
2593328063000	2584634686426	None	Fixation	(203.69, 183.71)	(198.88, 174.18)	2563.108	1.216797	NaN	NaN	NaN	
2593344730000	2584651353518	None	Fixation	(203.99, 183.69)	(199.49, 174.38)	2563.108	1.233398	NaN	NaN	NaN	
2593361396000	2584668019039	None	Fixation	(204.16, 183.56)	(199.26, 174.07)	2563.108	1.25	NaN	NaN	NaN	
2593378063000	2584684685761	None	Fixation	(204.10, 183.72)	(199.55, 173.97)	2563.108	1.266602	NaN	NaN	NaN	
2593394729000	2584701351493	None	Fixation	(204.01, 183.72)	(200.04, 174.40)	2563.108	1.283447	NaN	NaN	NaN	
2593411396000	2584718018347	None	Fixation	(204.04, 183.81)	(199.53, 174.48)	2563.108	1.300049	NaN	NaN	NaN	
2593428062000	2584734684406	None	Saccade	(202.22, 179.44)	(204.16, 179.11)	2564.408	0.01660156	58.17192	2.686078	146.2229	
2593444729000	2584751351232	None	Unknown	(202.15, 181.13)	(204.05, 180.21)	NaN	NaN	NaN	NaN	NaN	
2593461395000	2584768016633	None	Pursuit	(202.05, 180.78)	(204.13, 179.80)	2564.441	0.0168457	4.50999	0.150333	150.4079	
2593478062000	2584784683348	None	Pursuit	(201.97, 180.55)	(204.70, 180.05)	2564.441	0.03344727	2.989661	0.2499124	149.258	
2593494729000	2584801350179	None	Unknown	(201.85, 180.47)	(204.90, 179.30)	NaN	NaN	NaN	NaN	NaN	
2593511394000	2584818014903	None	Fixation	(201.71, 180.13)	(205.01, 178.91)	2564.491	0.01660156	NaN	NaN	NaN	
2593528061000	2584834681636	None	Fixation	(201.70, 180.25)	(204.88, 179.10)	2564.491	0.03344727	NaN	NaN	NaN	
2593544727000	2584851347449	None	Fixation	(201.82, 180.23)	(204.76, 179.34)	2564.491	0.05004883	NaN	NaN	NaN	
2593561394000	2584868014198	None	Fixation	(201.62, 180.30)	(204.82, 179.25)	2564.491	0.06665039	NaN	NaN	NaN	
2593578059000	2584884679064	None	Fixation	(201.65, 180.29)	(204.58, 179.40)	2564.491	0.08349609	NaN	NaN	NaN	
2593594725000	2584901344860	None	Fixation	(201.50, 179.94)	(204.65, 179.38)	2564.491	0.1000977	NaN	NaN	NaN	
2593611394000	2584918013515	None	Fixation	(201.74, 180.08)	(204.88, 179.26)	2564.491	0.1166992	NaN	NaN	NaN	
2593628060000	2584934679247	None	Fixation	(201.76, 180.31)	(204.99, 179.07)	2564.491	0.1333008	NaN	NaN	NaN	
2593644727000	2584951346040	None	Fixation	(201.92, 179.97)	(204.83, 179.03)	2564.491	0.1501465	NaN	NaN	NaN	
2593661393000	2584968012751	None	Fixation	(201.56, 179.69)	(204.91, 179.45)	2564.491	0.166748	NaN	NaN	NaN	
2593678058000	2584984676601	None	Fixation	(200.93, 179.95)	(206.07, 179.46)	2564.491	0.1833496	NaN	NaN	NaN	
2593694725000	2585001343325	None	Fixation	(201.21, 179.63)	(205.86, 179.30)	2564.491	0.1999512	NaN	NaN	NaN	
2593711393000	2585018011127	None	Fixation	(201.21, 179.60)	(205.89, 179.31)	2564.491	0.2167969	NaN	NaN	NaN	
2593711393000	2585018011100	None	Fixation	(201.21, 179.60)	(205.89, 179.31)	2564.491	0.2167969	NaN	NaN	NaN	
2593728060000	2585034677896	None	Fixation	(200.79, 179.48)	(205.98, 179.37)	2564.491	0.2333984	NaN	NaN	NaN	
2593744726000	2585051343637	None	Fixation	(201.18, 179.50)	(205.64, 179.72)	2564.491	0.25	NaN	NaN	NaN	
2593761393000	2585068010435	None	Fixation	(200.92, 179.50)	(205.80, 179.50)	2564.491	0.2666016	NaN	NaN	NaN	
2593778056000	2585084673618	None	Fixation	(200.78, 179.52)	(205.96, 179.25)	2564.491	0.2834473	NaN	NaN	NaN	
2593794725000	2585101341977	None	Fixation	(200.52, 179.41)	(205.93, 179.24)	2564.491	0.3000488	NaN	NaN	NaN	
2593811392000	2585118008731	None	Fixation	(200.84, 179.52)	(205.98, 179.09)	2564.491	0.3166504	NaN	NaN	NaN	
2593828058000	2585134674501	None	Fixation	(200.57, 179.46)	(206.02, 179.06)	2564.491	0.3334961	NaN	NaN	NaN	
2593844723000	2585151339328	None	Fixation	(200.75, 179.50)	(205.81, 179.17)	2564.491	0.3500977	NaN	NaN	NaN	
2593861390000	2585168006050	None	Fixation	(200.71, 179.35)	(205.98, 179.27)	2564.491	0.3666992	NaN	NaN	NaN	
2593878056000	2585184671864	None	Fixation	(200.55, 179.49)	(205.99, 178.91)	2564.491	0.3833008	NaN	NaN	NaN	
2593894723000	2585201338566	None	Fixation	(200.40, 179.45)	(206.08, 179.05)	2564.491	0.4001465	NaN	NaN	NaN	
2593911390000	2585218005364	None	Fixation	(200.46, 179.64)	(205.88, 179.03)	2564.491	0.416748	NaN	NaN	NaN	
2593928056000	2585234671112	None	Fixation	(200.65, 179.46)	(205.94, 179.12)	2564.491	0.4333496	NaN	NaN	NaN	
2593944723000	2585251337889	None	Fixation	(200.70, 179.48)	(205.94, 179.12)	2564.491	0.4499512	NaN	NaN	NaN	
2593961389000	2585268003644	None	Fixation	(200.82, 179.53)	(205.78, 179.29)	2564.491	0.4667969	NaN	NaN	NaN	
2593978056000	2585284670660	None	Fixation	(200.85, 179.56)	(205.85, 179.17)	2564.491	0.4833984	NaN	NaN	NaN	
2593994722000	2585301336175	None	Fixation	(200.77, 179.55)	(205.80, 179.20)	2564.491	0.5	NaN	NaN	NaN	
2594011389000	2585318002970	None	Fixation	(200.75, 179.42)	(206.10, 178.89)	2564.491	0.5166016	NaN	NaN	NaN	
2594028055000	2585334668729	None	Fixation	(200.56, 179.48)	(205.93, 179.25)	2564.491	0.5334473	NaN	NaN	NaN	
2594044721000	2585351334497	None	Fixation	(200.57, 179.35)	(205.77, 179.22)	2564.491	0.5500488	NaN	NaN	NaN	
2594061388000	2585368001232	None	Fixation	(200.46, 179.58)	(205.58, 179.57)	2564.491	0.5666504	NaN	NaN	NaN	
2594078054000	2585384667022	None	Fixation	(200.77, 179.79)	(205.69, 179.29)	2564.491	0.5834961	NaN	NaN	NaN	
2594094721000	2585401333789	None	Fixation	(200.66, 179.85)	(205.68, 179.55)	2564.491	0.6000977	NaN	NaN	NaN	
2594111387000	2585417999563	None	Fixation	(200.61, 179.49)	(205.76, 179.36)	2564.491	0.6166992	NaN	NaN	NaN	
2594128054000	2585434666329	None	Fixation	(200.82, 179.62)	(205.70, 179.57)	2564.491	0.6333008	NaN	NaN	NaN	
2594144720000	2585451332122	None	Fixation	(200.81, 179.56)	(205.77, 179.30)	2564.491	0.6501465	NaN	NaN	NaN	
2594161387000	2585467999055	None	Fixation	(200.71, 179.38)	(206.07, 179.31)	2564.491	0.666748	NaN	NaN	NaN	
2594178053000	2585484664642	None	Fixation	(200.74, 179.30)	(206.02, 179.23)	2564.491	0.6833496	NaN	NaN	NaN	
2594194720000	2585501331413	None	Fixation	(200.71, 179.31)	(206.11, 179.27)	2564.491	0.6999512	NaN	NaN	NaN	
2594211385000	2585517996176	None	Fixation	(200.58, 179.31)	(205.89, 179.13)	2564.491	0.7167969	NaN	NaN	NaN	
2594228053000	2585534663958	None	Fixation	(200.60, 179.33)	(206.11, 179.18)	2564.491	0.7333984	NaN	NaN	NaN	
2594244720000	2585551331053	None	Fixation	(200.83, 179.47)	(205.91, 178.94)	2564.491	0.75	NaN	NaN	NaN	
2594261386000	2585567996444	None	Fixation	(200.99, 179.72)	(205.73, 179.24)	2564.491	0.7666016	NaN	NaN	NaN	
2594278053000	2585584663323	None	Fixation	(200.79, 179.49)	(205.84, 179.01)	2564.491	0.7834473	NaN	NaN	NaN	
2594294719000	2585601329785	None	Fixation	(200.82, 179.41)	(205.93, 179.13)	2564.491	0.8000488	NaN	NaN	NaN	
2594311386000	2585617995775	None	Fixation	(200.68, 179.27)	(205.78, 179.07)	2564.491	0.8166504	NaN	NaN	NaN	
2594328052000	2585634661531	None	Fixation	(200.71, 179.17)	(205.77, 179.21)	2564.491	0.833252	NaN	NaN	NaN	
2594344719000	2585651328339	None	Fixation	(200.78, 179.24)	(205.71, 179.23)	2564.491	0.8500977	NaN	NaN	NaN	
2594361386000	2585667995108	None	Fixation	(200.87, 179.36)	(205.81, 179.27)	2564.491	0.8666992	NaN	NaN	NaN	
2594378051000	2585684659853	None	Fixation	(200.50, 179.14)	(206.03, 178.82)	2564.491	0.8833008	NaN	NaN	NaN	
2594394718000	2585701326899	None	Fixation	(200.90, 179.41)	(205.56, 179.11)	2564.491	0.9001465	NaN	NaN	NaN	
2594411384000	2585717992398	None	Fixation	(201.01, 179.35)	(205.82, 178.69)	2564.491	0.916748	NaN	NaN	NaN	
2594428051000	2585734659152	None	Fixation	(200.97, 179.04)	(205.57, 178.83)	2564.491	0.9333496	NaN	NaN	NaN	
2594444717000	2585751325005	None	Fixation	(200.91, 179.21)	(206.26, 178.56)	2564.491	0.9499512	NaN	NaN	NaN	
2594461384000	2585767991709	None	Fixation	(200.89, 179.05)	(205.79, 178.83)	2564.491	0.9667969	NaN	NaN	NaN	
2594478050000	2585784657475	None	Fixation	(201.00, 179.06)	(205.65, 178.80)	2564.491	0.9833984	NaN	NaN	NaN	
2594494717000	2585801324215	None	Fixation	(200.96, 179.28)	(205.89, 178.63)	2564.491	1	NaN	NaN	NaN	
2594511383000	2585817990426	None	Fixation	(201.33, 179.30)	(205.70, 178.68)	2564.491	1.016602	NaN	NaN	NaN	
2594528050000	2585834656745	None	Fixation	(201.18, 179.02)	(205.46, 178.89)	2564.491	1.033447	NaN	NaN	NaN	
2594544717000	2585851323581	None	Fixation	(201.06, 179.04)	(205.70, 178.68)	2564.491	1.050049	NaN	NaN	NaN	
2594561383000	2585867989314	None	Fixation	(201.15, 179.16)	(205.60, 178.37)	2564.491	1.06665	NaN	NaN	NaN	
2594578050000	2585884656078	None	Fixation	(201.12, 178.91)	(205.61, 178.69)	2564.491	1.083252	NaN	NaN	NaN	
2594594716000	2585901321852	None	Fixation	(201.04, 179.04)	(205.55, 178.65)	2564.491	1.100098	NaN	NaN	NaN	
2594611383000	2585917988645	None	Fixation	(200.41, 179.13)	(205.71, 178.63)	2564.491	1.116699	NaN	NaN	NaN	
2594628049000	2585934654367	None	Fixation	(200.89, 179.03)	(205.50, 178.86)	2564.491	1.133301	NaN	NaN	NaN	
2594644716000	2585951321328	None	Fixation	(201.06, 179.10)	(205.57, 178.71)	2564.491	1.150146	NaN	NaN	NaN	
2594661383000	2585967987941	None	Fixation	(201.22, 178.99)	(206.22, 178.45)	2564.491	1.166748	NaN	NaN	NaN	
2594678049000	2585984653756	None	Fixation	(201.06, 179.21)	(205.39, 178.81)	2564.491	1.18335	NaN	NaN	NaN	
2594694716000	2586001320448	None	Fixation	(200.99, 179.11)	(205.61, 178.81)	2564.491	1.199951	NaN	NaN	NaN	
2594711379000	2586017983508	None	Fixation	(201.13, 179.27)	(205.64, 178.33)	2564.491	1.216797	NaN	NaN	NaN	
2594728046000	2586034649994	None	Fixation	(201.05, 179.16)	(206.11, 178.78)	2564.491	1.233398	NaN	NaN	NaN	
2594744714000	2586051317787	None	Fixation	(201.02, 179.16)	(205.81, 178.54)	2564.491	1.25	NaN	NaN	NaN	
2594761381000	2586067984546	None	Fixation	(201.18, 179.17)	(205.59, 178.53)	2564.491	1.266602	NaN	NaN	NaN	
2594778047000	2586084650310	None	Saccade	(200.52, 182.65)	(203.27, 175.24)	2565.758	0.0168457	43.61607	1.648896	347.7581	
2594794714000	2586101317060	None	Unknown	(196.64, 197.19)	(198.77, 164.98)	NaN	NaN	NaN	NaN	NaN	
2594811380000	2586117982830	None	Saccade	(195.20, 204.50)	(198.02, 161.46)	2565.791	0.01660156	91.66721	3.055574	358.1164	
2594828047000	2586134650064	None	Pursuit	(196.19, 203.64)	(198.25, 162.11)	2565.808	0.01660156	8.486699	0.28289	173.5699	
2594844712000	2586151314617	None	Pursuit	(195.01, 204.61)	(197.87, 160.45)	2565.824	0.0168457	18.81012	0.6270039	37.42852	
2594861378000	2586167980152	None	Pursuit	(195.02, 202.96)	(196.96, 160.56)	2565.824	0.03344727	20.29752	0.5526689	107.0962	
2594878047000	2586184648859	None	Unknown	(195.23, 202.71)	(198.70, 159.88)	NaN	NaN	NaN	NaN	NaN	
2594894713000	2586201314673	None	Fixation	(195.17, 202.58)	(198.45, 159.77)	2565.874	0.0168457	NaN	NaN	NaN	
2594911380000	2586217981431	None	Fixation	(195.02, 202.83)	(198.60, 160.04)	2565.874	0.03344727	NaN	NaN	NaN	
2594928047000	2586234648210	None	Fixation	(195.24, 202.54)	(198.27, 160.26)	2565.874	0.05004883	NaN	NaN	NaN	
2594944713000	2586251313984	None	Fixation	(195.07, 202.23)	(198.41, 159.90)	2565.874	0.06665039	NaN	NaN	NaN	
2594961379000	2586267979859	None	Fixation	(195.16, 202.41)	(198.82, 159.67)	2565.874	0.08349609	NaN	NaN	NaN	
2594978046000	2586284646684	None	Fixation	(195.15, 202.23)	(198.50, 159.56)	2565.874	0.1000977	NaN	NaN	NaN	
2594994713000	2586301313268	None	Fixation	(194.97, 202.16)	(198.40, 159.48)	2565.874	0.1166992	NaN	NaN	NaN	
2595011378000	2586317978020	None	Fixation	(195.13, 202.15)	(198.57, 159.35)	2565.874	0.1333008	NaN	NaN	NaN	
2595028045000	2586334644803	None	Fixation	(194.98, 202.19)	(198.21, 159.52)	2565.874	0.1501465	NaN	NaN	NaN	
2595044711000	2586351310595	None	Fixation	(195.02, 202.15)	(198.37, 159.45)	2565.874	0.166748	NaN	NaN	NaN	
2595061378000	2586367977350	None	Fixation	(194.96, 202.36)	(198.31, 159.49)	2565.874	0.1833496	NaN	NaN	NaN	
2595078045000	2586384644319	None	Fixation	(195.05, 202.07)	(198.50, 159.30)	2565.874	0.1999512	NaN	NaN	NaN	
2595094711000	2586401310246	None	Fixation	(195.09, 202.07)	(198.50, 159.54)	2565.874	0.2167969	NaN	NaN	NaN	
2595111378000	2586417977159	None	Fixation	(195.05, 202.14)	(198.44, 159.62)	2565.874	0.2333984	NaN	NaN	NaN	
2595128044000	2586434642418	None	Fixation	(194.98, 202.10)	(198.70, 159.84)	2565.874	0.25	NaN	NaN	NaN	
2595144711000	2586451309224	None	Fixation	(195.02, 202.04)	(198.03, 159.78)	2565.874	0.2668457	NaN	NaN	NaN	
2595161377000	2586467974960	None	Fixation	(194.91, 202.07)	(198.56, 159.58)	2565.874	0.2834473	NaN	NaN	NaN	
2595178044000	2586484641729	None	Fixation	(194.95, 202.29)	(198.35, 159.58)	2565.874	0.3000488	NaN	NaN	NaN	
2595194710000	2586501307477	None	Fixation	(195.09, 202.24)	(198.80, 159.59)	2565.874	0.3166504	NaN	NaN	NaN	
2595211377000	2586517974521	None	Fixation	(195.08, 202.13)	(198.48, 159.73)	2565.874	0.3334961	NaN	NaN	NaN	
2595228044000	2586534641015	None	Fixation	(195.10, 202.26)	(198.40, 159.55)	2565.874	0.3500977	NaN	NaN	NaN	
2595244709000	2586551306162	None	Fixation	(195.04, 202.24)	(198.47, 159.52)	2565.874	0.3666992	NaN	NaN	NaN	
2595261376000	2586567972568	None	Fixation	(194.66, 202.16)	(198.67, 159.66)	2565.874	0.3833008	NaN	NaN	NaN	
2595278043000	2586584639483	None	Fixation	(194.96, 202.27)	(198.28, 159.78)	2565.874	0.4001465	NaN	NaN	NaN	
2595294710000	2586601306119	None	Fixation	(194.72, 202.18)	(198.61, 159.72)	2565.874	0.416748	NaN	NaN	NaN	
2595311376000	2586617971998	None	Fixation	(194.67, 201.98)	(198.58, 159.63)	2565.874	0.4333496	NaN	NaN	NaN	
2595328042000	2586634637633	None	Fixation	(194.71, 202.38)	(198.79, 159.55)	2565.874	0.4499512	NaN	NaN	NaN	
2595344708000	2586651303396	None	Fixation	(194.68, 202.36)	(198.69, 159.82)	2565.874	0.4667969	NaN	NaN	NaN	
2595361375000	2586667970204	None	Fixation	(194.80, 202.31)	(198.72, 159.90)	2565.874	0.4833984	NaN	NaN	NaN	
2595378042000	2586684636956	None	Fixation	(194.84, 202.30)	(198.69, 159.85)	2565.874	0.5	NaN	NaN	NaN	
2595394708000	2586701302716	None	Fixation	(194.92, 202.29)	(198.39, 159.80)	2565.874	0.5168457	NaN	NaN	NaN	
2595411375000	2586717969473	None	Fixation	(194.88, 202.16)	(198.63, 159.76)	2565.874	0.5334473	NaN	NaN	NaN	
2595428041000	2586734635255	None	Fixation	(194.91, 202.08)	(198.60, 159.76)	2565.874	0.5500488	NaN	NaN	NaN	
2595444708000	2586751302022	None	Fixation	(194.92, 202.29)	(198.50, 159.85)	2565.874	0.5666504	NaN	NaN	NaN	
2595461374000	2586767967781	None	Fixation	(195.08, 202.15)	(198.65, 160.07)	2565.874	0.5834961	NaN	NaN	NaN	
2595478041000	2586784634586	None	Fixation	(195.07, 202.13)	(198.62, 159.83)	2565.874	0.6000977	NaN	NaN	NaN	
2595494707000	2586801300635	None	Fixation	(194.94, 202.08)	(198.33, 159.94)	2565.874	0.6166992	NaN	NaN	NaN	
2595511374000	2586817967285	None	Fixation	(194.77, 202.09)	(198.50, 159.72)	2565.874	0.6333008	NaN	NaN	NaN	
2595528040000	2586834632858	None	Fixation	(194.79, 201.89)	(198.39, 159.87)	2565.874	0.6501465	NaN	NaN	NaN	
2595544707000	2586851299634	None	Fixation	(195.02, 202.00)	(198.28, 159.69)	2565.874	0.666748	NaN	NaN	NaN	
2595561373000	2586867965392	None	Fixation	(195.06, 202.20)	(198.63, 159.94)	2565.874	0.6833496	NaN	NaN	NaN	
2595578039000	2586884631169	None	Fixation	(195.04, 202.08)	(198.63, 159.72)	2565.874	0.6999512	NaN	NaN	NaN	
2595594706000	2586901297951	None	Fixation	(194.98, 202.00)	(198.07, 159.78)	2565.874	0.7167969	NaN	NaN	NaN	
2595611372000	2586917963694	None	Fixation	(194.89, 202.01)	(198.28, 159.95)	2565.874	0.7333984	NaN	NaN	NaN	
2595628039000	2586934630970	None	Fixation	(195.11, 202.07)	(198.70, 160.12)	2565.874	0.75	NaN	NaN	NaN	
2595644705000	2586951296577	None	Fixation	(195.05, 202.03)	(197.97, 159.69)	2565.874	0.7668457	NaN	NaN	NaN	
2595661372000	2586967963472	None	Fixation	(195.08, 201.89)	(198.18, 159.92)	2565.874	0.7834473	NaN	NaN	NaN	
2595678039000	2586984629765	None	Fixation	(195.06, 201.95)	(198.59, 159.28)	2565.874	0.8000488	NaN	NaN	NaN	
2595694705000	2587001295557	None	Fixation	(195.15, 202.00)	(198.13, 159.89)	2565.874	0.8166504	NaN	NaN	NaN	
2595711372000	2587017962346	None	Fixation	(194.98, 201.96)	(198.34, 159.60)	2565.874	0.8334961	NaN	NaN	NaN	
2595728038000	2587034628094	None	Fixation	(194.97, 201.86)	(198.31, 159.62)	2565.874	0.8500977	NaN	NaN	NaN	
2595744705000	2587051295108	None	Fixation	(195.01, 201.82)	(198.20, 159.50)	2565.874	0.8666992	NaN	NaN	NaN	
2595761371000	2587067960719	None	Fixation	(195.07, 201.90)	(198.19, 159.50)	2565.874	0.8833008	NaN	NaN	NaN	
2595778038000	2587084627409	None	Fixation	(195.06, 201.84)	(198.43, 159.36)	2565.874	0.9001465	NaN	NaN	NaN	
2595794704000	2587101293399	None	Fixation	(195.00, 201.79)	(198.24, 159.41)	2565.874	0.916748	NaN	NaN	NaN	
2595811369000	2587117958555	None	Fixation	(195.14, 201.73)	(198.32, 159.65)	2565.874	0.9333496	NaN	NaN	NaN	
2595828035000	2587134623728	None	Fixation	(195.25, 201.65)	(198.10, 159.62)	2565.874	0.9499512	NaN	NaN	NaN	
2595844704000	2587151292465	None	Fixation	(194.80, 201.57)	(198.07, 159.55)	2565.874	0.9667969	NaN	NaN	NaN	
2595861371000	2587167959516	None	Fixation	(194.71, 201.64)	(198.17, 159.63)	2565.874	0.9833984	NaN	NaN	NaN	
2595878036000	2587184624426	None	Fixation	(194.75, 201.89)	(198.26, 159.59)	2565.874	1	NaN	NaN	NaN	
2595894703000	2587201290798	None	Fixation	(194.98, 201.76)	(198.39, 159.50)	2565.874	1.016846	NaN	NaN	NaN	
2595911369000	2587217956546	None	Fixation	(195.05, 201.52)	(198.23, 159.45)	2565.874	1.033447	NaN	NaN	NaN	
2595928036000	2587234623612	None	Fixation	(195.12, 201.74)	(197.88, 159.55)	2565.874	1.050049	NaN	NaN	NaN	
2595944701000	2587251288423	None	Fixation	(195.37, 201.73)	(198.04, 159.66)	2565.874	1.06665	NaN	NaN	NaN	
2595961367000	2587267953829	None	Fixation	(195.44, 201.76)	(197.94, 159.53)	2565.874	1.083496	NaN	NaN	NaN	
2595978036000	2587284622771	None	Fixation	(195.15, 201.60)	(198.04, 159.57)	2565.874	1.100098	NaN	NaN	NaN	
2595994702000	2587301288397	None	Fixation	(195.34, 201.69)	(198.32, 159.52)	2565.874	1.116699	NaN	NaN	NaN	
2596011369000	2587317955166	None	Fixation	(194.90, 201.64)	(198.15, 159.46)	2565.874	1.133301	NaN	NaN	NaN	
2596028035000	2587334620903	None	Fixation	(194.76, 201.66)	(198.50, 159.38)	2565.874	1.150146	NaN	NaN	NaN	
2596044702000	2587351287982	None	Fixation	(195.01, 201.46)	(198.22, 159.59)	2565.874	1.166748	NaN	NaN	NaN	
2596061368000	2587367953748	None	Fixation	(194.79, 201.44)	(198.49, 159.33)	2565.874	1.18335	NaN	NaN	NaN	
2596078035000	2587384620200	None	Fixation	(194.84, 201.43)	(198.26, 159.78)	2565.874	1.199951	NaN	NaN	NaN	
2596094701000	2587401286014	None	Fixation	(194.88, 201.27)	(198.36, 159.44)	2565.874	1.216797	NaN	NaN	NaN	
2596111368000	2587417952754	None	Fixation	(194.81, 201.52)	(198.16, 159.55)	2565.874	1.233398	NaN	NaN	NaN	
2596128035000	2587434619500	None	Fixation	(194.86, 201.51)	(198.63, 159.33)	2565.874	1.25	NaN	NaN	NaN	
2596144700000	2587451284263	None	Fixation	(194.96, 201.54)	(197.96, 159.55)	2565.874	1.266602	NaN	NaN	NaN	
2596161367000	2587467951071	None	Fixation	(195.38, 201.17)	(198.13, 159.73)	2565.874	1.283447	NaN	NaN	NaN	
2596178033000	2587484616843	None	Saccade	(205.98, 197.12)	(190.99, 164.44)	2567.158	0.01660156	139.5474	4.651579	242.8187	
2596194700000	2587501283607	None	Saccade	(223.43, 197.04)	(178.41, 173.42)	2567.158	0.03320313	214.6403	11.62313	248.4278	
2596211364000	2587517947378	None	Saccade	(231.36, 198.25)	(169.35, 180.28)	2567.158	0.05004883	139.7011	14.49819	247.4696	
2596228031000	2587534614284	None	Pursuit	(235.40, 196.83)	(165.05, 183.08)	2567.208	0.01660156	52.65592	1.755197	237.5912	
2596244699000	2587551282240	None	Pursuit	(237.08, 196.72)	(164.57, 182.89)	2567.208	0.03320313	20.7667	2.428714	242.0279	
2596261366000	2587567949012	None	Pursuit	(236.99, 195.84)	(164.72, 182.01)	2567.208	0.04980469	10.84946	2.511382	233.8531	
2596278033000	2587584615443	None	Pursuit	(237.06, 195.03)	(164.74, 182.50)	2567.208	0.06665039	10.06451	2.683292	227.4912	
2596294699000	2587601281210	None	Unknown	(237.23, 194.82)	(163.88, 181.66)	NaN	NaN	NaN	NaN	NaN	
2596311366000	2587617948247	None	Fixation	(237.44, 194.84)	(164.04, 181.66)	2567.291	0.01660156	NaN	NaN	NaN	
2596328032000	2587634613759	None	Fixation	(237.38, 194.18)	(164.03, 181.48)	2567.291	0.03320313	NaN	NaN	NaN	
2596344699000	2587651280957	None	Fixation	(237.62, 194.15)	(163.86, 181.59)	2567.291	0.05004883	NaN	NaN	NaN	
2596361365000	2587667946686	None	Fixation	(237.96, 193.75)	(163.90, 181.75)	2567.291	0.06665039	NaN	NaN	NaN	
2596378030000	2587684611012	None	Saccade	(243.50, 188.90)	(162.29, 189.81)	2567.358	0.01660156	90.67302	3.37023	210.0428	
2596394696000	2587701277091	None	Unknown	(242.28, 190.20)	(162.78, 188.52)	NaN	NaN	NaN	NaN	NaN	
2596411365000	2587717945603	None	Pursuit	(242.78, 189.55)	(162.79, 187.86)	2567.391	0.0168457	10.13034	0.337678	204.4367	
2596428032000	2587734612361	None	Pursuit	(243.65, 188.91)	(162.01, 189.07)	2567.391	0.03344727	13.26529	0.7720633	213.7202	
2596444695000	2587751275125	None	Unknown	(243.62, 188.68)	(162.38, 188.77)	NaN	NaN	NaN	NaN	NaN	
2596461362000	2587767941881	None	Fixation	(243.32, 188.58)	(162.06, 187.32)	2567.441	0.0168457	NaN	NaN	NaN	
2596478030000	2587784609725	None	Fixation	(243.58, 188.05)	(162.15, 188.16)	2567.441	0.03344727	NaN	NaN	NaN	
2596494697000	2587801276430	None	Fixation	(243.67, 187.97)	(161.95, 187.46)	2567.441	0.05004883	NaN	NaN	NaN	
2596511363000	2587817942193	None	Fixation	(243.80, 187.84)	(162.00, 187.23)	2567.441	0.06665039	NaN	NaN	NaN	
2596528030000	2587834608964	None	Fixation	(243.69, 187.62)	(162.13, 187.15)	2567.441	0.08349609	NaN	NaN	NaN	
2596544696000	2587851274736	None	Fixation	(243.79, 187.45)	(161.95, 187.02)	2567.441	0.1000977	NaN	NaN	NaN	
2596561363000	2587867941671	None	Fixation	(243.84, 187.24)	(161.68, 187.35)	2567.441	0.1166992	NaN	NaN	NaN	
2596578030000	2587884608823	None	Fixation	(243.91, 187.31)	(161.81, 187.17)	2567.441	0.1333008	NaN	NaN	NaN	
2596594696000	2587901274026	None	Fixation	(244.16, 187.06)	(162.04, 187.06)	2567.441	0.1501465	NaN	NaN	NaN	
2596611363000	2587917940792	None	Fixation	(243.98, 186.95)	(162.04, 187.15)	2567.441	0.166748	NaN	NaN	NaN	
2596628029000	2587934606578	None	Fixation	(244.02, 186.92)	(161.96, 187.24)	2567.441	0.1833496	NaN	NaN	NaN	
2596644696000	2587951273360	None	Fixation	(244.01, 186.69)	(161.82, 187.56)	2567.441	0.1999512	NaN	NaN	NaN	
2596661362000	2587967939132	None	Fixation	(244.33, 186.66)	(161.92, 187.15)	2567.441	0.2167969	NaN	NaN	NaN	
2596678029000	2587984605891	None	Fixation	(244.44, 186.66)	(161.75, 186.50)	2567.441	0.2333984	NaN	NaN	NaN	
2596694695000	2588001272236	None	Fixation	(244.25, 186.48)	(161.79, 187.26)	2567.441	0.25	NaN	NaN	NaN	
2596711362000	2588017938429	None	Fixation	(244.26, 186.40)	(161.75, 187.49)	2567.441	0.2668457	NaN	NaN	NaN	
2596728029000	2588034605199	None	Fixation	(244.05, 186.30)	(161.75, 186.46)	2567.441	0.2834473	NaN	NaN	NaN	
2596744695000	2588051271379	None	Fixation	(244.13, 186.16)	(161.76, 187.22)	2567.441	0.3000488	NaN	NaN	NaN	
2596761362000	2588067937739	None	Fixation	(244.27, 186.39)	(161.97, 187.31)	2567.441	0.3166504	NaN	NaN	NaN	
2596778028000	2588084603778	None	Fixation	(244.19, 186.27)	(161.94, 187.14)	2567.441	0.3334961	NaN	NaN	NaN	
2596794695000	2588101270272	None	Fixation	(244.05, 186.25)	(162.15, 186.26)	2567.441	0.3500977	NaN	NaN	NaN	
2596811361000	2588117936189	None	Fixation	(243.97, 186.33)	(161.70, 186.80)	2567.441	0.3666992	NaN	NaN	NaN	
2596828027000	2588134601779	None	Fixation	(243.96, 186.17)	(162.28, 187.39)	2567.441	0.3833008	NaN	NaN	NaN	
2596844694000	2588151268551	None	Fixation	(243.67, 186.21)	(162.44, 187.18)	2567.441	0.4001465	NaN	NaN	NaN	
2596861361000	2588167935331	None	Fixation	(243.89, 185.97)	(162.18, 186.82)	2567.441	0.416748	NaN	NaN	NaN	
2596878027000	2588184601123	None	Fixation	(243.65, 185.96)	(162.33, 187.27)	2567.441	0.4333496	NaN	NaN	NaN	
2596894694000	2588201267843	None	Fixation	(243.53, 185.86)	(162.15, 186.84)	2567.441	0.4499512	NaN	NaN	NaN	
2596911361000	2588217934624	None	Fixation	(243.57, 185.99)	(160.78, 185.94)	2567.441	0.4667969	NaN	NaN	NaN	
2596928027000	2588234600666	None	Fixation	(243.41, 185.93)	(162.76, 187.17)	2567.441	0.4833984	NaN	NaN	NaN	
2596944692000	2588251265568	None	Fixation	(243.31, 185.79)	(162.55, 186.82)	2567.441	0.5	NaN	NaN	NaN	
2596961359000	2588267932019	None	Fixation	(243.36, 185.79)	(162.77, 186.66)	2567.441	0.5168457	NaN	NaN	NaN	
2596978027000	2588284599870	None	Fixation	(243.43, 185.74)	(162.82, 186.94)	2567.441	0.5334473	NaN	NaN	NaN	
2596994693000	2588301265485	None	Fixation	(243.39, 185.67)	(163.13, 187.29)	2567.441	0.5500488	NaN	NaN	NaN	
2597011359000	2588317931853	None	Fixation	(243.30, 185.68)	(162.88, 186.76)	2567.441	0.5666504	NaN	NaN	NaN	
2597028026000	2588334598357	None	Fixation	(243.25, 185.67)	(162.87, 186.90)	2567.441	0.5834961	NaN	NaN	NaN	
2597044693000	2588351264763	None	Fixation	(243.31, 185.66)	(163.11, 186.52)	2567.441	0.6000977	NaN	NaN	NaN	
2597061360000	2588367931746	None	Fixation	(243.21, 185.69)	(162.01, 186.18)	2567.441	0.6166992	NaN	NaN	NaN	
2597078026000	2588384597620	None	Fixation	(243.08, 185.48)	(163.26, 186.32)	2567.441	0.6333008	NaN	NaN	NaN	
2597094692000	2588401263521	None	Fixation	(243.27, 185.44)	(162.97, 186.81)	2567.441	0.6501465	NaN	NaN	NaN	
2597111358000	2588417929139	None	Fixation	(243.25, 185.49)	(162.99, 186.87)	2567.441	0.666748	NaN	NaN	NaN	
2597128025000	2588434595632	None	Fixation	(243.29, 185.40)	(163.10, 186.68)	2567.441	0.6833496	NaN	NaN	NaN	
2597144691000	2588451261388	None	Fixation	(243.25, 185.36)	(164.09, 185.85)	2567.441	0.6999512	NaN	NaN	NaN	
2597161358000	2588467928644	None	Fixation	(243.44, 185.41)	(163.57, 187.14)	2567.441	0.7167969	NaN	NaN	NaN	
2597178025000	2588484594898	None	Fixation	(241.52, 185.40)	(164.25, 186.13)	2567.441	0.7333984	NaN	NaN	NaN	
2597194691000	2588501261079	None	Saccade	(233.97, 185.28)	(173.46, 184.06)	2568.174	0.01660156	92.87595	3.870369	84.15155	
2597211356000	2588517925437	None	Unknown	(231.73, 185.50)	(175.25, 185.44)	NaN	NaN	NaN	NaN	NaN	
2597228022000	2588534591255	None	Pursuit	(231.86, 184.92)	(174.43, 185.62)	2568.208	0.01660156	7.25895	0.241965	179.2009	
2597244691000	2588551260043	None	Pursuit	(231.06, 184.66)	(175.84, 183.75)	2568.208	0.03320313	10.29146	0.4394165	128.2455	
2597261357000	2588567925787	None	Unknown	(231.19, 184.47)	(175.82, 185.35)	NaN	NaN	NaN	NaN	NaN	
2597278024000	2588584592572	None	Fixation	(231.59, 183.97)	(174.87, 184.03)	2568.258	0.0168457	NaN	NaN	NaN	
2597294690000	2588601258308	None	Saccade	(231.45, 183.67)	(173.10, 183.17)	2568.274	0.01660156	24.31114	0.8103713	309.019	
2597311357000	2588617925087	None	Pursuit	(231.13, 183.46)	(173.34, 182.96)	2568.274	0.03320313	3.881197	0.7665873	317.8775	
2597328023000	2588634591013	None	Pursuit	(231.08, 183.45)	(174.98, 183.45)	2568.274	0.04980469	21.07388	0.2409514	23.53702	
2597344690000	2588651257604	None	Fixation	(231.08, 183.47)	(175.53, 183.06)	2568.258	0.08349609	NaN	NaN	NaN	
2597361357000	2588667924361	None	Fixation	(231.01, 183.15)	(176.03, 182.37)	2568.258	0.1000977	NaN	NaN	NaN	
2597378022000	2588684589179	None	Fixation	(231.18, 183.07)	(175.64, 182.74)	2568.258	0.1166992	NaN	NaN	NaN	
2597394689000	2588701255947	None	Fixation	(231.27, 183.10)	(173.68, 183.13)	2568.258	0.1333008	NaN	NaN	NaN	
2597411353000	2588717919731	None	Fixation	(231.33, 182.91)	(175.71, 182.66)	2568.258	0.1501465	NaN	NaN	NaN	
2597428020000	2588734586488	None	Fixation	(231.38, 182.85)	(175.31, 183.02)	2568.258	0.166748	NaN	NaN	NaN	
2597444688000	2588751254225	None	Fixation	(231.42, 182.84)	(174.76, 183.27)	2568.258	0.1833496	NaN	NaN	NaN	
2597461355000	2588767921269	None	Fixation	(231.50, 182.66)	(174.93, 183.13)	2568.258	0.2001953	NaN	NaN	NaN	
2597478022000	2588784587790	None	Fixation	(231.68, 182.71)	(175.65, 184.11)	2568.258	0.2167969	NaN	NaN	NaN	
2597494688000	2588801253574	None	Fixation	(231.43, 182.72)	(173.18, 182.55)	2568.258	0.2333984	NaN	NaN	NaN	
2597511353000	2588817918339	None	Fixation	(231.74, 182.56)	(175.10, 182.96)	2568.258	0.25	NaN	NaN	NaN	
2597528021000	2588834586477	None	Fixation	(231.50, 182.56)	(175.19, 182.70)	2568.258	0.2668457	NaN	NaN	NaN	
2597544686000	2588851250867	None	Fixation	(231.65, 182.44)	(173.83, 182.90)	2568.258	0.2834473	NaN	NaN	NaN	
2597561352000	2588867917009	None	Fixation	(231.62, 182.38)	(174.78, 182.82)	2568.258	0.3000488	NaN	NaN	NaN	
2597578021000	2588884585572	None	Fixation	(231.63, 182.26)	(173.91, 182.70)	2568.258	0.3166504	NaN	NaN	NaN	
2597594687000	2588901251158	None	Fixation	(231.68, 182.36)	(175.24, 183.40)	2568.258	0.3334961	NaN	NaN	NaN	
2597611354000	2588917917922	None	Fixation	(231.47, 182.34)	(175.23, 183.26)	2568.258	0.3500977	NaN	NaN	NaN	
2597628020000	2588934583709	None	Fixation	(231.52, 182.54)	(175.57, 182.44)	2568.258	0.3666992	NaN	NaN	NaN	
2597644687000	2588951250533	None	Fixation	(231.60, 182.31)	(175.39, 183.39)	2568.258	0.3833008	NaN	NaN	NaN	
2597661354000	2588967917236	None	Fixation	(231.76, 182.29)	(175.37, 183.39)	2568.258	0.4001465	NaN	NaN	NaN	
2597678019000	2588984582205	None	Fixation	(232.18, 180.35)	(176.65, 183.83)	2568.258	0.416748	NaN	NaN	NaN	
2597694686000	2589001249149	None	WinkLeft	(229.03, 170.49)	(187.24, 196.91)	NaN	NaN	NaN	NaN	NaN	
2597711350000	2589017912528	None	WinkLeft	(227.74, 165.14)	(190.64, 208.35)	NaN	NaN	NaN	NaN	NaN	
2597728017000	2589034579349	None	WinkLeft	(227.93, 165.34)	(189.86, 206.09)	NaN	NaN	NaN	NaN	NaN	
2597744685000	2589051247077	None	WinkLeft	(228.02, 163.15)	(191.54, 207.91)	NaN	NaN	NaN	NaN	NaN	
2597761352000	2589067913853	None	WinkLeft	(228.44, 163.17)	(191.83, 207.77)	NaN	NaN	NaN	NaN	NaN	
2597778018000	2589084579752	None	WinkLeft	(228.21, 162.83)	(190.82, 206.41)	NaN	NaN	NaN	NaN	NaN	
2597794685000	2589101246773	None	WinkLeft	(228.50, 162.65)	(190.95, 205.88)	NaN	NaN	NaN	NaN	NaN	
2597811352000	2589117913145	None	Saccade	(228.64, 162.89)	(191.08, 206.34)	2568.674	0.1333008	219.1885	10.95933	157.946	
2597828018000	2589134578936	None	Unknown	(228.70, 162.64)	(190.90, 206.18)	NaN	NaN	NaN	NaN	NaN	
2597844685000	2589151245702	None	Pursuit	(228.46, 162.43)	(190.99, 204.80)	2568.824	0.0168457	3.98197	0.1327323	117.2589	
2597861351000	2589167911489	None	Pursuit	(228.93, 162.42)	(190.87, 205.96)	2568.824	0.03344727	5.849535	0.1303878	212.8962	
2597878018000	2589184578277	None	Unknown	(228.50, 162.11)	(191.00, 206.58)	NaN	NaN	NaN	NaN	NaN	
2597894684000	2589201244028	None	Fixation	(228.91, 162.08)	(190.97, 205.10)	2568.874	0.01660156	NaN	NaN	NaN	
2597911349000	2589217908767	None	Fixation	(228.92, 162.19)	(190.99, 205.04)	2568.874	0.03344727	NaN	NaN	NaN	
2597928016000	2589234575541	None	Fixation	(228.55, 162.00)	(190.77, 204.88)	2568.874	0.05004883	NaN	NaN	NaN	
2597944683000	2589251242679	None	Fixation	(228.71, 161.99)	(190.95, 205.73)	2568.874	0.06665039	NaN	NaN	NaN	
2597961350000	2589267909406	None	Fixation	(228.80, 161.79)	(190.56, 205.52)	2568.874	0.08325195	NaN	NaN	NaN	
2597978016000	2589284575157	None	Fixation	(228.55, 161.72)	(191.01, 204.86)	2568.874	0.1000977	NaN	NaN	NaN	
2597994683000	2589301241664	None	Fixation	(228.86, 161.75)	(191.05, 206.04)	2568.874	0.1166992	NaN	NaN	NaN	
2598011348000	2589317906391	None	Blink	(228.72, 162.25)	(190.47, 206.17)	NaN	NaN	NaN	NaN	NaN	
2598044681000	2589351239180	None	Blink	(226.11, 167.02)	(0.00, 0.00)	NaN	NaN	NaN	NaN	NaN	
2598061348000	2589367906220	None	Blink	(0.00, 0.00)	(0.00, 0.00)	NaN	NaN	NaN	NaN	NaN	
2598078013000	2589384570725	None	Blink	(0.00, 0.00)	(0.00, 0.00)	NaN	NaN	NaN	NaN	NaN	
2598094679000	2589401236518	None	Blink	(0.00, 0.00)	(0.00, 0.00)	NaN	NaN	NaN	NaN	NaN	
2598111348000	2589417905251	None	Blink	(0.00, 0.00)	(0.00, 0.00)	NaN	NaN	NaN	NaN	NaN	
2598128014000	2589434571006	None	Blink	(241.14, 169.37)	(0.00, 0.00)	NaN	NaN	NaN	NaN	NaN	
2598144681000	2589451237813	None	Blink	(224.29, 162.87)	(192.16, 210.30)	NaN	NaN	NaN	NaN	NaN	
2598161347000	2589467903552	None	Blink	(225.74, 163.20)	(193.25, 208.24)	NaN	NaN	NaN	NaN	NaN	
2598178014000	2589484570619	None	Blink	(225.35, 162.87)	(195.21, 207.98)	NaN	NaN	NaN	NaN	NaN	
2598178014000	2589484570278	None	Blink	(225.35, 162.87)	(195.21, 207.98)	NaN	NaN	NaN	NaN	NaN	
2598194680000	2589501236219	None	Blink	(225.96, 162.74)	(194.73, 208.56)	NaN	NaN	NaN	NaN	NaN	
2598211347000	2589517902625	None	Blink	(226.54, 162.14)	(193.86, 206.87)	NaN	NaN	NaN	NaN	NaN	
2598228013000	2589534568384	None	Blink	(226.93, 162.07)	(194.02, 208.20)	NaN	NaN	NaN	NaN	NaN	
2598244679000	2589551234161	None	Blink	(226.80, 161.70)	(193.51, 207.54)	NaN	NaN	NaN	NaN	NaN	
2598261346000	2589567900966	None	Blink	(227.19, 161.50)	(193.43, 206.88)	NaN	NaN	NaN	NaN	NaN	
2598278010000	2589584564693	None	WinkRight	(227.70, 160.95)	(193.64, 206.25)	NaN	NaN	NaN	NaN	NaN	
2598294677000	2589601231485	None	Fixation	(227.45, 161.08)	(192.98, 207.16)	2568.874	0.416748	NaN	NaN	NaN	
2598311345000	2589617899235	None	Saccade	(227.73, 160.93)	(193.17, 206.25)	2569.291	0.01660156	11.30931	0.3769772	24.51533	
2598328011000	2589634565047	None	Fixation	(227.26, 160.94)	(192.80, 206.02)	2568.874	0.4499512	NaN	NaN	NaN	
2598344678000	2589651231775	None	Fixation	(227.63, 160.96)	(192.34, 206.54)	2568.874	0.4667969	NaN	NaN	NaN	
2598361345000	2589667898560	None	Fixation	(227.93, 161.15)	(193.34, 205.63)	2568.874	0.4833984	NaN	NaN	NaN	
2598378011000	2589684564322	None	Fixation	(227.49, 160.96)	(193.01, 206.22)	2568.874	0.5	NaN	NaN	NaN	
2598394678000	2589701231131	None	Fixation	(227.60, 160.91)	(193.52, 205.85)	2568.874	0.5166016	NaN	NaN	NaN	
2598411345000	2589717897859	None	Fixation	(227.73, 160.79)	(192.99, 206.53)	2568.874	0.5334473	NaN	NaN	NaN	
2598428011000	2589734564019	None	Fixation	(227.18, 160.78)	(192.75, 206.23)	2568.874	0.5500488	NaN	NaN	NaN	
2598444678000	2589751230626	None	Fixation	(227.67, 160.77)	(192.72, 206.19)	2568.874	0.5666504	NaN	NaN	NaN	
2598461344000	2589767896220	None	Fixation	(227.58, 160.78)	(193.01, 207.23)	2568.874	0.583252	NaN	NaN	NaN	
2598478011000	2589784562957	None	Fixation	(227.86, 160.60)	(193.02, 206.24)	2568.874	0.6000977	NaN	NaN	NaN	
2598494677000	2589801228810	None	Fixation	(227.41, 160.76)	(192.84, 207.28)	2568.874	0.6166992	NaN	NaN	NaN	
2598511344000	2589817895487	None	Fixation	(228.03, 160.63)	(193.29, 206.48)	2568.874	0.6333008	NaN	NaN	NaN	
2598528011000	2589834562327	None	Fixation	(227.55, 160.64)	(192.61, 206.03)	2568.874	0.6501465	NaN	NaN	NaN	
2598544677000	2589851228063	None	Fixation	(227.80, 160.67)	(192.47, 206.62)	2568.874	0.666748	NaN	NaN	NaN	
2598561344000	2589867894808	None	Fixation	(227.62, 160.66)	(192.69, 206.59)	2568.874	0.6833496	NaN	NaN	NaN	
2598578009000	2589884559648	None	Fixation	(227.69, 160.72)	(192.58, 206.85)	2568.874	0.6999512	NaN	NaN	NaN	
2598594676000	2589901226378	None	Fixation	(227.81, 160.67)	(192.46, 207.11)	2568.874	0.7167969	NaN	NaN	NaN	
2598611342000	2589917892120	None	Fixation	(226.72, 162.71)	(191.90, 204.34)	2568.874	0.7333984	NaN	NaN	NaN	
2598628009000	2589934558885	None	Fixation	(226.23, 162.53)	(192.53, 205.68)	2568.874	0.75	NaN	NaN	NaN	
2598644673000	2589951222647	None	Fixation	(226.72, 162.16)	(192.49, 204.26)	2568.874	0.7666016	NaN	NaN	NaN	
2598661340000	2589967889435	None	Fixation	(226.75, 162.05)	(192.51, 204.56)	2568.874	0.7834473	NaN	NaN	NaN	
2598678008000	2589984557175	None	Fixation	(226.73, 162.01)	(192.11, 205.35)	2568.874	0.8000488	NaN	NaN	NaN	
2598694675000	2590001223971	None	Fixation	(226.46, 162.16)	(192.28, 203.90)	2568.874	0.8166504	NaN	NaN	NaN	
2598711340000	2590017888763	None	Fixation	(226.92, 162.18)	(192.42, 203.70)	2568.874	0.833252	NaN	NaN	NaN	
2598728006000	2590034554519	None	Fixation	(226.72, 161.94)	(191.42, 204.15)	2568.874	0.8500977	NaN	NaN	NaN	
2598744673000	2590051221286	None	Fixation	(226.45, 162.07)	(191.59, 204.55)	2568.874	0.8666992	NaN	NaN	NaN	
2598761339000	2590067887046	None	Fixation	(226.68, 161.88)	(191.82, 204.75)	2568.874	0.8833008	NaN	NaN	NaN	
2598778008000	2590084555804	None	Fixation	(226.69, 161.93)	(192.02, 204.98)	2568.874	0.9001465	NaN	NaN	NaN	
2598811341000	2590117888600	None	Fixation	(226.86, 161.75)	(191.97, 204.52)	2568.874	0.9333496	NaN	NaN	NaN	
2598811341000	2590117888354	None	Fixation	(226.86, 161.75)	(191.97, 204.52)	2568.874	0.9333496	NaN	NaN	NaN	
2598844672000	2590151219173	None	Fixation	(226.46, 161.74)	(192.36, 203.35)	2568.874	0.9667969	NaN	NaN	NaN	
2598844672000	2590151218963	None	Fixation	(226.46, 161.74)	(192.36, 203.35)	2568.874	0.9667969	NaN	NaN	NaN	
2598878005000	2590184551697	None	Fixation	(226.79, 161.70)	(192.32, 203.81)	2568.874	1	NaN	NaN	NaN	
2598878005000	2590184551521	None	Fixation	(226.79, 161.70)	(192.32, 203.81)	2568.874	1	NaN	NaN	NaN	
2598911337000	2590217883270	None	Fixation	(226.84, 161.65)	(192.10, 203.49)	2568.874	1.033447	NaN	NaN	NaN	
2598911337000	2590217882947	None	Fixation	(226.84, 161.65)	(192.10, 203.49)	2568.874	1.033447	NaN	NaN	NaN	
2598944672000	2590251218033	None	Fixation	(227.12, 161.72)	(192.03, 204.33)	2568.874	1.06665	NaN	NaN	NaN	
2598944672000	2590251217599	None	Fixation	(227.12, 161.72)	(192.03, 204.33)	2568.874	1.06665	NaN	NaN	NaN	
2598961339000	2590267884992	None	Fixation	(226.66, 161.68)	(191.87, 204.13)	2568.874	1.083252	NaN	NaN	NaN	
2598978005000	2590284550065	None	Fixation	(226.78, 161.51)	(192.18, 203.12)	2568.874	1.100098	NaN	NaN	NaN	
2598994672000	2590301216848	None	Fixation	(226.73, 161.65)	(192.23, 203.05)	2568.874	1.116699	NaN	NaN	NaN	
2599011339000	2590317884075	None	Fixation	(226.96, 161.59)	(191.83, 203.99)	2568.874	1.133301	NaN	NaN	NaN	
2599028005000	2590334549674	None	Fixation	(227.39, 161.54)	(192.13, 203.98)	2568.874	1.150146	NaN	NaN	NaN	
2599044672000	2590351216143	None	Fixation	(226.92, 161.73)	(191.64, 202.77)	2568.874	1.166748	NaN	NaN	NaN	
2599061338000	2590367881957	None	Fixation	(226.73, 161.61)	(191.88, 204.01)	2568.874	1.18335	NaN	NaN	NaN	
2599094669000	2590401212893	None	Fixation	(226.88, 161.70)	(192.09, 203.35)	2568.874	1.216797	NaN	NaN	NaN	
2599111338000	2590417881456	None	Fixation	(226.74, 161.76)	(191.98, 203.75)	2568.874	1.233398	NaN	NaN	NaN	
2599111338000	2590417881431	None	Fixation	(226.74, 161.76)	(191.98, 203.75)	2568.874	1.233398	NaN	NaN	NaN	
2599128004000	2590434547202	None	Fixation	(226.74, 161.63)	(191.96, 203.95)	2568.874	1.25	NaN	NaN	NaN	
2599144671000	2590451213810	None	Fixation	(226.86, 161.71)	(191.94, 202.70)	2568.874	1.266602	NaN	NaN	NaN	
2599161338000	2590467881085	None	Fixation	(227.02, 161.70)	(191.76, 203.13)	2568.874	1.283447	NaN	NaN	NaN	
2599194671000	2590501213289	None	Saccade	(245.01, 164.79)	(174.32, 213.85)	2570.158	0.03320313	165.8833	8.394571	259.0914	
2599211336000	2590517878137	None	Unknown	(248.99, 168.10)	(168.48, 214.15)	NaN	NaN	NaN	NaN	NaN	
2599228003000	2590534545117	None	Pursuit	(249.56, 168.16)	(168.24, 213.20)	2570.208	0.0168457	6.969459	0.2323153	262.2563	
2599244669000	2590551210625	None	Pursuit	(251.57, 168.11)	(166.40, 214.46)	2570.208	0.03344727	24.73007	1.0555	257.216	
2599244669000	2590551211060	None	Pursuit	(251.57, 168.11)	(166.40, 214.46)	2570.208	0.03344727	24.73007	1.0555	257.216	
2599278002000	2590584543179	None	Unknown	(250.82, 166.71)	(166.87, 212.00)	NaN	NaN	NaN	NaN	NaN	
2599294669000	2590601209926	None	Fixation	(251.61, 166.51)	(166.64, 212.01)	2570.274	0.0168457	NaN	NaN	NaN	
2599311335000	2590617876052	None	Fixation	(251.85, 166.54)	(166.55, 212.04)	2570.274	0.03344727	NaN	NaN	NaN	
2599311335000	2590617875478	None	Fixation	(251.85, 166.54)	(166.55, 212.04)	2570.274	0.03344727	NaN	NaN	NaN	
2599328002000	2590634542279	None	Fixation	(251.79, 166.15)	(166.40, 212.08)	2570.274	0.05004883	NaN	NaN	NaN	
2599344669000	2590651209101	None	Fixation	(251.22, 166.10)	(166.54, 211.49)	2570.274	0.06689453	NaN	NaN	NaN	
2599378002000	2590684541804	None	Fixation	(250.09, 166.23)	(166.80, 210.53)	2570.274	0.1000977	NaN	NaN	NaN	
2599378002000	2590684541558	None	Fixation	(250.09, 166.23)	(166.80, 210.53)	2570.274	0.1000977	NaN	NaN	NaN	
2599411335000	2590717874403	None	Fixation	(250.32, 166.38)	(166.70, 209.10)	2570.274	0.1335449	NaN	NaN	NaN	
2599411335000	2590717874180	None	Fixation	(250.32, 166.38)	(166.70, 209.10)	2570.274	0.1335449	NaN	NaN	NaN	
2599444666000	2590751204871	None	Fixation	(250.56, 166.17)	(167.12, 210.58)	2570.274	0.166748	NaN	NaN	NaN	
2599444666000	2590751204607	None	Fixation	(250.56, 166.17)	(167.12, 210.58)	2570.274	0.166748	NaN	NaN	NaN	
2599478001000	2590784539797	None	Fixation	(250.51, 165.96)	(166.91, 210.38)	2570.274	0.2001953	NaN	NaN	NaN	
2599478001000	2590784539511	None	Fixation	(250.51, 165.96)	(166.91, 210.38)	2570.274	0.2001953	NaN	NaN	NaN	
2599511333000	2590817870930	None	Fixation	(250.57, 165.76)	(167.23, 209.74)	2570.274	0.2333984	NaN	NaN	NaN	
2599511333000	2590817870719	None	Fixation	(250.57, 165.76)	(167.23, 209.74)	2570.274	0.2333984	NaN	NaN	NaN	
2599544666000	2590851203545	None	Fixation	(250.44, 165.69)	(167.18, 209.43)	2570.274	0.2668457	NaN	NaN	NaN	
2599544666000	2590851203234	None	Fixation	(250.44, 165.69)	(167.18, 209.43)	2570.274	0.2668457	NaN	NaN	NaN	
2599577999000	2590884536120	None	Fixation	(250.50, 165.67)	(167.35, 210.36)	2570.274	0.3000488	NaN	NaN	NaN	
2599577999000	2590884536150	None	Fixation	(250.50, 165.67)	(167.35, 210.36)	2570.274	0.3000488	NaN	NaN	NaN	
2599611332000	2590917868622	None	Fixation	(249.50, 166.04)	(167.76, 208.54)	2570.274	0.3334961	NaN	NaN	NaN	
2599611332000	2590917868911	None	Fixation	(249.50, 166.04)	(167.76, 208.54)	2570.274	0.3334961	NaN	NaN	NaN	
2599644666000	2590951202136	None	Fixation	(249.96, 165.61)	(167.63, 209.02)	2570.274	0.3666992	NaN	NaN	NaN	
2599644666000	2590951201951	None	Fixation	(249.96, 165.61)	(167.63, 209.02)	2570.274	0.3666992	NaN	NaN	NaN	
2599677999000	2590984534940	None	Fixation	(249.77, 165.64)	(167.71, 209.03)	2570.274	0.4001465	NaN	NaN	NaN	
2599694665000	2591001200746	None	Fixation	(249.94, 165.51)	(167.76, 209.55)	2570.274	0.416748	NaN	NaN	NaN	
2599711332000	2591017867547	None	Fixation	(250.25, 165.30)	(167.64, 208.79)	2570.274	0.4333496	NaN	NaN	NaN	
2599711332000	2591017867259	None	Fixation	(250.25, 165.30)	(167.64, 208.79)	2570.274	0.4333496	NaN	NaN	NaN	
2599744665000	2591051200008	None	Fixation	(250.04, 165.40)	(167.37, 209.43)	2570.274	0.4667969	NaN	NaN	NaN	
2599744665000	2591051199492	None	Fixation	(250.04, 165.40)	(167.37, 209.43)	2570.274	0.4667969	NaN	NaN	NaN	
2599777998000	2591084532287	None	Fixation	(249.82, 165.45)	(167.69, 209.03)	2570.274	0.5	NaN	NaN	NaN	
2599794664000	2591101198094	None	Fixation	(249.92, 165.42)	(167.72, 208.87)	2570.274	0.5168457	NaN	NaN	NaN	
2599811331000	2591117864876	None	Fixation	(250.13, 165.28)	(167.76, 209.02)	2570.274	0.5334473	NaN	NaN	NaN	
2599827997000	2591134530936	None	Fixation	(249.85, 165.36)	(167.90, 209.80)	2570.274	0.5500488	NaN	NaN	NaN	
2599844663000	2591151196431	None	Fixation	(250.30, 165.25)	(167.85, 209.12)	2570.274	0.5668945	NaN	NaN	NaN	
2599844663000	2591151196308	None	Fixation	(250.30, 165.25)	(167.85, 209.12)	2570.274	0.5668945	NaN	NaN	NaN	
2599877996000	2591184529314	None	Fixation	(249.69, 165.08)	(167.92, 209.59)	2570.274	0.6000977	NaN	NaN	NaN	
2599894663000	2591201195655	None	Fixation	(249.68, 165.23)	(168.15, 209.84)	2570.274	0.6166992	NaN	NaN	NaN	
2599911329000	2591217861442	None	Fixation	(248.83, 165.80)	(168.19, 207.70)	2570.274	0.6335449	NaN	NaN	NaN	
2599927996000	2591234528327	None	Saccade	(244.30, 168.70)	(171.25, 203.29)	2570.908	0.01660156	66.12447	2.204149	46.04915	
2599944662000	2591251194006	None	Unknown	(244.20, 168.95)	(171.40, 203.88)	NaN	NaN	NaN	NaN	NaN	
2599961329000	2591267860735	None	Pursuit	(244.35, 168.83)	(171.21, 203.24)	2570.941	0.01660156	2.395534	0.07985114	219.2856	
2599977995000	2591284526825	None	Pursuit	(243.90, 168.65)	(171.39, 203.46)	2570.941	0.03344727	5.954062	0.1726729	122.6266	
2599994662000	2591301193284	None	Unknown	(244.29, 168.45)	(171.56, 202.90)	NaN	NaN	NaN	NaN	NaN	
2600011329000	2591317860493	None	Fixation	(243.88, 168.54)	(171.28, 202.77)	2570.991	0.01660156	NaN	NaN	NaN	
2600011329000	2591317859836	None	Fixation	(243.88, 168.54)	(171.28, 202.77)	2570.991	0.01660156	NaN	NaN	NaN	
2600044660000	2591351190657	None	Fixation	(243.61, 168.40)	(171.52, 203.18)	2570.991	0.05004883	NaN	NaN	NaN	
2600061327000	2591367857679	None	Fixation	(243.73, 168.55)	(171.55, 203.30)	2570.991	0.06665039	NaN	NaN	NaN	
2600077995000	2591384525506	None	Fixation	(243.47, 168.42)	(171.73, 203.40)	2570.991	0.08325195	NaN	NaN	NaN	
2600094661000	2591401190983	None	Fixation	(243.30, 168.26)	(171.81, 203.29)	2570.991	0.1000977	NaN	NaN	NaN	
2600111328000	2591417858114	None	Fixation	(243.26, 168.16)	(171.85, 203.30)	2570.991	0.1166992	NaN	NaN	NaN	
2600127995000	2591434524598	None	Fixation	(243.22, 168.21)	(171.90, 203.57)	2570.991	0.1333008	NaN	NaN	NaN	
2600144660000	2591451189611	None	Fixation	(243.40, 168.19)	(171.56, 202.75)	2570.991	0.1499023	NaN	NaN	NaN	
2600144660000	2591451189027	None	Fixation	(243.40, 168.19)	(171.56, 202.75)	2570.991	0.1499023	NaN	NaN	NaN	
2600177993000	2591484521799	None	Fixation	(243.30, 168.24)	(171.71, 202.46)	2570.991	0.1833496	NaN	NaN	NaN	
2600194660000	2591501188550	None	Fixation	(243.53, 168.19)	(172.04, 203.16)	2570.991	0.1999512	NaN	NaN	NaN	
2600211326000	2591517854338	None	Fixation	(243.25, 168.21)	(171.95, 202.73)	2570.991	0.2165527	NaN	NaN	NaN	
2600227993000	2591534521104	None	Fixation	(243.25, 168.05)	(171.55, 202.42)	2570.991	0.2333984	NaN	NaN	NaN	
2600244659000	2591551186899	None	Fixation	(243.24, 168.17)	(171.67, 202.52)	2570.991	0.25	NaN	NaN	NaN	
2600261326000	2591567853607	None	Fixation	(243.27, 168.15)	(171.58, 202.76)	2570.991	0.2666016	NaN	NaN	NaN	
2600277992000	2591584519422	None	Fixation	(243.13, 168.05)	(171.34, 202.22)	2570.991	0.2832031	NaN	NaN	NaN	
2600294659000	2591601186525	None	Fixation	(243.45, 167.90)	(171.66, 202.41)	2570.991	0.3000488	NaN	NaN	NaN	
2600311324000	2591617851464	None	Fixation	(243.48, 168.09)	(171.74, 202.22)	2570.991	0.3166504	NaN	NaN	NaN	
2600327990000	2591634517241	None	Fixation	(243.47, 167.92)	(171.88, 202.63)	2570.991	0.333252	NaN	NaN	NaN	
2600344657000	2591651183796	None	Fixation	(242.91, 167.79)	(171.45, 202.67)	2570.991	0.3500977	NaN	NaN	NaN	
2600361323000	2591667849766	None	Fixation	(243.29, 167.87)	(171.22, 201.84)	2570.991	0.3666992	NaN	NaN	NaN	
2600377992000	2591684518313	None	Fixation	(243.12, 167.88)	(171.48, 201.97)	2570.991	0.3833008	NaN	NaN	NaN	
2600394658000	2591701183991	None	Fixation	(243.05, 168.10)	(171.40, 202.27)	2570.991	0.3999023	NaN	NaN	NaN	
2600411325000	2591717850714	None	Fixation	(243.09, 167.96)	(171.64, 201.84)	2570.991	0.416748	NaN	NaN	NaN	
2600427992000	2591734517321	None	Fixation	(243.04, 167.94)	(172.10, 202.76)	2570.991	0.4333496	NaN	NaN	NaN	
2600444658000	2591751183109	None	Fixation	(243.29, 168.16)	(172.07, 202.65)	2570.991	0.4499512	NaN	NaN	NaN	
2600461325000	2591767849993	None	Fixation	(243.19, 168.06)	(171.96, 202.56)	2570.991	0.4665527	NaN	NaN	NaN	
2600477990000	2591784514662	None	Fixation	(243.15, 167.94)	(171.60, 201.46)	2570.991	0.4833984	NaN	NaN	NaN	
2600494657000	2591801181523	None	Fixation	(243.24, 168.19)	(171.43, 201.83)	2570.991	0.5	NaN	NaN	NaN	
2600511323000	2591817847225	None	Saccade	(240.31, 173.43)	(170.76, 193.02)	2571.491	0.01660156	73.88195	3.622365	12.38982	
2600527990000	2591834513971	None	Saccade	(229.21, 188.50)	(173.36, 178.85)	2571.491	0.03320313	230.1769	10.12036	19.72351	
2600544656000	2591851179771	None	Saccade	(219.03, 202.01)	(175.48, 166.61)	2571.491	0.05004883	208.116	17.05405	21.07586	
2600561323000	2591867846510	None	Unknown	(217.70, 206.85)	(176.56, 163.02)	NaN	NaN	NaN	NaN	NaN	
2600577989000	2591884512872	None	Pursuit	(217.47, 206.58)	(175.00, 163.06)	2571.558	0.01660156	4.45879	0.1486263	126.8544	
2600594656000	2591901179040	None	Pursuit	(217.12, 206.07)	(175.28, 161.95)	2571.558	0.03344727	7.600997	0.4014853	130.6151	
2600611321000	2591917843855	None	Pursuit	(217.60, 205.03)	(175.39, 161.73)	2571.558	0.05004883	14.0714	0.7505507	163.777	
2600627987000	2591934509667	None	Unknown	(217.97, 204.77)	(175.21, 160.98)	NaN	NaN	NaN	NaN	NaN	
2600644656000	2591951179410	None	Fixation	(217.53, 204.94)	(174.88, 161.03)	2571.624	0.01660156	NaN	NaN	NaN	
2600661322000	2591967844129	None	Fixation	(217.62, 204.27)	(175.25, 161.07)	2571.624	0.03344727	NaN	NaN	NaN	
2600677989000	2591984510940	None	Fixation	(217.50, 204.30)	(174.76, 161.17)	2571.624	0.05004883	NaN	NaN	NaN	
2600694655000	2592001176681	None	Fixation	(217.49, 204.36)	(175.00, 160.83)	2571.624	0.06665039	NaN	NaN	NaN	
2600711322000	2592017843484	None	Fixation	(217.01, 204.28)	(175.22, 160.44)	2571.624	0.08325195	NaN	NaN	NaN	
2600727988000	2592034509242	None	Saccade	(214.38, 206.27)	(177.92, 159.45)	2571.708	0.0168457	40.57154	1.352385	61.35482	
2600744655000	2592051176401	None	Pursuit	(215.00, 205.55)	(176.90, 160.06)	2571.708	0.03344727	11.7581	0.9728646	44.79689	
2600761321000	2592067842123	None	Pursuit	(215.11, 205.59)	(178.19, 159.57)	2571.708	0.05004883	1.450174	0.9453641	42.42164	
2600777988000	2592084508884	None	Unknown	(214.68, 205.51)	(177.44, 159.62)	NaN	NaN	NaN	NaN	NaN	
2600794655000	2592101175314	None	Fixation	(214.86, 205.31)	(177.78, 159.74)	2571.774	0.0168457	NaN	NaN	NaN	
2600811320000	2592117840086	None	Fixation	(215.06, 205.27)	(176.67, 159.45)	2571.774	0.03344727	NaN	NaN	NaN	
2600827987000	2592134506850	None	Fixation	(215.35, 204.96)	(177.40, 159.43)	2571.774	0.05004883	NaN	NaN	NaN	
2600844654000	2592151173656	None	Fixation	(214.93, 204.95)	(177.39, 159.50)	2571.774	0.06689453	NaN	NaN	NaN	
2600861320000	2592167839467	None	Fixation	(214.97, 204.98)	(177.06, 159.51)	2571.774	0.08349609	NaN	NaN	NaN	
2600877987000	2592184506450	None	Fixation	(215.13, 204.69)	(177.56, 159.40)	2571.774	0.1000977	NaN	NaN	NaN	
2600894654000	2592201172964	None	Fixation	(215.26, 204.72)	(177.13, 159.46)	2571.774	0.1166992	NaN	NaN	NaN	
2600911320000	2592217838784	None	Fixation	(215.14, 204.52)	(176.67, 159.55)	2571.774	0.1335449	NaN	NaN	NaN	
2600927987000	2592234505571	None	Fixation	(214.88, 204.80)	(177.35, 159.58)	2571.774	0.1501465	NaN	NaN	NaN	
2600944654000	2592251172294	None	Fixation	(214.90, 204.79)	(177.20, 159.52)	2571.774	0.166748	NaN	NaN	NaN	
2600961320000	2592267838072	None	Fixation	(215.33, 204.76)	(177.01, 159.65)	2571.774	0.1833496	NaN	NaN	NaN	
2600977987000	2592284504895	None	Fixation	(215.14, 204.79)	(177.54, 159.63)	2571.774	0.2001953	NaN	NaN	NaN	
2600994653000	2592301170623	None	Fixation	(214.80, 205.13)	(177.49, 159.68)	2571.774	0.2167969	NaN	NaN	NaN	
2601011320000	2592317837407	None	Fixation	(215.00, 204.55)	(178.13, 159.45)	2571.774	0.2333984	NaN	NaN	NaN	
2601027986000	2592334503192	None	Fixation	(214.99, 204.45)	(177.95, 160.14)	2571.774	0.25	NaN	NaN	NaN	
2601044653000	2592351169941	None	Fixation	(214.79, 204.67)	(177.66, 159.68)	2571.774	0.2668457	NaN	NaN	NaN	
2601061320000	2592367836826	None	Fixation	(214.70, 204.55)	(177.49, 159.57)	2571.774	0.2834473	NaN	NaN	NaN	
2601077986000	2592384502717	None	Fixation	(214.96, 204.52)	(177.63, 159.75)	2571.774	0.3000488	NaN	NaN	NaN	
2601094652000	2592401168317	None	Fixation	(214.97, 204.50)	(177.96, 159.47)	2571.774	0.3166504	NaN	NaN	NaN	
2601111318000	2592417833978	None	Fixation	(214.89, 204.58)	(177.34, 159.61)	2571.774	0.3334961	NaN	NaN	NaN	
2601127985000	2592434500810	None	Fixation	(214.91, 204.48)	(177.48, 159.52)	2571.774	0.3500977	NaN	NaN	NaN	
2601144651000	2592451166551	None	Fixation	(214.89, 204.46)	(177.58, 159.76)	2571.774	0.3666992	NaN	NaN	NaN	
2601161318000	2592467833324	None	Fixation	(214.99, 204.27)	(177.69, 159.56)	2571.774	0.3835449	NaN	NaN	NaN	
2601177984000	2592484499102	None	Fixation	(214.77, 204.50)	(177.78, 159.62)	2571.774	0.4001465	NaN	NaN	NaN	
2601194651000	2592501166174	None	Fixation	(215.12, 204.24)	(177.69, 159.81)	2571.774	0.416748	NaN	NaN	NaN	
2601211317000	2592517831754	None	Fixation	(214.68, 203.84)	(178.79, 159.32)	2571.774	0.4333496	NaN	NaN	NaN	
2601227984000	2592534498423	None	Fixation	(214.82, 204.31)	(177.70, 159.61)	2571.774	0.4501953	NaN	NaN	NaN	
2601244650000	2592551164180	None	Fixation	(215.39, 204.01)	(178.23, 159.49)	2571.774	0.4667969	NaN	NaN	NaN	
2601261317000	2592567830901	None	Fixation	(215.55, 204.05)	(178.72, 159.28)	2571.774	0.4833984	NaN	NaN	NaN	
2601277983000	2592584496707	None	Fixation	(215.58, 203.71)	(177.75, 159.87)	2571.774	0.5	NaN	NaN	NaN	
2601294650000	2592601163445	None	Fixation	(215.53, 203.81)	(178.57, 159.52)	2571.774	0.5168457	NaN	NaN	NaN	
2601311317000	2592617830251	None	Fixation	(215.34, 203.86)	(177.37, 160.04)	2571.774	0.5334473	NaN	NaN	NaN	
2601327983000	2592634496050	None	Fixation	(215.49, 204.07)	(177.55, 159.86)	2571.774	0.5500488	NaN	NaN	NaN	
2601344650000	2592651162816	None	Fixation	(215.65, 203.72)	(177.70, 159.93)	2571.774	0.5666504	NaN	NaN	NaN	
2601361316000	2592667828655	None	Fixation	(215.67, 203.94)	(177.69, 160.07)	2571.774	0.5834961	NaN	NaN	NaN	
2601377983000	2592684495790	None	Fixation	(215.54, 203.86)	(177.41, 159.80)	2571.774	0.6000977	NaN	NaN	NaN	
2601394649000	2592701161449	None	Fixation	(215.79, 203.85)	(177.77, 160.09)	2571.774	0.6166992	NaN	NaN	NaN	
2601411316000	2592717828308	None	Fixation	(215.50, 203.72)	(178.08, 159.96)	2571.774	0.6335449	NaN	NaN	NaN	
2601427983000	2592734494986	None	Fixation	(215.67, 203.84)	(178.03, 160.15)	2571.774	0.6501465	NaN	NaN	NaN	
2601444648000	2592751159817	None	Fixation	(215.36, 203.95)	(177.57, 160.20)	2571.774	0.666748	NaN	NaN	NaN	
2601461315000	2592767826165	None	Fixation	(215.51, 203.42)	(177.91, 160.11)	2571.774	0.6833496	NaN	NaN	NaN	
2601477981000	2592784492013	None	Fixation	(215.17, 203.60)	(177.79, 160.16)	2571.774	0.7001953	NaN	NaN	NaN	
2601494648000	2592801159045	None	Fixation	(215.46, 203.85)	(177.77, 160.26)	2571.774	0.7167969	NaN	NaN	NaN	
2601511314000	2592817824518	None	Fixation	(215.87, 203.60)	(177.76, 159.98)	2571.774	0.7333984	NaN	NaN	NaN	
2601527981000	2592834491268	None	Fixation	(215.62, 203.50)	(177.80, 160.21)	2571.774	0.75	NaN	NaN	NaN	
2601544647000	2592851157274	None	Fixation	(215.80, 203.63)	(178.04, 160.23)	2571.774	0.7668457	NaN	NaN	NaN	
2601561314000	2592867824135	None	Fixation	(215.73, 203.48)	(177.73, 160.09)	2571.774	0.7834473	NaN	NaN	NaN	
2601577979000	2592884489047	None	Fixation	(215.73, 203.33)	(177.98, 160.28)	2571.774	0.8000488	NaN	NaN	NaN	
2601594647000	2592901156711	None	Fixation	(216.18, 203.10)	(177.90, 160.79)	2571.774	0.8166504	NaN	NaN	NaN	
2601611314000	2592917823218	None	Saccade	(219.10, 195.66)	(180.06, 165.92)	2572.591	0.0168457	98.26472	3.275491	179.3265	
2601627980000	2592934489142	None	Unknown	(218.65, 195.30)	(179.90, 168.22)	NaN	NaN	NaN	NaN	NaN	
2601644647000	2592951156080	None	Pursuit	(218.38, 195.27)	(179.80, 168.17)	2572.624	0.01660156	3.370304	0.1123435	81.9296	
2601661313000	2592967821549	None	Pursuit	(219.12, 194.60)	(180.65, 167.93)	2572.624	0.03344727	12.37288	0.3462533	200.8186	
2601677980000	2592984488269	None	Unknown	(219.09, 194.77)	(180.21, 167.70)	NaN	NaN	NaN	NaN	NaN	
2601694646000	2593001154469	None	Fixation	(218.72, 194.53)	(179.94, 167.85)	2572.674	0.01660156	NaN	NaN	NaN	
2601711313000	2593017821040	None	Fixation	(218.85, 194.40)	(180.06, 167.88)	2572.674	0.03320313	NaN	NaN	NaN	
2601727979000	2593034487084	None	Fixation	(219.05, 194.16)	(181.00, 167.27)	2572.674	0.05004883	NaN	NaN	NaN	
2601744646000	2593051153662	None	Fixation	(219.27, 194.51)	(178.72, 167.84)	2572.674	0.06665039	NaN	NaN	NaN	
2601761313000	2593067820128	None	Fixation	(218.94, 194.49)	(179.79, 167.92)	2572.674	0.08325195	NaN	NaN	NaN	
2601777979000	2593084485906	None	Fixation	(219.07, 194.19)	(179.30, 167.95)	2572.674	0.09985352	NaN	NaN	NaN	
2601794646000	2593101152637	None	Fixation	(219.10, 194.16)	(179.29, 167.99)	2572.674	0.1166992	NaN	NaN	NaN	
2601811312000	2593117818452	None	Fixation	(219.11, 194.07)	(179.56, 168.15)	2572.674	0.1333008	NaN	NaN	NaN	
2601827978000	2593134484392	None	Fixation	(219.07, 194.14)	(179.77, 167.96)	2572.674	0.1499023	NaN	NaN	NaN	
2601844644000	2593151149989	None	Fixation	(218.98, 194.00)	(179.50, 167.93)	2572.674	0.1665039	NaN	NaN	NaN	
2601861311000	2593167816758	None	Fixation	(218.97, 193.96)	(180.69, 167.51)	2572.674	0.1833496	NaN	NaN	NaN	
2601877977000	2593184482558	None	Fixation	(219.03, 194.25)	(179.70, 168.13)	2572.674	0.1999512	NaN	NaN	NaN	
2601894644000	2593201149342	None	Fixation	(218.93, 193.82)	(180.05, 168.36)	2572.674	0.2165527	NaN	NaN	NaN	
2601911311000	2593217816215	None	Fixation	(218.74, 193.93)	(179.60, 168.12)	2572.674	0.2333984	NaN	NaN	NaN	
2601927977000	2593234482042	None	Fixation	(218.93, 194.09)	(179.67, 168.34)	2572.674	0.25	NaN	NaN	NaN	
2601944644000	2593251148678	None	Fixation	(219.01, 194.18)	(180.01, 168.16)	2572.674	0.2666016	NaN	NaN	NaN	
2601961310000	2593267814633	None	Fixation	(219.02, 193.77)	(180.80, 167.64)	2572.674	0.2832031	NaN	NaN	NaN	
2601977977000	2593284481140	None	Fixation	(219.02, 193.83)	(179.64, 168.09)	2572.674	0.3000488	NaN	NaN	NaN	
2601994643000	2593301146949	None	Fixation	(218.99, 193.68)	(180.05, 167.81)	2572.674	0.3166504	NaN	NaN	NaN	
2602011310000	2593317813740	None	Fixation	(219.59, 193.85)	(180.50, 167.75)	2572.674	0.333252	NaN	NaN	NaN	
2602027976000	2593334480254	None	Saccade	(221.32, 187.34)	(181.57, 173.66)	2573.008	0.01660156	82.7854	2.759513	182.2955	
2602044641000	2593351144250	None	Saccade	(222.29, 182.57)	(185.00, 181.74)	2573.008	0.03344727	59.94263	6.024155	177.8139	
2602061308000	2593367811066	None	Unknown	(221.72, 183.15)	(184.23, 180.71)	NaN	NaN	NaN	NaN	NaN	
2602077976000	2593384478827	None	Pursuit	(222.26, 181.96)	(184.51, 182.79)	2573.058	0.01660156	16.06305	0.5354351	191.3751	
2602094642000	2593401144533	None	Pursuit	(222.52, 181.61)	(185.71, 180.17)	2573.058	0.03320313	5.298319	0.7086931	194.561	
2602111308000	2593417810634	None	Unknown	(221.67, 181.55)	(184.79, 180.25)	NaN	NaN	NaN	NaN	NaN	
2602111308000	2593417810317	None	Unknown	(221.67, 181.55)	(184.79, 180.25)	NaN	NaN	NaN	NaN	NaN	
2602144641000	2593451142996	None	Fixation	(222.07, 181.37)	(184.92, 180.74)	2573.108	0.03320313	NaN	NaN	NaN	
2602161308000	2593467809616	None	Fixation	(222.20, 181.70)	(184.81, 180.45)	2573.108	0.05004883	NaN	NaN	NaN	
2602177973000	2593484474398	None	Fixation	(222.07, 181.73)	(184.84, 180.08)	2573.108	0.06665039	NaN	NaN	NaN	
2602194640000	2593501141173	None	Fixation	(221.83, 181.35)	(184.55, 180.24)	2573.108	0.08325195	NaN	NaN	NaN	
2602211306000	2593517806965	None	Fixation	(221.67, 181.06)	(185.01, 180.84)	2573.108	0.09985352	NaN	NaN	NaN	
2602227973000	2593534474059	None	Fixation	(221.87, 181.20)	(184.85, 180.78)	2573.108	0.1166992	NaN	NaN	NaN	
2602244639000	2593551139524	None	Fixation	(221.45, 181.06)	(185.39, 179.24)	2573.108	0.1333008	NaN	NaN	NaN	
2602261306000	2593567806269	None	Fixation	(221.57, 181.04)	(185.24, 180.14)	2573.108	0.1499023	NaN	NaN	NaN	
2602277971000	2593584471098	None	Fixation	(221.85, 181.05)	(185.15, 180.34)	2573.108	0.1665039	NaN	NaN	NaN	
2602277971000	2593584471114	None	Fixation	(221.85, 181.05)	(185.15, 180.34)	2573.108	0.1665039	NaN	NaN	NaN	
2602311305000	2593617804673	None	Fixation	(221.71, 180.92)	(185.15, 180.43)	2573.108	0.1999512	NaN	NaN	NaN	
2602311305000	2593617804671	None	Fixation	(221.71, 180.92)	(185.15, 180.43)	2573.108	0.1999512	NaN	NaN	NaN	
2602344639000	2593651138384	None	Fixation	(221.73, 180.74)	(185.06, 180.72)	2573.108	0.2331543	NaN	NaN	NaN	
2602344639000	2593651138168	None	Fixation	(221.73, 180.74)	(185.06, 180.72)	2573.108	0.2331543	NaN	NaN	NaN	
2602361305000	2593667804187	None	Fixation	(221.72, 180.63)	(184.99, 179.87)	2573.108	0.25	NaN	NaN	NaN	
2602377972000	2593684471096	None	Fixation	(221.52, 180.82)	(185.23, 179.88)	2573.108	0.2666016	NaN	NaN	NaN	
2602394638000	2593701136473	None	Fixation	(222.16, 180.70)	(185.16, 180.36)	2573.108	0.2832031	NaN	NaN	NaN	
2602411305000	2593717803668	None	Fixation	(221.53, 180.54)	(184.86, 180.41)	2573.108	0.3000488	NaN	NaN	NaN	
2602427972000	2593734470253	None	Fixation	(221.91, 180.40)	(185.14, 180.26)	2573.108	0.3166504	NaN	NaN	NaN	
2602444637000	2593751135380	None	Fixation	(222.23, 180.79)	(182.38, 179.97)	2573.108	0.333252	NaN	NaN	NaN	
2602477970000	2593784467682	None	Fixation	(222.44, 180.80)	(184.68, 181.14)	2573.108	0.3666992	NaN	NaN	NaN	
2602477970000	2593784467298	None	Fixation	(222.44, 180.80)	(184.68, 181.14)	2573.108	0.3666992	NaN	NaN	NaN	
2602494637000	2593801135164	None	Fixation	(222.06, 180.79)	(184.73, 180.16)	2573.108	0.3833008	NaN	NaN	NaN	
2602511303000	2593817800407	None	Fixation	(222.33, 180.80)	(184.58, 179.73)	2573.108	0.3999023	NaN	NaN	NaN	
2602527970000	2593834467205	None	Fixation	(222.08, 180.78)	(182.88, 180.12)	2573.108	0.4165039	NaN	NaN	NaN	
2602544636000	2593851132396	None	Fixation	(222.45, 180.84)	(184.09, 180.11)	2573.108	0.4333496	NaN	NaN	NaN	
2602561303000	2593867799189	None	Fixation	(222.57, 180.90)	(184.07, 180.36)	2573.108	0.4499512	NaN	NaN	NaN	
2602577969000	2593884464970	None	Fixation	(222.71, 180.88)	(184.37, 179.96)	2573.108	0.4665527	NaN	NaN	NaN	
2602594636000	2593901131754	None	Fixation	(222.63, 180.79)	(184.11, 179.92)	2573.108	0.4831543	NaN	NaN	NaN	
2602611303000	2593917798792	None	Fixation	(222.89, 180.68)	(183.93, 180.03)	2573.108	0.5	NaN	NaN	NaN	
2602627969000	2593934464256	None	Fixation	(222.66, 180.60)	(184.08, 180.45)	2573.108	0.5166016	NaN	NaN	NaN	
2602644636000	2593951131187	None	Fixation	(222.65, 180.74)	(184.09, 179.73)	2573.108	0.5332031	NaN	NaN	NaN	
2602661302000	2593967796813	None	Fixation	(222.36, 180.59)	(184.15, 179.60)	2573.108	0.5498047	NaN	NaN	NaN	
2602677969000	2593984463752	None	Fixation	(223.36, 180.68)	(184.00, 180.99)	2573.108	0.5666504	NaN	NaN	NaN	
2602694635000	2594001129527	None	Fixation	(222.26, 180.64)	(183.70, 180.07)	2573.108	0.583252	NaN	NaN	NaN	
2602711302000	2594017796417	None	Fixation	(223.03, 180.64)	(184.15, 180.21)	2573.108	0.5998535	NaN	NaN	NaN	
2602727968000	2594034461895	None	Fixation	(222.66, 180.50)	(183.90, 179.77)	2573.108	0.6166992	NaN	NaN	NaN	
2602744635000	2594051128656	None	Fixation	(223.09, 180.60)	(184.45, 179.77)	2573.108	0.6333008	NaN	NaN	NaN	
2602761302000	2594067795437	None	Fixation	(222.58, 180.77)	(181.87, 179.84)	2573.108	0.6499023	NaN	NaN	NaN	
2602777968000	2594084461677	None	Fixation	(222.41, 180.64)	(184.14, 180.06)	2573.108	0.6665039	NaN	NaN	NaN	
2602794635000	2594101127986	None	Fixation	(222.56, 180.87)	(182.75, 180.47)	2573.108	0.6833496	NaN	NaN	NaN	
2602811301000	2594117793851	None	Fixation	(222.44, 180.83)	(183.79, 180.52)	2573.108	0.6999512	NaN	NaN	NaN	
2602827968000	2594134460561	None	Fixation	(221.84, 180.78)	(184.51, 180.35)	2573.108	0.7165527	NaN	NaN	NaN	
2602844631000	2594151123325	None	Saccade	(220.03, 181.40)	(186.70, 179.05)	2573.824	0.01660156	31.38241	1.04608	72.30903	
2602861298000	2594167790105	None	Pursuit	(220.34, 181.50)	(186.02, 179.60)	2573.824	0.03344727	10.77293	0.6925235	76.54008	
2602877966000	2594184457889	None	Pursuit	(220.36, 181.44)	(186.41, 178.60)	2573.824	0.05004883	13.0818	1.056496	60.40053	
2602894633000	2594201125184	None	Fixation	(220.42, 181.17)	(186.03, 179.68)	2573.108	0.7832031	NaN	NaN	NaN	
2602911299000	2594217790400	None	Fixation	(220.23, 181.01)	(184.88, 179.22)	2573.108	0.7998047	NaN	NaN	NaN	
2602927966000	2594234457472	None	Fixation	(220.29, 181.14)	(185.98, 179.62)	2573.108	0.8166504	NaN	NaN	NaN	
2602944633000	2594251124049	None	Fixation	(219.98, 181.04)	(186.30, 179.27)	2573.108	0.833252	NaN	NaN	NaN	
2602961299000	2594267790096	None	Fixation	(220.47, 181.26)	(186.75, 180.45)	2573.108	0.8498535	NaN	NaN	NaN	
2602977966000	2594284456781	None	Fixation	(220.14, 180.91)	(186.84, 179.08)	2573.108	0.8666992	NaN	NaN	NaN	
2602994632000	2594301122964	None	Fixation	(220.22, 181.07)	(185.14, 179.44)	2573.108	0.8833008	NaN	NaN	NaN	
2603011299000	2594317789209	None	Fixation	(220.11, 181.06)	(186.51, 179.01)	2573.108	0.8999023	NaN	NaN	NaN	
2603027965000	2594334455093	None	Fixation	(219.98, 180.94)	(186.53, 179.32)	2573.108	0.9165039	NaN	NaN	NaN	
2603044632000	2594351121797	None	Fixation	(219.76, 181.03)	(186.22, 179.74)	2573.108	0.9333496	NaN	NaN	NaN	
2603061298000	2594367787773	None	Fixation	(219.95, 181.00)	(186.77, 178.94)	2573.108	0.9499512	NaN	NaN	NaN	
2603077965000	2594384454163	None	Fixation	(219.78, 180.93)	(185.00, 179.16)	2573.108	0.9665527	NaN	NaN	NaN	
2603094631000	2594401119914	None	Fixation	(219.91, 180.99)	(186.71, 179.13)	2573.108	0.9831543	NaN	NaN	NaN	
2603111298000	2594417786677	None	Fixation	(219.81, 181.35)	(185.91, 178.51)	2573.108	1	NaN	NaN	NaN	
2603127965000	2594434453466	None	Saccade	(216.21, 183.52)	(186.84, 176.81)	2574.108	0.01660156	51.66064	1.722021	45.94209	
2603144630000	2594451118233	None	Saccade	(215.36, 183.98)	(189.34, 177.67)	2574.124	0.01660156	32.46646	1.082215	121.9693	
2603161297000	2594467785321	None	Pursuit	(215.88, 183.24)	(188.99, 177.28)	2574.141	0.01660156	11.1895	0.3729833	201.6314	
2603177963000	2594484450768	None	Pursuit	(215.80, 183.19)	(187.06, 176.50)	2574.141	0.03344727	1.182879	0.3701797	195.5641	
2603194630000	2594501117550	None	Unknown	(215.56, 182.97)	(188.59, 177.19)	NaN	NaN	NaN	NaN	NaN	
2603211296000	2594517783486	None	Fixation	(215.95, 183.09)	(189.18, 176.89)	2574.191	0.01660156	NaN	NaN	NaN	
2603227963000	2594534450085	None	Fixation	(215.78, 182.94)	(189.32, 176.91)	2574.191	0.03344727	NaN	NaN	NaN	
2603244629000	2594551115872	None	Fixation	(215.51, 182.94)	(189.23, 177.00)	2574.191	0.05004883	NaN	NaN	NaN	
2603261296000	2594567782980	None	Fixation	(215.63, 182.81)	(189.53, 176.35)	2574.191	0.06665039	NaN	NaN	NaN	
2603277963000	2594584449551	None	Fixation	(215.63, 182.81)	(188.79, 176.68)	2574.191	0.08325195	NaN	NaN	NaN	
2603294629000	2594601115503	None	Fixation	(215.61, 182.84)	(189.03, 176.84)	2574.191	0.1000977	NaN	NaN	NaN	
2603311293000	2594617779261	None	Fixation	(215.42, 182.71)	(189.54, 176.26)	2574.191	0.1166992	NaN	NaN	NaN	
2603327960000	2594634445925	None	Fixation	(215.36, 183.09)	(188.34, 176.80)	2574.191	0.1333008	NaN	NaN	NaN	
2603344629000	2594651114495	None	Fixation	(215.49, 182.79)	(189.06, 177.01)	2574.191	0.1499023	NaN	NaN	NaN	
2603361295000	2594667780547	None	Fixation	(215.66, 182.87)	(189.47, 177.05)	2574.191	0.166748	NaN	NaN	NaN	
2603377962000	2594684447276	None	Fixation	(215.82, 180.77)	(190.41, 178.84)	2574.191	0.1833496	NaN	NaN	NaN	
2603394628000	2594701112788	None	Saccade	(210.30, 171.61)	(203.32, 190.46)	2574.374	0.01660156	131.542	7.120755	140.4464	
2603411295000	2594717779594	None	Saccade	(204.66, 165.81)	(213.22, 202.88)	2574.374	0.03320313	99.47866	13.58887	139.8897	
2603427961000	2594734445966	None	Unknown	(206.54, 164.70)	(210.77, 201.35)	NaN	NaN	NaN	NaN	NaN	
2603444628000	2594751112322	None	Pursuit	(206.68, 163.55)	(212.00, 204.10)	2574.424	0.01660156	14.23054	0.4743513	173.8556	
2603461295000	2594767778928	None	Pursuit	(206.47, 162.89)	(213.69, 201.73)	2574.424	0.03320313	8.508535	0.7415594	164.6612	
2603477960000	2594784443706	None	Pursuit	(206.23, 162.71)	(211.91, 200.85)	2574.424	0.05004883	3.721395	0.8264269	158.036	
2603494627000	2594801110436	None	Pursuit	(206.02, 162.66)	(212.34, 200.32)	2574.424	0.06665039	8.395897	0.7709982	69.78915	
2603511293000	2594817776228	None	Pursuit	(206.91, 162.53)	(212.37, 200.45)	2574.424	0.08325195	1.57919	0.754181	73.53777	
2603527960000	2594834443007	None	Fixation	(206.88, 162.34)	(212.28, 200.35)	2574.491	0.03320313	NaN	NaN	NaN	
2603544626000	2594851108786	None	Fixation	(206.60, 162.38)	(212.58, 200.32)	2574.491	0.05004883	NaN	NaN	NaN	
2603561293000	2594867775581	None	Fixation	(206.84, 162.06)	(212.30, 201.30)	2574.491	0.06665039	NaN	NaN	NaN	
2603577958000	2594884440326	None	Saccade	(208.15, 159.74)	(213.34, 204.09)	2574.558	0.01660156	36.59797	1.219932	172.5109	
2603594624000	2594901106082	None	Pursuit	(207.02, 160.37)	(213.71, 202.76)	2574.558	0.03320313	16.96907	0.8310511	148.9726	
2603611292000	2594917773867	None	Pursuit	(206.89, 160.23)	(212.73, 202.62)	2574.558	0.05004883	12.18234	0.5673873	174.9639	
2603627959000	2594934440663	None	Fixation	(207.27, 160.03)	(213.40, 203.16)	2574.491	0.1333008	NaN	NaN	NaN	
2603644626000	2594951107812	None	Fixation	(207.31, 159.90)	(213.41, 203.29)	2574.491	0.1499023	NaN	NaN	NaN	
2603661292000	2594967773528	None	Fixation	(207.34, 159.97)	(213.48, 202.93)	2574.491	0.1665039	NaN	NaN	NaN	
2603677959000	2594984439959	None	Fixation	(206.66, 159.91)	(213.03, 203.60)	2574.491	0.1833496	NaN	NaN	NaN	
2603694625000	2595001105758	None	Fixation	(207.07, 159.99)	(212.65, 203.57)	2574.491	0.1999512	NaN	NaN	NaN	
2603711292000	2595017772513	None	Fixation	(207.08, 160.04)	(212.99, 203.18)	2574.491	0.2165527	NaN	NaN	NaN	
2603727958000	2595034438286	None	Fixation	(207.16, 159.83)	(213.37, 203.12)	2574.491	0.2333984	NaN	NaN	NaN	
2603744625000	2595051105069	None	Fixation	(207.11, 159.97)	(212.48, 203.47)	2574.491	0.25	NaN	NaN	NaN	
2603761291000	2595067770988	None	Fixation	(207.29, 159.75)	(213.43, 202.86)	2574.491	0.2666016	NaN	NaN	NaN	
2603777958000	2595084437618	None	Fixation	(206.98, 160.01)	(213.08, 203.42)	2574.491	0.2832031	NaN	NaN	NaN	
2603794625000	2595101104394	None	Fixation	(207.36, 159.89)	(213.43, 203.50)	2574.491	0.3000488	NaN	NaN	NaN	
2603811290000	2595117770306	None	Fixation	(207.28, 159.77)	(213.58, 203.01)	2574.491	0.3166504	NaN	NaN	NaN	
2603827957000	2595134436290	None	Fixation	(207.03, 159.61)	(212.94, 203.35)	2574.491	0.333252	NaN	NaN	NaN	
2603844621000	2595151100026	None	Fixation	(206.93, 159.60)	(213.06, 203.22)	2574.491	0.3498535	NaN	NaN	NaN	
2603861288000	2595167766493	None	Fixation	(207.15, 159.82)	(213.01, 202.99)	2574.491	0.3666992	NaN	NaN	NaN	
2603877956000	2595184434659	None	Fixation	(207.36, 159.60)	(212.90, 203.21)	2574.491	0.3833008	NaN	NaN	NaN	
2603894623000	2595201101011	None	Fixation	(207.37, 159.75)	(212.90, 203.22)	2574.491	0.3999023	NaN	NaN	NaN	
2603911289000	2595217767214	None	Fixation	(207.10, 159.86)	(212.75, 203.44)	2574.491	0.4165039	NaN	NaN	NaN	
2603927956000	2595234433831	None	Fixation	(207.18, 159.69)	(212.94, 203.43)	2574.491	0.4333496	NaN	NaN	NaN	
2603944621000	2595251098350	None	Fixation	(207.12, 159.84)	(212.97, 204.36)	2574.491	0.4499512	NaN	NaN	NaN	
2603961289000	2595267766099	None	Fixation	(207.19, 159.89)	(213.09, 203.01)	2574.491	0.4665527	NaN	NaN	NaN	
2603977954000	2595284430888	None	Fixation	(207.19, 159.90)	(213.17, 202.56)	2574.491	0.4831543	NaN	NaN	NaN	
2603994620000	2595301096977	None	Fixation	(206.97, 159.95)	(212.79, 203.00)	2574.491	0.5	NaN	NaN	NaN	
2604011289000	2595317765760	None	Fixation	(207.37, 159.76)	(212.99, 203.06)	2574.491	0.5166016	NaN	NaN	NaN	
2604027955000	2595334431199	None	Fixation	(207.58, 159.78)	(212.70, 202.97)	2574.491	0.5332031	NaN	NaN	NaN	
2604044622000	2595351097985	None	Fixation	(206.96, 159.99)	(212.60, 203.12)	2574.491	0.5500488	NaN	NaN	NaN	
2604061288000	2595367763797	None	Fixation	(207.41, 159.76)	(212.15, 203.38)	2574.491	0.5666504	NaN	NaN	NaN	
2604077953000	2595384429050	None	Fixation	(207.48, 159.85)	(212.84, 202.91)	2574.491	0.583252	NaN	NaN	NaN	
2604094621000	2595401096310	None	Fixation	(207.38, 159.78)	(212.80, 203.04)	2574.491	0.5998535	NaN	NaN	NaN	
2604111288000	2595417763059	None	Fixation	(207.05, 159.89)	(213.37, 203.06)	2574.491	0.6166992	NaN	NaN	NaN	
2604127955000	2595434429845	None	Fixation	(207.25, 159.86)	(212.81, 203.31)	2574.491	0.6333008	NaN	NaN	NaN	
2604144621000	2595451095772	None	Fixation	(207.39, 159.94)	(213.07, 202.92)	2574.491	0.6499023	NaN	NaN	NaN	
2604161288000	2595467762468	None	Fixation	(207.13, 160.00)	(212.91, 203.51)	2574.491	0.6665039	NaN	NaN	NaN	
2604177951000	2595484425186	None	Fixation	(207.25, 159.96)	(212.48, 203.15)	2574.491	0.6833496	NaN	NaN	NaN	
2604194618000	2595501092283	None	Fixation	(205.74, 161.51)	(212.76, 200.73)	2574.491	0.6999512	NaN	NaN	NaN	
2604211286000	2595517759715	None	Fixation	(206.18, 161.41)	(212.38, 201.73)	2574.491	0.7165527	NaN	NaN	NaN	
2604227953000	2595534426500	None	Fixation	(206.54, 161.23)	(212.91, 201.33)	2574.491	0.7331543	NaN	NaN	NaN	
2604244619000	2595551092710	None	Fixation	(205.93, 161.17)	(212.58, 202.21)	2574.491	0.75	NaN	NaN	NaN	
2604261286000	2595567759068	None	Fixation	(206.18, 161.28)	(212.95, 200.88)	2574.491	0.7666016	NaN	NaN	NaN	
2604277952000	2595584424828	None	Fixation	(205.92, 161.19)	(212.61, 201.03)	2574.491	0.7832031	NaN	NaN	NaN	
2604294619000	2595601224875	None	Fixation	(205.46, 161.24)	(212.80, 201.61)	2574.491	0.8000488	NaN	NaN	NaN	
2604311286000	2595617758341	None	Fixation	(206.15, 160.75)	(213.05, 201.34)	2574.491	0.8166504	NaN	NaN	NaN	
2604327952000	2595634424149	None	Fixation	(205.99, 160.77)	(213.22, 201.04)	2574.491	0.833252	NaN	NaN	NaN	
2604344619000	2595651090926	None	Fixation	(206.15, 160.86)	(212.99, 201.13)	2574.491	0.8498535	NaN	NaN	NaN	
2604361285000	2595667756670	None	Fixation	(205.85, 160.98)	(213.23, 201.01)	2574.491	0.8666992	NaN	NaN	NaN	
2604377952000	2595684423432	None	Fixation	(206.12, 160.99)	(213.07, 200.86)	2574.491	0.8833008	NaN	NaN	NaN	
2604394618000	2595701089224	None	Fixation	(205.84, 160.87)	(213.20, 200.96)	2574.491	0.8999023	NaN	NaN	NaN	
2604411285000	2595717755996	None	Fixation	(206.01, 161.05)	(213.07, 200.51)	2574.491	0.9165039	NaN	NaN	NaN	
2604427951000	2595734422143	None	Fixation	(206.05, 160.89)	(213.34, 200.78)	2574.491	0.9333496	NaN	NaN	NaN	
2604444618000	2595751088659	None	Fixation	(206.31, 160.73)	(212.51, 201.08)	2574.491	0.9499512	NaN	NaN	NaN	
2604461284000	2595767754627	None	Fixation	(206.18, 160.74)	(212.39, 200.89)	2574.491	0.9665527	NaN	NaN	NaN	
2604477951000	2595784421475	None	Fixation	(205.91, 160.86)	(212.94, 200.91)	2574.491	0.9831543	NaN	NaN	NaN	
2604494618000	2595801087888	None	Fixation	(206.27, 160.71)	(213.03, 200.96)	2574.491	1	NaN	NaN	NaN	
2604511283000	2595817752604	None	Fixation	(205.90, 160.73)	(213.41, 200.72)	2574.491	1.016602	NaN	NaN	NaN	
2604527950000	2595834419436	None	Fixation	(206.15, 160.84)	(212.81, 202.16)	2574.491	1.033203	NaN	NaN	NaN	
2604544614000	2595851083205	None	Fixation	(206.03, 160.83)	(212.84, 201.37)	2574.491	1.050049	NaN	NaN	NaN	
2604561281000	2595867749967	None	Fixation	(206.10, 160.80)	(213.44, 200.90)	2574.491	1.06665	NaN	NaN	NaN	
2604577947000	2595884415750	None	Fixation	(206.07, 160.58)	(212.79, 202.12)	2574.491	1.083252	NaN	NaN	NaN	
2604594614000	2595901083006	None	Fixation	(205.89, 160.75)	(213.35, 200.54)	2574.491	1.099854	NaN	NaN	NaN	
2604611281000	2595917750014	None	Fixation	(206.07, 160.73)	(212.86, 200.99)	2574.491	1.116699	NaN	NaN	NaN	
2604627947000	2595934415073	None	Fixation	(206.03, 160.74)	(213.07, 200.77)	2574.491	1.133301	NaN	NaN	NaN	
2604644615000	2595951083355	None	Fixation	(205.92, 160.69)	(212.48, 201.37)	2574.491	1.149902	NaN	NaN	NaN	
2604661282000	2595967749970	None	Fixation	(206.12, 160.69)	(212.75, 201.11)	2574.491	1.166504	NaN	NaN	NaN	
2604677949000	2595984416654	None	Fixation	(206.00, 160.80)	(213.16, 200.70)	2574.491	1.18335	NaN	NaN	NaN	
2604694615000	2596001082737	None	Fixation	(206.24, 160.69)	(212.95, 200.85)	2574.491	1.199951	NaN	NaN	NaN	
2604711282000	2596017749096	None	Fixation	(206.25, 160.77)	(212.58, 200.85)	2574.491	1.216553	NaN	NaN	NaN	
2604727948000	2596034415037	None	Saccade	(208.24, 163.62)	(208.13, 197.17)	2575.708	0.01660156	42.81208	2.368014	317.3081	
2604744613000	2596051079610	None	Saccade	(215.73, 177.85)	(190.52, 186.12)	2575.708	0.03344727	255.6415	10.87377	316.7306	
2604761280000	2596067746539	None	Saccade	(218.78, 189.08)	(180.74, 180.47)	2575.741	0.01660156	143.2076	15.49757	323.7051	
2604777948000	2596084414457	None	Unknown	(219.60, 189.37)	(181.61, 178.98)	NaN	NaN	NaN	NaN	NaN	
2604794614000	2596101080136	None	Pursuit	(220.15, 189.66)	(180.84, 177.94)	2575.774	0.0168457	7.65767	0.2552557	284.8444	
2604811281000	2596117746858	None	Pursuit	(219.72, 188.58)	(180.82, 178.28)	2575.774	0.03344727	14.30481	0.3275626	175.6746	
2604827948000	2596134413869	None	Pursuit	(219.45, 187.94)	(182.87, 177.10)	2575.774	0.05004883	29.04133	0.9283944	46.80316	
2604844614000	2596151079486	None	Fixation	(220.22, 188.07)	(182.45, 176.54)	2575.824	0.01660156	NaN	NaN	NaN	
2604861281000	2596167745927	None	Fixation	(219.99, 188.06)	(181.43, 176.76)	2575.824	0.03344727	NaN	NaN	NaN	
2604877946000	2596184411052	None	Fixation	(219.98, 187.77)	(181.95, 177.05)	2575.824	0.05004883	NaN	NaN	NaN	
2604894613000	2596201077489	None	Fixation	(220.31, 187.45)	(182.06, 176.67)	2575.824	0.06665039	NaN	NaN	NaN	
2604911279000	2596217743241	None	Fixation	(220.62, 187.10)	(181.89, 176.33)	2575.824	0.08325195	NaN	NaN	NaN	
2604927946000	2596234409987	None	Fixation	(220.79, 185.39)	(182.25, 177.82)	2575.824	0.1000977	NaN	NaN	NaN	
2604944612000	2596251075775	None	Saccade	(221.87, 182.05)	(184.63, 181.92)	2575.924	0.01660156	43.21019	1.942737	173.9416	
2604961279000	2596267743036	None	Pursuit	(222.20, 181.79)	(184.43, 181.13)	2575.924	0.03320313	5.15804	1.586711	188.4533	
2604977945000	2596284408977	None	Pursuit	(221.64, 181.63)	(183.99, 181.28)	2575.924	0.04980469	7.215604	1.581537	179.7476	
2604994612000	2596301075091	None	Pursuit	(221.75, 181.12)	(183.76, 181.54)	2575.924	0.06665039	6.430119	1.795873	179.7203	
2605011278000	2596317740866	None	Unknown	(221.91, 181.12)	(184.27, 181.63)	NaN	NaN	NaN	NaN	NaN	
2605027944000	2596334406640	None	Fixation	(221.61, 180.83)	(183.80, 181.35)	2576.008	0.01660156	NaN	NaN	NaN	
2605044611000	2596351073414	None	Fixation	(221.46, 180.79)	(184.20, 181.21)	2576.008	0.03344727	NaN	NaN	NaN	
2605061277000	2596367739226	None	Fixation	(221.90, 181.03)	(184.30, 180.89)	2576.008	0.05004883	NaN	NaN	NaN	
2605077945000	2596384406961	None	Fixation	(221.96, 180.84)	(184.41, 180.69)	2576.008	0.06665039	NaN	NaN	NaN	
2605094612000	2596401073727	None	Fixation	(221.68, 180.52)	(183.72, 181.22)	2576.008	0.08325195	NaN	NaN	NaN	
2605111279000	2596417740930	None	Fixation	(222.01, 180.81)	(184.82, 180.87)	2576.008	0.1000977	NaN	NaN	NaN	
2605127945000	2596434406596	None	Fixation	(221.96, 180.73)	(184.09, 181.28)	2576.008	0.1166992	NaN	NaN	NaN	
2605144612000	2596451073052	None	Fixation	(221.92, 180.76)	(183.36, 181.33)	2576.008	0.1333008	NaN	NaN	NaN	
2605161278000	2596467739032	None	Fixation	(222.11, 180.45)	(183.66, 180.77)	2576.008	0.1499023	NaN	NaN	NaN	
2605177945000	2596484405612	None	Fixation	(222.29, 180.56)	(184.05, 181.16)	2576.008	0.166748	NaN	NaN	NaN	
2605194612000	2596501072393	None	Fixation	(222.17, 180.76)	(183.78, 181.03)	2576.008	0.1833496	NaN	NaN	NaN	
2605211278000	2596517738182	None	Fixation	(221.96, 180.57)	(184.23, 180.90)	2576.008	0.1999512	NaN	NaN	NaN	
2605227945000	2596534405315	None	Fixation	(222.02, 180.55)	(184.33, 181.27)	2576.008	0.2165527	NaN	NaN	NaN	
2605244610000	2596551070205	None	Fixation	(222.10, 180.75)	(184.23, 181.15)	2576.008	0.2333984	NaN	NaN	NaN	
2605261277000	2596567736868	None	Fixation	(222.16, 180.58)	(184.17, 181.30)	2576.008	0.25	NaN	NaN	NaN	
2605277943000	2596584402606	None	Fixation	(222.54, 180.69)	(184.50, 180.97)	2576.008	0.2666016	NaN	NaN	NaN	
2605294610000	2596601069116	None	Fixation	(221.73, 180.62)	(185.10, 180.10)	2576.008	0.2834473	NaN	NaN	NaN	
2605311276000	2596617734802	None	Fixation	(222.36, 180.78)	(184.34, 181.34)	2576.008	0.3000488	NaN	NaN	NaN	
2605327943000	2596634401593	None	Fixation	(222.15, 180.71)	(184.71, 180.53)	2576.008	0.3166504	NaN	NaN	NaN	
2605344609000	2596651067355	None	Fixation	(222.07, 180.61)	(184.30, 181.12)	2576.008	0.333252	NaN	NaN	NaN	
2605361276000	2596667734142	None	Fixation	(222.02, 180.75)	(184.61, 180.97)	2576.008	0.3500977	NaN	NaN	NaN	
2605377943000	2596684400914	None	Fixation	(222.19, 180.75)	(184.64, 180.42)	2576.008	0.3666992	NaN	NaN	NaN	
2605394609000	2596701066999	None	Saccade	(224.55, 176.18)	(185.29, 186.31)	2576.374	0.01660156	63.26301	2.425883	190.486	
2605411276000	2596717733448	None	Saccade	(227.95, 167.13)	(189.90, 203.75)	2576.374	0.03320313	118.8983	9.805667	185.116	
2605427942000	2596734399217	None	Saccade	(229.05, 159.93)	(192.37, 213.11)	2576.374	0.05004883	118.9939	13.77027	179.691	
2605444609000	2596751066014	None	Pursuit	(229.23, 160.59)	(191.94, 211.82)	2576.424	0.01660156	8.37472	0.2791573	331.9746	
2605461275000	2596767731772	None	Pursuit	(229.25, 160.49)	(192.85, 212.15)	2576.424	0.03320313	1.224828	0.2422205	328.1412	
2605477942000	2596784398571	None	Pursuit	(229.02, 160.01)	(192.99, 212.38)	2576.424	0.04980469	6.497882	0.03509958	8.333089	
2605494608000	2596801064358	None	Unknown	(228.98, 159.37)	(192.12, 210.78)	NaN	NaN	NaN	NaN	NaN	
2605511275000	2596817731114	None	Fixation	(229.19, 159.55)	(192.14, 211.29)	2576.491	0.01660156	NaN	NaN	NaN	
2605527942000	2596834397947	None	Fixation	(229.43, 159.73)	(193.07, 211.08)	2576.491	0.03320313	NaN	NaN	NaN	
2605544608000	2596851063634	None	Fixation	(228.90, 159.45)	(192.31, 211.25)	2576.491	0.05004883	NaN	NaN	NaN	
2605561275000	2596867730752	None	Fixation	(229.45, 159.36)	(192.94, 210.65)	2576.491	0.06665039	NaN	NaN	NaN	
2605577940000	2596884395179	None	Fixation	(229.24, 159.22)	(192.76, 210.76)	2576.491	0.08325195	NaN	NaN	NaN	
2605594607000	2596901062043	None	Fixation	(229.41, 159.42)	(192.49, 211.02)	2576.491	0.09985352	NaN	NaN	NaN	
2605611273000	2596917727740	None	Fixation	(229.47, 159.20)	(192.39, 211.27)	2576.491	0.1166992	NaN	NaN	NaN	
2605627940000	2596934394522	None	Fixation	(229.60, 159.07)	(192.16, 211.45)	2576.491	0.1333008	NaN	NaN	NaN	
2605644606000	2596951060290	None	Fixation	(229.51, 159.31)	(192.23, 211.02)	2576.491	0.1499023	NaN	NaN	NaN	
2605661273000	2596967727094	None	Fixation	(229.34, 159.22)	(191.70, 211.05)	2576.491	0.1665039	NaN	NaN	NaN	
2605677939000	2596984392922	None	Fixation	(229.65, 159.13)	(191.73, 210.78)	2576.491	0.1833496	NaN	NaN	NaN	
2605694606000	2597001059659	None	Fixation	(229.45, 158.98)	(191.81, 210.72)	2576.491	0.1999512	NaN	NaN	NaN	
2605711272000	2597017725738	None	Fixation	(229.56, 159.08)	(191.82, 211.16)	2576.491	0.2165527	NaN	NaN	NaN	
2605727939000	2597034392150	None	Fixation	(229.53, 158.98)	(192.52, 210.35)	2576.491	0.2331543	NaN	NaN	NaN	
2605744606000	2597051058955	None	Fixation	(229.54, 159.03)	(192.59, 210.04)	2576.491	0.25	NaN	NaN	NaN	
2605761272000	2597067724729	None	Fixation	(229.58, 158.84)	(191.90, 211.06)	2576.491	0.2666016	NaN	NaN	NaN	
2605777939000	2597084391481	None	Fixation	(229.38, 158.90)	(192.40, 210.82)	2576.491	0.2832031	NaN	NaN	NaN	
2605794605000	2597101057237	None	Fixation	(229.38, 158.92)	(192.08, 210.69)	2576.491	0.2998047	NaN	NaN	NaN	
2605811272000	2597117724026	None	Fixation	(229.51, 158.95)	(192.23, 210.32)	2576.491	0.3166504	NaN	NaN	NaN	
2605827938000	2597134389813	None	Fixation	(229.42, 158.80)	(192.41, 210.20)	2576.491	0.333252	NaN	NaN	NaN	
2605844605000	2597151056727	None	Fixation	(229.57, 158.85)	(192.10, 210.88)	2576.491	0.3498535	NaN	NaN	NaN	
2605861271000	2597167722445	None	Fixation	(229.36, 158.82)	(192.21, 210.73)	2576.491	0.3666992	NaN	NaN	NaN	
2605877938000	2597184389146	None	Fixation	(229.39, 158.84)	(191.97, 211.00)	2576.491	0.3833008	NaN	NaN	NaN	
2605894605000	2597201056027	None	Fixation	(229.64, 158.82)	(191.89, 210.93)	2576.491	0.3999023	NaN	NaN	NaN	
2605911271000	2597217721683	None	Fixation	(229.25, 158.83)	(192.50, 210.36)	2576.491	0.4165039	NaN	NaN	NaN	
2605927938000	2597234388719	None	Fixation	(229.02, 160.20)	(191.20, 208.04)	2576.491	0.4333496	NaN	NaN	NaN	
2605944603000	2597251053439	None	Saccade	(226.99, 171.62)	(185.23, 192.97)	2576.924	0.01660156	142.668	6.645553	354.22	
2605961270000	2597267720008	None	Saccade	(223.06, 181.52)	(184.10, 185.57)	2576.924	0.03320313	131.0227	9.659943	179.0348	
2605977934000	2597284383787	None	Unknown	(223.50, 181.77)	(184.06, 186.65)	NaN	NaN	NaN	NaN	NaN	
2605994601000	2597301050652	None	Pursuit	(223.27, 181.67)	(182.95, 183.45)	2576.974	0.0168457	3.130598	0.1043533	99.89687	
2606011269000	2597317718331	None	Pursuit	(222.99, 180.62)	(180.55, 183.80)	2576.974	0.03344727	13.38307	0.5163654	143.1316	
2606027936000	2597334385412	None	Pursuit	(222.97, 180.29)	(184.10, 183.47)	2576.974	0.05004883	43.96463	1.305823	13.74696	
2606044603000	2597351052275	None	Pursuit	(223.22, 180.58)	(183.93, 182.62)	2576.974	0.06665039	10.70762	1.656603	11.17863	
2606061269000	2597367717675	None	Pursuit	(223.09, 180.61)	(183.77, 182.41)	2576.974	0.08349609	3.28027	1.744485	8.985798	
2606077936000	2597384384477	None	Pursuit	(223.14, 180.10)	(183.30, 183.63)	2576.974	0.1000977	16.08999	1.276825	358.8922	
2606094602000	2597401050294	None	Fixation	(223.28, 179.76)	(184.02, 182.83)	2577.024	0.06665039	NaN	NaN	NaN	
2606111269000	2597417716974	None	Fixation	(221.73, 182.18)	(184.19, 180.02)	2577.024	0.08349609	NaN	NaN	NaN	
2606127935000	2597434382779	None	Saccade	(222.10, 181.72)	(184.10, 180.83)	2577.108	0.01660156	10.02144	0.3340479	199.3494	
2606144600000	2597451047536	None	Pursuit	(222.24, 181.50)	(184.02, 180.82)	2577.108	0.03320313	0.978901	0.3359559	204.9229	
2606161268000	2597467715307	None	Fixation	(221.79, 181.47)	(183.93, 180.42)	2577.024	0.1333008	NaN	NaN	NaN	
2606177935000	2597484382081	None	Fixation	(221.83, 181.43)	(183.29, 180.77)	2577.024	0.1501465	NaN	NaN	NaN	
2606194602000	2597501048875	None	Fixation	(221.95, 181.32)	(184.08, 182.35)	2577.024	0.166748	NaN	NaN	NaN	
2606211268000	2597517714648	None	Fixation	(222.07, 181.27)	(183.19, 181.22)	2577.024	0.1833496	NaN	NaN	NaN	
2606227934000	2597534380418	None	Fixation	(221.88, 181.18)	(183.58, 180.53)	2577.024	0.1999512	NaN	NaN	NaN	
2606244601000	2597551047211	None	Fixation	(221.99, 181.18)	(184.30, 180.60)	2577.024	0.2167969	NaN	NaN	NaN	
2606261267000	2597567712992	None	Fixation	(221.99, 181.24)	(183.34, 181.20)	2577.024	0.2333984	NaN	NaN	NaN	
2606277934000	2597584379757	None	Fixation	(222.02, 181.28)	(183.60, 180.73)	2577.024	0.25	NaN	NaN	NaN	
2606294601000	2597601046893	None	Fixation	(222.00, 181.18)	(183.78, 180.43)	2577.024	0.2666016	NaN	NaN	NaN	
2606311267000	2597617712979	None	Fixation	(222.03, 181.23)	(183.97, 181.06)	2577.024	0.2834473	NaN	NaN	NaN	
2606327934000	2597634379711	None	Fixation	(222.25, 181.44)	(183.06, 180.79)	2577.024	0.3000488	NaN	NaN	NaN	
2606344599000	2597651043824	None	Fixation	(222.10, 181.40)	(184.17, 180.51)	2577.024	0.3166504	NaN	NaN	NaN	
2606377931000	2597684376016	None	Blink	(218.77, 187.16)	(186.88, 186.35)	NaN	NaN	NaN	NaN	NaN	
2606394598000	2597701042710	None	Blink	(0.00, 0.00)	(0.00, 0.00)	NaN	NaN	NaN	NaN	NaN	
2606411265000	2597717709170	None	Blink	(0.00, 0.00)	(0.00, 0.00)	NaN	NaN	NaN	NaN	NaN	
2606427931000	2597734375357	None	Blink	(0.00, 0.00)	(0.00, 0.00)	NaN	NaN	NaN	NaN	NaN	
2606444596000	2597751039722	None	Blink	(0.00, 0.00)	(0.00, 0.00)	NaN	NaN	NaN	NaN	NaN	
2606461264000	2597767707486	None	Blink	(0.00, 0.00)	(0.00, 0.00)	NaN	NaN	NaN	NaN	NaN	
2606477931000	2597784374295	None	Blink	(209.46, 184.46)	(0.00, 0.00)	NaN	NaN	NaN	NaN	NaN	
2606494597000	2597801040074	None	Blink	(220.96, 185.64)	(178.42, 184.22)	NaN	NaN	NaN	NaN	NaN	
2606511264000	2597817706926	None	Blink	(218.46, 184.45)	(183.96, 182.70)	NaN	NaN	NaN	NaN	NaN	
2606511264000	2597817706599	None	Blink	(218.46, 184.45)	(183.96, 182.70)	NaN	NaN	NaN	NaN	NaN	
2606527930000	2597834372720	None	Blink	(219.54, 184.28)	(186.74, 181.89)	NaN	NaN	NaN	NaN	NaN	
2606544597000	2597851039151	None	Blink	(220.06, 183.86)	(185.06, 181.67)	NaN	NaN	NaN	NaN	NaN	
2606561263000	2597867704932	None	Blink	(220.41, 183.45)	(183.85, 181.79)	NaN	NaN	NaN	NaN	NaN	
2606577930000	2597884371714	None	Blink	(220.88, 183.19)	(182.75, 181.05)	NaN	NaN	NaN	NaN	NaN	
2606594596000	2597901037504	None	Blink	(221.00, 183.05)	(185.35, 180.61)	NaN	NaN	NaN	NaN	NaN	
2606611263000	2597917704256	None	Blink	(221.32, 182.85)	(185.02, 180.75)	NaN	NaN	NaN	NaN	NaN	
2606627930000	2597934371047	None	WinkRight	(221.47, 182.78)	(183.99, 180.62)	NaN	NaN	NaN	NaN	NaN	
2606644595000	2597951035777	None	Fixation	(221.59, 182.75)	(184.85, 180.02)	2577.024	0.6166992	NaN	NaN	NaN	
2606661262000	2597967702609	None	Fixation	(221.53, 182.55)	(184.73, 180.39)	2577.024	0.6333008	NaN	NaN	NaN	
2606677926000	2597984366398	None	Fixation	(221.77, 182.21)	(184.44, 180.03)	2577.024	0.6501465	NaN	NaN	NaN	
2606694593000	2598001033142	None	Fixation	(221.75, 182.32)	(182.29, 180.43)	2577.024	0.666748	NaN	NaN	NaN	
2606711261000	2598017700912	None	Fixation	(221.94, 182.28)	(184.06, 180.37)	2577.024	0.6833496	NaN	NaN	NaN	
2606727928000	2598034367710	None	Fixation	(221.14, 181.52)	(185.15, 181.64)	2577.024	0.6999512	NaN	NaN	NaN	
2606744594000	2598051033472	None	Saccade	(220.83, 182.08)	(185.94, 180.34)	2577.724	0.0168457	18.69229	0.6230763	44.42896	
2606761261000	2598067700243	None	Pursuit	(221.09, 181.92)	(185.50, 181.57)	2577.724	0.03344727	16.03312	0.1464679	91.61127	
2606777927000	2598084366026	None	Fixation	(221.02, 181.93)	(183.57, 180.58)	2577.024	0.75	NaN	NaN	NaN	
2606794594000	2598101032805	None	Fixation	(220.62, 181.94)	(185.64, 180.96)	2577.024	0.7666016	NaN	NaN	NaN	
2606811261000	2598117699883	None	Fixation	(220.63, 181.73)	(185.66, 181.58)	2577.024	0.7834473	NaN	NaN	NaN	
2606827927000	2598134365937	None	Fixation	(220.92, 181.64)	(185.60, 181.20)	2577.024	0.8000488	NaN	NaN	NaN	
2606844594000	2598151032114	None	Fixation	(220.92, 181.67)	(185.76, 181.96)	2577.024	0.8166504	NaN	NaN	NaN	
2606861260000	2598167697890	None	Fixation	(220.76, 181.67)	(185.63, 179.91)	2577.024	0.8334961	NaN	NaN	NaN	
2606877925000	2598184362673	None	Fixation	(221.08, 181.57)	(185.60, 180.51)	2577.024	0.8500977	NaN	NaN	NaN	
2606894591000	2598201028535	None	Fixation	(220.83, 181.56)	(184.94, 180.92)	2577.024	0.8666992	NaN	NaN	NaN	
2606911260000	2598217697204	None	Fixation	(220.91, 181.62)	(185.54, 179.90)	2577.024	0.8833008	NaN	NaN	NaN	
2606927926000	2598234363009	None	Fixation	(221.16, 181.32)	(184.72, 181.22)	2577.024	0.9001465	NaN	NaN	NaN	
2606944593000	2598251029779	None	Fixation	(221.24, 181.33)	(185.39, 179.89)	2577.024	0.916748	NaN	NaN	NaN	
2606961259000	2598267695559	None	Fixation	(221.58, 181.14)	(185.23, 180.25)	2577.024	0.9333496	NaN	NaN	NaN	
2606977926000	2598284362324	None	Fixation	(221.76, 181.16)	(184.49, 181.26)	2577.024	0.9499512	NaN	NaN	NaN	
2606994593000	2598301029437	None	Fixation	(221.57, 181.15)	(185.11, 180.01)	2577.024	0.9667969	NaN	NaN	NaN	
2607011259000	2598317694903	None	Saccade	(221.80, 181.03)	(182.05, 180.03)	2577.991	0.01660156	37.7579	1.258597	282.6324	
2607027926000	2598334361664	None	Pursuit	(221.92, 180.95)	(182.24, 180.19)	2577.991	0.03320313	3.140367	1.181259	279.317	
2607044592000	2598351027422	None	Pursuit	(221.89, 181.12)	(184.94, 180.58)	2577.991	0.04980469	33.56158	0.2446032	209.954	
2607061259000	2598367694218	None	Pursuit	(222.09, 181.08)	(184.49, 180.59)	2577.991	0.06665039	5.487024	0.3495503	239.6367	
2607077924000	2598384358999	None	Fixation	(221.85, 181.25)	(184.17, 180.56)	2577.024	1.050049	NaN	NaN	NaN	
2607094591000	2598401026124	None	Fixation	(222.04, 181.04)	(183.97, 181.16)	2577.024	1.06665	NaN	NaN	NaN	
2607111257000	2598417691827	None	Fixation	(221.92, 180.90)	(184.98, 180.06)	2577.024	1.083496	NaN	NaN	NaN	
2607127924000	2598434358339	None	Fixation	(222.03, 180.96)	(184.73, 180.22)	2577.024	1.100098	NaN	NaN	NaN	
2607144591000	2598451025437	None	Fixation	(222.22, 181.07)	(184.27, 180.65)	2577.024	1.116699	NaN	NaN	NaN	
2607161257000	2598467690880	None	Fixation	(222.03, 180.95)	(184.82, 179.92)	2577.024	1.133301	NaN	NaN	NaN	
2607177924000	2598484357605	None	Fixation	(222.09, 180.92)	(184.76, 180.03)	2577.024	1.150146	NaN	NaN	NaN	
2607194590000	2598501023426	None	Fixation	(222.09, 181.06)	(184.90, 179.96)	2577.024	1.166748	NaN	NaN	NaN	
2607211257000	2598517690597	None	Fixation	(222.01, 180.85)	(183.73, 180.67)	2577.024	1.18335	NaN	NaN	NaN	
2607227923000	2598534356064	None	Fixation	(222.06, 180.82)	(184.03, 181.26)	2577.024	1.199951	NaN	NaN	NaN	
2607244590000	2598551022743	None	Fixation	(222.27, 180.91)	(184.76, 179.63)	2577.024	1.216797	NaN	NaN	NaN	
2607261256000	2598567688527	None	Fixation	(222.10, 180.72)	(184.16, 180.03)	2577.024	1.233398	NaN	NaN	NaN	
2607277923000	2598584355354	None	Fixation	(222.30, 180.75)	(182.06, 180.16)	2577.024	1.25	NaN	NaN	NaN	
2607294589000	2598601021090	None	Fixation	(222.28, 180.66)	(184.32, 179.97)	2577.024	1.266602	NaN	NaN	NaN	
2607311256000	2598617687830	None	Fixation	(222.58, 180.74)	(184.42, 180.43)	2577.024	1.283447	NaN	NaN	NaN	
2607327922000	2598634353642	None	Fixation	(222.22, 180.61)	(184.36, 180.23)	2577.024	1.300049	NaN	NaN	NaN	
2607344587000	2598651018381	None	Fixation	(222.38, 180.80)	(184.95, 180.17)	2577.024	1.31665	NaN	NaN	NaN	
2607361254000	2598667685191	None	Fixation	(222.28, 180.70)	(184.50, 180.53)	2577.024	1.333252	NaN	NaN	NaN	
2607377921000	2598684351933	None	Fixation	(222.26, 180.69)	(184.60, 179.95)	2577.024	1.350098	NaN	NaN	NaN	
2607394588000	2598701018744	None	Fixation	(222.43, 180.69)	(184.82, 180.53)	2577.024	1.366699	NaN	NaN	NaN	
2607427921000	2598734351493	None	Fixation	(222.56, 180.66)	(184.47, 180.30)	2577.024	1.400146	NaN	NaN	NaN	
2607427921000	2598734351277	None	Fixation	(222.56, 180.66)	(184.47, 180.30)	2577.024	1.400146	NaN	NaN	NaN	
2607444587000	2598751017044	None	Fixation	(222.62, 180.65)	(184.76, 180.53)	2577.024	1.416748	NaN	NaN	NaN	
2607461254000	2598767684306	None	Fixation	(222.57, 180.57)	(181.83, 180.68)	2577.024	1.43335	NaN	NaN	NaN	
2607477920000	2598784349592	None	Fixation	(222.61, 180.38)	(182.28, 181.02)	2577.024	1.449951	NaN	NaN	NaN	
2607511253000	2598817682407	None	Saccade	(222.64, 180.45)	(184.89, 181.00)	2578.491	0.01660156	35.44761	1.181587	105.0047	
2607511253000	2598817682500	None	Saccade	(222.64, 180.45)	(184.89, 181.00)	2578.491	0.01660156	35.44761	1.181587	105.0047	
2607544586000	2598851014942	None	Fixation	(222.50, 180.29)	(182.40, 181.13)	2577.024	1.516602	NaN	NaN	NaN	
2607544586000	2598851014693	None	Fixation	(222.50, 180.29)	(182.40, 181.13)	2577.024	1.516602	NaN	NaN	NaN	
2607561253000	2598867681489	None	Fixation	(222.41, 180.38)	(182.04, 181.18)	2577.024	1.533447	NaN	NaN	NaN	
2607577919000	2598884347555	None	Fixation	(222.70, 180.19)	(184.89, 181.27)	2577.024	1.550049	NaN	NaN	NaN	
2607594586000	2598901014064	None	Saccade	(226.15, 178.24)	(182.58, 186.06)	2578.574	0.01660156	48.72033	2.177399	223.1413	
2607611251000	2598917678804	None	Pursuit	(224.79, 179.08)	(183.83, 184.51)	2578.574	0.03320313	19.64306	0.9700015	229.0079	
2607627917000	2598934345280	None	Pursuit	(224.85, 178.92)	(183.75, 184.82)	2578.574	0.05004883	2.086446	1.023234	226.4337	
2607644586000	2598951013979	None	Pursuit	(225.51, 178.93)	(182.90, 186.14)	2578.574	0.06665039	8.18274	1.263169	232.9749	
2607661252000	2598967679146	None	Unknown	(225.35, 178.80)	(182.89, 185.53)	NaN	NaN	NaN	NaN	NaN	
2607677919000	2598984345904	None	Fixation	(225.20, 178.67)	(183.53, 184.92)	2578.657	0.0168457	NaN	NaN	NaN	
2607694586000	2599001013031	None	Fixation	(225.32, 178.32)	(183.34, 185.12)	2578.657	0.03344727	NaN	NaN	NaN	
2607711252000	2599017679125	None	Fixation	(225.43, 178.44)	(183.30, 184.95)	2578.657	0.05004883	NaN	NaN	NaN	
2607727919000	2599034345665	None	Fixation	(225.68, 178.43)	(183.61, 185.44)	2578.657	0.06665039	NaN	NaN	NaN	
2607744585000	2599051011005	None	Fixation	(227.41, 176.18)	(182.58, 187.95)	2578.657	0.08349609	NaN	NaN	NaN	
2607761252000	2599067678123	None	Saccade	(230.31, 175.12)	(181.18, 193.98)	2578.741	0.01660156	38.01331	2.538046	221.4239	
2607777917000	2599084342577	None	Pursuit	(229.59, 174.82)	(181.73, 191.30)	2578.741	0.03320313	9.566772	1.054087	225.034	
2607794584000	2599101009663	None	Pursuit	(230.71, 174.64)	(181.50, 192.44)	2578.741	0.04980469	13.9045	1.492762	231.8713	
2607811250000	2599117675598	None	Pursuit	(230.73, 174.44)	(181.43, 192.86)	2578.741	0.06665039	2.400665	1.535998	229.3232	
2607827917000	2599134341904	None	Unknown	(230.90, 174.08)	(181.47, 192.12)	NaN	NaN	NaN	NaN	NaN	
2607844581000	2599151006107	None	Fixation	(230.21, 173.90)	(181.24, 192.50)	2578.824	0.01660156	NaN	NaN	NaN	
2607861248000	2599167672474	None	Fixation	(230.77, 173.72)	(181.43, 192.48)	2578.824	0.03320313	NaN	NaN	NaN	
2607877916000	2599184340811	None	Fixation	(230.73, 173.76)	(181.55, 193.01)	2578.824	0.05004883	NaN	NaN	NaN	
2607911250000	2599217674334	None	Fixation	(230.97, 173.40)	(181.53, 192.91)	2578.824	0.08325195	NaN	NaN	NaN	
2607911250000	2599217673760	None	Fixation	(230.97, 173.40)	(181.53, 192.91)	2578.824	0.08325195	NaN	NaN	NaN	
2607944583000	2599251006564	None	Saccade	(238.18, 170.52)	(176.59, 203.53)	2578.907	0.03344727	73.4974	4.802618	217.9793	
2607944583000	2599251006313	None	Saccade	(238.18, 170.52)	(176.59, 203.53)	2578.907	0.03344727	73.4974	4.802618	217.9793	
2607961249000	2599267672116	None	Unknown	(236.98, 170.40)	(177.51, 201.92)	NaN	NaN	NaN	NaN	NaN	
2607977916000	2599284339409	None	Pursuit	(238.45, 170.23)	(176.69, 203.19)	2578.958	0.01660156	18.18054	0.6060181	250.3725	
2608011249000	2599317671991	None	Unknown	(238.71, 169.02)	(176.18, 202.33)	NaN	NaN	NaN	NaN	NaN	
2608011249000	2599317671408	None	Unknown	(238.71, 169.02)	(176.18, 202.33)	NaN	NaN	NaN	NaN	NaN	
2608027915000	2599334337188	None	Fixation	(238.57, 168.68)	(176.85, 202.16)	2579.008	0.01660156	NaN	NaN	NaN	
2608044582000	2599351004040	None	Fixation	(239.24, 168.40)	(176.65, 203.58)	2579.008	0.03320313	NaN	NaN	NaN	
2608061248000	2599367669772	None	Fixation	(239.31, 168.45)	(176.33, 202.90)	2579.008	0.05004883	NaN	NaN	NaN	
2608077915000	2599384336522	None	Fixation	(239.25, 168.26)	(176.55, 203.42)	2579.008	0.06665039	NaN	NaN	NaN	
2608111248000	2599417669364	None	Fixation	(239.42, 167.79)	(176.24, 203.31)	2579.008	0.09985352	NaN	NaN	NaN	
2608111248000	2599417669093	None	Fixation	(239.42, 167.79)	(176.24, 203.31)	2579.008	0.09985352	NaN	NaN	NaN	
2608127915000	2599434335893	None	Fixation	(239.65, 167.59)	(176.10, 203.81)	2579.008	0.1166992	NaN	NaN	NaN	
2608144580000	2599451000660	None	Saccade	(243.85, 164.68)	(175.04, 210.15)	2579.124	0.01660156	62.89956	2.63375	212.3952	
2608161247000	2599467667792	None	Unknown	(243.38, 165.29)	(174.01, 210.79)	NaN	NaN	NaN	NaN	NaN	
2608177913000	2599484333410	None	Pursuit	(243.62, 164.83)	(174.08, 210.30)	2579.157	0.0168457	6.380353	0.2126784	194.2773	
2608194580000	2599500999945	None	Pursuit	(245.33, 164.45)	(173.89, 211.72)	2579.157	0.03344727	21.55129	0.870036	233.6383	
2608211246000	2599517665800	None	Unknown	(244.88, 164.29)	(173.83, 211.48)	NaN	NaN	NaN	NaN	NaN	
2608227913000	2599534332991	None	Fixation	(245.04, 163.98)	(173.84, 211.16)	2579.208	0.01660156	NaN	NaN	NaN	
2608244579000	2599550998667	None	Fixation	(244.98, 163.49)	(173.97, 211.12)	2579.208	0.03344727	NaN	NaN	NaN	
2608277912000	2599584331096	None	Fixation	(245.12, 163.56)	(174.03, 211.51)	2579.208	0.06665039	NaN	NaN	NaN	
2608277912000	2599584330898	None	Fixation	(245.12, 163.56)	(174.03, 211.51)	2579.208	0.06665039	NaN	NaN	NaN	
2608311246000	2599617665088	None	Fixation	(245.05, 163.28)	(173.89, 210.93)	2579.208	0.1000977	NaN	NaN	NaN	
2608311246000	2599617664433	None	Fixation	(245.05, 163.28)	(173.89, 210.93)	2579.208	0.1000977	NaN	NaN	NaN	
2608344579000	2599650997562	None	Fixation	(245.24, 163.18)	(173.97, 211.39)	2579.208	0.1333008	NaN	NaN	NaN	
2608344579000	2599650997354	None	Fixation	(245.24, 163.18)	(173.97, 211.39)	2579.208	0.1333008	NaN	NaN	NaN	
2608377912000	2599684329743	None	Fixation	(245.21, 163.17)	(174.06, 212.27)	2579.208	0.166748	NaN	NaN	NaN	
2608377912000	2599684329482	None	Fixation	(245.21, 163.17)	(174.06, 212.27)	2579.208	0.166748	NaN	NaN	NaN	
2608411245000	2599717662546	None	Fixation	(245.15, 163.20)	(174.13, 211.98)	2579.208	0.1999512	NaN	NaN	NaN	
2608411245000	2599717662105	None	Fixation	(245.15, 163.20)	(174.13, 211.98)	2579.208	0.1999512	NaN	NaN	NaN	
2608444578000	2599750995260	None	Fixation	(244.88, 163.17)	(173.96, 212.27)	2579.208	0.2333984	NaN	NaN	NaN	
2608444578000	2599750994597	None	Fixation	(244.88, 163.17)	(173.96, 212.27)	2579.208	0.2333984	NaN	NaN	NaN	
2608477910000	2599784326349	None	Saccade	(240.08, 167.41)	(175.75, 202.48)	2579.458	0.01660156	80.46721	4.073355	29.85143	
2608494577000	2599800993210	None	WinkRight	(225.08, 178.96)	(183.28, 188.64)	NaN	NaN	NaN	NaN	NaN	
2608511243000	2599817658930	None	WinkRight	(222.05, 185.29)	(185.22, 186.42)	NaN	NaN	NaN	NaN	NaN	
2608527910000	2599834326166	None	WinkRight	(223.06, 184.12)	(185.06, 186.62)	NaN	NaN	NaN	NaN	NaN	
2608544576000	2599850991866	None	WinkRight	(220.68, 184.07)	(186.22, 183.52)	NaN	NaN	NaN	NaN	NaN	
2608544576000	2599850991255	None	WinkRight	(220.68, 184.07)	(186.22, 183.52)	NaN	NaN	NaN	NaN	NaN	
2608577909000	2599884324100	None	WinkRight	(222.05, 182.04)	(185.58, 183.55)	NaN	NaN	NaN	NaN	NaN	
2608577909000	2599884323869	None	WinkRight	(222.05, 182.04)	(185.58, 183.55)	NaN	NaN	NaN	NaN	NaN	
2608611242000	2599917656572	None	Saccade	(221.30, 181.97)	(184.42, 183.56)	2579.458	0.1499023	292.2959	12.52183	35.8074	
2608611242000	2599917656367	None	Saccade	(221.30, 181.97)	(184.42, 183.56)	2579.458	0.1499023	292.2959	12.52183	35.8074	
2608644576000	2599950990164	None	Pursuit	(221.66, 181.38)	(183.99, 183.39)	2579.624	0.01660156	19.87662	0.662554	301.1863	
2608644576000	2599950990402	None	Pursuit	(221.66, 181.38)	(183.99, 183.39)	2579.624	0.01660156	19.87662	0.662554	301.1863	
2608677909000	2599984322964	None	Unknown	(221.44, 181.23)	(185.55, 182.71)	NaN	NaN	NaN	NaN	NaN	
2608694575000	2600000988626	None	Fixation	(221.74, 181.14)	(185.00, 183.33)	2579.674	0.01660156	NaN	NaN	NaN	
2608711240000	2600017653266	None	Fixation	(222.36, 182.24)	(184.12, 181.75)	2579.674	0.03320313	NaN	NaN	NaN	
2608711240000	2600017653002	None	Fixation	(222.36, 182.24)	(184.12, 181.75)	2579.674	0.03320313	NaN	NaN	NaN	
2608744575000	2600050987827	None	Fixation	(222.04, 182.81)	(182.40, 181.34)	2579.674	0.06665039	NaN	NaN	NaN	
2608744575000	2600050987562	None	Fixation	(222.04, 182.81)	(182.40, 181.34)	2579.674	0.06665039	NaN	NaN	NaN	
2608777908000	2600084320360	None	Fixation	(221.92, 182.46)	(184.58, 181.05)	2579.674	0.09985352	NaN	NaN	NaN	
2608777908000	2600084320095	None	Fixation	(221.92, 182.46)	(184.58, 181.05)	2579.674	0.09985352	NaN	NaN	NaN	
2608811241000	2600117652947	None	Fixation	(222.27, 182.17)	(181.49, 180.78)	2579.674	0.1333008	NaN	NaN	NaN	
2608811241000	2600117652935	None	Fixation	(222.27, 182.17)	(181.49, 180.78)	2579.674	0.1333008	NaN	NaN	NaN	
2608844574000	2600150985579	None	Fixation	(221.93, 182.05)	(184.31, 182.25)	2579.674	0.1665039	NaN	NaN	NaN	
2608844574000	2600150985205	None	Fixation	(221.93, 182.05)	(184.31, 182.25)	2579.674	0.1665039	NaN	NaN	NaN	
2608877906000	2600184316975	None	Saccade	(222.13, 182.03)	(182.07, 180.85)	2579.857	0.0168457	26.83725	0.8945748	302.2326	
2608894573000	2600200984149	None	Fixation	(221.83, 181.98)	(182.05, 180.73)	2579.674	0.2165527	NaN	NaN	NaN	
2608911239000	2600217650051	None	Saccade	(222.08, 181.90)	(184.87, 180.63)	2579.891	0.01660156	34.686	1.1562	100.9943	
2608911239000	2600217649542	None	Saccade	(222.08, 181.90)	(184.87, 180.63)	2579.891	0.01660156	34.686	1.1562	100.9943	
2608944570000	2600250980504	None	Pursuit	(222.53, 181.55)	(184.94, 180.39)	2579.891	0.05004883	4.440258	1.19151	96.2547	
2608944570000	2600250979935	None	Pursuit	(222.53, 181.55)	(184.94, 180.39)	2579.891	0.05004883	4.440258	1.19151	96.2547	
2608977905000	2600284314633	None	Fixation	(222.05, 181.49)	(184.14, 181.12)	2579.674	0.2998047	NaN	NaN	NaN	
2608977905000	2600284314872	None	Fixation	(222.05, 181.49)	(184.14, 181.12)	2579.674	0.2998047	NaN	NaN	NaN	
2609011239000	2600317648637	None	Fixation	(222.34, 181.17)	(184.77, 180.98)	2579.674	0.333252	NaN	NaN	NaN	
2609011239000	2600317648004	None	Fixation	(222.34, 181.17)	(184.77, 180.98)	2579.674	0.333252	NaN	NaN	NaN	
2609044572000	2600350981121	None	Fixation	(222.48, 181.16)	(184.70, 181.13)	2579.674	0.3664551	NaN	NaN	NaN	
2609061238000	2600367646515	None	Fixation	(222.34, 181.39)	(184.38, 181.35)	2579.674	0.3833008	NaN	NaN	NaN	
2609061238000	2600367646535	None	Fixation	(222.34, 181.39)	(184.38, 181.35)	2579.674	0.3833008	NaN	NaN	NaN	
2609094571000	2600400979363	None	Fixation	(222.65, 181.22)	(184.52, 181.12)	2579.674	0.4165039	NaN	NaN	NaN	
2609111238000	2600417646198	None	Fixation	(222.52, 181.13)	(184.32, 181.17)	2579.674	0.4331055	NaN	NaN	NaN	
2609111238000	2600417645675	None	Fixation	(222.52, 181.13)	(184.32, 181.17)	2579.674	0.4331055	NaN	NaN	NaN	
2609144571000	2600450978395	None	Fixation	(222.70, 181.01)	(184.34, 181.45)	2579.674	0.4665527	NaN	NaN	NaN	
2609144571000	2600450978158	None	Fixation	(222.70, 181.01)	(184.34, 181.45)	2579.674	0.4665527	NaN	NaN	NaN	
2609177904000	2600484310956	None	Fixation	(222.54, 180.72)	(184.70, 181.77)	2579.674	0.4997559	NaN	NaN	NaN	
2609177904000	2600484310717	None	Fixation	(222.54, 180.72)	(184.70, 181.77)	2579.674	0.4997559	NaN	NaN	NaN	
2609211237000	2600517643565	None	Fixation	(222.64, 180.79)	(184.77, 181.36)	2579.674	0.5332031	NaN	NaN	NaN	
2609227904000	2600534310261	None	Fixation	(222.68, 180.81)	(184.52, 181.20)	2579.674	0.5498047	NaN	NaN	NaN	
2609244570000	2600550976058	None	Fixation	(222.55, 180.63)	(184.93, 181.22)	2579.674	0.5666504	NaN	NaN	NaN	
2609244570000	2600550975802	None	Fixation	(222.55, 180.63)	(184.93, 181.22)	2579.674	0.5666504	NaN	NaN	NaN	
2609277903000	2600584308729	None	Fixation	(223.21, 180.61)	(184.84, 181.65)	2579.674	0.5998535	NaN	NaN	NaN	
2609294570000	2600600975393	None	Fixation	(222.98, 180.67)	(184.73, 182.20)	2579.674	0.6164551	NaN	NaN	NaN	
2609311236000	2600617641248	None	Fixation	(222.03, 182.65)	(182.92, 179.93)	2579.674	0.6333008	NaN	NaN	NaN	
2609327903000	2600634307914	None	Fixation	(222.09, 181.51)	(184.91, 180.89)	2579.674	0.6499023	NaN	NaN	NaN	
2609344569000	2600650973871	None	Fixation	(222.48, 181.48)	(184.55, 180.77)	2579.674	0.6665039	NaN	NaN	NaN	
2609361236000	2600667640459	None	Fixation	(222.40, 181.48)	(184.62, 181.69)	2579.674	0.6831055	NaN	NaN	NaN	
2609377903000	2600684307255	None	Fixation	(222.34, 181.20)	(184.35, 181.35)	2579.674	0.6999512	NaN	NaN	NaN	
2609377903000	2600684307007	None	Fixation	(222.34, 181.20)	(184.35, 181.35)	2579.674	0.6999512	NaN	NaN	NaN	
2609411236000	2600717640211	None	Fixation	(222.28, 180.79)	(184.97, 180.99)	2579.674	0.7331543	NaN	NaN	NaN	
2609427902000	2600734305564	None	Fixation	(222.26, 181.05)	(184.51, 180.99)	2579.674	0.7497559	NaN	NaN	NaN	
2609444569000	2600750972346	None	Fixation	(222.35, 181.02)	(184.74, 181.34)	2579.674	0.7666016	NaN	NaN	NaN	
2609461235000	2600767638147	None	Fixation	(222.65, 180.57)	(184.39, 181.71)	2579.674	0.7832031	NaN	NaN	NaN	
2609477902000	2600784305113	None	Fixation	(222.59, 180.92)	(184.65, 181.21)	2579.674	0.7998047	NaN	NaN	NaN	
2609494568000	2600800970664	None	Fixation	(222.58, 180.73)	(181.85, 181.16)	2579.674	0.8166504	NaN	NaN	NaN	
2609511235000	2600817637474	None	Fixation	(223.20, 180.92)	(184.31, 182.30)	2579.674	0.833252	NaN	NaN	NaN	
2609527902000	2600834304939	None	Fixation	(223.21, 180.48)	(182.84, 181.60)	2579.674	0.8498535	NaN	NaN	NaN	
2609544566000	2600850968004	None	Fixation	(223.10, 180.47)	(184.59, 181.19)	2579.674	0.8664551	NaN	NaN	NaN	
2609561233000	2600867634762	None	Fixation	(223.31, 180.34)	(184.64, 181.33)	2579.674	0.8833008	NaN	NaN	NaN	
2609577901000	2600884302615	None	Fixation	(221.98, 182.18)	(183.98, 179.40)	2579.674	0.8999023	NaN	NaN	NaN	
2609594567000	2600900968311	None	Fixation	(221.86, 182.09)	(182.26, 180.78)	2579.674	0.9165039	NaN	NaN	NaN	
2609611233000	2600917634098	None	Fixation	(222.66, 181.85)	(183.57, 180.71)	2579.674	0.9331055	NaN	NaN	NaN	
2609627900000	2600934300963	None	Fixation	(221.97, 181.91)	(183.76, 179.86)	2579.674	0.9499512	NaN	NaN	NaN	
2609644566000	2600950966734	None	Fixation	(222.30, 181.38)	(183.85, 180.65)	2579.674	0.9665527	NaN	NaN	NaN	
2609661233000	2600967633414	None	Fixation	(222.29, 181.57)	(184.36, 179.51)	2579.674	0.9831543	NaN	NaN	NaN	
2609677899000	2600984299256	None	Fixation	(222.39, 181.27)	(184.22, 180.20)	2579.674	0.9997559	NaN	NaN	NaN	
2609694566000	2601000966273	None	Fixation	(222.09, 181.42)	(184.43, 179.61)	2579.674	1.016602	NaN	NaN	NaN	
2609711232000	2601017632416	None	Fixation	(222.06, 181.31)	(182.19, 179.88)	2579.674	1.033203	NaN	NaN	NaN	
2609727899000	2601034298789	None	Fixation	(222.73, 181.17)	(184.31, 179.60)	2579.674	1.049805	NaN	NaN	NaN	
2609744566000	2601050965711	None	Fixation	(222.13, 181.09)	(184.78, 179.59)	2579.674	1.06665	NaN	NaN	NaN	
2609761232000	2601067631448	None	Fixation	(222.18, 181.04)	(184.54, 180.17)	2579.674	1.083252	NaN	NaN	NaN	
2609777899000	2601084298257	None	Fixation	(222.19, 180.84)	(184.52, 181.10)	2579.674	1.099854	NaN	NaN	NaN	
2609777899000	2601084297633	None	Fixation	(222.19, 180.84)	(184.52, 181.10)	2579.674	1.099854	NaN	NaN	NaN	
2609811232000	2601117630503	None	Fixation	(222.34, 181.01)	(184.78, 179.69)	2579.674	1.133301	NaN	NaN	NaN	
2609811232000	2601117630187	None	Fixation	(222.34, 181.01)	(184.78, 179.69)	2579.674	1.133301	NaN	NaN	NaN	
2609844565000	2601150962970	None	Fixation	(222.06, 180.69)	(184.28, 179.72)	2579.674	1.166504	NaN	NaN	NaN	
2609844565000	2601150962732	None	Fixation	(222.06, 180.69)	(184.28, 179.72)	2579.674	1.166504	NaN	NaN	NaN	
2609877898000	2601184295523	None	Fixation	(222.14, 180.81)	(184.55, 180.11)	2579.674	1.199951	NaN	NaN	NaN	
2609894564000	2601200961269	None	Fixation	(222.48, 180.62)	(185.27, 179.64)	2579.674	1.216553	NaN	NaN	NaN	
2609911231000	2601217628064	None	Fixation	(222.60, 180.68)	(183.79, 180.82)	2579.674	1.233154	NaN	NaN	NaN	
2609927898000	2601234294852	None	Fixation	(222.48, 180.55)	(184.18, 180.45)	2579.674	1.249756	NaN	NaN	NaN	
2609944563000	2601250959719	None	Fixation	(222.64, 180.68)	(183.87, 180.35)	2579.674	1.266602	NaN	NaN	NaN	
2609944563000	2601250959443	None	Fixation	(222.64, 180.68)	(183.87, 180.35)	2579.674	1.266602	NaN	NaN	NaN	
2609977896000	2601284292206	None	Fixation	(222.54, 182.08)	(183.66, 180.52)	2579.674	1.299805	NaN	NaN	NaN	
2609994563000	2601300958942	None	Fixation	(222.16, 181.31)	(184.04, 180.18)	2579.674	1.31665	NaN	NaN	NaN	
2610011229000	2601317624798	None	Fixation	(222.64, 181.11)	(181.45, 179.65)	2579.674	1.333252	NaN	NaN	NaN	
2610027896000	2601334291814	None	Fixation	(222.78, 181.11)	(184.29, 179.41)	2579.674	1.349854	NaN	NaN	NaN	
2610044562000	2601350957519	None	Fixation	(222.45, 180.85)	(184.33, 179.47)	2579.674	1.366455	NaN	NaN	NaN	
2610061229000	2601367624321	None	Fixation	(222.49, 181.01)	(183.75, 180.65)	2579.674	1.383301	NaN	NaN	NaN	
2610077895000	2601384289848	None	Saccade	(222.86, 181.03)	(181.78, 179.58)	2581.058	0.01660156	27.55873	0.9186244	311.4723	
2610094562000	2601400956651	None	Fixation	(222.22, 180.84)	(184.38, 179.43)	2579.674	1.416504	NaN	NaN	NaN	
2610111228000	2601417622438	None	Fixation	(222.42, 181.00)	(184.54, 179.35)	2579.674	1.433105	NaN	NaN	NaN	
2610127895000	2601434289116	None	Saccade	(222.19, 181.00)	(184.79, 181.15)	2581.107	0.0168457	22.2975	0.7432501	184.8974	
2610144560000	2601450953919	None	Fixation	(222.63, 180.86)	(184.25, 179.28)	2579.674	1.466553	NaN	NaN	NaN	
2610161226000	2601467619669	None	Fixation	(222.32, 180.91)	(184.39, 179.95)	2579.674	1.483154	NaN	NaN	NaN	
2610177895000	2601484288808	None	Fixation	(222.49, 180.84)	(184.21, 180.91)	2579.674	1.499756	NaN	NaN	NaN	
2610194561000	2601500954540	None	Fixation	(222.13, 180.98)	(183.57, 180.42)	2579.674	1.516602	NaN	NaN	NaN	
2610211228000	2601517621048	None	Fixation	(222.65, 180.86)	(184.25, 179.54)	2579.674	1.533203	NaN	NaN	NaN	
2610211228000	2601517620804	None	Fixation	(222.65, 180.86)	(184.25, 179.54)	2579.674	1.533203	NaN	NaN	NaN	
2610244561000	2601550953693	None	Fixation	(222.08, 180.93)	(184.33, 179.46)	2579.674	1.56665	NaN	NaN	NaN	
2610261227000	2601567619385	None	Fixation	(222.38, 180.79)	(183.79, 180.03)	2579.674	1.583252	NaN	NaN	NaN	
2610277894000	2601584286215	None	Fixation	(222.44, 180.82)	(184.44, 179.26)	2579.674	1.599854	NaN	NaN	NaN	
2610294561000	2601600952921	None	Fixation	(222.37, 180.85)	(184.68, 179.18)	2579.674	1.616455	NaN	NaN	NaN	
2610311226000	2601617619031	None	Fixation	(222.04, 180.80)	(184.57, 179.63)	2579.674	1.633301	NaN	NaN	NaN	
2610327893000	2601634284765	None	Fixation	(222.22, 180.59)	(184.49, 179.82)	2579.674	1.649902	NaN	NaN	NaN	
2610344560000	2601650951259	None	Fixation	(222.30, 180.61)	(184.42, 179.30)	2579.674	1.666504	NaN	NaN	NaN	
2610361227000	2601667618104	None	Fixation	(222.51, 180.69)	(184.08, 179.91)	2579.674	1.683105	NaN	NaN	NaN	
2610377892000	2601684283294	None	Fixation	(221.93, 181.10)	(183.65, 180.29)	2579.674	1.699951	NaN	NaN	NaN	
2610394559000	2601700949570	None	Fixation	(222.61, 181.12)	(184.30, 179.08)	2579.674	1.716553	NaN	NaN	NaN	
2610411225000	2601717615405	None	Fixation	(222.52, 181.06)	(184.30, 179.27)	2579.674	1.733154	NaN	NaN	NaN	
2610427892000	2601734282097	None	Fixation	(222.31, 180.94)	(184.17, 179.08)	2579.674	1.749756	NaN	NaN	NaN	
2610444558000	2601750948431	None	Fixation	(222.20, 180.76)	(184.20, 179.27)	2579.674	1.766602	NaN	NaN	NaN	
2610461225000	2601767615046	None	Fixation	(222.48, 180.97)	(183.59, 180.08)	2579.674	1.783203	NaN	NaN	NaN	
2610477892000	2601784281467	None	Fixation	(222.35, 180.84)	(183.79, 180.16)	2579.674	1.799805	NaN	NaN	NaN	
2610494558000	2601800947530	None	Fixation	(222.57, 180.83)	(183.73, 180.07)	2579.674	1.81665	NaN	NaN	NaN	
2610511222000	2601817611410	None	Fixation	(222.36, 180.74)	(183.95, 179.33)	2579.674	1.833252	NaN	NaN	NaN	
2610527888000	2601834277057	None	Fixation	(222.36, 180.89)	(184.48, 179.07)	2579.674	1.849854	NaN	NaN	NaN	
2610544557000	2601850945645	None	Fixation	(222.36, 180.68)	(184.07, 179.53)	2579.674	1.866455	NaN	NaN	NaN	
2610561223000	2601867611309	None	Fixation	(222.15, 180.62)	(184.31, 179.50)	2579.674	1.883301	NaN	NaN	NaN	
2610577890000	2601884278173	None	Fixation	(222.35, 180.58)	(183.54, 179.88)	2579.674	1.899902	NaN	NaN	NaN	
2610594556000	2601900943886	None	Fixation	(222.39, 180.85)	(184.47, 179.42)	2579.674	1.916504	NaN	NaN	NaN	
2610611223000	2601917610937	None	Fixation	(222.32, 180.61)	(183.94, 179.51)	2579.674	1.933105	NaN	NaN	NaN	
2610627889000	2601934276763	None	Fixation	(222.17, 180.69)	(184.78, 179.05)	2579.674	1.949951	NaN	NaN	NaN	
2610644556000	2601950943183	None	Fixation	(222.35, 180.44)	(184.29, 179.97)	2579.674	1.966553	NaN	NaN	NaN	
2610661222000	2601967608945	None	Fixation	(222.38, 180.52)	(184.37, 179.29)	2579.674	1.983154	NaN	NaN	NaN	
2610677889000	2601984275720	None	Fixation	(222.21, 180.26)	(184.36, 180.50)	2579.674	1.999756	NaN	NaN	NaN	
2610677889000	2601984275696	None	Fixation	(222.21, 180.26)	(184.36, 180.50)	2579.674	1.999756	NaN	NaN	NaN	
2610711221000	2602017607370	None	Fixation	(222.49, 180.71)	(184.31, 179.28)	2579.674	2.033203	NaN	NaN	NaN	
2610727888000	2602034274065	None	Fixation	(222.28, 180.28)	(183.00, 179.53)	2579.674	2.049805	NaN	NaN	NaN	
2610744554000	2602050939836	None	Fixation	(222.90, 180.61)	(184.31, 179.20)	2579.674	2.066406	NaN	NaN	NaN	
2610761221000	2602067606740	None	Fixation	(222.57, 180.63)	(184.31, 179.38)	2579.674	2.083252	NaN	NaN	NaN	
2610777886000	2602084271418	None	Fixation	(222.64, 181.42)	(183.69, 178.74)	2579.674	2.099854	NaN	NaN	NaN	
2610794552000	2602100937168	None	Fixation	(221.99, 180.90)	(184.07, 179.85)	2579.674	2.116455	NaN	NaN	NaN	
2610811220000	2602117605181	None	Fixation	(222.28, 180.90)	(184.56, 179.40)	2579.674	2.133301	NaN	NaN	NaN	
2610827887000	2602134271708	None	Fixation	(222.38, 180.94)	(184.23, 179.25)	2579.674	2.149902	NaN	NaN	NaN	
2610844554000	2602150938472	None	Fixation	(222.53, 180.78)	(183.74, 179.91)	2579.674	2.166504	NaN	NaN	NaN	
2610861220000	2602167604653	None	Fixation	(222.84, 180.93)	(184.60, 179.34)	2579.674	2.183105	NaN	NaN	NaN	
2610877887000	2602184271060	None	Fixation	(222.26, 180.64)	(184.49, 179.36)	2579.674	2.199951	NaN	NaN	NaN	
2610894553000	2602200937157	None	Fixation	(222.12, 180.94)	(183.55, 179.86)	2579.674	2.216553	NaN	NaN	NaN	
2610911220000	2602217603617	None	Fixation	(222.43, 180.96)	(183.98, 179.65)	2579.674	2.233154	NaN	NaN	NaN	
2610927886000	2602234269341	None	Fixation	(221.91, 180.88)	(184.42, 179.74)	2579.674	2.249756	NaN	NaN	NaN	
2610944551000	2602250934533	None	Fixation	(222.17, 180.87)	(184.47, 179.46)	2579.674	2.266602	NaN	NaN	NaN	
2610961217000	2602267599973	None	Fixation	(222.21, 180.85)	(184.49, 179.25)	2579.674	2.283203	NaN	NaN	NaN	
2610977886000	2602284268737	None	Fixation	(222.35, 180.93)	(183.89, 180.13)	2579.674	2.299805	NaN	NaN	NaN	
2610994552000	2602300934506	None	Fixation	(222.14, 180.92)	(184.18, 180.36)	2579.674	2.316406	NaN	NaN	NaN	
2611011219000	2602317601292	None	Fixation	(222.69, 181.08)	(184.06, 179.73)	2579.674	2.333252	NaN	NaN	NaN	
2611027886000	2602334268030	None	Fixation	(221.91, 180.87)	(184.50, 179.37)	2579.674	2.349854	NaN	NaN	NaN	
2611044552000	2602350933835	None	Fixation	(221.91, 180.84)	(184.40, 179.16)	2579.674	2.366455	NaN	NaN	NaN	
2611061219000	2602367600534	None	Fixation	(222.29, 181.02)	(184.28, 179.36)	2579.674	2.383301	NaN	NaN	NaN	
2611077884000	2602384265438	None	Fixation	(222.31, 180.89)	(184.77, 179.32)	2579.674	2.399902	NaN	NaN	NaN	
2611077884000	2602384265408	None	Fixation	(222.31, 180.89)	(184.77, 179.32)	2579.674	2.399902	NaN	NaN	NaN	
2611111217000	2602417597880	None	Fixation	(222.63, 181.08)	(184.12, 179.27)	2579.674	2.433105	NaN	NaN	NaN	
2611127884000	2602434264662	None	Fixation	(222.79, 181.23)	(184.31, 179.38)	2579.674	2.449951	NaN	NaN	NaN	
2611127884000	2602434264665	None	Fixation	(222.79, 181.23)	(184.31, 179.38)	2579.674	2.449951	NaN	NaN	NaN	
2611161217000	2602467597212	None	Fixation	(222.63, 181.11)	(183.88, 180.83)	2579.674	2.483154	NaN	NaN	NaN	
2611177881000	2602484261091	None	Fixation	(222.48, 180.94)	(184.48, 179.73)	2579.674	2.499756	NaN	NaN	NaN	
2611177881000	2602484260996	None	Fixation	(222.48, 180.94)	(184.48, 179.73)	2579.674	2.499756	NaN	NaN	NaN	
2611194548000	2602500927768	None	Fixation	(222.37, 180.97)	(181.82, 179.85)	2579.674	2.516602	NaN	NaN	NaN	
2611211216000	2602517595653	None	Fixation	(222.94, 180.98)	(183.91, 180.07)	2579.674	2.533203	NaN	NaN	NaN	
2611244550000	2602550929114	None	Fixation	(222.91, 180.84)	(184.03, 179.36)	2579.674	2.566406	NaN	NaN	NaN	
2611244550000	2602550929091	None	Fixation	(222.91, 180.84)	(184.03, 179.36)	2579.674	2.566406	NaN	NaN	NaN	
2611261216000	2602567594873	None	Fixation	(222.41, 180.86)	(184.13, 179.47)	2579.674	2.583252	NaN	NaN	NaN	
2611277883000	2602584261681	None	Fixation	(222.18, 180.79)	(182.14, 179.64)	2579.674	2.599854	NaN	NaN	NaN	
2611294549000	2602600927437	None	Fixation	(222.42, 180.80)	(181.86, 179.74)	2579.674	2.616455	NaN	NaN	NaN	
2611311216000	2602617594205	None	Fixation	(222.16, 180.66)	(184.52, 179.39)	2579.674	2.633301	NaN	NaN	NaN	
2611327882000	2602634259945	None	Fixation	(222.29, 180.60)	(184.19, 179.23)	2579.674	2.649902	NaN	NaN	NaN	
2611344549000	2602650926814	None	Fixation	(222.56, 180.88)	(184.50, 179.37)	2579.674	2.666504	NaN	NaN	NaN	
2611361215000	2602667592559	None	Fixation	(222.25, 180.86)	(184.39, 179.82)	2579.674	2.683105	NaN	NaN	NaN	
2611377880000	2602684257298	None	Fixation	(222.93, 180.48)	(183.98, 180.83)	2579.674	2.699951	NaN	NaN	NaN	
2611394547000	2602700924067	None	Saccade	(222.59, 181.62)	(180.80, 178.99)	2582.374	0.01660156	45.17603	1.505868	313.0102	
2611411215000	2602717591926	None	Pursuit	(222.51, 181.65)	(183.18, 179.74)	2582.374	0.03320313	30.76481	0.5531272	337.0018	
2611427882000	2602734258629	None	Pursuit	(222.94, 181.57)	(183.86, 180.13)	2582.374	0.04980469	9.619546	0.2927297	3.890412	
2611444546000	2602750922419	None	Pursuit	(222.93, 181.32)	(184.08, 179.15)	2582.374	0.06665039	12.28567	0.6898887	16.64933	
2611461215000	2602767591160	None	Pursuit	(222.52, 181.12)	(184.06, 179.39)	2582.374	0.08325195	2.967185	0.5911447	16.14134	
2611477878000	2602784254299	None	Fixation	(222.27, 181.21)	(183.74, 179.32)	2579.674	2.799805	NaN	NaN	NaN	
2611494547000	2602800922688	None	Fixation	(222.21, 181.27)	(183.11, 179.44)	2579.674	2.816406	NaN	NaN	NaN	
2611511213000	2602817588500	None	Fixation	(222.65, 181.32)	(183.61, 179.24)	2579.674	2.833252	NaN	NaN	NaN	
2611527880000	2602834255256	None	Fixation	(222.19, 181.43)	(183.99, 179.27)	2579.674	2.849854	NaN	NaN	NaN	
2611544546000	2602850921059	None	Fixation	(222.13, 181.11)	(184.21, 179.26)	2579.674	2.866455	NaN	NaN	NaN	
2611561213000	2602867587825	None	Fixation	(222.19, 181.01)	(183.93, 179.47)	2579.674	2.883301	NaN	NaN	NaN	
2611577880000	2602884255045	None	Fixation	(222.20, 181.14)	(184.19, 179.45)	2579.674	2.899902	NaN	NaN	NaN	
2611594546000	2602900920676	None	Fixation	(222.88, 180.96)	(183.33, 179.73)	2579.674	2.916504	NaN	NaN	NaN	
2611611213000	2602917587163	None	Fixation	(221.98, 180.76)	(183.94, 179.03)	2579.674	2.933105	NaN	NaN	NaN	
2611627879000	2602934252929	None	Fixation	(222.13, 180.88)	(181.01, 179.18)	2579.674	2.949951	NaN	NaN	NaN	
2611644546000	2602950920275	None	Fixation	(222.46, 180.83)	(183.15, 179.80)	2579.674	2.966553	NaN	NaN	NaN	
2611661212000	2602967585624	None	Fixation	(222.32, 180.92)	(183.02, 180.09)	2579.674	2.983154	NaN	NaN	NaN	
2611677879000	2602984252249	None	Fixation	(222.61, 181.06)	(184.01, 179.32)	2579.674	2.999756	NaN	NaN	NaN	
2611694545000	2603000918008	None	Fixation	(222.31, 180.79)	(183.71, 179.32)	2579.674	3.016602	NaN	NaN	NaN	
2611711212000	2603017584769	None	Fixation	(222.21, 180.82)	(183.84, 179.42)	2579.674	3.033203	NaN	NaN	NaN	
2611727878000	2603034250579	None	Fixation	(222.34, 180.95)	(183.87, 178.81)	2579.674	3.049805	NaN	NaN	NaN	
2611744545000	2603050917366	None	Fixation	(222.84, 180.98)	(182.94, 179.93)	2579.674	3.066406	NaN	NaN	NaN	
2611761212000	2603067584140	None	Fixation	(222.44, 180.87)	(183.23, 179.68)	2579.674	3.083252	NaN	NaN	NaN	
2611777876000	2603084247913	None	Fixation	(222.67, 181.06)	(183.49, 178.85)	2579.674	3.099854	NaN	NaN	NaN	
2611794543000	2603100914683	None	Fixation	(222.49, 180.96)	(183.76, 179.09)	2579.674	3.116455	NaN	NaN	NaN	
2611811210000	2603117581464	None	Fixation	(222.39, 181.00)	(182.73, 179.51)	2579.674	3.133301	NaN	NaN	NaN	
2611827877000	2603134248237	None	Fixation	(222.35, 181.00)	(182.62, 179.85)	2579.674	3.149902	NaN	NaN	NaN	
2611844543000	2603150914328	None	Fixation	(222.46, 180.87)	(183.67, 179.43)	2579.674	3.166504	NaN	NaN	NaN	
2611861210000	2603167581173	None	Fixation	(222.24, 180.83)	(183.84, 179.33)	2579.674	3.183105	NaN	NaN	NaN	
2611877876000	2603184246554	None	Fixation	(222.33, 180.99)	(183.83, 178.92)	2579.674	3.199951	NaN	NaN	NaN	
2611894543000	2603200913470	None	Fixation	(222.57, 180.89)	(184.17, 179.02)	2579.674	3.216553	NaN	NaN	NaN	
2611911209000	2603217579109	None	Fixation	(222.55, 180.85)	(183.57, 180.08)	2579.674	3.233154	NaN	NaN	NaN	
2611927876000	2603234245853	None	Fixation	(222.16, 181.11)	(184.20, 179.53)	2579.674	3.249756	NaN	NaN	NaN	
2611944541000	2603250910624	None	Fixation	(221.94, 180.96)	(184.27, 179.27)	2579.674	3.266602	NaN	NaN	NaN	
2611961207000	2603267576410	None	Fixation	(222.29, 180.77)	(183.75, 180.03)	2579.674	3.283203	NaN	NaN	NaN	
2611977876000	2603284245192	None	Fixation	(222.13, 180.78)	(183.69, 180.11)	2579.674	3.299805	NaN	NaN	NaN	
2611994542000	2603300910947	None	Fixation	(222.03, 180.89)	(181.62, 179.38)	2579.674	3.316406	NaN	NaN	NaN	
2612011209000	2603317578034	None	Fixation	(222.09, 180.82)	(184.32, 178.97)	2579.674	3.333252	NaN	NaN	NaN	
2612027875000	2603334243845	None	Fixation	(222.01, 180.82)	(181.66, 179.22)	2579.674	3.349854	NaN	NaN	NaN	
2612044542000	2603350910691	None	Fixation	(221.93, 180.70)	(184.13, 179.63)	2579.674	3.366455	NaN	NaN	NaN	
2612061208000	2603367576106	None	Saccade	(221.97, 180.84)	(184.32, 179.67)	2583.041	0.0168457	2.346607	0.07822025	117.422	
2612077875000	2603384242865	None	Fixation	(222.26, 180.95)	(184.18, 179.35)	2579.674	3.399902	NaN	NaN	NaN	
2612094542000	2603400909623	None	Fixation	(222.10, 180.90)	(183.55, 180.09)	2579.674	3.416504	NaN	NaN	NaN	
2612111208000	2603417575401	None	Fixation	(222.14, 180.86)	(184.19, 179.26)	2579.674	3.433105	NaN	NaN	NaN	
2612127874000	2603434241161	None	Fixation	(222.12, 180.74)	(183.95, 180.29)	2579.674	3.449951	NaN	NaN	NaN	
2612144541000	2603450907937	None	Fixation	(222.82, 180.48)	(184.33, 179.25)	2579.674	3.466553	NaN	NaN	NaN	
2612161208000	2603467574744	None	Fixation	(222.14, 180.60)	(181.93, 179.43)	2579.674	3.483154	NaN	NaN	NaN	
2612177873000	2603484239515	None	Fixation	(221.90, 180.66)	(183.86, 179.82)	2579.674	3.499756	NaN	NaN	NaN	
2612194540000	2603500906267	None	Fixation	(221.86, 180.56)	(184.42, 179.27)	2579.674	3.516602	NaN	NaN	NaN	
2612211204000	2603517570052	None	Fixation	(222.18, 180.58)	(181.55, 179.15)	2579.674	3.533203	NaN	NaN	NaN	
2612227871000	2603534237070	None	Fixation	(222.59, 180.59)	(184.08, 179.42)	2579.674	3.549805	NaN	NaN	NaN	
2612244540000	2603550905966	None	Fixation	(221.89, 180.67)	(184.43, 179.40)	2579.674	3.566406	NaN	NaN	NaN	
2612261206000	2603567571404	None	Fixation	(221.98, 180.49)	(184.00, 180.16)	2579.674	3.583252	NaN	NaN	NaN	
2612277870000	2603584235377	None	Fixation	(222.44, 180.49)	(184.27, 179.94)	2579.674	3.599854	NaN	NaN	NaN	
2612294537000	2603600902273	None	Fixation	(222.55, 180.55)	(184.07, 179.69)	2579.674	3.616455	NaN	NaN	NaN	
2612311204000	2603617568707	None	Fixation	(222.24, 180.83)	(184.52, 179.41)	2579.674	3.633057	NaN	NaN	NaN	
2612327870000	2603634234500	None	Fixation	(221.96, 180.51)	(184.65, 179.41)	2579.674	3.649902	NaN	NaN	NaN	
2612344538000	2603650902818	None	Saccade	(224.62, 178.94)	(183.22, 183.79)	2583.324	0.01660156	56.74467	1.891489	211.1231	
2612361205000	2603667569053	None	Fixation	(224.17, 179.40)	(184.30, 182.30)	2579.674	3.683105	NaN	NaN	NaN	
2612377872000	2603684236182	None	Saccade	(224.55, 179.25)	(183.92, 182.69)	2583.357	0.0168457	5.056735	0.1685578	234.2455	
2612394538000	2603700901571	None	Pursuit	(224.25, 179.75)	(184.40, 182.61)	2583.357	0.03344727	6.067063	0.1329264	173.3902	
2612411205000	2603717568372	None	Fixation	(223.54, 179.82)	(184.31, 181.89)	2583.391	0.01660156	NaN	NaN	NaN	
2612427871000	2603734234144	None	Fixation	(222.56, 179.90)	(184.91, 181.26)	2583.391	0.03320313	NaN	NaN	NaN	
2612444538000	2603750900902	None	Fixation	(222.70, 180.18)	(185.01, 181.11)	2583.391	0.05004883	NaN	NaN	NaN	
2612461204000	2603767566720	None	Fixation	(221.90, 180.44)	(185.50, 180.65)	2583.391	0.06665039	NaN	NaN	NaN	
2612477871000	2603784233470	None	Fixation	(221.10, 180.92)	(185.33, 180.83)	2583.391	0.08325195	NaN	NaN	NaN	
2612494538000	2603800900237	None	Fixation	(220.85, 181.47)	(185.79, 180.40)	2583.391	0.09985352	NaN	NaN	NaN	
2612511204000	2603817566010	None	Fixation	(220.33, 181.68)	(185.13, 180.15)	2583.391	0.1166992	NaN	NaN	NaN	
2612527871000	2603834232784	None	Saccade	(214.58, 188.80)	(186.50, 172.54)	2583.508	0.01660156	112.4775	3.749249	24.54428	
2612544536000	2603850897566	None	Unknown	(213.33, 190.11)	(187.50, 173.52)	NaN	NaN	NaN	NaN	NaN	
2612561203000	2603867564723	None	Pursuit	(213.92, 190.05)	(187.46, 173.06)	2583.541	0.01660156	7.336378	0.2445459	251.4361	
2612577867000	2603884228127	None	Pursuit	(212.47, 190.91)	(187.85, 171.48)	2583.541	0.03344727	20.75582	0.4817006	33.90507	
2612594534000	2603900894901	None	Pursuit	(211.12, 191.48)	(188.08, 170.95)	2583.541	0.05004883	18.02936	1.066388	45.03322	
2612611202000	2603917562674	None	Fixation	(211.16, 191.35)	(188.51, 170.50)	2583.591	0.01660156	NaN	NaN	NaN	
2612627869000	2603934229714	None	Saccade	(210.80, 191.82)	(188.77, 169.58)	2583.607	0.0168457	7.269717	0.2423239	24.48947	
2612644536000	2603950896214	None	Fixation	(209.89, 192.66)	(188.88, 169.00)	2583.591	0.05004883	NaN	NaN	NaN	
2612661202000	2603967561986	None	Fixation	(209.15, 193.14)	(189.22, 168.71)	2583.641	0.01660156	NaN	NaN	NaN	
2612677869000	2603984228775	None	Saccade	(208.07, 193.75)	(188.51, 168.09)	2583.657	0.01660156	15.35444	0.5118145	47.40426	
2612694535000	2604000894551	None	Pursuit	(207.67, 193.92)	(189.00, 167.31)	2583.657	0.03344727	5.326711	0.6883851	49.20847	
2612711200000	2604017559323	None	Fixation	(207.00, 194.75)	(190.06, 166.72)	2583.591	0.1166992	NaN	NaN	NaN	
2612727866000	2604034225083	None	Saccade	(206.55, 195.33)	(191.77, 165.61)	2583.708	0.01660156	25.04085	0.834695	70.12138	
2612744535000	2604050893859	None	Pursuit	(206.01, 195.64)	(190.85, 165.68)	2583.708	0.03320313	11.41441	0.5326812	50.13563	
2612761201000	2604067559653	None	Fixation	(204.96, 196.46)	(190.95, 165.26)	2583.708	0.05004883	NaN	NaN	NaN	
2612777868000	2604084226415	None	Saccade	(204.16, 196.97)	(190.55, 164.28)	2583.758	0.01660156	11.75258	0.3917527	44.20366	
2612794534000	2604100892199	None	Fixation	(203.97, 197.51)	(191.83, 164.24)	2583.758	0.03320313	NaN	NaN	NaN	
2612811201000	2604117558983	None	Saccade	(202.93, 198.08)	(193.19, 162.97)	2583.791	0.01660156	14.57681	0.7633286	54.06815	
2612827867000	2604134224749	None	Unknown	(202.54, 198.40)	(192.13, 163.31)	NaN	NaN	NaN	NaN	NaN	
2612844532000	2604150889514	None	Fixation	(201.90, 198.98)	(192.71, 162.97)	2583.824	0.01660156	NaN	NaN	NaN	
2612861198000	2604167555330	None	Fixation	(201.50, 199.51)	(192.55, 162.29)	2583.824	0.03320313	NaN	NaN	NaN	
2612877867000	2604184224064	None	Fixation	(200.79, 200.09)	(193.03, 161.79)	2583.824	0.05004883	NaN	NaN	NaN	
2612894534000	2604200890869	None	Fixation	(200.36, 200.51)	(192.85, 161.38)	2583.824	0.06665039	NaN	NaN	NaN	
2612911199000	2604217555630	None	Fixation	(199.95, 201.16)	(192.95, 160.94)	2583.824	0.08325195	NaN	NaN	NaN	
2612927866000	2604234222404	None	Fixation	(199.49, 201.83)	(192.17, 160.15)	2583.824	0.09985352	NaN	NaN	NaN	
2612944532000	2604250888157	None	Fixation	(198.82, 202.43)	(193.74, 160.29)	2583.824	0.1166992	NaN	NaN	NaN	
2612961199000	2604267554942	None	Fixation	(198.42, 202.94)	(193.53, 159.71)	2583.824	0.1333008	NaN	NaN	NaN	
2612977865000	2604284220727	None	Fixation	(197.90, 203.41)	(193.28, 159.29)	2583.824	0.1499023	NaN	NaN	NaN	
2612994532000	2604300887542	None	Saccade	(196.52, 205.13)	(194.02, 158.35)	2583.974	0.01660156	27.06204	0.902068	25.79022	
2613011198000	2604317553300	None	Pursuit	(194.43, 206.94)	(195.88, 158.51)	2583.974	0.03344727	34.07034	2.029682	31.51297	
2613027865000	2604334220030	None	Saccade	(194.96, 206.96)	(195.32, 157.06)	2584.008	0.01660156	19.15848	0.6386161	351.6846	
2613044531000	2604350885829	None	Pursuit	(194.21, 207.31)	(195.58, 156.96)	2583.974	0.06665039	10.21691	2.199013	30.46065	
2613061198000	2604367552611	None	Pursuit	(193.67, 207.79)	(195.99, 156.83)	2583.974	0.08325195	8.849687	2.493301	30.95834	
2613077865000	2604384219376	None	Fixation	(193.33, 207.78)	(194.59, 155.78)	2584.057	0.0168457	NaN	NaN	NaN	
2613094531000	2604400885153	None	Fixation	(193.33, 207.74)	(195.98, 155.93)	2584.074	0.01660156	NaN	NaN	NaN	
2613111198000	2604417551937	None	Fixation	(193.15, 208.24)	(196.41, 156.06)	2584.074	0.03320313	NaN	NaN	NaN	
2613127864000	2604434217718	None	Fixation	(192.97, 208.12)	(196.88, 155.67)	2584.074	0.05004883	NaN	NaN	NaN	
2613144531000	2604450884523	None	Fixation	(192.89, 208.26)	(196.17, 155.76)	2584.074	0.06665039	NaN	NaN	NaN	
2613161197000	2604467550275	None	Fixation	(192.87, 208.16)	(196.29, 155.64)	2584.074	0.08325195	NaN	NaN	NaN	
2613177864000	2604484217489	None	Saccade	(201.85, 196.92)	(193.65, 163.21)	2584.157	0.01660156	176.9337	5.897792	208.9156	
2613194530000	2604500882792	None	Saccade	(217.68, 187.58)	(187.88, 179.62)	2584.157	0.03344727	226.0665	13.21577	214.8245	
2613211197000	2604517549589	None	Unknown	(217.85, 186.67)	(187.11, 179.28)	NaN	NaN	NaN	NaN	NaN	
2613227863000	2604534215380	None	Pursuit	(219.34, 187.07)	(185.63, 181.35)	2584.208	0.01660156	19.08255	0.6360851	272.1037	
2613244530000	2604550882149	None	Pursuit	(220.77, 185.81)	(185.31, 180.82)	2584.208	0.03320313	23.41593	1.248225	240.5683	
2613261197000	2604567548901	None	Pursuit	(219.28, 185.22)	(185.87, 179.82)	2584.208	0.05004883	19.66781	0.8347783	211.7061	
2613277863000	2604584214672	None	Fixation	(219.33, 185.10)	(184.97, 179.06)	2584.258	0.01660156	NaN	NaN	NaN	
2613294530000	2604600881501	None	Fixation	(219.41, 184.57)	(185.17, 180.21)	2584.274	0.01660156	NaN	NaN	NaN	
2613311194000	2604617545220	None	Fixation	(220.06, 184.77)	(183.00, 179.48)	2584.274	0.03320313	NaN	NaN	NaN	
2613327861000	2604634212027	None	Fixation	(219.28, 184.74)	(183.73, 179.08)	2584.274	0.05004883	NaN	NaN	NaN	
2613344527000	2604650877790	None	Fixation	(219.50, 184.28)	(185.31, 179.32)	2584.274	0.06665039	NaN	NaN	NaN	
2613361194000	2604667544571	None	Fixation	(219.72, 184.14)	(184.10, 179.23)	2584.274	0.08325195	NaN	NaN	NaN	
2613377862000	2604684212381	None	Fixation	(221.05, 183.47)	(185.33, 179.85)	2584.274	0.1000977	NaN	NaN	NaN	
2613394529000	2604700879888	None	Fixation	(222.23, 183.40)	(184.34, 180.58)	2584.274	0.1166992	NaN	NaN	NaN	
2613411195000	2604717544917	None	Fixation	(221.92, 182.92)	(183.34, 180.60)	2584.274	0.1333008	NaN	NaN	NaN	
2613427862000	2604734211690	None	Fixation	(222.12, 182.60)	(184.29, 180.64)	2584.274	0.1499023	NaN	NaN	NaN	
2613444529000	2604750878448	None	Fixation	(222.60, 182.35)	(184.25, 180.47)	2584.274	0.166748	NaN	NaN	NaN	
2613461195000	2604767544246	None	Fixation	(222.47, 182.20)	(184.46, 180.41)	2584.274	0.1833496	NaN	NaN	NaN	
2613477860000	2604784209003	None	Fixation	(222.24, 182.07)	(184.55, 180.46)	2584.274	0.1999512	NaN	NaN	NaN	
2613494526000	2604800874784	None	Fixation	(222.33, 181.40)	(183.35, 180.93)	2584.274	0.2165527	NaN	NaN	NaN	
2613511195000	2604817543531	None	Fixation	(222.65, 181.68)	(184.29, 180.24)	2584.274	0.2333984	NaN	NaN	NaN	
2613527861000	2604834209337	None	Fixation	(222.43, 181.69)	(184.32, 180.27)	2584.274	0.25	NaN	NaN	NaN	
2613544528000	2604850876412	None	Fixation	(222.30, 181.71)	(184.47, 179.86)	2584.274	0.2666016	NaN	NaN	NaN	
2613561194000	2604867542279	None	Fixation	(222.10, 181.25)	(184.14, 179.90)	2584.274	0.2832031	NaN	NaN	NaN	
2613577861000	2604884209035	None	Fixation	(222.36, 181.25)	(183.75, 180.35)	2584.274	0.3000488	NaN	NaN	NaN	
2613594528000	2604900875818	None	Fixation	(222.70, 181.30)	(184.34, 179.72)	2584.274	0.3166504	NaN	NaN	NaN	
2613611194000	2604917541378	None	Fixation	(222.88, 181.28)	(183.95, 181.08)	2584.274	0.333252	NaN	NaN	NaN	
2613627861000	2604934208357	None	Fixation	(222.30, 181.10)	(181.06, 179.89)	2584.274	0.3500977	NaN	NaN	NaN	
2613644526000	2604950873087	None	Fixation	(223.11, 181.20)	(183.35, 180.55)	2584.274	0.3666992	NaN	NaN	NaN	
2613661193000	2604967539692	None	Fixation	(222.62, 181.18)	(183.87, 180.58)	2584.274	0.3833008	NaN	NaN	NaN	
2613677859000	2604984205323	None	Saccade	(222.47, 180.88)	(184.42, 179.41)	2584.657	0.01660156	15.93265	0.5310884	37.84876	
2613694526000	2605000872085	None	Pursuit	(222.44, 181.10)	(181.87, 180.12)	2584.657	0.03344727	32.54395	0.8430232	295.9879	
2613711192000	2605017538514	None	Fixation	(222.68, 180.88)	(184.19, 179.71)	2584.274	0.4333496	NaN	NaN	NaN	
2613727859000	2605034204624	None	Fixation	(222.35, 180.76)	(184.15, 179.58)	2584.274	0.4499512	NaN	NaN	NaN	
2613744525000	2605050870422	None	Fixation	(222.66, 180.76)	(184.58, 179.75)	2584.274	0.4665527	NaN	NaN	NaN	
2613761192000	2605067537204	None	Fixation	(222.56, 180.80)	(184.04, 179.92)	2584.274	0.4833984	NaN	NaN	NaN	
2613777858000	2605084202954	None	Fixation	(222.39, 180.65)	(184.17, 179.71)	2584.274	0.5	NaN	NaN	NaN	
2613794525000	2605100869720	None	Fixation	(222.44, 180.56)	(184.68, 179.62)	2584.274	0.5166016	NaN	NaN	NaN	
2613811191000	2605117535519	None	Fixation	(222.28, 180.52)	(183.81, 180.81)	2584.274	0.5332031	NaN	NaN	NaN	
2613827858000	2605134202286	None	Fixation	(222.59, 180.61)	(184.49, 179.45)	2584.274	0.5500488	NaN	NaN	NaN	
2613844525000	2605150869059	None	Saccade	(222.29, 180.73)	(181.34, 179.71)	2584.824	0.01660156	38.90034	1.296678	278.3275	
2613861191000	2605167534845	None	Pursuit	(222.50, 180.61)	(182.09, 179.90)	2584.824	0.03320313	9.494839	1.003139	272.3799	
2613877858000	2605184201592	None	Pursuit	(222.57, 180.54)	(184.30, 179.50)	2584.824	0.05004883	27.67822	0.08076116	268.2342	
2613894524000	2605200868000	None	Pursuit	(222.45, 180.48)	(184.31, 179.63)	2584.824	0.06665039	1.580853	0.10491	238.7565	
2613911191000	2605217534161	None	Fixation	(222.71, 180.47)	(182.13, 179.82)	2584.274	0.6333008	NaN	NaN	NaN	
2613927857000	2605234200282	None	Saccade	(222.26, 181.25)	(180.93, 179.04)	2584.907	0.01660156	17.68081	0.5893604	316.1256	
2613944522000	2605250864733	None	Pursuit	(222.48, 181.04)	(183.90, 181.04)	2584.907	0.03344727	44.13439	0.8818967	137.5607	
2613961189000	2605267531500	None	Pursuit	(222.99, 180.93)	(184.17, 179.77)	2584.907	0.05004883	15.99305	0.8370178	101.5455	
2613977857000	2605284199264	None	Pursuit	(222.37, 181.00)	(182.35, 180.02)	2584.907	0.06665039	22.66524	0.1185713	145.0941	
2613994524000	2605300866075	None	Pursuit	(222.50, 180.97)	(184.14, 179.57)	2584.907	0.08325195	22.77288	0.831081	95.79767	
2614011189000	2605317530819	None	Fixation	(222.41, 181.08)	(183.62, 179.97)	2584.274	0.7333984	NaN	NaN	NaN	
2614027856000	2605334197650	None	Fixation	(222.30, 180.94)	(182.87, 179.97)	2584.274	0.75	NaN	NaN	NaN	
2614044522000	2605350863370	None	Fixation	(222.17, 180.74)	(184.50, 179.33)	2584.274	0.7666016	NaN	NaN	NaN	
2614061189000	2605367530145	None	Fixation	(222.18, 180.98)	(184.17, 179.45)	2584.274	0.7832031	NaN	NaN	NaN	
2614077855000	2605384195957	None	Fixation	(221.99, 180.77)	(181.80, 179.50)	2584.274	0.8000488	NaN	NaN	NaN	
2614094522000	2605400862720	None	Fixation	(222.49, 181.00)	(183.99, 179.04)	2584.274	0.8166504	NaN	NaN	NaN	
2614111187000	2605417527489	None	Fixation	(223.04, 181.01)	(183.62, 179.88)	2584.274	0.833252	NaN	NaN	NaN	
2614127853000	2605434193262	None	Fixation	(222.51, 180.91)	(183.72, 179.69)	2584.274	0.8498535	NaN	NaN	NaN	
2614144522000	2605450862015	None	Fixation	(222.76, 180.90)	(181.33, 179.54)	2584.274	0.8666992	NaN	NaN	NaN	
2614161188000	2605467527803	None	Fixation	(222.56, 180.99)	(183.70, 180.43)	2584.274	0.8833008	NaN	NaN	NaN	
2614177855000	2605484194632	None	Saccade	(222.64, 180.92)	(180.92, 179.32)	2585.157	0.01660156	36.84763	1.228254	304.7563	
2614194521000	2605500860376	None	Pursuit	(223.02, 180.94)	(183.74, 179.56)	2585.157	0.03344727	34.87384	0.3552261	15.79914	
2614211186000	2605517525141	None	Fixation	(222.75, 180.74)	(181.36, 179.68)	2584.274	0.9333496	NaN	NaN	NaN	
2614227852000	2605534191246	None	Saccade	(222.53, 180.79)	(183.94, 179.53)	2585.208	0.01660156	31.68049	1.056016	99.78455	
2614244521000	2605550860083	None	Pursuit	(222.94, 180.79)	(180.93, 179.46)	2585.208	0.03320313	36.95754	0.1975107	309.1802	
2614261187000	2605567525791	None	Pursuit	(222.70, 180.88)	(184.03, 179.15)	2585.208	0.05004883	38.35336	1.115944	91.75609	
2614277854000	2605584192871	None	Pursuit	(222.87, 181.06)	(181.05, 179.49)	2585.208	0.06665039	36.88166	0.1483474	314.2686	
2614294520000	2605600858015	None	Pursuit	(222.80, 180.92)	(183.82, 179.44)	2585.208	0.08325195	34.06799	1.013236	97.53697	
2614311187000	2605617524780	None	Pursuit	(222.77, 180.96)	(183.50, 179.73)	2585.208	0.09985352	5.347279	0.8764696	104.4908	
2614327853000	2605634190586	None	Fixation	(223.14, 180.91)	(183.64, 180.33)	2584.274	1.050049	NaN	NaN	NaN	
2614344520000	2605650857334	None	Fixation	(223.06, 180.77)	(183.56, 179.58)	2584.274	1.06665	NaN	NaN	NaN	
2614361187000	2605667524141	None	Fixation	(222.92, 180.90)	(181.62, 179.92)	2584.274	1.083252	NaN	NaN	NaN	
2614377853000	2605684189910	None	Fixation	(222.93, 181.01)	(183.49, 179.10)	2584.274	1.099854	NaN	NaN	NaN	
2614394520000	2605700856689	None	Fixation	(223.37, 180.96)	(183.24, 180.67)	2584.274	1.116699	NaN	NaN	NaN	
2614411185000	2605717521442	None	Fixation	(222.77, 180.74)	(183.44, 179.60)	2584.274	1.133301	NaN	NaN	NaN	
2614427852000	2605734188242	None	Fixation	(223.25, 181.31)	(183.66, 179.40)	2584.274	1.149902	NaN	NaN	NaN	
2614444518000	2605750853974	None	Fixation	(223.22, 181.27)	(180.87, 179.58)	2584.274	1.166748	NaN	NaN	NaN	
2614461185000	2605767520782	None	Fixation	(223.00, 181.29)	(183.09, 179.62)	2584.274	1.18335	NaN	NaN	NaN	
2614477851000	2605784186569	None	Fixation	(222.91, 181.59)	(183.25, 179.55)	2584.274	1.199951	NaN	NaN	NaN	
2614494518000	2605800853347	None	Fixation	(223.24, 181.87)	(183.36, 178.74)	2584.274	1.216553	NaN	NaN	NaN	
2614511184000	2605817519154	None	Fixation	(222.74, 182.28)	(182.97, 179.95)	2584.274	1.233398	NaN	NaN	NaN	
2614527851000	2605834185914	None	Fixation	(223.20, 182.44)	(180.31, 178.75)	2584.274	1.25	NaN	NaN	NaN	
2614544518000	2605850852634	None	Fixation	(223.19, 182.68)	(182.84, 178.64)	2584.274	1.266602	NaN	NaN	NaN	
2614561184000	2605867518447	None	Fixation	(222.79, 182.94)	(182.69, 180.06)	2584.274	1.283203	NaN	NaN	NaN	
2614577851000	2605884185188	None	Saccade	(223.19, 183.13)	(179.50, 178.32)	2585.557	0.0168457	44.67546	1.489182	311.575	
2614594517000	2605900850988	None	Pursuit	(223.14, 183.56)	(182.20, 178.10)	2585.557	0.03344727	33.27564	0.8265057	358.8403	
2614611184000	2605917517742	None	Pursuit	(222.97, 183.95)	(181.89, 177.82)	2585.557	0.05004883	5.194085	0.9757587	353.2397	
2614627850000	2605934183528	None	Pursuit	(223.32, 184.06)	(181.97, 177.50)	2585.557	0.06665039	4.008194	1.089763	357.1115	
2614644517000	2605950850711	None	Saccade	(225.15, 188.06)	(177.15, 175.47)	2585.624	0.0168457	54.11023	1.803674	322.4497	
2614661183000	2605967516085	None	Saccade	(227.04, 191.23)	(174.85, 175.15)	2585.624	0.03344727	45.40562	3.312112	319.5441	
2614677847000	2605984179865	None	Pursuit	(226.62, 191.22)	(175.53, 174.45)	2585.557	0.1166992	11.97714	3.729875	321.0492	
2614694514000	2606000846669	None	Pursuit	(227.57, 191.59)	(174.72, 174.41)	2585.674	0.0168457	12.48557	0.4161856	278.3866	
2614711180000	2606017512415	None	Pursuit	(227.30, 191.48)	(173.13, 174.46)	2585.674	0.03344727	3.55056	0.297928	277.6172	
2614727847000	2606034183494	None	Unknown	(227.30, 191.27)	(173.68, 175.34)	NaN	NaN	NaN	NaN	NaN	
2614744515000	2606050846956	None	Saccade	(227.36, 191.66)	(172.01, 173.60)	2585.724	0.01660156	29.78809	0.9929362	329.1041	
2614761182000	2606067513743	None	Fixation	(227.89, 191.77)	(173.94, 173.03)	2585.724	0.03344727	NaN	NaN	NaN	
2614777847000	2606084178800	None	Fixation	(227.54, 192.02)	(171.46, 173.11)	2585.724	0.05004883	NaN	NaN	NaN	
2614794514000	2606100845695	None	Saccade	(227.54, 192.51)	(173.71, 172.67)	2585.774	0.01660156	28.16187	0.9387288	91.86337	
2614811180000	2606117511479	None	Saccade	(226.10, 195.25)	(170.82, 169.74)	2585.791	0.01660156	38.05615	1.268538	14.82707	
2614827847000	2606134177845	None	Pursuit	(225.91, 196.14)	(172.37, 170.53)	2585.791	0.03344727	11.21661	1.631763	11.29609	
2614844513000	2606150843940	None	Pursuit	(226.52, 196.19)	(171.96, 169.76)	2585.791	0.05004883	7.598958	1.565633	2.522522	
2614861180000	2606167510702	None	Pursuit	(226.04, 196.49)	(172.90, 169.11)	2585.791	0.06665039	6.920229	1.741597	7.699646	
2614877846000	2606184176206	None	Unknown	(225.99, 196.91)	(172.13, 168.95)	NaN	NaN	NaN	NaN	NaN	
2614894513000	2606200842963	None	Saccade	(225.95, 197.00)	(169.39, 168.88)	2585.874	0.0168457	33.65681	1.121894	284.4587	
2614911180000	2606217509697	None	Fixation	(226.63, 197.75)	(170.71, 168.64)	2585.874	0.03344727	NaN	NaN	NaN	
2614927846000	2606234175533	None	Saccade	(226.64, 197.65)	(169.80, 168.07)	2585.907	0.01660156	13.20498	0.4401661	314.7966	
2614944511000	2606250840270	None	Fixation	(226.52, 198.36)	(171.14, 167.55)	2585.874	0.06689453	NaN	NaN	NaN	
2614961177000	2606267506035	None	Fixation	(226.49, 198.16)	(169.64, 168.09)	2585.874	0.08349609	NaN	NaN	NaN	
2614977844000	2606284172829	None	Fixation	(226.41, 198.87)	(170.44, 167.54)	2585.874	0.1000977	NaN	NaN	NaN	
2614994510000	2606300838610	None	Fixation	(226.90, 199.82)	(168.08, 167.66)	2585.874	0.1166992	NaN	NaN	NaN	
2615011179000	2606317507366	None	Saccade	(228.68, 205.15)	(165.04, 164.00)	2585.991	0.0168457	69.16579	2.305526	330.9316	
2615027845000	2606334173164	None	Pursuit	(228.19, 204.15)	(164.85, 165.19)	2585.991	0.03344727	14.82929	1.666426	320.3909	
2615044512000	2606350839914	None	Pursuit	(228.59, 204.59)	(165.64, 165.27)	2586.024	0.01660156	7.399053	0.2466351	304.8142	
2615061178000	2606367505737	None	Pursuit	(228.84, 204.84)	(166.08, 164.23)	2586.024	0.03320313	4.255954	0.3883667	303.6749	
2615077844000	2606384171505	None	Unknown	(228.94, 205.23)	(165.15, 164.31)	NaN	NaN	NaN	NaN	NaN	
2615094510000	2606400837259	None	Fixation	(229.04, 205.34)	(164.92, 164.53)	2586.074	0.01660156	NaN	NaN	NaN	
2615111178000	2606417505044	None	Fixation	(229.19, 205.36)	(165.40, 163.69)	2586.074	0.03320313	NaN	NaN	NaN	
2615127844000	2606434170836	None	Fixation	(229.32, 205.42)	(164.35, 164.27)	2586.074	0.04980469	NaN	NaN	NaN	
2615144510000	2606450836572	None	Fixation	(229.35, 205.48)	(164.31, 163.87)	2586.074	0.06665039	NaN	NaN	NaN	
2615161177000	2606467503376	None	Fixation	(229.55, 205.65)	(163.58, 163.45)	2586.074	0.08325195	NaN	NaN	NaN	
2615177841000	2606484167127	None	Fixation	(229.66, 205.59)	(163.86, 163.61)	2586.074	0.09985352	NaN	NaN	NaN	
2615194508000	2606500833910	None	Fixation	(229.72, 206.02)	(163.50, 163.71)	2586.074	0.1166992	NaN	NaN	NaN	
2615211176000	2606517501685	None	Fixation	(229.72, 205.72)	(162.29, 163.07)	2586.074	0.1333008	NaN	NaN	NaN	
2615227843000	2606534168935	None	Saccade	(229.60, 201.47)	(165.41, 165.89)	2586.208	0.01660156	52.31474	1.743825	155.296	
2615244510000	2606550835878	None	Saccade	(223.53, 188.15)	(180.39, 177.08)	2586.208	0.03320313	179.9467	7.634572	147.6085	
2615261176000	2606567501405	None	Saccade	(219.73, 184.52)	(184.65, 183.84)	2586.241	0.0168457	98.29324	3.276442	160.8091	
2615277843000	2606584168168	None	Pursuit	(221.43, 185.06)	(183.01, 181.99)	2586.258	0.01660156	21.95053	0.7316844	274.6999	
2615294509000	2606600833906	None	Pursuit	(220.69, 182.41)	(185.28, 181.18)	2586.258	0.03320313	33.85454	0.9513606	191.5882	
2615311176000	2606617500337	None	Pursuit	(220.48, 182.62)	(186.12, 179.60)	2586.258	0.04980469	3.697863	0.8364278	188.727	
2615327842000	2606634166556	None	Pursuit	(220.45, 182.94)	(183.05, 179.63)	2586.274	0.05004883	37.67485	0.9676077	13.99357	
2615344507000	2606650830854	None	Pursuit	(220.78, 182.60)	(184.35, 179.78)	2586.274	0.06665039	16.08225	1.059364	44.23285	
2615361173000	2606667496690	None	Fixation	(220.58, 182.35)	(184.77, 179.25)	2586.324	0.03320313	NaN	NaN	NaN	
2615377842000	2606684165417	None	Fixation	(221.21, 182.28)	(182.88, 179.11)	2586.324	0.04980469	NaN	NaN	NaN	
2615394508000	2606700831234	None	Fixation	(220.99, 182.31)	(185.38, 178.47)	2586.324	0.06665039	NaN	NaN	NaN	
2615411175000	2606717497995	None	Fixation	(220.44, 182.07)	(184.47, 179.11)	2586.324	0.08325195	NaN	NaN	NaN	
2615427841000	2606734163845	None	Fixation	(221.22, 181.80)	(184.67, 178.91)	2586.324	0.09985352	NaN	NaN	NaN	
2615444508000	2606750830544	None	Fixation	(220.38, 181.86)	(185.34, 178.62)	2586.324	0.1166992	NaN	NaN	NaN	
2615461175000	2606767497353	None	Fixation	(221.17, 181.69)	(183.51, 179.09)	2586.324	0.1333008	NaN	NaN	NaN	
2615477840000	2606784162105	None	Fixation	(220.53, 181.78)	(184.83, 178.69)	2586.324	0.1499023	NaN	NaN	NaN	
2615494507000	2606800828887	None	Fixation	(220.61, 181.67)	(182.65, 179.19)	2586.324	0.1665039	NaN	NaN	NaN	
2615511173000	2606817494638	None	Fixation	(221.48, 181.61)	(184.98, 179.67)	2586.324	0.1833496	NaN	NaN	NaN	
2615527840000	2606834161473	None	Fixation	(220.63, 181.53)	(184.89, 179.28)	2586.324	0.1999512	NaN	NaN	NaN	
2615544504000	2606850825206	None	Fixation	(220.61, 181.70)	(184.80, 179.76)	2586.324	0.2165527	NaN	NaN	NaN	
2615561171000	2606867491988	None	Fixation	(220.77, 181.61)	(184.82, 180.05)	2586.324	0.2331543	NaN	NaN	NaN	
2615577839000	2606884159749	None	Fixation	(220.78, 181.51)	(182.55, 179.17)	2586.324	0.25	NaN	NaN	NaN	
2615594506000	2606900826533	None	Fixation	(220.81, 181.56)	(184.96, 179.09)	2586.324	0.2666016	NaN	NaN	NaN	
2615611172000	2606917492307	None	Fixation	(220.73, 181.38)	(185.11, 178.86)	2586.324	0.2832031	NaN	NaN	NaN	
2615627839000	2606934159415	None	Fixation	(220.95, 181.32)	(184.63, 180.13)	2586.324	0.2998047	NaN	NaN	NaN	
2615644505000	2606950825218	None	Fixation	(220.79, 181.43)	(184.64, 180.20)	2586.324	0.3166504	NaN	NaN	NaN	
2615661172000	2606967491642	None	Fixation	(220.94, 181.50)	(182.09, 179.06)	2586.324	0.333252	NaN	NaN	NaN	
2615677839000	2606984158757	None	Fixation	(220.91, 181.21)	(185.02, 179.55)	2586.324	0.3498535	NaN	NaN	NaN	
2615694505000	2607000824202	None	Fixation	(221.10, 181.26)	(185.06, 179.96)	2586.324	0.3664551	NaN	NaN	NaN	
2615711170000	2607017488933	None	Fixation	(221.23, 181.37)	(184.57, 180.10)	2586.324	0.3833008	NaN	NaN	NaN	
2615727836000	2607034154746	None	Fixation	(221.20, 181.10)	(184.64, 180.09)	2586.324	0.3999023	NaN	NaN	NaN	
2615744505000	2607050823492	None	Fixation	(220.94, 181.04)	(185.27, 179.15)	2586.324	0.4165039	NaN	NaN	NaN	
2615761171000	2607067489325	None	Fixation	(221.51, 180.99)	(184.85, 180.63)	2586.324	0.4333496	NaN	NaN	NaN	
2615777838000	2607084156063	None	Fixation	(221.12, 181.00)	(185.26, 179.20)	2586.324	0.4499512	NaN	NaN	NaN	
2615794504000	2607100821884	None	Fixation	(220.92, 181.03)	(184.09, 179.60)	2586.324	0.4665527	NaN	NaN	NaN	
2615811171000	2607117488611	None	Fixation	(220.82, 181.02)	(184.77, 179.60)	2586.324	0.4831543	NaN	NaN	NaN	
2615827838000	2607134155397	None	Fixation	(221.06, 180.67)	(185.41, 179.33)	2586.324	0.5	NaN	NaN	NaN	
2615844504000	2607150821560	None	Fixation	(221.11, 180.93)	(185.25, 178.73)	2586.324	0.5166016	NaN	NaN	NaN	
2615861171000	2607167488254	None	Fixation	(221.36, 180.84)	(184.78, 178.82)	2586.324	0.5332031	NaN	NaN	NaN	
2615877836000	2607184153021	None	Fixation	(220.87, 181.06)	(185.14, 179.00)	2586.324	0.5498047	NaN	NaN	NaN	
2615894503000	2607200819541	None	Fixation	(221.39, 180.85)	(185.48, 178.42)	2586.324	0.5666504	NaN	NaN	NaN	
2615911167000	2607217483278	None	Fixation	(221.12, 180.94)	(184.56, 179.66)	2586.324	0.583252	NaN	NaN	NaN	
2615927834000	2607234150087	None	Fixation	(221.24, 180.89)	(185.57, 178.69)	2586.324	0.5998535	NaN	NaN	NaN	
2615944500000	2607250815795	None	Fixation	(221.10, 180.90)	(185.27, 178.81)	2586.324	0.6164551	NaN	NaN	NaN	
2615961167000	2607267482965	None	Fixation	(221.52, 180.68)	(185.08, 179.15)	2586.324	0.6333008	NaN	NaN	NaN	
2615977835000	2607284150683	None	Fixation	(221.34, 180.84)	(185.21, 180.78)	2586.324	0.6499023	NaN	NaN	NaN	
2615994502000	2607300817252	None	Fixation	(221.21, 180.77)	(184.14, 179.69)	2586.324	0.6665039	NaN	NaN	NaN	
2616011169000	2607317483944	None	Fixation	(221.28, 180.84)	(184.47, 179.96)	2586.324	0.6833496	NaN	NaN	NaN	
2616027835000	2607334149711	None	Fixation	(221.40, 180.80)	(184.99, 178.83)	2586.324	0.6999512	NaN	NaN	NaN	
2616044502000	2607350816494	None	Fixation	(221.51, 180.70)	(184.86, 180.04)	2586.324	0.7165527	NaN	NaN	NaN	
2616061168000	2607367482267	None	Fixation	(221.19, 180.68)	(184.66, 179.71)	2586.324	0.7331543	NaN	NaN	NaN	
2616077835000	2607384149043	None	Fixation	(221.21, 180.57)	(184.81, 179.88)	2586.324	0.75	NaN	NaN	NaN	
2616094501000	2607400814824	None	Fixation	(221.21, 180.51)	(184.73, 180.04)	2586.324	0.7666016	NaN	NaN	NaN	
2616111168000	2607417481623	None	Fixation	(221.03, 180.53)	(183.04, 179.04)	2586.324	0.7832031	NaN	NaN	NaN	
2616127834000	2607434147367	None	Fixation	(220.94, 180.58)	(185.05, 179.58)	2586.324	0.7998047	NaN	NaN	NaN	
2616144501000	2607450814639	None	Fixation	(221.21, 180.56)	(182.84, 178.94)	2586.324	0.8166504	NaN	NaN	NaN	
2616161167000	2607467479941	None	Fixation	(220.96, 180.48)	(185.02, 178.94)	2586.324	0.833252	NaN	NaN	NaN	
2616177834000	2607484146780	None	Fixation	(221.09, 180.38)	(184.68, 179.16)	2586.324	0.8498535	NaN	NaN	NaN	
2616194501000	2607500814195	None	Fixation	(220.94, 180.45)	(185.35, 178.83)	2586.324	0.8664551	NaN	NaN	NaN	
2616211167000	2607517479229	None	Fixation	(221.03, 181.06)	(184.16, 178.81)	2586.324	0.8833008	NaN	NaN	NaN	
2616227834000	2607534146048	None	Fixation	(219.76, 182.86)	(185.33, 177.49)	2586.324	0.8999023	NaN	NaN	NaN	
2616244499000	2607550811220	None	Fixation	(220.09, 182.33)	(185.41, 177.59)	2586.324	0.9165039	NaN	NaN	NaN	
2616261166000	2607567477996	None	Fixation	(220.02, 182.24)	(184.95, 177.90)	2586.324	0.9333496	NaN	NaN	NaN	
2616277830000	2607584141353	None	Fixation	(219.93, 182.02)	(185.50, 177.11)	2586.324	0.9499512	NaN	NaN	NaN	
2616294499000	2607600810165	None	Fixation	(220.47, 181.85)	(185.23, 177.96)	2586.324	0.9665527	NaN	NaN	NaN	
2616311165000	2607617475882	None	Fixation	(220.27, 181.90)	(184.88, 177.90)	2586.324	0.9831543	NaN	NaN	NaN	
2616327832000	2607634142684	None	Fixation	(220.42, 181.87)	(183.20, 177.21)	2586.324	1	NaN	NaN	NaN	
2616344498000	2607650808486	None	Fixation	(220.21, 181.97)	(183.96, 178.16)	2586.324	1.016602	NaN	NaN	NaN	
2616361165000	2607667475243	None	Fixation	(220.59, 181.57)	(185.85, 176.97)	2586.324	1.033203	NaN	NaN	NaN	
2616377831000	2607684140994	None	Fixation	(220.53, 181.90)	(185.27, 177.52)	2586.324	1.049805	NaN	NaN	NaN	
2616394498000	2607700807783	None	Fixation	(220.24, 181.70)	(185.01, 178.84)	2586.324	1.06665	NaN	NaN	NaN	
2616411165000	2607717474571	None	Fixation	(220.30, 181.71)	(185.42, 178.75)	2586.324	1.083252	NaN	NaN	NaN	
2616427831000	2607734140363	None	Fixation	(220.54, 181.48)	(185.91, 177.61)	2586.324	1.099854	NaN	NaN	NaN	
2616444498000	2607750807088	None	Fixation	(220.46, 181.71)	(184.93, 177.77)	2586.324	1.116455	NaN	NaN	NaN	
2616461164000	2607767472917	None	Fixation	(220.50, 181.63)	(185.73, 176.92)	2586.324	1.133301	NaN	NaN	NaN	
2616477829000	2607784137730	None	Fixation	(220.41, 181.55)	(185.32, 177.67)	2586.324	1.149902	NaN	NaN	NaN	
2616511164000	2607817472457	None	Fixation	(220.26, 181.51)	(185.12, 177.82)	2586.324	1.18335	NaN	NaN	NaN	
2616511164000	2607817472202	None	Fixation	(220.26, 181.51)	(185.12, 177.82)	2586.324	1.18335	NaN	NaN	NaN	
2616527830000	2607834137988	None	Fixation	(220.68, 181.54)	(185.42, 177.75)	2586.324	1.199951	NaN	NaN	NaN	
2616544495000	2607850802765	None	Fixation	(220.76, 181.53)	(183.43, 177.62)	2586.324	1.216553	NaN	NaN	NaN	
2616561162000	2607867469561	None	Fixation	(220.14, 181.41)	(185.44, 177.61)	2586.324	1.233154	NaN	NaN	NaN	
2616577830000	2607884137327	None	Fixation	(220.53, 181.65)	(183.06, 177.67)	2586.324	1.25	NaN	NaN	NaN	
2616594496000	2607900803091	None	Fixation	(220.72, 181.48)	(184.56, 177.86)	2586.324	1.266602	NaN	NaN	NaN	
2616627828000	2607934134863	None	Fixation	(221.32, 181.29)	(184.02, 178.29)	2586.324	1.299805	NaN	NaN	NaN	
2616627828000	2607934134705	None	Fixation	(221.32, 181.29)	(184.02, 178.29)	2586.324	1.299805	NaN	NaN	NaN	
2616644495000	2607950801395	None	Fixation	(221.79, 181.78)	(184.05, 177.79)	2586.324	1.31665	NaN	NaN	NaN	
2616677828000	2607984134249	None	Fixation	(223.43, 181.51)	(183.42, 178.23)	2586.324	1.349854	NaN	NaN	NaN	
2616677828000	2607984134084	None	Fixation	(223.43, 181.51)	(183.42, 178.23)	2586.324	1.349854	NaN	NaN	NaN	
2616711159000	2608017464756	None	Saccade	(226.67, 181.89)	(179.95, 180.49)	2587.691	0.0168457	43.53073	1.478467	253.8694	
2616711159000	2608017464503	None	Saccade	(226.67, 181.89)	(179.95, 180.49)	2587.691	0.0168457	43.53073	1.478467	253.8694	
2616744494000	2608050799430	None	Pursuit	(230.05, 182.57)	(175.77, 182.00)	2587.691	0.05004883	9.505215	2.856672	263.446	
2616744494000	2608050799156	None	Pursuit	(230.05, 182.57)	(175.77, 182.00)	2587.691	0.05004883	9.505215	2.856672	263.446	
2616777828000	2608084132922	None	Pursuit	(231.61, 182.78)	(173.77, 182.02)	2587.691	0.08349609	12.61587	3.498631	263.6451	
2616777828000	2608084132589	None	Pursuit	(231.61, 182.78)	(173.77, 182.02)	2587.691	0.08349609	12.61587	3.498631	263.6451	
2616794494000	2608100798454	None	Unknown	(231.86, 182.77)	(173.27, 181.94)	NaN	NaN	NaN	NaN	NaN	
2616811161000	2608117465184	None	Fixation	(232.19, 182.61)	(174.64, 182.82)	2587.791	0.01660156	NaN	NaN	NaN	
2616844494000	2608150798269	None	Fixation	(232.77, 182.46)	(173.74, 183.37)	2587.791	0.05004883	NaN	NaN	NaN	
2616844494000	2608150797742	None	Fixation	(232.77, 182.46)	(173.74, 183.37)	2587.791	0.05004883	NaN	NaN	NaN	
2616861160000	2608167463542	None	Fixation	(233.29, 182.70)	(173.85, 181.51)	2587.791	0.06665039	NaN	NaN	NaN	
2616894493000	2608200796303	None	Fixation	(233.67, 182.54)	(172.42, 182.82)	2587.791	0.1000977	NaN	NaN	NaN	
2616911160000	2608217463111	None	Fixation	(234.11, 182.79)	(172.76, 182.14)	2587.791	0.1166992	NaN	NaN	NaN	
2616911160000	2608217462843	None	Fixation	(234.11, 182.79)	(172.76, 182.14)	2587.791	0.1166992	NaN	NaN	NaN	
2616944493000	2608250795705	None	Fixation	(234.88, 182.71)	(172.01, 183.33)	2587.791	0.1499023	NaN	NaN	NaN	
2616944493000	2608250795549	None	Fixation	(234.88, 182.71)	(172.01, 183.33)	2587.791	0.1499023	NaN	NaN	NaN	
2616977824000	2608284126740	None	Saccade	(235.34, 182.79)	(168.62, 182.39)	2587.958	0.01660156	36.03135	1.201045	288.0212	
2616977824000	2608284126024	None	Saccade	(235.34, 182.79)	(168.62, 182.39)	2587.958	0.01660156	36.03135	1.201045	288.0212	
2617011158000	2608317460145	None	Fixation	(235.61, 182.70)	(170.15, 182.93)	2587.791	0.2167969	NaN	NaN	NaN	
2617011158000	2608317459494	None	Fixation	(235.61, 182.70)	(170.15, 182.93)	2587.791	0.2167969	NaN	NaN	NaN	
2617044489000	2608350790357	None	Fixation	(236.43, 182.59)	(170.37, 182.63)	2587.791	0.25	NaN	NaN	NaN	
2617044489000	2608350790157	None	Fixation	(236.43, 182.59)	(170.37, 182.63)	2587.791	0.25	NaN	NaN	NaN	
2617077824000	2608384124909	None	Fixation	(236.25, 182.75)	(170.56, 182.64)	2587.791	0.2834473	NaN	NaN	NaN	
2617094491000	2608400791968	None	Fixation	(236.16, 182.72)	(170.31, 183.45)	2587.791	0.3000488	NaN	NaN	NaN	
2617111157000	2608417457376	None	Saccade	(226.60, 183.25)	(179.16, 178.50)	2588.091	0.01660156	117.8172	4.157107	73.80257	
2617111157000	2608417457155	None	Saccade	(226.60, 183.25)	(179.16, 178.50)	2588.091	0.01660156	117.8172	4.157107	73.80257	
2617144491000	2608450790940	None	Unknown	(212.03, 184.58)	(193.37, 180.18)	NaN	NaN	NaN	NaN	NaN	
2617161157000	2608467456711	None	Pursuit	(213.09, 183.95)	(192.34, 179.03)	2588.141	0.01660156	15.18686	0.5062288	226.686	
2617177824000	2608484123694	None	Pursuit	(212.13, 183.07)	(192.99, 178.05)	2588.141	0.03320313	16.13517	0.6202748	170.748	
2617177824000	2608484123259	None	Pursuit	(212.13, 183.07)	(192.99, 178.05)	2588.141	0.03320313	16.13517	0.6202748	170.748	
2617211157000	2608517456069	None	Unknown	(213.36, 181.80)	(192.23, 176.79)	NaN	NaN	NaN	NaN	NaN	
2617211157000	2608517456083	None	Unknown	(213.36, 181.80)	(192.23, 176.79)	NaN	NaN	NaN	NaN	NaN	
2617244490000	2608550789017	None	Fixation	(212.62, 181.63)	(192.08, 176.34)	2588.208	0.03320313	NaN	NaN	NaN	
2617244490000	2608550788339	None	Fixation	(212.62, 181.63)	(192.08, 176.34)	2588.208	0.03320313	NaN	NaN	NaN	
2617261156000	2608567454742	None	Fixation	(212.93, 181.56)	(191.90, 176.30)	2588.208	0.04980469	NaN	NaN	NaN	
2617294489000	2608600786880	None	Fixation	(212.95, 181.12)	(192.22, 176.09)	2588.208	0.08325195	NaN	NaN	NaN	
2617311154000	2608617451728	None	Fixation	(213.09, 181.13)	(192.08, 176.27)	2588.208	0.09985352	NaN	NaN	NaN	
2617311154000	2608617451452	None	Fixation	(213.09, 181.13)	(192.08, 176.27)	2588.208	0.09985352	NaN	NaN	NaN	
2617344489000	2608650786295	None	Fixation	(212.89, 180.97)	(191.69, 175.99)	2588.208	0.1333008	NaN	NaN	NaN	
2617344489000	2608650786017	None	Fixation	(212.89, 180.97)	(191.69, 175.99)	2588.208	0.1333008	NaN	NaN	NaN	
2617377822000	2608684118890	None	Fixation	(212.63, 181.04)	(192.15, 176.49)	2588.208	0.1665039	NaN	NaN	NaN	
2617377822000	2608684118623	None	Fixation	(212.63, 181.04)	(192.15, 176.49)	2588.208	0.1665039	NaN	NaN	NaN	
2617411154000	2608717450348	None	Fixation	(213.02, 181.11)	(191.58, 176.23)	2588.208	0.1999512	NaN	NaN	NaN	
2617411154000	2608717450155	None	Fixation	(213.02, 181.11)	(191.58, 176.23)	2588.208	0.1999512	NaN	NaN	NaN	
2617444487000	2608750783154	None	Fixation	(212.94, 180.86)	(191.97, 175.77)	2588.208	0.2331543	NaN	NaN	NaN	
2617444487000	2608750782669	None	Fixation	(212.94, 180.86)	(191.97, 175.77)	2588.208	0.2331543	NaN	NaN	NaN	
2617477820000	2608784115509	None	Fixation	(213.04, 180.82)	(191.47, 176.30)	2588.208	0.2666016	NaN	NaN	NaN	
2617494487000	2608800782573	None	Fixation	(213.13, 180.84)	(191.74, 176.46)	2588.208	0.2832031	NaN	NaN	NaN	
2617511154000	2608817449341	None	Fixation	(213.60, 180.86)	(191.70, 176.09)	2588.208	0.2998047	NaN	NaN	NaN	
2617511154000	2608817448797	None	Fixation	(213.60, 180.86)	(191.70, 176.09)	2588.208	0.2998047	NaN	NaN	NaN	
2617544487000	2608850781697	None	Fixation	(213.44, 180.93)	(191.85, 176.83)	2588.208	0.333252	NaN	NaN	NaN	
2617544487000	2608850781353	None	Fixation	(213.44, 180.93)	(191.85, 176.83)	2588.208	0.333252	NaN	NaN	NaN	
2617577820000	2608884114132	None	Fixation	(213.39, 181.01)	(191.47, 176.85)	2588.208	0.3666992	NaN	NaN	NaN	
2617577820000	2608884113892	None	Fixation	(213.39, 181.01)	(191.47, 176.85)	2588.208	0.3666992	NaN	NaN	NaN	
2617611154000	2608917447670	None	Fixation	(213.30, 181.21)	(191.73, 177.10)	2588.208	0.3999023	NaN	NaN	NaN	
2617627820000	2608934113573	None	Fixation	(213.41, 181.10)	(191.37, 177.08)	2588.208	0.4165039	NaN	NaN	NaN	
2617644487000	2608950780257	None	Fixation	(213.23, 181.04)	(191.77, 177.43)	2588.208	0.4333496	NaN	NaN	NaN	
2617644487000	2608950779991	None	Fixation	(213.23, 181.04)	(191.77, 177.43)	2588.208	0.4333496	NaN	NaN	NaN	
2617677820000	2608984112797	None	Fixation	(213.26, 180.98)	(191.50, 177.19)	2588.208	0.4665527	NaN	NaN	NaN	
2617694486000	2609000778600	None	Fixation	(213.29, 181.14)	(191.76, 177.02)	2588.208	0.4831543	NaN	NaN	NaN	
2617711153000	2609017445376	None	Fixation	(213.31, 181.13)	(191.79, 177.11)	2588.208	0.5	NaN	NaN	NaN	
2617711153000	2609017445093	None	Fixation	(213.31, 181.13)	(191.79, 177.11)	2588.208	0.5	NaN	NaN	NaN	
2617744485000	2609050776953	None	Fixation	(213.34, 180.99)	(191.85, 177.19)	2588.208	0.5332031	NaN	NaN	NaN	
2617761152000	2609067443709	None	Fixation	(213.24, 181.06)	(191.59, 177.26)	2588.208	0.5498047	NaN	NaN	NaN	
2617777818000	2609084109499	None	Fixation	(213.37, 180.85)	(191.99, 177.55)	2588.208	0.5666504	NaN	NaN	NaN	
2617777818000	2609084109281	None	Fixation	(213.37, 180.85)	(191.99, 177.55)	2588.208	0.5666504	NaN	NaN	NaN	
2617811151000	2609117442589	None	Fixation	(213.54, 181.08)	(191.74, 176.97)	2588.208	0.5998535	NaN	NaN	NaN	
2617811151000	2609117442044	None	Fixation	(213.54, 181.08)	(191.74, 176.97)	2588.208	0.5998535	NaN	NaN	NaN	
2617844484000	2609150775091	None	Fixation	(213.37, 181.00)	(191.95, 176.73)	2588.208	0.6333008	NaN	NaN	NaN	
2617861151000	2609167441377	None	Fixation	(214.13, 180.70)	(191.91, 177.87)	2588.208	0.6499023	NaN	NaN	NaN	
2617877817000	2609184107694	None	Saccade	(216.77, 180.18)	(187.63, 179.60)	2588.857	0.01660156	33.02433	1.894929	253.4348	
2617894484000	2609200774004	None	Pursuit	(216.20, 180.20)	(189.74, 178.94)	2588.857	0.03344727	7.006285	0.8711709	243.2539	
2617911151000	2609217440961	None	Pursuit	(216.33, 179.94)	(189.52, 179.53)	2588.857	0.05004883	3.555978	0.9518455	237.7877	
2617927817000	2609234106476	None	Pursuit	(216.83, 180.07)	(189.52, 179.93)	2588.891	0.03320313	4.839697	0.4125679	205.9235	
2617944484000	2609250773237	None	Fixation	(216.60, 180.21)	(189.10, 180.06)	2588.924	0.01660156	NaN	NaN	NaN	
2617944484000	2609250772967	None	Fixation	(216.60, 180.21)	(189.10, 180.06)	2588.924	0.01660156	NaN	NaN	NaN	
2617977817000	2609284106046	None	Fixation	(216.58, 179.82)	(189.16, 179.36)	2588.924	0.05004883	NaN	NaN	NaN	
2617994483000	2609300771525	None	Fixation	(216.59, 179.82)	(189.79, 180.11)	2588.924	0.06665039	NaN	NaN	NaN	
2618011150000	2609317438366	None	Fixation	(216.87, 179.79)	(189.73, 179.49)	2588.924	0.08325195	NaN	NaN	NaN	
2618027816000	2609334104320	None	Fixation	(216.52, 179.79)	(189.94, 179.78)	2588.924	0.1000977	NaN	NaN	NaN	
2618044483000	2609350771480	None	Fixation	(216.22, 179.81)	(189.60, 178.61)	2588.924	0.1166992	NaN	NaN	NaN	
2618061149000	2609367437098	None	Saccade	(216.51, 179.77)	(186.82, 178.24)	2589.041	0.01660156	34.39847	1.146616	290.601	
2618077816000	2609384103633	None	Pursuit	(216.29, 179.69)	(189.81, 180.29)	2589.041	0.03344727	44.53928	0.6931806	185.6938	
2618094483000	2609400771116	None	Pursuit	(216.44, 179.77)	(189.95, 178.29)	2589.041	0.05004883	24.60217	0.1954949	61.11935	
2618111148000	2609417434992	None	Pursuit	(216.48, 179.47)	(189.74, 178.70)	2589.041	0.06665039	5.646026	0.07105441	134.7118	
2618127815000	2609434101822	None	Pursuit	(216.47, 179.48)	(189.56, 179.15)	2589.041	0.08325195	5.91271	0.2206398	196.368	
2618144481000	2609450767526	None	Fixation	(216.58, 179.58)	(189.81, 178.54)	2588.924	0.2167969	NaN	NaN	NaN	
2618161148000	2609467434404	None	Fixation	(216.45, 179.56)	(189.24, 178.73)	2588.924	0.2333984	NaN	NaN	NaN	
2618177814000	2609484100093	None	Fixation	(216.31, 179.40)	(189.36, 179.00)	2588.924	0.25	NaN	NaN	NaN	
2618177814000	2609484099926	None	Fixation	(216.31, 179.40)	(189.36, 179.00)	2588.924	0.25	NaN	NaN	NaN	
2618211147000	2609517432627	None	Fixation	(216.50, 179.41)	(189.56, 178.07)	2588.924	0.2834473	NaN	NaN	NaN	
2618227814000	2609534099488	None	Fixation	(216.51, 179.32)	(189.70, 178.94)	2588.924	0.3000488	NaN	NaN	NaN	
2618244480000	2609550765221	None	Fixation	(216.68, 179.32)	(189.31, 178.71)	2588.924	0.3166504	NaN	NaN	NaN	
2618261147000	2609567431948	None	Fixation	(216.67, 179.33)	(189.27, 179.03)	2588.924	0.333252	NaN	NaN	NaN	
2618277814000	2609584098770	None	Fixation	(216.59, 179.39)	(189.39, 178.81)	2588.924	0.3500977	NaN	NaN	NaN	
2618294480000	2609600764562	None	Fixation	(216.72, 179.28)	(189.26, 178.77)	2588.924	0.3666992	NaN	NaN	NaN	
2618311147000	2609617431303	None	Fixation	(216.58, 179.42)	(187.80, 178.16)	2588.924	0.3833008	NaN	NaN	NaN	
2618327813000	2609634097062	None	Fixation	(216.66, 179.32)	(189.46, 178.36)	2588.924	0.4001465	NaN	NaN	NaN	
2618344480000	2609650763830	None	Fixation	(216.66, 179.51)	(189.47, 178.55)	2588.924	0.416748	NaN	NaN	NaN	
2618361146000	2609667429659	None	Fixation	(216.59, 179.27)	(189.37, 178.54)	2588.924	0.4333496	NaN	NaN	NaN	
2618377813000	2609684096439	None	Fixation	(216.58, 179.45)	(189.15, 178.79)	2588.924	0.4499512	NaN	NaN	NaN	
2618394479000	2609700762178	None	Fixation	(216.72, 179.32)	(189.49, 178.95)	2588.924	0.4667969	NaN	NaN	NaN	
2618411146000	2609717428991	None	Fixation	(216.61, 179.41)	(189.11, 178.58)	2588.924	0.4833984	NaN	NaN	NaN	
2618427812000	2609734094801	None	Fixation	(216.69, 179.31)	(189.59, 177.87)	2588.924	0.5	NaN	NaN	NaN	
2618444478000	2609750760493	None	Fixation	(216.78, 179.60)	(189.73, 178.13)	2588.924	0.5166016	NaN	NaN	NaN	
2618461145000	2609767427252	None	Fixation	(216.44, 179.42)	(189.48, 178.64)	2588.924	0.5334473	NaN	NaN	NaN	
2618477812000	2609784094155	None	Fixation	(216.43, 179.50)	(189.54, 178.35)	2588.924	0.5500488	NaN	NaN	NaN	
2618494479000	2609800760812	None	Fixation	(216.37, 179.41)	(188.61, 178.38)	2588.924	0.5666504	NaN	NaN	NaN	
2618511143000	2609817424580	None	Fixation	(216.32, 179.46)	(189.52, 178.73)	2588.924	0.583252	NaN	NaN	NaN	
2618511143000	2609817424398	None	Fixation	(216.32, 179.46)	(189.52, 178.73)	2588.924	0.583252	NaN	NaN	NaN	
2618544477000	2609850758162	None	Fixation	(216.35, 179.68)	(189.85, 177.93)	2588.924	0.6166992	NaN	NaN	NaN	
2618561144000	2609867425254	None	Fixation	(216.32, 179.46)	(189.64, 178.51)	2588.924	0.6333008	NaN	NaN	NaN	
2618577810000	2609884090730	None	Fixation	(216.62, 179.65)	(189.74, 178.69)	2588.924	0.6501465	NaN	NaN	NaN	
2618594477000	2609900757474	None	Fixation	(216.69, 179.59)	(189.16, 178.51)	2588.924	0.666748	NaN	NaN	NaN	
2618611143000	2609917423262	None	Fixation	(216.20, 179.76)	(189.15, 178.92)	2588.924	0.6833496	NaN	NaN	NaN	
2618627810000	2609934090024	None	Fixation	(216.60, 179.78)	(189.14, 178.50)	2588.924	0.6999512	NaN	NaN	NaN	
2618644475000	2609950754852	None	Fixation	(216.78, 179.75)	(189.74, 178.40)	2588.924	0.7167969	NaN	NaN	NaN	
2618661141000	2609967420743	None	Fixation	(216.47, 179.70)	(189.51, 177.95)	2588.924	0.7333984	NaN	NaN	NaN	
2618677810000	2609984089448	None	Fixation	(216.71, 179.63)	(189.87, 179.03)	2588.924	0.75	NaN	NaN	NaN	
2618694476000	2610000755150	None	Fixation	(216.73, 179.87)	(187.73, 178.05)	2588.924	0.7666016	NaN	NaN	NaN	
2618711143000	2610017422047	None	Fixation	(216.64, 179.82)	(189.45, 178.95)	2588.924	0.7834473	NaN	NaN	NaN	
2618727809000	2610034087675	None	Fixation	(216.39, 179.61)	(189.56, 178.93)	2588.924	0.8000488	NaN	NaN	NaN	
2618744476000	2610050754484	None	Fixation	(216.65, 179.50)	(189.88, 178.17)	2588.924	0.8166504	NaN	NaN	NaN	
2618761142000	2610067420262	None	Fixation	(216.51, 179.45)	(190.33, 178.66)	2588.924	0.833252	NaN	NaN	NaN	
2618777809000	2610084087110	None	Saccade	(220.90, 182.01)	(185.39, 178.52)	2589.757	0.0168457	62.55611	2.085204	285.8925	
2618777809000	2610084086798	None	Saccade	(220.90, 182.01)	(185.39, 178.52)	2589.757	0.0168457	62.55611	2.085204	285.8925	
2618811142000	2610117419642	None	Pursuit	(222.14, 182.03)	(183.19, 180.54)	2589.791	0.01660156	6.828224	0.2276075	122.8154	
2618827808000	2610134085343	None	Pursuit	(222.61, 181.67)	(183.90, 181.73)	2589.791	0.03320313	7.424299	0.3164811	173.7865	
2618844472000	2610150749125	None	Pursuit	(222.03, 181.10)	(184.07, 181.39)	2589.791	0.05004883	4.658132	0.7406157	134.7234	
2618861139000	2610167415963	None	Fixation	(222.23, 180.62)	(185.15, 181.11)	2589.841	0.01660156	NaN	NaN	NaN	
2618877805000	2610184081768	None	Fixation	(222.70, 179.99)	(185.62, 181.15)	2589.841	0.03320313	NaN	NaN	NaN	
2618894472000	2610200748455	None	Fixation	(222.29, 179.66)	(185.43, 181.22)	2589.841	0.05004883	NaN	NaN	NaN	
2618911140000	2610217416249	None	Fixation	(222.62, 179.00)	(185.30, 183.88)	2589.841	0.06665039	NaN	NaN	NaN	
2618927807000	2610234083396	None	Fixation	(222.25, 178.52)	(185.38, 182.69)	2589.841	0.08325195	NaN	NaN	NaN	
2618944470000	2610250745811	None	Saccade	(223.37, 176.24)	(186.40, 184.66)	2589.924	0.01660156	31.35073	1.045024	179.3385	
2618961137000	2610267412579	None	Pursuit	(223.83, 172.24)	(188.55, 191.22)	2589.924	0.03344727	49.49552	2.657307	181.1675	
2618977805000	2610284080377	None	Pursuit	(223.25, 171.64)	(188.68, 191.78)	2589.924	0.05004883	10.24017	2.851725	175.3255	
2618994472000	2610300747135	None	Pursuit	(224.36, 171.46)	(188.31, 191.49)	2589.924	0.06665039	13.77134	3.020465	183.6671	
2619011138000	2610317413201	None	Pursuit	(223.97, 170.45)	(189.52, 193.38)	2589.924	0.08325195	13.28639	3.382716	179.0989	
2619027805000	2610334079724	None	Unknown	(223.97, 169.84)	(190.11, 192.05)	NaN	NaN	NaN	NaN	NaN	
2619044471000	2610350745450	None	Saccade	(223.79, 169.02)	(189.97, 194.49)	2590.024	0.01660156	29.95935	0.9986451	196.2852	
2619061138000	2610367412212	None	Fixation	(223.96, 168.36)	(189.23, 193.39)	2590.024	0.03320313	NaN	NaN	NaN	
2619077805000	2610384079051	None	Fixation	(224.84, 168.05)	(190.24, 193.85)	2590.024	0.04980469	NaN	NaN	NaN	
2619094471000	2610400744767	None	Fixation	(224.38, 167.83)	(190.03, 194.95)	2590.024	0.06665039	NaN	NaN	NaN	
2619111137000	2610417410582	None	Fixation	(224.38, 166.97)	(189.79, 194.85)	2590.024	0.08325195	NaN	NaN	NaN	
2619127804000	2610434077850	None	Fixation	(224.16, 166.58)	(190.58, 195.68)	2590.024	0.09985352	NaN	NaN	NaN	
2619144471000	2610450744247	None	Fixation	(224.33, 166.18)	(191.13, 195.66)	2590.024	0.1166992	NaN	NaN	NaN	
2619161137000	2610467409884	None	Fixation	(224.47, 165.81)	(190.86, 196.87)	2590.024	0.1333008	NaN	NaN	NaN	
2619177804000	2610484076695	None	Fixation	(224.49, 165.33)	(191.57, 197.37)	2590.024	0.1499023	NaN	NaN	NaN	
2619194470000	2610500742500	None	Fixation	(224.67, 165.02)	(190.70, 197.26)	2590.024	0.1665039	NaN	NaN	NaN	
2619211137000	2610517409229	None	Saccade	(224.55, 164.69)	(192.13, 199.68)	2590.191	0.0168457	34.66021	1.15534	162.3849	
2619227803000	2610534075433	None	Fixation	(224.43, 164.50)	(191.64, 198.14)	2590.024	0.1999512	NaN	NaN	NaN	
2619244470000	2610550741792	None	Fixation	(224.27, 164.22)	(191.80, 198.32)	2590.024	0.2165527	NaN	NaN	NaN	
2619261137000	2610567408550	None	Fixation	(224.55, 164.06)	(192.14, 199.71)	2590.024	0.2331543	NaN	NaN	NaN	
2619277802000	2610584073655	None	Fixation	(224.54, 163.99)	(192.03, 198.77)	2590.024	0.25	NaN	NaN	NaN	
2619294469000	2610600740950	None	Fixation	(224.71, 163.77)	(192.09, 199.09)	2590.024	0.2666016	NaN	NaN	NaN	
2619311135000	2610617405988	None	Fixation	(224.39, 163.72)	(192.87, 198.79)	2590.024	0.2832031	NaN	NaN	NaN	
2619327802000	2610634072686	None	Fixation	(224.39, 163.70)	(192.69, 200.25)	2590.024	0.2998047	NaN	NaN	NaN	
2619344468000	2610650738865	None	Fixation	(224.25, 163.85)	(192.34, 199.75)	2590.024	0.3166504	NaN	NaN	NaN	
2619361135000	2610667405229	None	Fixation	(224.34, 163.79)	(192.44, 199.34)	2590.024	0.333252	NaN	NaN	NaN	
2619377801000	2610684071426	None	Fixation	(224.20, 163.91)	(192.23, 198.50)	2590.024	0.3498535	NaN	NaN	NaN	
2619394468000	2610700738173	None	Fixation	(224.29, 164.12)	(192.52, 199.45)	2590.024	0.3666992	NaN	NaN	NaN	
2619411135000	2610717404891	None	Fixation	(224.23, 164.01)	(192.20, 198.32)	2590.024	0.3833008	NaN	NaN	NaN	
2619427801000	2610734070320	None	Fixation	(224.23, 164.18)	(192.24, 197.77)	2590.024	0.3999023	NaN	NaN	NaN	
2619444468000	2610750737152	None	Fixation	(223.81, 164.29)	(192.19, 198.26)	2590.024	0.4165039	NaN	NaN	NaN	
2619461134000	2610767402947	None	Fixation	(224.10, 164.38)	(191.65, 197.53)	2590.024	0.4333496	NaN	NaN	NaN	
2619477799000	2610784067727	None	Fixation	(223.82, 164.69)	(191.29, 196.80)	2590.024	0.4499512	NaN	NaN	NaN	
2619494465000	2610800733417	None	Saccade	(223.07, 172.83)	(186.86, 187.07)	2590.474	0.01660156	100.6	4.384912	350.3817	
2619511134000	2610817402235	None	Saccade	(221.48, 182.99)	(183.58, 181.17)	2590.474	0.03320313	126.4774	7.565525	350.5098	
2619527800000	2610834068063	None	Unknown	(222.04, 181.55)	(184.52, 180.69)	NaN	NaN	NaN	NaN	NaN	
2619544467000	2610850734743	None	Pursuit	(221.77, 182.06)	(183.10, 179.66)	2590.524	0.01660156	7.05498	0.235166	14.28026	
2619561133000	2610867400545	None	Pursuit	(221.57, 181.15)	(183.06, 179.83)	2590.524	0.03320313	11.48859	0.2522526	117.7912	
2619577800000	2610884067399	None	Unknown	(221.97, 180.61)	(184.00, 178.86)	NaN	NaN	NaN	NaN	NaN	
2619594466000	2610900733131	None	Fixation	(222.16, 180.78)	(184.48, 178.49)	2590.574	0.0168457	NaN	NaN	NaN	
2619611131000	2610917398174	None	Fixation	(222.08, 180.53)	(183.98, 179.60)	2590.574	0.03344727	NaN	NaN	NaN	
2619627798000	2610934064640	None	Fixation	(221.63, 180.53)	(183.48, 179.37)	2590.574	0.05004883	NaN	NaN	NaN	
2619644465000	2610950731423	None	Fixation	(221.54, 180.35)	(183.89, 180.07)	2590.574	0.06689453	NaN	NaN	NaN	
2619661132000	2610967398238	None	Fixation	(221.90, 180.38)	(183.61, 179.17)	2590.574	0.08349609	NaN	NaN	NaN	
2619677798000	2610984064008	None	Fixation	(222.24, 180.56)	(184.18, 177.74)	2590.574	0.1000977	NaN	NaN	NaN	
2619694465000	2611000730743	None	Fixation	(222.64, 180.51)	(183.31, 178.35)	2590.574	0.1166992	NaN	NaN	NaN	
2619711131000	2611017396545	None	Fixation	(223.36, 180.52)	(182.85, 178.45)	2590.574	0.1335449	NaN	NaN	NaN	
2619727798000	2611034063332	None	Fixation	(222.95, 180.50)	(183.30, 177.99)	2590.574	0.1501465	NaN	NaN	NaN	
2619744464000	2611050729168	None	Fixation	(223.00, 180.52)	(183.15, 179.93)	2590.574	0.166748	NaN	NaN	NaN	
2619761131000	2611067395917	None	Fixation	(223.46, 180.71)	(180.89, 178.20)	2590.574	0.1833496	NaN	NaN	NaN	
2619777797000	2611084061654	None	Fixation	(223.20, 180.55)	(183.10, 178.40)	2590.574	0.2001953	NaN	NaN	NaN	
2619794464000	2611100728511	None	Fixation	(223.21, 180.56)	(182.99, 178.34)	2590.574	0.2167969	NaN	NaN	NaN	
2619811130000	2611117394972	None	Fixation	(223.24, 180.56)	(182.21, 178.73)	2590.574	0.2333984	NaN	NaN	NaN	
2619827797000	2611134060965	None	Fixation	(223.41, 180.56)	(182.52, 179.24)	2590.574	0.25	NaN	NaN	NaN	
2619827797000	2611134060908	None	Fixation	(223.41, 180.56)	(182.52, 179.24)	2590.574	0.25	NaN	NaN	NaN	
2619861130000	2611167393917	None	Fixation	(223.29, 180.56)	(182.78, 178.47)	2590.574	0.2834473	NaN	NaN	NaN	
2619877797000	2611184060467	None	Fixation	(222.82, 180.55)	(183.06, 178.20)	2590.574	0.3000488	NaN	NaN	NaN	
2619877797000	2611184060616	None	Fixation	(222.82, 180.55)	(183.06, 178.20)	2590.574	0.3000488	NaN	NaN	NaN	
2619911130000	2611217392993	None	Fixation	(223.41, 180.59)	(182.77, 178.94)	2590.574	0.3334961	NaN	NaN	NaN	
2619911130000	2611217392869	None	Fixation	(223.41, 180.59)	(182.77, 178.94)	2590.574	0.3334961	NaN	NaN	NaN	
2619927796000	2611234058656	None	Fixation	(222.91, 181.24)	(183.43, 178.78)	2590.574	0.3500977	NaN	NaN	NaN	
2619944462000	2611250724443	None	Blink	(221.83, 183.36)	(183.64, 181.80)	NaN	NaN	NaN	NaN	NaN	
2619961129000	2611267391754	None	Blink	(218.60, 186.94)	(184.19, 186.16)	NaN	NaN	NaN	NaN	NaN	
2619977796000	2611284058046	None	Blink	(0.00, 0.00)	(0.00, 0.00)	NaN	NaN	NaN	NaN	NaN	
2619994463000	2611300724722	None	Blink	(0.00, 0.00)	(0.00, 0.00)	NaN	NaN	NaN	NaN	NaN	
2620011129000	2611317390657	None	Blink	(0.00, 0.00)	(0.00, 0.00)	NaN	NaN	NaN	NaN	NaN	
2620027796000	2611334057310	None	Blink	(0.00, 0.00)	(0.00, 0.00)	NaN	NaN	NaN	NaN	NaN	
2620044461000	2611350722080	None	Blink	(0.00, 0.00)	(0.00, 0.00)	NaN	NaN	NaN	NaN	NaN	
2620061128000	2611367388823	None	Blink	(0.00, 0.00)	(0.00, 0.00)	NaN	NaN	NaN	NaN	NaN	
2620077794000	2611384054697	None	Blink	(0.00, 0.00)	(0.00, 0.00)	NaN	NaN	NaN	NaN	NaN	
2620094461000	2611400721787	None	Blink	(208.82, 182.00)	(176.68, 182.87)	NaN	NaN	NaN	NaN	NaN	
2620111127000	2611417387239	None	Blink	(214.59, 181.77)	(184.89, 181.82)	NaN	NaN	NaN	NaN	NaN	
2620127794000	2611434054010	None	Blink	(218.68, 183.12)	(189.19, 180.33)	NaN	NaN	NaN	NaN	NaN	
2620144460000	2611450719736	None	Blink	(218.30, 183.03)	(184.61, 180.37)	NaN	NaN	NaN	NaN	NaN	
2620161127000	2611467386540	None	Blink	(218.50, 182.41)	(185.53, 181.07)	NaN	NaN	NaN	NaN	NaN	
2620177794000	2611484053278	None	Blink	(219.99, 182.41)	(183.76, 180.05)	NaN	NaN	NaN	NaN	NaN	
2620194460000	2611500719041	None	Blink	(220.53, 182.21)	(186.51, 179.42)	NaN	NaN	NaN	NaN	NaN	
2620211127000	2611517385844	None	Blink	(220.53, 181.94)	(186.56, 179.28)	NaN	NaN	NaN	NaN	NaN	
2620227793000	2611534051625	None	Blink	(220.71, 181.84)	(185.22, 179.89)	NaN	NaN	NaN	NaN	NaN	
2620244458000	2611550716403	None	Fixation	(220.61, 181.73)	(185.29, 179.43)	2590.574	0.666748	NaN	NaN	NaN	
2620261124000	2611567382156	None	Fixation	(220.81, 181.47)	(182.91, 179.28)	2590.574	0.6833496	NaN	NaN	NaN	
2620277793000	2611584051048	None	Fixation	(221.91, 181.28)	(183.93, 179.72)	2590.574	0.7001953	NaN	NaN	NaN	
2620294459000	2611600717086	None	Fixation	(221.13, 181.16)	(184.65, 180.01)	2590.574	0.7167969	NaN	NaN	NaN	
2620311126000	2611617383900	None	Fixation	(221.22, 181.20)	(182.52, 179.29)	2590.574	0.7333984	NaN	NaN	NaN	
2620327792000	2611634049654	None	Fixation	(221.29, 181.09)	(184.54, 179.52)	2590.574	0.75	NaN	NaN	NaN	
2620344459000	2611650716620	None	Fixation	(221.02, 180.85)	(184.25, 179.71)	2590.574	0.7668457	NaN	NaN	NaN	
2620361125000	2611667382145	None	Fixation	(221.56, 181.03)	(184.88, 178.76)	2590.574	0.7834473	NaN	NaN	NaN	
2620377792000	2611684048723	None	Fixation	(221.32, 180.92)	(184.75, 178.73)	2590.574	0.8000488	NaN	NaN	NaN	
2620394458000	2611700714936	None	Fixation	(221.81, 180.91)	(182.13, 178.72)	2590.574	0.8166504	NaN	NaN	NaN	
2620411125000	2611717381171	None	Fixation	(221.52, 180.79)	(184.40, 179.12)	2590.574	0.8334961	NaN	NaN	NaN	
2620427792000	2611734047913	None	Fixation	(221.27, 180.54)	(185.42, 179.47)	2590.574	0.8500977	NaN	NaN	NaN	
2620444457000	2611750712753	None	Saccade	(219.57, 180.83)	(187.18, 179.43)	2591.424	0.01660156	21.66383	0.7221278	101.8126	
2620461124000	2611767379483	None	Pursuit	(219.79, 180.42)	(186.46, 179.63)	2591.424	0.03344727	9.279823	0.4296961	112.1982	
2620477790000	2611784045557	None	Fixation	(220.27, 180.27)	(183.85, 179.37)	2590.574	0.9001465	NaN	NaN	NaN	
2620494457000	2611800712250	None	Fixation	(219.88, 180.46)	(186.91, 179.14)	2590.574	0.916748	NaN	NaN	NaN	
2620511123000	2611817377837	None	Fixation	(220.05, 180.24)	(186.58, 179.08)	2590.574	0.9333496	NaN	NaN	NaN	
2620527790000	2611834044594	None	Fixation	(219.92, 180.08)	(186.44, 179.22)	2590.574	0.9501953	NaN	NaN	NaN	
2620544457000	2611850711365	None	Fixation	(219.89, 180.08)	(186.75, 178.87)	2590.574	0.9667969	NaN	NaN	NaN	
2620561123000	2611867377143	None	Fixation	(219.89, 180.16)	(186.76, 179.25)	2590.574	0.9833984	NaN	NaN	NaN	
2620577789000	2611884043466	None	Fixation	(220.00, 180.00)	(186.89, 178.62)	2590.574	1	NaN	NaN	NaN	
2620594456000	2611900709694	None	Fixation	(220.22, 180.05)	(186.51, 178.93)	2590.574	1.016846	NaN	NaN	NaN	
2620611122000	2611917375821	None	Fixation	(220.02, 179.90)	(183.88, 179.05)	2590.574	1.033447	NaN	NaN	NaN	
2620627789000	2611934042262	None	Fixation	(220.13, 179.99)	(186.89, 178.68)	2590.574	1.050049	NaN	NaN	NaN	
2620644454000	2611950707024	None	Fixation	(219.98, 179.98)	(186.64, 178.82)	2590.574	1.06665	NaN	NaN	NaN	
2620661120000	2611967373061	None	Saccade	(219.96, 180.00)	(183.81, 178.71)	2591.641	0.0168457	34.7887	1.159623	285.1368	
2620677789000	2611984041607	None	Pursuit	(220.18, 179.97)	(186.63, 178.57)	2591.641	0.03344727	34.6984	0.1033888	10.9129	
2620694455000	2612000707598	None	Fixation	(220.13, 179.95)	(187.01, 178.33)	2590.574	1.116699	NaN	NaN	NaN	
2620711122000	2612017374186	None	Fixation	(219.92, 179.98)	(186.43, 178.92)	2590.574	1.133545	NaN	NaN	NaN	
2620727788000	2612034039939	None	Fixation	(219.76, 179.80)	(186.69, 178.57)	2590.574	1.150146	NaN	NaN	NaN	
2620744455000	2612050706704	None	Fixation	(220.21, 179.88)	(186.31, 179.52)	2590.574	1.166748	NaN	NaN	NaN	
2620761121000	2612067372683	None	Saccade	(219.65, 179.96)	(183.08, 178.97)	2591.741	0.01660156	40.2593	1.341977	292.7678	
2620777788000	2612084039248	None	Pursuit	(219.74, 180.18)	(186.52, 179.47)	2591.741	0.03344727	42.71505	0.0888204	89.20606	
2620794455000	2612100706036	None	Pursuit	(219.66, 179.83)	(185.98, 179.48)	2591.741	0.05004883	6.692132	0.1377793	289.9505	
2620811120000	2612117370842	None	Pursuit	(220.25, 179.99)	(184.06, 178.84)	2591.741	0.06665039	24.85709	0.9639081	299.9549	
2620827787000	2612134037580	None	Fixation	(219.80, 180.10)	(184.21, 179.40)	2590.574	1.25	NaN	NaN	NaN	
2620844453000	2612150703397	None	Fixation	(220.12, 180.00)	(185.72, 179.64)	2590.574	1.266846	NaN	NaN	NaN	
2620861120000	2612167370182	None	Fixation	(220.08, 179.91)	(186.66, 178.42)	2590.574	1.283447	NaN	NaN	NaN	
2620877786000	2612184036418	None	Fixation	(221.70, 181.00)	(184.54, 178.76)	2590.574	1.300049	NaN	NaN	NaN	
2620894453000	2612200702677	None	Fixation	(221.08, 180.68)	(184.24, 179.16)	2590.574	1.31665	NaN	NaN	NaN	
2620911119000	2612217368464	None	Fixation	(221.42, 180.91)	(184.46, 179.82)	2590.574	1.333496	NaN	NaN	NaN	
2620927786000	2612234035233	None	Fixation	(221.52, 180.80)	(184.55, 179.14)	2590.574	1.350098	NaN	NaN	NaN	
2620944453000	2612250701997	None	Fixation	(221.36, 180.63)	(184.40, 179.52)	2590.574	1.366699	NaN	NaN	NaN	
2620961119000	2612267367846	None	Fixation	(221.45, 180.84)	(184.31, 179.20)	2590.574	1.383545	NaN	NaN	NaN	
2620977786000	2612284034587	None	Fixation	(221.45, 180.69)	(184.74, 179.29)	2590.574	1.400146	NaN	NaN	NaN	
2620994452000	2612300700849	None	Fixation	(221.28, 180.80)	(182.56, 178.98)	2590.574	1.416748	NaN	NaN	NaN	
2621011119000	2612317367160	None	Fixation	(221.53, 181.02)	(184.62, 178.60)	2590.574	1.43335	NaN	NaN	NaN	
2621027785000	2612334032922	None	Fixation	(221.26, 181.18)	(182.01, 178.48)	2590.574	1.450195	NaN	NaN	NaN	
2621044452000	2612350699697	None	Fixation	(221.40, 181.45)	(184.07, 178.84)	2590.574	1.466797	NaN	NaN	NaN	
2621061118000	2612367365504	None	Fixation	(221.17, 181.71)	(184.48, 177.95)	2590.574	1.483398	NaN	NaN	NaN	
2621077785000	2612384032242	None	Fixation	(221.30, 182.29)	(184.43, 177.66)	2590.574	1.5	NaN	NaN	NaN	
2621094451000	2612400698012	None	Saccade	(221.20, 182.64)	(181.56, 177.22)	2592.074	0.0168457	35.8182	1.19394	291.7212	
2621111118000	2612417364794	None	Pursuit	(221.35, 183.14)	(184.37, 176.18)	2592.074	0.03344727	36.88938	0.6044264	10.58363	
2621127784000	2612434030555	None	Pursuit	(221.11, 183.75)	(183.36, 176.39)	2592.074	0.05004883	12.72203	0.6805008	332.6223	
2621144449000	2612450695336	None	Fixation	(221.43, 184.42)	(182.49, 176.15)	2590.574	1.56665	NaN	NaN	NaN	
2621161118000	2612467364117	None	Saccade	(221.51, 185.11)	(179.21, 175.19)	2592.141	0.0168457	42.08662	1.402887	299.2993	
2621177783000	2612484028893	None	Pursuit	(221.68, 185.54)	(182.26, 174.51)	2592.141	0.03344727	38.4467	0.6791699	4.907055	
2621194450000	2612500695670	None	Pursuit	(221.24, 186.58)	(181.21, 174.72)	2592.141	0.05004883	13.10732	0.7853281	331.1723	
2621211116000	2612517361465	None	Fixation	(221.29, 186.95)	(181.19, 175.10)	2590.574	1.633545	NaN	NaN	NaN	
2621227783000	2612534028237	None	Fixation	(221.11, 187.72)	(181.18, 172.99)	2590.574	1.650146	NaN	NaN	NaN	
2621244449000	2612550694023	None	Saccade	(221.47, 188.59)	(178.31, 172.77)	2592.224	0.01660156	35.33357	1.177786	287.4945	
2621261116000	2612567360790	None	Saccade	(222.98, 191.75)	(176.61, 170.45)	2592.241	0.01660156	43.07598	1.435866	321.5551	
2621277782000	2612584026587	None	Pursuit	(222.47, 191.57)	(175.51, 170.73)	2592.241	0.03344727	6.634098	1.290675	328.5797	
2621294449000	2612600693343	None	Pursuit	(222.91, 192.22)	(176.88, 170.05)	2592.241	0.05004883	9.723567	1.604787	325.3977	
2621311115000	2612617359115	None	Pursuit	(222.98, 192.67)	(176.14, 169.40)	2592.241	0.06665039	5.509276	1.78463	326.656	
2621327782000	2612634026298	None	Unknown	(222.67, 193.32)	(175.51, 169.31)	NaN	NaN	NaN	NaN	NaN	
2621344448000	2612650691981	None	Fixation	(223.40, 193.84)	(175.26, 168.91)	2592.324	0.0168457	NaN	NaN	NaN	
2621361115000	2612667358452	None	Fixation	(222.76, 194.52)	(175.62, 168.04)	2592.324	0.03344727	NaN	NaN	NaN	
2621377781000	2612684024220	None	Fixation	(222.78, 194.89)	(175.27, 167.12)	2592.324	0.05004883	NaN	NaN	NaN	
2621394448000	2612700690985	None	Fixation	(222.87, 195.61)	(174.10, 166.94)	2592.324	0.06665039	NaN	NaN	NaN	
2621411115000	2612717357765	None	Fixation	(223.03, 196.27)	(173.91, 166.67)	2592.324	0.08349609	NaN	NaN	NaN	
2621427781000	2612734023557	None	Fixation	(222.96, 197.07)	(173.68, 165.89)	2592.324	0.1000977	NaN	NaN	NaN	
2621444447000	2612750689331	None	Fixation	(222.70, 197.79)	(173.14, 165.57)	2592.324	0.1166992	NaN	NaN	NaN	
2621461114000	2612767356110	None	Fixation	(222.81, 198.38)	(172.81, 164.81)	2592.324	0.1335449	NaN	NaN	NaN	
2621477781000	2612784022923	None	Fixation	(223.07, 198.78)	(172.62, 164.47)	2592.324	0.1501465	NaN	NaN	NaN	
2621494447000	2612800688662	None	Fixation	(222.95, 199.70)	(172.11, 163.85)	2592.324	0.166748	NaN	NaN	NaN	
2621511114000	2612817355444	None	Fixation	(222.77, 200.26)	(171.92, 163.64)	2592.324	0.1833496	NaN	NaN	NaN	
2621527781000	2612834022220	None	Fixation	(222.89, 200.66)	(171.46, 163.20)	2592.324	0.2001953	NaN	NaN	NaN	
2621544447000	2612850688290	None	Fixation	(223.04, 200.83)	(172.29, 162.85)	2592.324	0.2167969	NaN	NaN	NaN	
2621561114000	2612867354780	None	Fixation	(222.62, 201.52)	(172.38, 161.94)	2592.324	0.2333984	NaN	NaN	NaN	
2621577780000	2612884020564	None	Fixation	(222.64, 201.53)	(172.25, 161.94)	2592.324	0.25	NaN	NaN	NaN	
2621594447000	2612900687306	None	Fixation	(223.20, 199.21)	(172.07, 163.86)	2592.324	0.2668457	NaN	NaN	NaN	
2621611112000	2612917352114	None	Saccade	(220.83, 186.49)	(182.13, 175.56)	2592.591	0.01660156	159.1622	6.324057	154.3974	
2621627779000	2612934018900	None	Saccade	(217.99, 184.56)	(185.62, 180.16)	2592.591	0.03320313	71.05426	8.689322	153.2775	
2621644444000	2612950683640	None	Pursuit	(218.35, 185.38)	(184.62, 178.70)	2592.624	0.01660156	11.08418	0.3694727	323.0021	
2621661111000	2612967350423	None	Pursuit	(218.62, 183.00)	(186.88, 178.42)	2592.624	0.03344727	29.42861	0.6881723	189.1694	
2621677779000	2612984018217	None	Pursuit	(218.36, 183.26)	(184.11, 177.02)	2592.624	0.05004883	4.494186	0.5529862	183.1714	
2621694445000	2613000684355	None	Pursuit	(218.10, 183.21)	(186.31, 175.96)	2592.641	0.05004883	29.93379	1.31793	44.72671	
2621711112000	2613017350780	None	Pursuit	(218.47, 183.03)	(184.20, 177.33)	2592.641	0.06689453	30.90824	0.5864021	355.987	
2621727779000	2613034017852	None	Pursuit	(218.58, 183.16)	(185.94, 177.20)	2592.641	0.08349609	21.47265	0.8192814	54.43534	
2621744445000	2613050683315	None	Fixation	(218.69, 182.94)	(184.30, 176.68)	2592.691	0.05004883	NaN	NaN	NaN	
2621761112000	2613067350100	None	Fixation	(218.43, 183.14)	(185.81, 176.52)	2592.691	0.06665039	NaN	NaN	NaN	
2621777779000	2613084016895	None	Fixation	(218.31, 182.95)	(185.50, 176.99)	2592.691	0.08349609	NaN	NaN	NaN	
2621794445000	2613100682669	None	Fixation	(218.75, 182.82)	(185.26, 177.51)	2592.691	0.1000977	NaN	NaN	NaN	
2621811112000	2613117349403	None	Fixation	(218.78, 182.73)	(185.44, 177.00)	2592.691	0.1166992	NaN	NaN	NaN	
2621827778000	2613134015198	None	Fixation	(218.56, 182.75)	(183.95, 176.30)	2592.691	0.1333008	NaN	NaN	NaN	
2621844445000	2613150682005	None	Fixation	(218.54, 182.61)	(183.43, 176.26)	2592.691	0.1501465	NaN	NaN	NaN	
2621861111000	2613167347767	None	Fixation	(218.30, 182.57)	(186.24, 176.35)	2592.691	0.166748	NaN	NaN	NaN	
2621877778000	2613184014554	None	Fixation	(218.54, 182.82)	(186.18, 176.47)	2592.691	0.1833496	NaN	NaN	NaN	
2621894444000	2613200680327	None	Fixation	(218.48, 182.82)	(186.34, 175.95)	2592.691	0.1999512	NaN	NaN	NaN	
2621911111000	2613217347085	None	Fixation	(218.46, 182.75)	(185.18, 177.10)	2592.691	0.2167969	NaN	NaN	NaN	
2621927778000	2613234013886	None	Fixation	(218.45, 182.82)	(185.88, 177.34)	2592.691	0.2333984	NaN	NaN	NaN	
2621944444000	2613250679631	None	Fixation	(218.40, 182.63)	(185.42, 177.49)	2592.691	0.25	NaN	NaN	NaN	
2621961111000	2613267346418	None	Fixation	(218.61, 182.68)	(185.51, 177.46)	2592.691	0.2668457	NaN	NaN	NaN	
2621977776000	2613284011190	None	Fixation	(218.54, 182.51)	(183.20, 176.30)	2592.691	0.2834473	NaN	NaN	NaN	
2621994443000	2613300677974	None	Fixation	(218.56, 182.42)	(185.12, 177.48)	2592.691	0.3000488	NaN	NaN	NaN	
2622011109000	2613317344169	None	Fixation	(218.64, 182.42)	(185.44, 177.70)	2592.691	0.3166504	NaN	NaN	NaN	
2622027776000	2613334010544	None	Saccade	(218.12, 181.24)	(186.43, 179.21)	2593.007	0.0168457	22.28852	0.7429506	159.8601	
2622044442000	2613350676348	None	Pursuit	(217.76, 181.86)	(187.47, 177.54)	2593.007	0.03344727	24.23946	0.8370906	98.69374	
2622061109000	2613367343086	None	Fixation	(218.17, 181.57)	(186.30, 178.35)	2592.691	0.3666992	NaN	NaN	NaN	
2622077775000	2613384008877	None	Fixation	(218.06, 181.37)	(186.62, 178.50)	2592.691	0.3833008	NaN	NaN	NaN	
2622094442000	2613400675651	None	Fixation	(217.89, 181.72)	(187.23, 177.48)	2592.691	0.4001465	NaN	NaN	NaN	
2622111108000	2613417341432	None	Fixation	(218.16, 181.36)	(185.59, 177.88)	2592.691	0.416748	NaN	NaN	NaN	
2622127775000	2613434008214	None	Fixation	(218.03, 181.31)	(186.57, 178.70)	2592.691	0.4333496	NaN	NaN	NaN	
2622144442000	2613450674992	None	Fixation	(217.95, 181.27)	(186.74, 178.42)	2592.691	0.4499512	NaN	NaN	NaN	
2622161108000	2613467340778	None	Fixation	(218.33, 181.24)	(187.27, 177.26)	2592.691	0.4667969	NaN	NaN	NaN	
2622177775000	2613484007525	None	Fixation	(218.07, 181.11)	(187.16, 177.35)	2592.691	0.4833984	NaN	NaN	NaN	
2622194441000	2613500673318	None	Fixation	(218.13, 181.29)	(186.77, 178.10)	2592.691	0.5	NaN	NaN	NaN	
2622211108000	2613517340078	None	Fixation	(218.09, 181.27)	(187.03, 177.70)	2592.691	0.5166016	NaN	NaN	NaN	
2622227774000	2613534005883	None	Fixation	(218.09, 181.31)	(187.31, 177.28)	2592.691	0.5334473	NaN	NaN	NaN	
2622244441000	2613550672627	None	Fixation	(218.28, 181.07)	(186.79, 178.04)	2592.691	0.5500488	NaN	NaN	NaN	
2622261107000	2613567338426	None	Fixation	(218.31, 181.09)	(186.83, 177.26)	2592.691	0.5666504	NaN	NaN	NaN	
2622277774000	2613584005207	None	Fixation	(218.19, 181.23)	(186.47, 178.55)	2592.691	0.5834961	NaN	NaN	NaN	
2622294441000	2613600672129	None	Fixation	(218.24, 181.20)	(186.47, 178.42)	2592.691	0.6000977	NaN	NaN	NaN	
2622311107000	2613617337784	None	Fixation	(217.94, 181.17)	(186.57, 177.95)	2592.691	0.6166992	NaN	NaN	NaN	
2622327773000	2613634003613	None	Fixation	(218.28, 181.20)	(186.41, 177.58)	2592.691	0.6333008	NaN	NaN	NaN	
2622344438000	2613650668330	None	Fixation	(221.20, 180.23)	(184.51, 180.28)	2592.691	0.6501465	NaN	NaN	NaN	
2622361105000	2613667335070	None	Saccade	(221.18, 181.32)	(184.20, 179.06)	2593.341	0.01660156	13.34805	0.5137253	353.5055	
2622377772000	2613684002126	None	Pursuit	(221.04, 181.32)	(183.89, 179.56)	2593.341	0.03320313	1.679856	0.4504597	355.1947	
2622394439000	2613700669191	None	Unknown	(221.44, 181.08)	(184.30, 179.73)	NaN	NaN	NaN	NaN	NaN	
2622411105000	2613717334417	None	Fixation	(221.50, 181.02)	(184.14, 178.65)	2593.391	0.0168457	NaN	NaN	NaN	
2622427772000	2613734001187	None	Fixation	(221.54, 180.90)	(184.69, 178.66)	2593.391	0.03344727	NaN	NaN	NaN	
2622444438000	2613750666988	None	Fixation	(221.27, 180.77)	(184.34, 178.58)	2593.391	0.05004883	NaN	NaN	NaN	
2622461105000	2613767333767	None	Fixation	(221.51, 180.83)	(182.61, 179.43)	2593.391	0.06665039	NaN	NaN	NaN	
2622477771000	2613783999517	None	Fixation	(221.34, 180.72)	(184.31, 180.07)	2593.391	0.08349609	NaN	NaN	NaN	
2622494438000	2613800666289	None	Fixation	(222.29, 180.78)	(184.74, 178.37)	2593.391	0.1000977	NaN	NaN	NaN	
2622511105000	2613817333096	None	Fixation	(221.72, 180.73)	(184.36, 179.24)	2593.391	0.1166992	NaN	NaN	NaN	
2622527771000	2613833999240	None	Fixation	(221.49, 180.69)	(184.81, 178.49)	2593.391	0.1335449	NaN	NaN	NaN	
2622544438000	2613850665649	None	Fixation	(221.74, 180.79)	(184.71, 178.72)	2593.391	0.1501465	NaN	NaN	NaN	
2622561104000	2613867331412	None	Fixation	(221.38, 180.62)	(184.32, 178.79)	2593.391	0.166748	NaN	NaN	NaN	
2622577770000	2613883997215	None	Fixation	(221.31, 180.75)	(183.40, 179.33)	2593.391	0.1833496	NaN	NaN	NaN	
2622594437000	2613900663950	None	Fixation	(221.60, 180.66)	(181.78, 178.82)	2593.391	0.2001953	NaN	NaN	NaN	
2622611104000	2613917330773	None	Fixation	(221.96, 180.68)	(183.93, 179.27)	2593.391	0.2167969	NaN	NaN	NaN	
2622627770000	2613933996991	None	Fixation	(221.49, 180.76)	(184.30, 179.07)	2593.391	0.2333984	NaN	NaN	NaN	
2622644437000	2613950663598	None	Fixation	(220.30, 181.26)	(181.73, 177.85)	2593.391	0.25	NaN	NaN	NaN	
2622661103000	2613967329388	None	Saccade	(217.46, 181.61)	(187.58, 179.45)	2593.641	0.0168457	35.12996	2.485257	94.08586	
2622677770000	2613983995847	None	Pursuit	(217.59, 181.52)	(187.48, 179.15)	2593.641	0.03344727	1.894858	1.11641	71.50091	
2622694436000	2614000661638	None	Pursuit	(217.53, 181.30)	(187.56, 178.08)	2593.641	0.05004883	2.756373	1.136386	76.06406	
2622711103000	2614017328417	None	Pursuit	(217.19, 181.20)	(185.91, 177.92)	2593.674	0.03320313	20.37601	0.8166454	321.2165	
2622727770000	2614033995219	None	Fixation	(217.11, 181.08)	(187.77, 177.84)	2593.707	0.0168457	NaN	NaN	NaN	
2622744435000	2614050659965	None	Fixation	(217.28, 180.78)	(187.56, 178.42)	2593.707	0.03344727	NaN	NaN	NaN	
2622761102000	2614067327053	None	Fixation	(217.09, 180.94)	(188.08, 177.54)	2593.707	0.05004883	NaN	NaN	NaN	
2622777768000	2614083992860	None	Fixation	(217.20, 180.95)	(187.53, 178.11)	2593.707	0.06689453	NaN	NaN	NaN	
2622794435000	2614100659874	None	Fixation	(217.22, 180.58)	(187.97, 177.76)	2593.707	0.08349609	NaN	NaN	NaN	
2622811101000	2614117325060	None	Fixation	(217.48, 180.70)	(187.21, 178.17)	2593.707	0.1000977	NaN	NaN	NaN	
2622827768000	2614133991878	None	Fixation	(217.10, 180.56)	(187.50, 178.22)	2593.707	0.1166992	NaN	NaN	NaN	
2622844434000	2614150657618	None	Fixation	(217.13, 180.62)	(187.88, 177.65)	2593.707	0.1335449	NaN	NaN	NaN	
2622861101000	2614167324415	None	Fixation	(216.95, 180.76)	(187.72, 177.59)	2593.707	0.1501465	NaN	NaN	NaN	
2622877767000	2614183990184	None	Fixation	(217.06, 181.00)	(187.99, 177.87)	2593.707	0.166748	NaN	NaN	NaN	
2622894434000	2614200656982	None	Fixation	(217.09, 180.71)	(187.93, 177.57)	2593.707	0.1833496	NaN	NaN	NaN	
2622911101000	2614217323737	None	Fixation	(216.85, 180.64)	(187.29, 178.15)	2593.707	0.2001953	NaN	NaN	NaN	
2622927767000	2614233989511	None	Fixation	(216.75, 181.02)	(185.40, 177.43)	2593.707	0.2167969	NaN	NaN	NaN	
2622944431000	2614250653307	None	Fixation	(216.75, 181.43)	(187.93, 178.46)	2593.707	0.2333984	NaN	NaN	NaN	
2622961098000	2614267320074	None	Fixation	(216.24, 181.49)	(188.50, 178.05)	2593.707	0.25	NaN	NaN	NaN	
2622977767000	2614283988844	None	Fixation	(216.19, 181.18)	(188.45, 178.33)	2593.707	0.2668457	NaN	NaN	NaN	
2622994433000	2614300654646	None	Fixation	(216.28, 180.94)	(188.65, 177.56)	2593.707	0.2834473	NaN	NaN	NaN	
2623011099000	2614317320401	None	Fixation	(216.84, 180.75)	(188.55, 177.73)	2593.707	0.3000488	NaN	NaN	NaN	
2623027765000	2614333986184	None	Fixation	(216.60, 180.73)	(188.61, 177.70)	2593.707	0.3168945	NaN	NaN	NaN	
2623044432000	2614350652953	None	Fixation	(216.67, 180.59)	(188.54, 177.58)	2593.707	0.3334961	NaN	NaN	NaN	
2623061098000	2614367318738	None	Fixation	(216.78, 180.75)	(188.85, 177.31)	2593.707	0.3500977	NaN	NaN	NaN	
2623077765000	2614383985582	None	Fixation	(216.77, 180.80)	(186.38, 177.44)	2593.707	0.3666992	NaN	NaN	NaN	
2623094431000	2614400651302	None	Fixation	(216.61, 180.95)	(186.79, 177.63)	2593.707	0.3835449	NaN	NaN	NaN	
2623111098000	2614417318104	None	Fixation	(216.32, 180.94)	(186.69, 177.49)	2593.707	0.4001465	NaN	NaN	NaN	
2623127764000	2614433983875	None	Fixation	(216.34, 181.16)	(188.75, 176.98)	2593.707	0.416748	NaN	NaN	NaN	
2623144431000	2614450651004	None	Fixation	(215.99, 181.56)	(188.57, 177.69)	2593.707	0.4333496	NaN	NaN	NaN	
2623161097000	2614467316491	None	Fixation	(215.65, 182.16)	(188.47, 177.45)	2593.707	0.4501953	NaN	NaN	NaN	
2623177763000	2614483982174	None	Fixation	(215.59, 182.28)	(188.62, 177.49)	2593.707	0.4667969	NaN	NaN	NaN	
2623194430000	2614500648945	None	Fixation	(215.11, 183.02)	(188.92, 177.36)	2593.707	0.4833984	NaN	NaN	NaN	
2623211096000	2614517314733	None	Fixation	(215.19, 183.29)	(188.59, 176.36)	2593.707	0.5	NaN	NaN	NaN	
2623227763000	2614533981528	None	Fixation	(214.78, 183.53)	(189.11, 176.02)	2593.707	0.5168457	NaN	NaN	NaN	
2623244429000	2614550647314	None	Fixation	(214.17, 184.04)	(188.98, 175.79)	2593.707	0.5334473	NaN	NaN	NaN	
2623261096000	2614567314089	None	Fixation	(214.32, 184.77)	(188.62, 175.54)	2593.707	0.5500488	NaN	NaN	NaN	
2623277762000	2614583980257	None	Fixation	(216.24, 185.13)	(187.12, 175.79)	2593.707	0.5668945	NaN	NaN	NaN	
2623294429000	2614600646678	None	Fixation	(215.67, 185.80)	(187.24, 175.43)	2593.707	0.5834961	NaN	NaN	NaN	
2623311096000	2614617313471	None	Fixation	(215.30, 186.11)	(187.86, 174.45)	2593.707	0.6000977	NaN	NaN	NaN	
2623327762000	2614633979273	None	Fixation	(214.92, 186.21)	(185.90, 174.13)	2593.707	0.6166992	NaN	NaN	NaN	
2623344429000	2614650645993	None	Fixation	(214.46, 186.76)	(187.77, 174.13)	2593.707	0.6335449	NaN	NaN	NaN	
2623361095000	2614667311764	None	Fixation	(213.94, 187.29)	(188.16, 172.82)	2593.707	0.6501465	NaN	NaN	NaN	
2623377762000	2614683978821	None	Fixation	(213.21, 187.55)	(188.27, 172.89)	2593.707	0.666748	NaN	NaN	NaN	
2623394428000	2614700644330	None	Fixation	(212.86, 187.86)	(188.33, 172.37)	2593.707	0.6833496	NaN	NaN	NaN	
2623411095000	2614717311053	None	Fixation	(212.28, 188.10)	(188.77, 171.86)	2593.707	0.7001953	NaN	NaN	NaN	
2623427761000	2614733976889	None	Fixation	(211.78, 188.37)	(189.01, 171.72)	2593.707	0.7167969	NaN	NaN	NaN	
2623444428000	2614750643656	None	Fixation	(211.35, 188.61)	(189.39, 171.26)	2593.707	0.7333984	NaN	NaN	NaN	
2623461094000	2614767309479	None	Fixation	(211.10, 188.94)	(189.58, 170.89)	2593.707	0.75	NaN	NaN	NaN	
2623477761000	2614783976184	None	Fixation	(210.64, 189.19)	(189.83, 170.38)	2593.707	0.7668457	NaN	NaN	NaN	
2623494427000	2614800641981	None	Fixation	(209.99, 189.59)	(190.00, 170.32)	2593.707	0.7834473	NaN	NaN	NaN	
2623511094000	2614817308754	None	Fixation	(209.13, 189.98)	(190.42, 169.82)	2593.707	0.8000488	NaN	NaN	NaN	
2623527761000	2614833975535	None	Saccade	(204.68, 193.39)	(193.40, 166.67)	2594.507	0.0168457	69.00718	2.300239	47.96559	
2623544426000	2614850640313	None	Pursuit	(204.62, 193.47)	(193.57, 167.19)	2594.507	0.03344727	6.831661	1.683114	63.20613	
2623561093000	2614867307095	None	Pursuit	(204.63, 193.26)	(193.36, 167.35)	2594.541	0.01660156	2.577094	0.08590312	171.2182	
2623577759000	2614883972828	None	Pursuit	(203.76, 193.54)	(194.06, 166.12)	2594.541	0.03320313	11.34501	0.3548984	72.08528	
2623594426000	2614900639629	None	Unknown	(202.76, 194.01)	(193.95, 165.71)	NaN	NaN	NaN	NaN	NaN	
2623611090000	2614917303382	None	Fixation	(203.14, 194.16)	(195.37, 164.76)	2594.591	0.01660156	NaN	NaN	NaN	
2623627757000	2614933971089	None	Saccade	(202.27, 194.67)	(195.57, 164.37)	2594.607	0.01660156	5.416227	0.1805409	41.33809	
2623644425000	2614950637941	None	Fixation	(201.93, 194.77)	(194.83, 164.43)	2594.591	0.04980469	NaN	NaN	NaN	
2623661092000	2614967304805	None	Fixation	(201.68, 195.26)	(194.78, 164.05)	2594.591	0.06665039	NaN	NaN	NaN	
2623677758000	2614983970517	None	Fixation	(200.90, 195.23)	(194.81, 163.75)	2594.591	0.08325195	NaN	NaN	NaN	
2623694425000	2615000637585	None	Fixation	(200.48, 195.96)	(195.66, 163.28)	2594.591	0.09985352	NaN	NaN	NaN	
2623711090000	2615017302070	None	Fixation	(199.81, 196.38)	(196.45, 162.27)	2594.591	0.1164551	NaN	NaN	NaN	
2623727758000	2615033969841	None	Fixation	(199.49, 196.64)	(196.58, 162.78)	2594.591	0.1333008	NaN	NaN	NaN	
2623744425000	2615050636608	None	Fixation	(198.62, 197.25)	(196.48, 162.25)	2594.591	0.1499023	NaN	NaN	NaN	
2623761091000	2615067302408	None	Saccade	(194.50, 200.64)	(198.03, 160.41)	2594.741	0.01660156	65.66472	2.188824	37.5653	
2623777758000	2615083969192	None	Saccade	(194.90, 199.99)	(199.03, 160.91)	2594.757	0.01660156	13.70756	0.4569187	130.0154	
2623794424000	2615100634961	None	Pursuit	(194.85, 200.53)	(198.95, 160.12)	2594.774	0.0168457	6.630121	0.221004	352.4566	
2623811089000	2615117300093	None	Pursuit	(193.90, 200.99)	(199.75, 159.58)	2594.774	0.03344727	12.97443	0.5787199	32.18881	
2623827756000	2615133966545	None	Unknown	(193.43, 201.22)	(199.52, 159.87)	NaN	NaN	NaN	NaN	NaN	
2623844422000	2615150632269	None	Fixation	(193.07, 201.24)	(199.52, 159.19)	2594.824	0.0168457	NaN	NaN	NaN	
2623861090000	2615167300069	None	Fixation	(193.22, 201.55)	(199.75, 159.07)	2594.824	0.03344727	NaN	NaN	NaN	
2623877757000	2615183966884	None	Saccade	(200.25, 193.84)	(198.19, 165.22)	2594.857	0.01660156	128.2926	4.276419	208.3008	
2623894423000	2615200632646	None	Saccade	(216.81, 185.56)	(188.84, 180.15)	2594.857	0.03320313	227.7223	11.68326	221.609	
2623911090000	2615217299638	None	Unknown	(220.93, 185.94)	(184.24, 182.32)	NaN	NaN	NaN	NaN	NaN	
2623927757000	2615233966480	None	Pursuit	(220.14, 185.91)	(184.73, 182.78)	2594.907	0.01660156	9.814057	0.3271352	79.05282	
2623944423000	2615250632524	None	Pursuit	(223.19, 185.03)	(184.26, 181.41)	2594.907	0.03320313	39.09539	0.9974461	235.0921	
2623961090000	2615267299087	None	Pursuit	(221.76, 184.60)	(184.07, 180.60)	2594.907	0.04980469	18.41825	0.6443296	198.5834	
2623977755000	2615283963511	None	Unknown	(220.99, 183.99)	(183.92, 179.61)	NaN	NaN	NaN	NaN	NaN	
2623994422000	2615300630310	None	Fixation	(221.50, 184.02)	(184.29, 179.58)	2594.974	0.01660156	NaN	NaN	NaN	
2624011088000	2615317296067	None	Fixation	(221.99, 183.73)	(181.97, 179.56)	2594.974	0.03320313	NaN	NaN	NaN	
2624027755000	2615333962885	None	Fixation	(221.62, 183.66)	(183.63, 179.66)	2594.974	0.04980469	NaN	NaN	NaN	
2624044421000	2615350628696	None	Fixation	(221.47, 183.22)	(182.10, 179.11)	2594.974	0.06665039	NaN	NaN	NaN	
2624061088000	2615367295429	None	Fixation	(221.34, 182.99)	(183.70, 178.38)	2594.974	0.08325195	NaN	NaN	NaN	
2624077754000	2615383961460	None	Fixation	(221.80, 182.94)	(183.58, 178.97)	2594.974	0.09985352	NaN	NaN	NaN	
2624094421000	2615400627967	None	Fixation	(221.88, 182.96)	(184.22, 178.62)	2594.974	0.1166992	NaN	NaN	NaN	
2624111086000	2615417292735	None	Fixation	(221.56, 183.00)	(184.26, 178.67)	2594.974	0.1333008	NaN	NaN	NaN	
2624127752000	2615433958542	None	Fixation	(221.56, 182.71)	(181.26, 178.43)	2594.974	0.1499023	NaN	NaN	NaN	
2624144419000	2615450625274	None	Fixation	(221.89, 182.42)	(183.68, 178.74)	2594.974	0.1665039	NaN	NaN	NaN	
2624161085000	2615467291450	None	Fixation	(221.61, 182.23)	(183.68, 178.82)	2594.974	0.1833496	NaN	NaN	NaN	
2624177754000	2615483960180	None	Fixation	(221.89, 182.25)	(184.06, 178.31)	2594.974	0.1999512	NaN	NaN	NaN	
2624194420000	2615500625647	None	Fixation	(221.61, 182.25)	(183.97, 178.75)	2594.974	0.2165527	NaN	NaN	NaN	
2624211087000	2615517292708	None	Fixation	(221.71, 182.08)	(182.93, 179.49)	2594.974	0.2331543	NaN	NaN	NaN	
2624227753000	2615533958187	None	Fixation	(221.76, 182.25)	(181.47, 178.47)	2594.974	0.25	NaN	NaN	NaN	
2624244420000	2615550625286	None	Fixation	(221.94, 182.14)	(183.77, 178.66)	2594.974	0.2666016	NaN	NaN	NaN	
2624261086000	2615567291127	None	Fixation	(221.78, 181.78)	(183.66, 178.99)	2594.974	0.2832031	NaN	NaN	NaN	
2624277753000	2615583957955	None	Fixation	(221.98, 181.69)	(183.39, 179.29)	2594.974	0.2998047	NaN	NaN	NaN	
2624294419000	2615600623303	None	Fixation	(221.79, 181.71)	(184.00, 178.05)	2594.974	0.3166504	NaN	NaN	NaN	
2624311086000	2615617290049	None	Fixation	(222.00, 181.60)	(181.82, 178.99)	2594.974	0.333252	NaN	NaN	NaN	
2624327753000	2615633957102	None	Fixation	(221.75, 181.49)	(183.77, 178.46)	2594.974	0.3498535	NaN	NaN	NaN	
2624344418000	2615650621640	None	Fixation	(222.17, 181.63)	(184.15, 178.62)	2594.974	0.3666992	NaN	NaN	NaN	
2624361085000	2615667288612	None	Fixation	(222.00, 181.41)	(183.87, 178.34)	2594.974	0.3833008	NaN	NaN	NaN	
2624377751000	2615683954157	None	Fixation	(222.05, 181.49)	(181.72, 178.75)	2594.974	0.3999023	NaN	NaN	NaN	
2624394418000	2615700620974	None	Fixation	(221.79, 181.38)	(183.70, 178.30)	2594.974	0.4165039	NaN	NaN	NaN	
2624411084000	2615717286715	None	Fixation	(222.31, 181.04)	(183.17, 178.80)	2594.974	0.4333496	NaN	NaN	NaN	
2624427751000	2615733953583	None	Fixation	(222.07, 180.66)	(184.60, 179.98)	2594.974	0.4499512	NaN	NaN	NaN	
2624444418000	2615750620273	None	Fixation	(222.37, 180.95)	(184.03, 179.94)	2594.974	0.4665527	NaN	NaN	NaN	
2624461084000	2615767286151	None	Fixation	(221.94, 180.91)	(184.39, 178.76)	2594.974	0.4831543	NaN	NaN	NaN	
2624477750000	2615783952212	None	Fixation	(221.76, 180.80)	(184.02, 180.31)	2594.974	0.5	NaN	NaN	NaN	
2624494417000	2615800619083	None	Fixation	(221.94, 180.77)	(184.47, 178.45)	2594.974	0.5166016	NaN	NaN	NaN	
2624511083000	2615817284409	None	Fixation	(221.60, 180.81)	(184.68, 178.75)	2594.974	0.5332031	NaN	NaN	NaN	
2624527750000	2615833951192	None	Fixation	(222.00, 180.84)	(183.75, 179.49)	2594.974	0.5498047	NaN	NaN	NaN	
2624544417000	2615850617954	None	Fixation	(221.60, 180.65)	(184.00, 179.26)	2594.974	0.5666504	NaN	NaN	NaN	
2624561083000	2615867283739	None	Fixation	(221.75, 180.68)	(184.27, 178.53)	2594.974	0.583252	NaN	NaN	NaN	
2624577750000	2615883950495	None	Fixation	(222.13, 180.62)	(184.16, 179.26)	2594.974	0.5998535	NaN	NaN	NaN	
2624594416000	2615900616307	None	Fixation	(222.19, 180.77)	(183.84, 179.71)	2594.974	0.6166992	NaN	NaN	NaN	
2624611083000	2615917283115	None	Fixation	(222.01, 180.79)	(184.30, 178.42)	2594.974	0.6333008	NaN	NaN	NaN	
2624627749000	2615933948868	None	Fixation	(222.17, 180.75)	(183.50, 179.38)	2594.974	0.6499023	NaN	NaN	NaN	
2624644414000	2615950613625	None	Fixation	(222.38, 180.63)	(182.50, 179.04)	2594.974	0.6665039	NaN	NaN	NaN	
2624661081000	2615967280420	None	Fixation	(222.15, 180.60)	(181.40, 178.59)	2594.974	0.6833496	NaN	NaN	NaN	
2624677749000	2615983948206	None	Fixation	(222.19, 180.66)	(183.50, 178.68)	2594.974	0.6999512	NaN	NaN	NaN	
2624694416000	2616000614964	None	Fixation	(221.77, 180.71)	(183.64, 178.88)	2594.974	0.7165527	NaN	NaN	NaN	
2624711082000	2616017280751	None	Fixation	(222.10, 180.66)	(184.55, 178.61)	2594.974	0.7331543	NaN	NaN	NaN	
2624727749000	2616033947527	None	Fixation	(222.01, 180.62)	(184.36, 178.39)	2594.974	0.75	NaN	NaN	NaN	
2624744413000	2616050611785	None	Fixation	(221.87, 180.69)	(183.52, 179.18)	2594.974	0.7666016	NaN	NaN	NaN	
2624761080000	2616067278065	None	Fixation	(221.80, 180.45)	(183.72, 179.44)	2594.974	0.7832031	NaN	NaN	NaN	
2624777747000	2616083944854	None	Fixation	(222.11, 180.51)	(183.43, 179.73)	2594.974	0.7998047	NaN	NaN	NaN	
2624794414000	2616100611643	None	Fixation	(221.74, 180.70)	(181.49, 178.53)	2594.974	0.8166504	NaN	NaN	NaN	
2624811080000	2616117277421	None	Fixation	(222.00, 180.60)	(184.26, 178.50)	2594.974	0.833252	NaN	NaN	NaN	
2624827747000	2616133944212	None	Fixation	(221.98, 180.52)	(183.94, 178.83)	2594.974	0.8498535	NaN	NaN	NaN	
2624844413000	2616150610405	None	Fixation	(222.65, 180.53)	(183.73, 178.70)	2594.974	0.8666992	NaN	NaN	NaN	
2624861080000	2616167276793	None	Fixation	(222.35, 180.71)	(184.23, 178.69)	2594.974	0.8833008	NaN	NaN	NaN	
2624877746000	2616183942531	None	Fixation	(222.04, 180.54)	(183.92, 178.61)	2594.974	0.8999023	NaN	NaN	NaN	
2624894413000	2616200609313	None	Fixation	(222.23, 180.67)	(183.84, 178.62)	2594.974	0.9165039	NaN	NaN	NaN	
2624911080000	2616217276075	None	Fixation	(221.99, 180.77)	(183.59, 178.76)	2594.974	0.9333496	NaN	NaN	NaN	
2624927746000	2616233941860	None	Fixation	(220.40, 181.69)	(185.24, 178.13)	2594.974	0.9499512	NaN	NaN	NaN	
2624944413000	2616250609261	None	Fixation	(220.20, 181.49)	(185.14, 178.76)	2594.974	0.9665527	NaN	NaN	NaN	
2624961079000	2616267274429	None	Fixation	(220.69, 181.31)	(185.07, 177.92)	2594.974	0.9831543	NaN	NaN	NaN	
2624977746000	2616283941509	None	Fixation	(220.38, 181.47)	(185.55, 177.95)	2594.974	1	NaN	NaN	NaN	
2624994412000	2616300607015	None	Fixation	(220.29, 181.42)	(184.83, 178.30)	2594.974	1.016602	NaN	NaN	NaN	
2625011079000	2616317273749	None	Fixation	(220.08, 181.41)	(183.52, 178.49)	2594.974	1.033203	NaN	NaN	NaN	
2625027745000	2616333939594	None	Fixation	(220.58, 181.18)	(185.49, 178.39)	2594.974	1.049805	NaN	NaN	NaN	
2625044412000	2616350606315	None	Fixation	(220.14, 181.07)	(185.43, 179.37)	2594.974	1.06665	NaN	NaN	NaN	
2625061078000	2616367272142	None	Fixation	(220.23, 181.02)	(184.83, 178.65)	2594.974	1.083252	NaN	NaN	NaN	
2625077745000	2616383938853	None	Fixation	(220.43, 181.16)	(185.43, 178.34)	2594.974	1.099854	NaN	NaN	NaN	
2625094412000	2616400605652	None	Fixation	(219.88, 181.26)	(185.52, 178.25)	2594.974	1.116699	NaN	NaN	NaN	
2625111078000	2616417271422	None	Fixation	(220.30, 181.23)	(185.54, 177.72)	2594.974	1.133301	NaN	NaN	NaN	
2625127745000	2616433938219	None	Fixation	(220.03, 181.14)	(185.76, 177.64)	2594.974	1.149902	NaN	NaN	NaN	
2625144410000	2616450603015	None	Fixation	(219.91, 181.18)	(185.06, 178.10)	2594.974	1.166504	NaN	NaN	NaN	
2625161077000	2616467269815	None	Fixation	(219.87, 181.56)	(185.57, 177.32)	2594.974	1.18335	NaN	NaN	NaN	
2625177743000	2616483935532	None	Fixation	(220.34, 181.50)	(183.48, 177.58)	2594.974	1.199951	NaN	NaN	NaN	
2625194410000	2616500602338	None	Fixation	(220.17, 181.83)	(185.01, 178.26)	2594.974	1.216553	NaN	NaN	NaN	
2625211076000	2616517268071	None	Fixation	(220.52, 182.13)	(184.76, 177.20)	2594.974	1.233154	NaN	NaN	NaN	
2625227743000	2616533934894	None	Fixation	(221.10, 182.35)	(183.42, 177.38)	2594.974	1.25	NaN	NaN	NaN	
2625244409000	2616550600660	None	Fixation	(220.59, 182.77)	(183.87, 176.93)	2594.974	1.266602	NaN	NaN	NaN	
2625261076000	2616567267920	None	Fixation	(221.62, 183.26)	(183.73, 176.30)	2594.974	1.283203	NaN	NaN	NaN	
2625277742000	2616583933214	None	Fixation	(222.02, 183.69)	(183.07, 176.26)	2594.974	1.299805	NaN	NaN	NaN	
2625294409000	2616600599993	None	Fixation	(222.31, 184.14)	(181.87, 176.01)	2594.974	1.31665	NaN	NaN	NaN	
2625311076000	2616617267272	None	Fixation	(222.73, 184.57)	(181.60, 175.60)	2594.974	1.333252	NaN	NaN	NaN	
2625327742000	2616633932544	None	Fixation	(223.14, 185.07)	(181.39, 175.23)	2594.974	1.349854	NaN	NaN	NaN	
2625344409000	2616650599322	None	Fixation	(224.14, 185.47)	(179.84, 175.60)	2594.974	1.366455	NaN	NaN	NaN	
2625361075000	2616667265180	None	Saccade	(227.70, 186.53)	(176.11, 176.58)	2596.341	0.0168457	45.67278	1.582962	270.9571	
2625377741000	2616683930904	None	Pursuit	(227.45, 187.03)	(175.35, 176.28)	2596.341	0.03344727	6.853985	1.497087	282.2412	
2625394408000	2616700597695	None	Pursuit	(227.81, 187.44)	(176.34, 175.31)	2596.341	0.05004883	6.777945	1.706983	285.2379	
2625411075000	2616717264442	None	Pursuit	(228.51, 187.92)	(173.51, 176.26)	2596.341	0.06689453	10.39327	2.051814	286.2598	
2625444408000	2616750597218	None	Fixation	(228.77, 188.63)	(173.50, 175.81)	2596.424	0.01660156	NaN	NaN	NaN	
2625444408000	2616750596972	None	Fixation	(228.77, 188.63)	(173.50, 175.81)	2596.424	0.01660156	NaN	NaN	NaN	
2625461074000	2616767262826	None	Fixation	(228.81, 188.55)	(173.91, 175.08)	2596.424	0.03320313	NaN	NaN	NaN	
2625477739000	2616783927618	None	Fixation	(229.05, 188.74)	(173.80, 174.80)	2596.424	0.05004883	NaN	NaN	NaN	
2625511074000	2616817262318	None	Fixation	(229.25, 189.13)	(173.14, 174.79)	2596.424	0.08325195	NaN	NaN	NaN	
2625511074000	2616817262387	None	Fixation	(229.25, 189.13)	(173.14, 174.79)	2596.424	0.08325195	NaN	NaN	NaN	
2625544407000	2616850594968	None	Saccade	(229.56, 189.62)	(170.12, 174.01)	2596.524	0.0168457	25.30991	0.8436638	302.7195	
2625544407000	2616850594624	None	Saccade	(229.56, 189.62)	(170.12, 174.01)	2596.524	0.0168457	25.30991	0.8436638	302.7195	
2625561074000	2616867261445	None	Saccade	(226.95, 184.88)	(176.66, 177.60)	2596.541	0.01660156	66.63834	2.221278	138.1787	
2625577739000	2616883926330	None	Saccade	(218.31, 183.61)	(184.00, 179.36)	2596.541	0.03320313	107.4499	5.231798	110.7747	
2625611072000	2616917258998	None	Pursuit	(217.24, 183.61)	(187.58, 179.12)	2596.591	0.0168457	10.41476	0.3471587	213.0222	
2625611072000	2616917258779	None	Pursuit	(217.24, 183.61)	(187.58, 179.12)	2596.591	0.0168457	10.41476	0.3471587	213.0222	
2625644405000	2616950591688	None	Pursuit	(216.16, 183.22)	(189.47, 178.24)	2596.591	0.05004883	10.26857	0.6639926	28.51215	
2625644405000	2616950591385	None	Pursuit	(216.16, 183.22)	(189.47, 178.24)	2596.591	0.05004883	10.26857	0.6639926	28.51215	
2625661072000	2616967258122	None	Fixation	(216.08, 182.99)	(188.54, 178.30)	2596.641	0.0168457	NaN	NaN	NaN	
2625694405000	2617000590885	None	Fixation	(216.05, 182.82)	(188.72, 178.01)	2596.641	0.05004883	NaN	NaN	NaN	
2625711072000	2617017257664	None	Fixation	(216.26, 182.73)	(188.96, 177.87)	2596.641	0.06665039	NaN	NaN	NaN	
2625711072000	2617017257417	None	Fixation	(216.26, 182.73)	(188.96, 177.87)	2596.641	0.06665039	NaN	NaN	NaN	
2625744405000	2617050590335	None	Fixation	(216.39, 182.46)	(188.75, 177.64)	2596.641	0.1000977	NaN	NaN	NaN	
2625744405000	2617050589993	None	Fixation	(216.39, 182.46)	(188.75, 177.64)	2596.641	0.1000977	NaN	NaN	NaN	
2625761071000	2617067255794	None	Fixation	(216.23, 182.38)	(188.89, 177.52)	2596.641	0.1166992	NaN	NaN	NaN	
2625777738000	2617083922535	None	Fixation	(216.35, 182.29)	(188.95, 176.98)	2596.641	0.1333008	NaN	NaN	NaN	
2625811070000	2617117254421	None	Fixation	(216.78, 182.18)	(188.62, 177.46)	2596.641	0.166748	NaN	NaN	NaN	
2625811070000	2617117254074	None	Fixation	(216.78, 182.18)	(188.62, 177.46)	2596.641	0.166748	NaN	NaN	NaN	
2625844404000	2617150587959	None	Fixation	(216.92, 181.88)	(188.18, 178.03)	2596.641	0.1999512	NaN	NaN	NaN	
2625844404000	2617150587663	None	Fixation	(216.92, 181.88)	(188.18, 178.03)	2596.641	0.1999512	NaN	NaN	NaN	
2625877737000	2617183920532	None	Fixation	(217.10, 181.51)	(188.10, 177.23)	2596.641	0.2333984	NaN	NaN	NaN	
2625877737000	2617183920198	None	Fixation	(217.10, 181.51)	(188.10, 177.23)	2596.641	0.2333984	NaN	NaN	NaN	
2625911069000	2617217252545	None	Pursuit	(217.29, 181.39)	(188.24, 178.41)	2596.874	0.03344727	39.21529	0.4834705	186.2613	
2625911069000	2617217251787	None	Pursuit	(217.29, 181.39)	(188.24, 178.41)	2596.874	0.03344727	39.21529	0.4834705	186.2613	
2625944404000	2617250586606	None	Fixation	(217.21, 181.11)	(188.32, 178.26)	2596.641	0.3000488	NaN	NaN	NaN	
2625944404000	2617250586323	None	Fixation	(217.21, 181.11)	(188.32, 178.26)	2596.641	0.3000488	NaN	NaN	NaN	
2625961070000	2617267252115	None	Fixation	(217.54, 181.11)	(187.81, 177.86)	2596.641	0.3166504	NaN	NaN	NaN	
2625977736000	2617283917905	None	Fixation	(217.46, 181.14)	(188.09, 176.94)	2596.641	0.3334961	NaN	NaN	NaN	
2625994403000	2617300584689	None	Fixation	(217.68, 181.04)	(187.75, 177.00)	2596.641	0.3500977	NaN	NaN	NaN	
2626011069000	2617317250511	None	Fixation	(217.57, 181.06)	(188.34, 178.31)	2596.641	0.3666992	NaN	NaN	NaN	
2626044402000	2617350583217	None	Fixation	(217.33, 180.97)	(187.29, 178.05)	2596.641	0.4001465	NaN	NaN	NaN	
2626044402000	2617350583008	None	Fixation	(217.33, 180.97)	(187.29, 178.05)	2596.641	0.4001465	NaN	NaN	NaN	
2626077735000	2617383915863	None	Fixation	(217.41, 181.20)	(187.06, 177.64)	2596.641	0.4333496	NaN	NaN	NaN	
2626077735000	2617383915859	None	Fixation	(217.41, 181.20)	(187.06, 177.64)	2596.641	0.4333496	NaN	NaN	NaN	
2626111069000	2617417249622	None	Fixation	(217.66, 181.32)	(187.35, 177.55)	2596.641	0.4667969	NaN	NaN	NaN	
2626111069000	2617417249205	None	Fixation	(217.66, 181.32)	(187.35, 177.55)	2596.641	0.4667969	NaN	NaN	NaN	
2626127735000	2617433914923	None	Fixation	(217.67, 181.16)	(187.67, 177.18)	2596.641	0.4833984	NaN	NaN	NaN	
2626144402000	2617450582094	None	Saccade	(220.34, 179.48)	(187.09, 179.41)	2597.124	0.01660156	38.78238	1.292746	224.7853	
2626177735000	2617483914453	None	Pursuit	(219.58, 180.50)	(186.30, 180.66)	2597.124	0.05004883	3.976234	0.826955	237.7723	
2626177735000	2617483914310	None	Pursuit	(219.58, 180.50)	(186.30, 180.66)	2597.124	0.05004883	3.976234	0.826955	237.7723	
2626211066000	2617517245102	None	Pursuit	(220.51, 180.36)	(183.21, 178.73)	2597.141	0.06665039	29.27111	1.614175	293.0241	
2626211066000	2617517244836	None	Pursuit	(220.51, 180.36)	(183.21, 178.73)	2597.141	0.06665039	29.27111	1.614175	293.0241	
2626244399000	2617550577573	None	Saccade	(220.45, 180.39)	(186.35, 180.15)	2597.224	0.01660156	24.32766	0.8109221	127.5992	
2626244399000	2617550577328	None	Saccade	(220.45, 180.39)	(186.35, 180.15)	2597.224	0.01660156	24.32766	0.8109221	127.5992	
2626277734000	2617583912366	None	Fixation	(220.26, 179.96)	(186.18, 178.59)	2597.191	0.08325195	NaN	NaN	NaN	
2626294400000	2617600577884	None	Fixation	(220.05, 179.88)	(185.71, 179.48)	2597.191	0.1000977	NaN	NaN	NaN	
2626311067000	2617617245110	None	Fixation	(220.27, 179.87)	(184.36, 179.00)	2597.191	0.1166992	NaN	NaN	NaN	
2626311067000	2617617244485	None	Fixation	(220.27, 179.87)	(184.36, 179.00)	2597.191	0.1166992	NaN	NaN	NaN	
2626344399000	2617650576215	None	Fixation	(220.09, 179.69)	(186.20, 178.96)	2597.191	0.1499023	NaN	NaN	NaN	
2626344399000	2617650576042	None	Fixation	(220.09, 179.69)	(186.20, 178.96)	2597.191	0.1499023	NaN	NaN	NaN	
2626377732000	2617683909194	None	Fixation	(220.06, 179.60)	(185.87, 179.94)	2597.191	0.1833496	NaN	NaN	NaN	
2626394399000	2617700575562	None	Fixation	(220.14, 179.69)	(186.13, 180.23)	2597.191	0.1999512	NaN	NaN	NaN	
2626411065000	2617717241382	None	Fixation	(220.33, 179.72)	(184.30, 179.04)	2597.191	0.2167969	NaN	NaN	NaN	
2626427732000	2617733908110	None	Fixation	(220.17, 179.78)	(186.27, 180.00)	2597.191	0.2333984	NaN	NaN	NaN	
2626444398000	2617750573930	None	Fixation	(220.13, 179.55)	(185.47, 179.38)	2597.191	0.25	NaN	NaN	NaN	
2626444398000	2617750573772	None	Fixation	(220.13, 179.55)	(185.47, 179.38)	2597.191	0.25	NaN	NaN	NaN	
2626477731000	2617783906530	None	Fixation	(220.21, 179.68)	(184.66, 179.19)	2597.191	0.2834473	NaN	NaN	NaN	
2626494398000	2617800573229	None	Blink	(220.24, 180.87)	(186.32, 180.77)	NaN	NaN	NaN	NaN	NaN	
2626511065000	2617817240444	None	Blink	(217.18, 186.61)	(188.59, 185.47)	NaN	NaN	NaN	NaN	NaN	
2626527731000	2617833906156	None	Blink	(0.00, 0.00)	(0.00, 0.00)	NaN	NaN	NaN	NaN	NaN	
2626544396000	2617850570834	None	Blink	(0.00, 0.00)	(0.00, 0.00)	NaN	NaN	NaN	NaN	NaN	
2626561062000	2617867236338	None	Blink	(0.00, 0.00)	(0.00, 0.00)	NaN	NaN	NaN	NaN	NaN	
2626577729000	2617883903511	None	Blink	(0.00, 0.00)	(0.00, 0.00)	NaN	NaN	NaN	NaN	NaN	
2626594396000	2617900569905	None	Blink	(0.00, 0.00)	(0.00, 0.00)	NaN	NaN	NaN	NaN	NaN	
2626611064000	2617917237692	None	Blink	(0.00, 0.00)	(0.00, 0.00)	NaN	NaN	NaN	NaN	NaN	
2626627730000	2617933903428	None	Blink	(215.20, 184.46)	(168.69, 188.00)	NaN	NaN	NaN	NaN	NaN	
2626644397000	2617950570252	None	Blink	(213.78, 181.19)	(186.92, 183.51)	NaN	NaN	NaN	NaN	NaN	
2626661063000	2617967235994	None	Blink	(212.03, 180.85)	(190.53, 180.66)	NaN	NaN	NaN	NaN	NaN	
2626677730000	2617983902843	None	Blink	(214.03, 180.72)	(192.63, 180.14)	NaN	NaN	NaN	NaN	NaN	
2626694396000	2618000568877	None	Blink	(215.10, 180.67)	(191.65, 180.64)	NaN	NaN	NaN	NaN	NaN	
2626711063000	2618017235399	None	Blink	(214.47, 180.41)	(189.45, 180.25)	NaN	NaN	NaN	NaN	NaN	
2626727730000	2618033902533	None	Blink	(215.87, 180.31)	(188.78, 180.09)	NaN	NaN	NaN	NaN	NaN	
2626744396000	2618050567995	None	Blink	(215.57, 179.96)	(191.15, 179.62)	NaN	NaN	NaN	NaN	NaN	
2626744396000	2618050567694	None	Blink	(215.57, 179.96)	(191.15, 179.62)	NaN	NaN	NaN	NaN	NaN	
2626777728000	2618083899556	None	Blink	(216.13, 179.89)	(190.27, 179.81)	NaN	NaN	NaN	NaN	NaN	
2626794395000	2618100566250	None	Saccade	(215.79, 179.76)	(189.91, 180.01)	2597.474	0.3166504	54.32059	2.176706	93.96007	
2626811061000	2618117232039	None	Unknown	(215.96, 179.78)	(190.07, 179.88)	NaN	NaN	NaN	NaN	NaN	
2626811061000	2618117231812	None	Unknown	(215.96, 179.78)	(190.07, 179.88)	NaN	NaN	NaN	NaN	NaN	
2626844394000	2618150564599	None	Pursuit	(215.77, 179.95)	(190.20, 179.62)	2597.807	0.03320313	1.702802	0.1045959	36.32523	
2626844394000	2618150564328	None	Pursuit	(215.77, 179.95)	(190.20, 179.62)	2597.807	0.03320313	1.702802	0.1045959	36.32523	
2626877727000	2618183897165	None	Fixation	(215.70, 179.80)	(190.31, 179.77)	2597.857	0.01660156	NaN	NaN	NaN	
2626894394000	2618200563904	None	Fixation	(215.53, 179.79)	(190.05, 179.99)	2597.857	0.03320313	NaN	NaN	NaN	
2626911059000	2618217228748	None	Fixation	(215.63, 179.54)	(190.36, 180.18)	2597.857	0.04980469	NaN	NaN	NaN	
2626911059000	2618217228479	None	Fixation	(215.63, 179.54)	(190.36, 180.18)	2597.857	0.04980469	NaN	NaN	NaN	
2626944394000	2618250563357	None	Fixation	(215.57, 179.94)	(189.91, 179.97)	2597.857	0.08325195	NaN	NaN	NaN	
2626944394000	2618250563050	None	Fixation	(215.57, 179.94)	(189.91, 179.97)	2597.857	0.08325195	NaN	NaN	NaN	
2626977727000	2618283895836	None	Fixation	(215.24, 180.05)	(191.26, 179.70)	2597.857	0.1166992	NaN	NaN	NaN	
2626994393000	2618300561610	None	Fixation	(215.47, 180.14)	(191.16, 180.14)	2597.857	0.1333008	NaN	NaN	NaN	
2627011060000	2618317228412	None	Fixation	(214.99, 180.04)	(190.28, 180.24)	2597.857	0.1499023	NaN	NaN	NaN	
2627027726000	2618333894127	None	Fixation	(215.40, 179.98)	(189.60, 180.39)	2597.857	0.1665039	NaN	NaN	NaN	
2627044393000	2618350561018	None	Fixation	(215.23, 179.72)	(190.39, 179.98)	2597.857	0.1833496	NaN	NaN	NaN	
2627044393000	2618350560722	None	Fixation	(215.23, 179.72)	(190.39, 179.98)	2597.857	0.1833496	NaN	NaN	NaN	
2627077726000	2618383893622	None	Fixation	(215.71, 179.81)	(190.19, 180.35)	2597.857	0.2165527	NaN	NaN	NaN	
2627094392000	2618400559243	None	Fixation	(216.16, 180.94)	(188.89, 179.17)	2597.857	0.2331543	NaN	NaN	NaN	
2627111059000	2618417226047	None	Fixation	(218.20, 181.17)	(187.57, 179.52)	2597.857	0.25	NaN	NaN	NaN	
2627127725000	2618433891821	None	Saccade	(218.40, 181.19)	(187.58, 179.88)	2598.107	0.01660156	2.473054	0.08243514	263.3047	
2627144390000	2618450557066	None	Saccade	(218.45, 180.96)	(185.88, 179.28)	2598.124	0.01660156	22.15322	0.7384408	302.3451	
2627161057000	2618467223354	None	Fixation	(218.44, 180.73)	(187.04, 179.87)	2598.141	0.01660156	NaN	NaN	NaN	
2627177724000	2618483890564	None	Fixation	(218.73, 180.73)	(186.17, 179.22)	2598.141	0.03344727	NaN	NaN	NaN	
2627194391000	2618500557259	None	Fixation	(218.36, 180.63)	(187.90, 180.66)	2598.141	0.05004883	NaN	NaN	NaN	
2627211057000	2618517223223	None	Fixation	(218.49, 180.60)	(187.21, 179.10)	2598.141	0.06665039	NaN	NaN	NaN	
2627227724000	2618533889517	None	Fixation	(218.71, 180.80)	(187.14, 180.16)	2598.141	0.08349609	NaN	NaN	NaN	
2627244389000	2618550554358	None	Fixation	(218.42, 180.79)	(186.57, 179.75)	2598.141	0.1000977	NaN	NaN	NaN	
2627261056000	2618567221023	None	Fixation	(219.02, 180.63)	(185.77, 179.51)	2598.141	0.1166992	NaN	NaN	NaN	
2627277722000	2618583887018	None	Fixation	(218.40, 180.77)	(187.23, 179.12)	2598.141	0.1333008	NaN	NaN	NaN	
2627294389000	2618600553589	None	Fixation	(218.50, 180.55)	(187.12, 179.44)	2598.141	0.1501465	NaN	NaN	NaN	
2627311054000	2618617218797	None	Fixation	(218.37, 180.53)	(186.84, 179.67)	2598.141	0.166748	NaN	NaN	NaN	
2627327720000	2618633884466	None	Fixation	(218.20, 180.60)	(187.74, 178.73)	2598.141	0.1833496	NaN	NaN	NaN	
2627344388000	2618650552377	None	Fixation	(218.67, 180.48)	(187.63, 178.99)	2598.141	0.1999512	NaN	NaN	NaN	
2627361055000	2618667219436	None	Fixation	(218.41, 180.56)	(187.44, 180.02)	2598.141	0.2167969	NaN	NaN	NaN	
2627377721000	2618683884507	None	Fixation	(218.34, 180.59)	(187.51, 178.48)	2598.141	0.2333984	NaN	NaN	NaN	
2627394388000	2618700551282	None	Fixation	(218.61, 180.63)	(187.52, 178.30)	2598.141	0.25	NaN	NaN	NaN	
2627411055000	2618717218079	None	Fixation	(219.46, 180.80)	(186.58, 179.04)	2598.141	0.2666016	NaN	NaN	NaN	
2627427721000	2618733883826	None	Fixation	(220.95, 181.08)	(185.09, 179.38)	2598.141	0.2834473	NaN	NaN	NaN	
2627444387000	2618750549630	None	Fixation	(220.51, 180.93)	(185.67, 179.33)	2598.141	0.3000488	NaN	NaN	NaN	
2627461054000	2618767216412	None	Fixation	(220.83, 180.73)	(185.27, 178.93)	2598.141	0.3166504	NaN	NaN	NaN	
2627477721000	2618783883175	None	Fixation	(220.63, 180.94)	(183.16, 179.08)	2598.141	0.3334961	NaN	NaN	NaN	
2627494387000	2618800548940	None	Fixation	(221.06, 180.63)	(185.16, 178.60)	2598.141	0.3500977	NaN	NaN	NaN	
2627511054000	2618817215756	None	Fixation	(220.88, 180.58)	(185.06, 178.80)	2598.141	0.3666992	NaN	NaN	NaN	
2627527720000	2618833881495	None	Fixation	(221.17, 180.66)	(185.38, 178.39)	2598.141	0.3833008	NaN	NaN	NaN	
2627544387000	2618850548327	None	Saccade	(220.86, 180.49)	(182.04, 178.77)	2598.524	0.0168457	41.31056	1.377019	276.5736	
2627561054000	2618867215049	None	Pursuit	(221.09, 180.35)	(182.80, 178.56)	2598.524	0.03344727	9.729034	1.057813	279.2924	
2627577720000	2618883881182	None	Pursuit	(220.92, 180.47)	(184.69, 179.28)	2598.524	0.05004883	24.87912	0.4599241	230.6358	
2627594387000	2618900548088	None	Pursuit	(221.41, 180.52)	(185.20, 178.79)	2598.524	0.06665039	8.707809	0.1771971	217.4205	
2627611050000	2618917211067	None	Pursuit	(220.83, 180.48)	(184.85, 179.57)	2598.524	0.08349609	10.5232	0.5279615	216.9524	
2627627717000	2618933877496	None	Fixation	(220.93, 180.42)	(183.15, 178.58)	2598.141	0.4833984	NaN	NaN	NaN	
2627644385000	2618950544938	None	Fixation	(221.33, 180.38)	(185.26, 179.12)	2598.141	0.5	NaN	NaN	NaN	
2627661052000	2618967211732	None	Fixation	(221.23, 180.16)	(185.21, 178.23)	2598.141	0.5166016	NaN	NaN	NaN	
2627677718000	2618983877547	None	Fixation	(221.27, 180.47)	(183.37, 178.92)	2598.141	0.5334473	NaN	NaN	NaN	
2627694385000	2619000544278	None	Fixation	(221.19, 180.33)	(184.99, 178.67)	2598.141	0.5500488	NaN	NaN	NaN	
2627711051000	2619017210075	None	Saccade	(221.18, 180.62)	(181.74, 178.73)	2598.691	0.01660156	39.95245	1.331748	281.9338	
2627727718000	2619033876835	None	Pursuit	(220.99, 180.35)	(184.76, 178.97)	2598.691	0.03344727	37.26521	0.1558739	229.8026	
2627744388000	2619050546648	None	Fixation	(221.27, 180.41)	(184.34, 178.78)	2598.141	0.6000977	NaN	NaN	NaN	
2627761051000	2619067209389	None	Fixation	(221.13, 180.40)	(184.82, 178.79)	2598.141	0.6166992	NaN	NaN	NaN	
2627777718000	2619083876193	None	Saccade	(221.09, 180.32)	(185.48, 178.19)	2598.757	0.01660156	11.00927	0.3669758	60.51917	
2627794384000	2619100541984	None	Fixation	(220.97, 180.35)	(184.62, 178.55)	2598.141	0.6501465	NaN	NaN	NaN	
2627811051000	2619117208827	None	Fixation	(221.24, 180.30)	(182.86, 178.63)	2598.141	0.666748	NaN	NaN	NaN	
2627827717000	2619133874497	None	Fixation	(221.04, 180.45)	(182.07, 178.52)	2598.141	0.6833496	NaN	NaN	NaN	
2627844384000	2619150541395	None	Fixation	(221.24, 180.55)	(184.80, 178.76)	2598.141	0.6999512	NaN	NaN	NaN	
2627861050000	2619167207164	None	Fixation	(221.22, 180.41)	(184.81, 178.78)	2598.141	0.7167969	NaN	NaN	NaN	
2627877717000	2619183873984	None	Fixation	(221.39, 180.52)	(185.33, 178.80)	2598.141	0.7333984	NaN	NaN	NaN	
2627894383000	2619200539630	None	Fixation	(221.39, 180.45)	(185.06, 178.49)	2598.141	0.75	NaN	NaN	NaN	
2627911048000	2619217204426	None	Fixation	(221.02, 180.32)	(185.02, 178.51)	2598.141	0.7666016	NaN	NaN	NaN	
2627911048000	2619217204284	None	Fixation	(221.02, 180.32)	(185.02, 178.51)	2598.141	0.7666016	NaN	NaN	NaN	
2627944383000	2619250539379	None	Fixation	(221.40, 180.54)	(185.12, 178.49)	2598.141	0.8000488	NaN	NaN	NaN	
2627961050000	2619267205747	None	Fixation	(221.19, 180.50)	(182.04, 178.78)	2598.141	0.8166504	NaN	NaN	NaN	
2627977715000	2619283870858	None	Saccade	(221.12, 180.50)	(182.38, 178.92)	2598.957	0.0168457	4.502312	0.1500771	125.5796	
2627994382000	2619300537664	None	Fixation	(221.41, 180.61)	(182.57, 178.63)	2598.141	0.8500977	NaN	NaN	NaN	
2628011048000	2619317203205	None	Saccade	(221.32, 180.53)	(185.24, 178.38)	2598.991	0.01660156	33.08094	1.102698	97.66478	
2628027715000	2619333869835	None	Pursuit	(220.93, 180.56)	(184.88, 178.68)	2598.991	0.03320313	5.724254	0.9508054	104.1302	
2628044381000	2619350535647	None	Fixation	(221.15, 180.63)	(183.87, 179.28)	2598.141	0.9001465	NaN	NaN	NaN	
2628061048000	2619367202417	None	Fixation	(220.99, 180.68)	(184.96, 179.06)	2598.141	0.916748	NaN	NaN	NaN	
2628077714000	2619383868229	None	Fixation	(221.35, 180.69)	(184.75, 178.92)	2598.141	0.9333496	NaN	NaN	NaN	
2628094381000	2619400534972	None	Fixation	(221.32, 180.54)	(183.03, 179.35)	2598.141	0.9499512	NaN	NaN	NaN	
2628111047000	2619417200810	None	Fixation	(221.20, 180.56)	(184.82, 178.90)	2598.141	0.9667969	NaN	NaN	NaN	
2628127714000	2619433867515	None	Fixation	(221.25, 180.52)	(184.54, 179.02)	2598.141	0.9833984	NaN	NaN	NaN	
2628144380000	2619450533382	None	Fixation	(221.13, 180.42)	(184.44, 180.31)	2598.141	1	NaN	NaN	NaN	
2628161047000	2619467200153	None	Fixation	(221.13, 180.46)	(185.11, 179.09)	2598.141	1.016602	NaN	NaN	NaN	
2628177713000	2619483865928	None	Fixation	(220.93, 180.39)	(182.16, 178.81)	2598.141	1.033447	NaN	NaN	NaN	
2628194380000	2619500532891	None	Fixation	(221.13, 180.62)	(184.69, 179.63)	2598.141	1.050049	NaN	NaN	NaN	
2628211047000	2619517199447	None	Fixation	(221.17, 180.54)	(185.21, 178.97)	2598.141	1.06665	NaN	NaN	NaN	
2628227713000	2619533865284	None	Fixation	(221.33, 180.52)	(185.08, 179.02)	2598.141	1.083496	NaN	NaN	NaN	
2628244380000	2619550532228	None	Saccade	(221.45, 180.62)	(184.59, 180.69)	2599.224	0.01660156	21.35412	0.711804	209.198	
2628261046000	2619567198124	None	Fixation	(221.77, 180.60)	(184.40, 180.73)	2598.141	1.116699	NaN	NaN	NaN	
2628277713000	2619583864572	None	Fixation	(221.87, 180.35)	(184.55, 179.13)	2598.141	1.133301	NaN	NaN	NaN	
2628294379000	2619600530410	None	Fixation	(222.57, 180.47)	(183.24, 179.90)	2598.141	1.150146	NaN	NaN	NaN	
2628311046000	2619617197107	None	Fixation	(222.56, 180.33)	(183.71, 179.81)	2598.141	1.166748	NaN	NaN	NaN	
2628327712000	2619633862842	None	Fixation	(223.33, 180.26)	(183.09, 180.07)	2598.141	1.18335	NaN	NaN	NaN	
2628344379000	2619650529710	None	Fixation	(223.42, 180.27)	(183.20, 179.83)	2598.141	1.199951	NaN	NaN	NaN	
2628361045000	2619667195436	None	Saccade	(224.33, 180.39)	(179.48, 180.12)	2599.341	0.0168457	45.85573	1.528524	278.5566	
2628377712000	2619683862588	None	Pursuit	(224.23, 180.29)	(182.17, 180.38)	2599.341	0.03344727	33.179	0.4777143	255.2705	
2628394378000	2619700528009	None	Saccade	(227.55, 180.57)	(179.71, 183.33)	2599.374	0.01660156	40.99393	1.366464	261.8156	
2628411045000	2619717194791	None	Pursuit	(229.06, 181.31)	(175.77, 183.23)	2599.374	0.03320313	20.64549	2.023816	268.8374	
2628427712000	2619733861557	None	Pursuit	(229.20, 181.09)	(175.22, 182.83)	2599.374	0.05004883	3.164954	2.064696	266.1111	
2628444377000	2619750526756	None	Pursuit	(229.87, 181.06)	(176.53, 184.00)	2599.374	0.06665039	8.15417	2.331334	264.7336	
2628461044000	2619767193185	None	Pursuit	(230.35, 180.80)	(176.21, 183.49)	2599.341	0.1166992	7.370767	3.235299	255.3777	
2628477710000	2619783858942	None	Fixation	(230.56, 180.76)	(175.90, 184.59)	2599.457	0.01660156	NaN	NaN	NaN	
2628477710000	2619783858968	None	Fixation	(230.56, 180.76)	(175.90, 184.59)	2599.457	0.01660156	NaN	NaN	NaN	
2628511043000	2619817191484	None	Fixation	(231.17, 180.64)	(175.77, 183.48)	2599.457	0.05004883	NaN	NaN	NaN	
2628527710000	2619833858512	None	Fixation	(231.50, 180.72)	(174.18, 184.03)	2599.457	0.06665039	NaN	NaN	NaN	
2628544376000	2619850524114	None	Fixation	(232.62, 180.98)	(174.46, 184.12)	2599.457	0.08349609	NaN	NaN	NaN	
2628561043000	2619867191023	None	Fixation	(232.94, 181.32)	(174.29, 184.28)	2599.457	0.1000977	NaN	NaN	NaN	
2628577710000	2619883857588	None	Fixation	(233.35, 181.41)	(173.78, 184.54)	2599.457	0.1166992	NaN	NaN	NaN	
2628577710000	2619883857943	None	Fixation	(233.35, 181.41)	(173.78, 184.54)	2599.457	0.1166992	NaN	NaN	NaN	
2628594376000	2619900523625	None	Fixation	(234.24, 181.10)	(172.40, 186.01)	2599.457	0.1333008	NaN	NaN	NaN	
2628611043000	2619917190445	None	Fixation	(234.86, 181.64)	(173.60, 184.79)	2599.457	0.1501465	NaN	NaN	NaN	
2628627709000	2619933856059	None	Fixation	(235.25, 181.52)	(171.49, 185.33)	2599.457	0.166748	NaN	NaN	NaN	
2628644376000	2619950522822	None	Fixation	(235.67, 181.71)	(171.32, 185.91)	2599.457	0.1833496	NaN	NaN	NaN	
2628661042000	2619967188779	None	Fixation	(235.84, 181.49)	(171.59, 185.32)	2599.457	0.1999512	NaN	NaN	NaN	
2628677709000	2619983855638	None	Fixation	(235.96, 181.35)	(170.34, 186.65)	2599.457	0.2167969	NaN	NaN	NaN	
2628694375000	2620000521405	None	Fixation	(236.03, 181.37)	(170.73, 186.52)	2599.457	0.2333984	NaN	NaN	NaN	
2628711042000	2620017188152	None	Fixation	(236.09, 181.53)	(170.41, 186.24)	2599.457	0.25	NaN	NaN	NaN	
2628727708000	2620033853947	None	Fixation	(236.28, 181.54)	(170.63, 185.65)	2599.457	0.2666016	NaN	NaN	NaN	
2628744375000	2620050520733	None	Fixation	(236.55, 181.54)	(169.34, 186.21)	2599.457	0.2834473	NaN	NaN	NaN	
2628777708000	2620083853341	None	Fixation	(236.88, 181.49)	(168.61, 186.05)	2599.457	0.3166504	NaN	NaN	NaN	
2628777708000	2620083853323	None	Fixation	(236.88, 181.49)	(168.61, 186.05)	2599.457	0.3166504	NaN	NaN	NaN	
2628794375000	2620100519889	None	Fixation	(237.01, 181.27)	(169.67, 186.92)	2599.457	0.3334961	NaN	NaN	NaN	
2628811040000	2620117184974	None	Fixation	(237.23, 181.26)	(170.01, 186.15)	2599.457	0.3500977	NaN	NaN	NaN	
2628827707000	2620133851757	None	Fixation	(236.95, 181.36)	(169.72, 187.26)	2599.457	0.3666992	NaN	NaN	NaN	
2628844373000	2620150517035	None	Fixation	(237.36, 181.34)	(169.56, 187.17)	2599.457	0.3833008	NaN	NaN	NaN	
2628861040000	2620167183903	None	Fixation	(237.33, 181.29)	(168.41, 186.32)	2599.457	0.4001465	NaN	NaN	NaN	
2628877706000	2620183849650	None	Fixation	(237.32, 181.14)	(169.46, 185.97)	2599.457	0.416748	NaN	NaN	NaN	
2628894373000	2620200516353	None	Fixation	(237.45, 181.10)	(169.63, 187.46)	2599.457	0.4333496	NaN	NaN	NaN	
2628911039000	2620217182528	None	Fixation	(237.27, 181.08)	(169.43, 185.93)	2599.457	0.4499512	NaN	NaN	NaN	
2628927706000	2620233848948	None	Fixation	(237.32, 180.94)	(169.91, 185.77)	2599.457	0.4667969	NaN	NaN	NaN	
2628944370000	2620250512711	None	Fixation	(237.47, 180.63)	(169.09, 185.72)	2599.457	0.4833984	NaN	NaN	NaN	
2628961036000	2620267178482	None	Fixation	(235.52, 180.91)	(170.79, 185.58)	2599.457	0.5	NaN	NaN	NaN	
2628977706000	2620283848270	None	Saccade	(225.25, 181.76)	(182.49, 182.41)	2599.957	0.01660156	126.793	4.970313	80.04215	
2628994372000	2620300514033	None	Unknown	(223.68, 182.65)	(182.98, 183.06)	NaN	NaN	NaN	NaN	NaN	
2629011039000	2620317180836	None	Pursuit	(224.79, 181.51)	(182.47, 181.61)	2599.991	0.01660156	19.67802	0.655934	211.2902	
2629027705000	2620333846631	None	Pursuit	(223.83, 181.29)	(182.36, 181.15)	2599.991	0.03320313	12.17638	0.5606019	173.3224	
2629044372000	2620350513400	None	Unknown	(223.69, 180.61)	(182.10, 181.01)	NaN	NaN	NaN	NaN	NaN	
2629061038000	2620367179168	None	Fixation	(224.30, 180.14)	(182.79, 179.84)	2600.041	0.01660156	NaN	NaN	NaN	
2629077705000	2620383845940	None	Fixation	(224.04, 179.92)	(182.84, 179.87)	2600.041	0.03320313	NaN	NaN	NaN	
2629094371000	2620400512321	None	Fixation	(224.31, 179.77)	(180.86, 179.40)	2600.041	0.04980469	NaN	NaN	NaN	
2629111038000	2620417178510	None	Fixation	(224.40, 179.83)	(182.53, 179.39)	2600.041	0.06665039	NaN	NaN	NaN	
2629127704000	2620433844274	None	Fixation	(223.07, 180.15)	(183.76, 179.67)	2600.041	0.08325195	NaN	NaN	NaN	
2629144371000	2620450511055	None	Fixation	(221.92, 180.23)	(184.39, 179.74)	2600.041	0.09985352	NaN	NaN	NaN	
2629161037000	2620467176894	None	Saccade	(222.21, 180.29)	(184.84, 178.88)	2600.141	0.01660156	11.95092	0.398364	40.45201	
2629177704000	2620483843689	None	Fixation	(222.45, 180.53)	(184.23, 178.57)	2600.041	0.1333008	NaN	NaN	NaN	
2629194371000	2620500510420	None	Fixation	(221.70, 180.34)	(184.14, 180.08)	2600.041	0.1499023	NaN	NaN	NaN	
2629211037000	2620517176190	None	Fixation	(221.93, 180.33)	(183.65, 179.69)	2600.041	0.1665039	NaN	NaN	NaN	
2629227704000	2620533842942	None	Fixation	(221.70, 180.26)	(184.78, 179.33)	2600.041	0.1831055	NaN	NaN	NaN	
2629244374000	2620550512727	None	Fixation	(221.65, 180.31)	(184.38, 179.47)	2600.041	0.1999512	NaN	NaN	NaN	
2629261036000	2620567174758	None	Fixation	(221.40, 180.13)	(184.85, 179.29)	2600.041	0.2165527	NaN	NaN	NaN	
2629277702000	2620583840275	None	Fixation	(221.63, 180.24)	(185.07, 179.15)	2600.041	0.2331543	NaN	NaN	NaN	
2629294369000	2620600507021	None	Fixation	(221.30, 180.11)	(184.89, 179.26)	2600.041	0.25	NaN	NaN	NaN	
2629311035000	2620617172967	None	Fixation	(221.50, 180.19)	(184.61, 179.35)	2600.041	0.2666016	NaN	NaN	NaN	
2629327702000	2620633839596	None	Fixation	(221.57, 180.33)	(184.62, 179.92)	2600.041	0.2832031	NaN	NaN	NaN	
2629344368000	2620650505405	None	Fixation	(221.57, 180.34)	(184.46, 179.73)	2600.041	0.2998047	NaN	NaN	NaN	
2629361035000	2620667172501	None	Fixation	(221.34, 180.25)	(184.96, 179.82)	2600.041	0.3166504	NaN	NaN	NaN	
2629377701000	2620683837953	None	Fixation	(221.53, 180.39)	(184.93, 179.31)	2600.041	0.333252	NaN	NaN	NaN	
2629394368000	2620700504718	None	Fixation	(221.45, 180.22)	(185.09, 179.32)	2600.041	0.3498535	NaN	NaN	NaN	
2629411035000	2620717171523	None	Fixation	(221.84, 180.21)	(184.28, 180.03)	2600.041	0.3664551	NaN	NaN	NaN	
2629427701000	2620733837280	None	Fixation	(221.50, 180.17)	(184.81, 180.65)	2600.041	0.3833008	NaN	NaN	NaN	
2629444368000	2620750504095	None	Fixation	(221.87, 180.01)	(184.72, 179.32)	2600.041	0.3999023	NaN	NaN	NaN	
2629461034000	2620767169853	None	Fixation	(221.25, 179.88)	(184.30, 179.94)	2600.041	0.4165039	NaN	NaN	NaN	
2629477701000	2620783836968	None	Fixation	(222.00, 180.17)	(184.80, 179.85)	2600.041	0.4331055	NaN	NaN	NaN	
2629494367000	2620800502387	None	Fixation	(221.82, 179.93)	(184.17, 179.94)	2600.041	0.4499512	NaN	NaN	NaN	
2629511034000	2620817169166	None	Fixation	(222.49, 180.10)	(184.37, 180.09)	2600.041	0.4665527	NaN	NaN	NaN	
2629527700000	2620833834942	None	Fixation	(222.34, 180.10)	(183.57, 180.33)	2600.041	0.4831543	NaN	NaN	NaN	
2629544367000	2620850501914	None	Saccade	(221.58, 181.60)	(181.30, 178.03)	2600.524	0.0168457	39.7655	1.325517	328.3703	
2629561033000	2620867167540	None	Pursuit	(221.40, 180.85)	(184.92, 178.82)	2600.524	0.03344727	45.5388	0.8288813	54.72169	
2629577700000	2620883834290	None	Pursuit	(222.25, 180.77)	(184.49, 180.21)	2600.524	0.05004883	17.89825	0.3770514	95.50739	
2629594367000	2620900501068	None	Pursuit	(221.73, 180.67)	(184.57, 178.68)	2600.524	0.06665039	18.88734	0.7919759	44.15953	
2629611033000	2620917166872	None	Pursuit	(221.97, 180.69)	(184.88, 178.76)	2600.524	0.08349609	3.908113	0.8368418	52.77507	
2629627700000	2620933833733	None	Fixation	(222.24, 180.85)	(183.11, 179.17)	2600.041	0.583252	NaN	NaN	NaN	
2629644366000	2620950499408	None	Fixation	(221.98, 180.63)	(181.90, 178.77)	2600.041	0.5998535	NaN	NaN	NaN	
2629661033000	2620967166208	None	Saccade	(221.47, 180.60)	(181.39, 178.49)	2600.641	0.01660156	7.160038	0.2386679	311.9858	
2629677699000	2620983832019	None	Pursuit	(221.69, 180.58)	(184.41, 178.75)	2600.641	0.03344727	37.25355	1.028319	102.5831	
2629694366000	2621000499226	None	Fixation	(222.18, 180.60)	(181.39, 178.48)	2600.041	0.6499023	NaN	NaN	NaN	
2629711031000	2621017163520	None	Fixation	(221.79, 180.47)	(181.91, 178.64)	2600.041	0.6665039	NaN	NaN	NaN	
2629727698000	2621033830299	None	Fixation	(221.74, 180.55)	(181.70, 178.53)	2600.041	0.6831055	NaN	NaN	NaN	
2629744364000	2621050496376	None	Saccade	(221.57, 180.81)	(184.60, 180.18)	2600.724	0.0168457	41.03494	1.367831	132.574	
2629761031000	2621067162894	None	Pursuit	(221.79, 180.74)	(181.26, 178.52)	2600.724	0.03344727	45.82505	0.1786278	284.3066	
2629777696000	2621083827652	None	Pursuit	(221.74, 180.53)	(181.22, 178.38)	2600.724	0.05004883	1.842807	0.2060462	300.7796	
2629794362000	2621100493437	None	Pursuit	(221.80, 180.43)	(184.62, 178.36)	2600.724	0.06689453	41.81519	1.199765	99.56154	
2629811031000	2621117162226	None	Pursuit	(222.18, 180.65)	(180.76, 178.25)	2600.724	0.08349609	47.44453	0.4006432	299.948	
2629827697000	2621133829360	None	Pursuit	(221.73, 180.53)	(184.47, 178.51)	2600.724	0.1000977	45.70943	1.13673	102.4781	
2629844364000	2621150495046	None	Pursuit	(221.78, 180.48)	(181.73, 178.58)	2600.724	0.1166992	33.77618	0.02122991	161.2598	
2629861030000	2621167160548	None	Pursuit	(222.06, 180.58)	(181.27, 178.46)	2600.724	0.1335449	5.843601	0.1799579	293.1942	
2629877697000	2621183827616	None	Fixation	(221.93, 180.44)	(181.73, 178.55)	2600.041	0.833252	NaN	NaN	NaN	
2629894363000	2621200493076	None	Saccade	(222.36, 180.44)	(184.13, 178.51)	2600.874	0.01660156	29.50628	0.9835426	102.1741	
2629911029000	2621217158895	None	Fixation	(222.13, 180.45)	(182.48, 178.71)	2600.041	0.8664551	NaN	NaN	NaN	
2629927695000	2621233824652	None	Fixation	(221.77, 180.51)	(184.33, 178.81)	2600.041	0.8833008	NaN	NaN	NaN	
2629944363000	2621250492434	None	Fixation	(221.87, 180.54)	(184.43, 178.30)	2600.041	0.8999023	NaN	NaN	NaN	
2629961029000	2621267158189	None	Fixation	(222.06, 180.35)	(184.36, 178.09)	2600.041	0.9165039	NaN	NaN	NaN	
2629977696000	2621283825004	None	Fixation	(221.68, 180.38)	(184.03, 180.03)	2600.041	0.9331055	NaN	NaN	NaN	
2629994366000	2621300494759	None	Fixation	(222.19, 180.46)	(184.45, 178.81)	2600.041	0.9499512	NaN	NaN	NaN	
2630011029000	2621317157560	None	Saccade	(222.40, 180.49)	(181.43, 178.43)	2600.991	0.01660156	37.4918	1.249727	290.2183	
2630027696000	2621333824690	None	Pursuit	(221.57, 180.53)	(184.76, 178.84)	2600.991	0.03320313	41.32473	0.1278633	107.8532	
2630044362000	2621350490128	None	Pursuit	(221.80, 180.66)	(184.78, 178.80)	2600.991	0.05004883	0.5283728	0.1344576	100.7122	
2630061029000	2621367156919	None	Fixation	(221.84, 180.59)	(184.60, 178.88)	2600.041	1.016602	NaN	NaN	NaN	
2630077695000	2621383822691	None	Saccade	(221.78, 180.67)	(184.01, 179.55)	2601.057	0.01660156	10.92032	0.3640105	234.3627	
2630094362000	2621400489440	None	Fixation	(221.58, 180.44)	(182.39, 179.14)	2600.041	1.049805	NaN	NaN	NaN	
2630111028000	2621417155217	None	Fixation	(221.94, 180.48)	(184.72, 178.73)	2600.041	1.06665	NaN	NaN	NaN	
2630127695000	2621433822412	None	Fixation	(221.84, 180.75)	(182.23, 178.83)	2600.041	1.083252	NaN	NaN	NaN	
2630144361000	2621450487991	None	Fixation	(221.81, 180.57)	(184.58, 180.05)	2600.041	1.099854	NaN	NaN	NaN	
2630161028000	2621467155110	None	Fixation	(221.76, 180.55)	(184.08, 178.35)	2600.041	1.116455	NaN	NaN	NaN	
2630177692000	2621483818339	None	Fixation	(222.10, 180.47)	(184.38, 178.50)	2600.041	1.133301	NaN	NaN	NaN	
2630194359000	2621500485105	None	Fixation	(221.94, 180.53)	(182.01, 178.79)	2600.041	1.149902	NaN	NaN	NaN	
2630211027000	2621517152918	None	Saccade	(221.95, 180.60)	(181.75, 178.89)	2601.191	0.01660156	3.442877	0.1147626	263.7063	
2630227694000	2621533819687	None	Fixation	(221.78, 180.55)	(184.26, 178.54)	2600.041	1.183105	NaN	NaN	NaN	
2630244361000	2621550486457	None	Fixation	(221.57, 180.58)	(184.29, 179.26)	2600.041	1.199951	NaN	NaN	NaN	
2630261027000	2621567152251	None	Fixation	(221.78, 180.54)	(184.24, 180.13)	2600.041	1.216553	NaN	NaN	NaN	
2630277694000	2621583819066	None	Fixation	(222.01, 180.64)	(182.30, 178.80)	2600.041	1.233154	NaN	NaN	NaN	
2630294360000	2621600484789	None	Fixation	(222.00, 180.63)	(184.18, 178.99)	2600.041	1.249756	NaN	NaN	NaN	
2630311027000	2621617151573	None	Fixation	(222.52, 180.65)	(183.04, 180.08)	2600.041	1.266602	NaN	NaN	NaN	
2630327693000	2621633817808	None	Fixation	(222.66, 180.67)	(182.95, 179.72)	2600.041	1.283203	NaN	NaN	NaN	
2630344360000	2621650484135	None	Fixation	(222.65, 180.57)	(183.46, 179.29)	2600.041	1.299805	NaN	NaN	NaN	
2630361026000	2621667149912	None	Fixation	(223.46, 180.61)	(181.02, 180.30)	2600.041	1.31665	NaN	NaN	NaN	
2630377691000	2621683814696	None	Fixation	(223.99, 180.29)	(181.90, 180.77)	2600.041	1.333252	NaN	NaN	NaN	
2630394357000	2621700480459	None	Saccade	(224.04, 180.21)	(179.72, 180.64)	2601.374	0.01660156	26.88488	0.8961627	286.3594	
2630411026000	2621717149242	None	Pursuit	(224.95, 179.91)	(181.38, 181.77)	2601.374	0.03320313	24.69937	0.4641753	220.5357	
2630427692000	2621733815033	None	Fixation	(225.49, 179.87)	(181.71, 181.35)	2600.041	1.383301	NaN	NaN	NaN	
2630444358000	2621750480828	None	Fixation	(225.82, 179.34)	(179.30, 182.09)	2600.041	1.399902	NaN	NaN	NaN	
2630461025000	2621767147591	None	Fixation	(226.42, 179.14)	(181.35, 182.12)	2600.041	1.416504	NaN	NaN	NaN	
2630477691000	2621783813416	None	Fixation	(226.88, 178.83)	(180.98, 182.53)	2600.041	1.433105	NaN	NaN	NaN	
2630494358000	2621800480175	None	Fixation	(227.46, 178.82)	(179.96, 182.92)	2600.041	1.449951	NaN	NaN	NaN	
2630511025000	2621817147320	None	Saccade	(227.84, 178.32)	(177.45, 183.95)	2601.491	0.01660156	33.29993	1.109998	260.793	
2630527692000	2621833813697	None	Pursuit	(228.67, 178.20)	(176.28, 184.20)	2601.491	0.03320313	14.78242	1.597388	263.9115	
2630544357000	2621850478507	None	Pursuit	(229.66, 177.84)	(179.16, 184.33)	2601.491	0.04980469	35.49266	0.6631145	222.6162	
2630561024000	2621867145258	None	Pursuit	(230.52, 177.70)	(178.33, 185.65)	2601.491	0.06665039	19.16512	1.30163	223.8666	
2630577690000	2621883811290	None	Fixation	(230.74, 177.23)	(177.64, 185.87)	2600.041	1.533203	NaN	NaN	NaN	
2630594357000	2621900478005	None	Fixation	(231.63, 177.26)	(177.12, 186.08)	2600.041	1.549805	NaN	NaN	NaN	
2630611023000	2621917143586	None	Saccade	(232.45, 177.10)	(176.70, 187.38)	2601.591	0.0168457	16.76363	0.5587878	210.9634	
2630627690000	2621933810360	None	Fixation	(232.91, 176.69)	(176.34, 187.54)	2600.041	1.583252	NaN	NaN	NaN	
2630644356000	2621950476158	None	Fixation	(233.71, 176.47)	(175.63, 187.80)	2600.041	1.599854	NaN	NaN	NaN	
2630661023000	2621967143193	None	Fixation	(233.78, 176.50)	(174.76, 189.11)	2600.041	1.616455	NaN	NaN	NaN	
2630677690000	2621983809702	None	Fixation	(234.27, 176.22)	(174.36, 189.53)	2600.041	1.633301	NaN	NaN	NaN	
2630694356000	2622000475511	None	Fixation	(235.22, 176.17)	(174.42, 189.36)	2600.041	1.649902	NaN	NaN	NaN	
2630711023000	2622017142599	None	Fixation	(235.41, 175.73)	(174.29, 191.42)	2600.041	1.666504	NaN	NaN	NaN	
2630727689000	2622033808358	None	Fixation	(235.62, 175.60)	(174.11, 192.27)	2600.041	1.683105	NaN	NaN	NaN	
2630744354000	2622050473153	None	Fixation	(236.43, 175.47)	(173.78, 190.97)	2600.041	1.699951	NaN	NaN	NaN	
2630761020000	2622067138939	None	Fixation	(236.81, 175.04)	(173.62, 191.48)	2600.041	1.716553	NaN	NaN	NaN	
2630777689000	2622083807395	None	Fixation	(237.10, 175.24)	(173.30, 191.57)	2600.041	1.733154	NaN	NaN	NaN	
2630794355000	2622100473171	None	Saccade	(234.98, 176.81)	(173.96, 188.00)	2601.774	0.01660156	44.69715	1.489905	23.46109	
2630811022000	2622117140310	None	Saccade	(225.07, 182.38)	(180.75, 182.61)	2601.791	0.0168457	139.8538	4.661792	47.6797	
2630827688000	2622133805742	None	Saccade	(218.60, 186.29)	(186.00, 179.86)	2601.791	0.03344727	92.96862	7.759789	46.94609	
2630844355000	2622150472509	None	Pursuit	(219.29, 185.02)	(184.56, 179.73)	2601.824	0.01660156	17.70719	0.5902396	288.1324	
2630861022000	2622167139314	None	Pursuit	(218.53, 184.91)	(185.56, 177.49)	2601.841	0.0168457	9.564399	0.3188133	85.27318	
2630877687000	2622183804080	None	Pursuit	(217.86, 184.87)	(185.25, 178.76)	2601.841	0.03344727	8.243159	0.5931515	83.23962	
2630894354000	2622200470873	None	Unknown	(218.78, 183.90)	(185.65, 178.01)	NaN	NaN	NaN	NaN	NaN	
2630911021000	2622217137619	None	Fixation	(219.42, 183.51)	(185.45, 177.79)	2601.891	0.01660156	NaN	NaN	NaN	
2630927688000	2622233804405	None	Fixation	(219.35, 183.42)	(185.53, 176.99)	2601.891	0.03344727	NaN	NaN	NaN	
2630944351000	2622250467188	None	Fixation	(218.82, 183.13)	(184.62, 178.36)	2601.891	0.05004883	NaN	NaN	NaN	
2630961018000	2622267133950	None	Saccade	(218.93, 182.74)	(182.42, 177.05)	2601.941	0.01660156	31.55786	1.051929	313.8571	
2630977686000	2622283801745	None	Pursuit	(218.99, 182.60)	(183.34, 177.37)	2601.941	0.03320313	12.03956	0.6635801	320.8016	
2630994353000	2622300468535	None	Fixation	(219.43, 182.69)	(182.93, 176.64)	2601.891	0.1000977	NaN	NaN	NaN	
2631011019000	2622317134290	None	Fixation	(219.67, 182.71)	(185.02, 176.43)	2601.891	0.1166992	NaN	NaN	NaN	
2631027686000	2622333801069	None	Fixation	(219.89, 182.41)	(184.63, 176.96)	2601.891	0.1333008	NaN	NaN	NaN	
2631044352000	2622350466867	None	Fixation	(219.63, 182.60)	(184.27, 177.35)	2601.891	0.1499023	NaN	NaN	NaN	
2631061019000	2622367133640	None	Fixation	(219.93, 182.23)	(184.75, 176.64)	2601.891	0.166748	NaN	NaN	NaN	
2631077686000	2622383800775	None	Fixation	(219.80, 182.21)	(185.31, 176.50)	2601.891	0.1833496	NaN	NaN	NaN	
2631094352000	2622400466496	None	Fixation	(219.50, 182.32)	(184.48, 177.32)	2601.891	0.1999512	NaN	NaN	NaN	
2631111019000	2622417133225	None	Fixation	(219.92, 182.12)	(184.64, 176.63)	2601.891	0.2167969	NaN	NaN	NaN	
2631127685000	2622433798779	None	Fixation	(219.88, 182.18)	(184.57, 176.93)	2601.891	0.2333984	NaN	NaN	NaN	
2631144350000	2622450463552	None	Fixation	(219.85, 181.92)	(183.81, 177.65)	2601.891	0.25	NaN	NaN	NaN	
2631161016000	2622467129329	None	Fixation	(220.15, 182.11)	(182.51, 176.82)	2601.891	0.2666016	NaN	NaN	NaN	
2631177683000	2622483796103	None	Fixation	(220.07, 182.18)	(183.89, 177.31)	2601.891	0.2834473	NaN	NaN	NaN	
2631194351000	2622500463854	None	Fixation	(220.08, 182.02)	(181.88, 177.04)	2601.891	0.3000488	NaN	NaN	NaN	
2631211018000	2622517130679	None	Fixation	(220.05, 182.06)	(184.91, 176.67)	2601.891	0.3166504	NaN	NaN	NaN	
2631227684000	2622533796675	None	Fixation	(219.85, 182.01)	(184.20, 177.59)	2601.891	0.333252	NaN	NaN	NaN	
2631244351000	2622550463551	None	Saccade	(219.83, 181.91)	(181.72, 177.03)	2602.224	0.0168457	31.18848	1.039616	295.7727	
2631261017000	2622567129003	None	Pursuit	(219.63, 181.93)	(185.00, 176.77)	2602.224	0.03344727	40.44482	0.470375	57.58033	
2631277682000	2622583793863	None	Fixation	(219.99, 181.94)	(184.74, 177.02)	2601.891	0.3833008	NaN	NaN	NaN	
2631294350000	2622600461570	None	Fixation	(220.02, 181.93)	(184.61, 177.05)	2601.891	0.3999023	NaN	NaN	NaN	
2631311015000	2622617126342	None	Fixation	(220.00, 182.06)	(184.77, 177.10)	2601.891	0.416748	NaN	NaN	NaN	
2631327682000	2622633793093	None	Fixation	(220.09, 181.81)	(182.49, 177.09)	2601.891	0.4333496	NaN	NaN	NaN	
2631344349000	2622650459900	None	Fixation	(219.82, 182.10)	(184.84, 176.92)	2601.891	0.4499512	NaN	NaN	NaN	
2631361016000	2622667127009	None	Fixation	(219.85, 181.98)	(184.83, 176.96)	2601.891	0.4667969	NaN	NaN	NaN	
2631377682000	2622683792461	None	Fixation	(220.31, 181.98)	(184.42, 178.08)	2601.891	0.4833984	NaN	NaN	NaN	
2631394349000	2622700459221	None	Fixation	(220.25, 181.81)	(184.89, 177.62)	2601.891	0.5	NaN	NaN	NaN	
2631411014000	2622717124014	None	Fixation	(220.31, 181.79)	(185.06, 176.94)	2601.891	0.5166016	NaN	NaN	NaN	
2631427681000	2622733790783	None	Fixation	(220.30, 181.67)	(184.92, 177.02)	2601.891	0.5334473	NaN	NaN	NaN	
2631444348000	2622750457576	None	Fixation	(219.96, 181.79)	(184.43, 177.49)	2601.891	0.5500488	NaN	NaN	NaN	
2631461015000	2622767124759	None	Fixation	(220.40, 181.88)	(184.71, 177.17)	2601.891	0.5666504	NaN	NaN	NaN	
2631477680000	2622783789413	None	Fixation	(219.96, 181.82)	(182.33, 177.16)	2601.891	0.583252	NaN	NaN	NaN	
2631494347000	2622800456203	None	Fixation	(220.05, 181.92)	(182.79, 177.16)	2601.891	0.6000977	NaN	NaN	NaN	
2631511014000	2622817122669	None	Fixation	(220.02, 181.82)	(184.41, 177.70)	2601.891	0.6166992	NaN	NaN	NaN	
2631527680000	2622833788464	None	Fixation	(220.06, 181.87)	(185.01, 177.24)	2601.891	0.6333008	NaN	NaN	NaN	
2631544347000	2622850455292	None	Fixation	(219.87, 181.77)	(184.75, 177.98)	2601.891	0.6499023	NaN	NaN	NaN	
2631561013000	2622867121322	None	Fixation	(220.01, 181.73)	(185.17, 176.90)	2601.891	0.666748	NaN	NaN	NaN	
2631577680000	2622883787803	None	Fixation	(220.13, 181.82)	(185.26, 176.84)	2601.891	0.6833496	NaN	NaN	NaN	
2631594346000	2622900453575	None	Fixation	(220.17, 181.83)	(185.07, 177.13)	2601.891	0.6999512	NaN	NaN	NaN	
2631611013000	2622917120674	None	Fixation	(220.20, 181.56)	(184.84, 176.94)	2601.891	0.7167969	NaN	NaN	NaN	
2631627679000	2622933786552	None	Fixation	(220.61, 181.73)	(184.59, 177.14)	2601.891	0.7333984	NaN	NaN	NaN	
2631644346000	2622950453320	None	Fixation	(220.23, 182.00)	(184.92, 176.80)	2601.891	0.75	NaN	NaN	NaN	
2631661012000	2622967119118	None	Fixation	(220.33, 182.07)	(184.70, 177.15)	2601.891	0.7666016	NaN	NaN	NaN	
2631677679000	2622983785493	None	Fixation	(220.14, 182.16)	(184.50, 177.80)	2601.891	0.7834473	NaN	NaN	NaN	
2631694346000	2623000452274	None	Fixation	(220.40, 181.87)	(182.27, 177.04)	2601.891	0.8000488	NaN	NaN	NaN	
2631711010000	2623017116048	None	Fixation	(220.13, 182.01)	(184.64, 176.85)	2601.891	0.8166504	NaN	NaN	NaN	
2631727677000	2623033782816	None	Fixation	(220.21, 181.81)	(185.11, 176.82)	2601.891	0.833252	NaN	NaN	NaN	
2631744345000	2623050450603	None	Fixation	(220.22, 181.73)	(184.43, 177.61)	2601.891	0.8500977	NaN	NaN	NaN	
2631761012000	2623067117358	None	Fixation	(220.15, 181.82)	(184.04, 177.84)	2601.891	0.8666992	NaN	NaN	NaN	
2631777678000	2623083783146	None	Fixation	(220.41, 181.78)	(183.97, 178.07)	2601.891	0.8833008	NaN	NaN	NaN	
2631794345000	2623100449919	None	Fixation	(220.60, 181.68)	(182.40, 177.39)	2601.891	0.8999023	NaN	NaN	NaN	
2631811010000	2623117114697	None	Fixation	(220.57, 181.68)	(185.12, 176.88)	2601.891	0.916748	NaN	NaN	NaN	
2631827677000	2623133781507	None	Fixation	(220.59, 181.80)	(184.60, 177.05)	2601.891	0.9333496	NaN	NaN	NaN	
2631844342000	2623150446264	None	Fixation	(220.64, 181.87)	(183.04, 177.71)	2601.891	0.9499512	NaN	NaN	NaN	
2631861008000	2623167112045	None	Fixation	(220.21, 181.86)	(184.23, 177.09)	2601.891	0.9665527	NaN	NaN	NaN	
2631877676000	2623183779838	None	Fixation	(220.36, 181.84)	(184.53, 176.98)	2601.891	0.9833984	NaN	NaN	NaN	
2631894343000	2623200446616	None	Fixation	(220.85, 182.01)	(183.46, 177.68)	2601.891	1	NaN	NaN	NaN	
2631911009000	2623217112411	None	Fixation	(220.56, 181.84)	(184.05, 177.10)	2601.891	1.016602	NaN	NaN	NaN	
2631927676000	2623233779179	None	Fixation	(220.93, 181.92)	(183.87, 176.92)	2601.891	1.033447	NaN	NaN	NaN	
2631944340000	2623250442928	None	Fixation	(221.16, 182.27)	(183.66, 176.93)	2601.891	1.050049	NaN	NaN	NaN	
2631961007000	2623267109720	None	Fixation	(221.65, 182.27)	(183.27, 176.94)	2601.891	1.06665	NaN	NaN	NaN	
2631977674000	2623283776537	None	Fixation	(221.87, 182.31)	(181.89, 178.10)	2601.891	1.083252	NaN	NaN	NaN	
2631994340000	2623300442286	None	Saccade	(222.25, 182.46)	(180.17, 177.32)	2602.974	0.0168457	23.15995	0.7719982	307.3848	
2632011009000	2623317111070	None	Pursuit	(222.26, 182.67)	(180.39, 177.20)	2602.974	0.03344727	3.012756	0.7178692	313.8987	
2632027675000	2623333776841	None	Fixation	(222.24, 182.82)	(180.51, 177.76)	2601.891	1.133301	NaN	NaN	NaN	
2632044342000	2623350443634	None	Fixation	(222.76, 183.09)	(181.42, 177.04)	2601.891	1.149902	NaN	NaN	NaN	
2632061008000	2623367109843	None	Saccade	(224.73, 183.87)	(176.07, 177.23)	2603.041	0.0168457	65.75967	2.191989	280.9916	
2632077675000	2623383776205	None	Saccade	(227.38, 185.28)	(175.78, 178.20)	2603.057	0.01660156	36.8775	1.22925	285.2127	
2632094341000	2623400441987	None	Pursuit	(226.91, 185.82)	(175.80, 177.49)	2603.057	0.03320313	8.805661	1.199276	299.0248	
2632111008000	2623417108737	None	Pursuit	(227.50, 185.94)	(174.55, 177.46)	2603.057	0.04980469	7.370051	1.415071	293.8591	
2632127675000	2623433775537	None	Pursuit	(228.30, 186.29)	(173.91, 177.24)	2603.057	0.06665039	10.8005	1.767356	291.1701	
2632144341000	2623450441830	None	Fixation	(229.02, 186.90)	(173.81, 177.47)	2603.124	0.01660156	NaN	NaN	NaN	
2632161007000	2623467107509	None	Fixation	(229.31, 187.52)	(172.29, 177.28)	2603.141	0.01660156	NaN	NaN	NaN	
2632177672000	2623483771861	None	Fixation	(230.10, 187.87)	(173.75, 176.27)	2603.141	0.03344727	NaN	NaN	NaN	
2632194339000	2623500438643	None	Fixation	(230.43, 188.41)	(171.51, 176.81)	2603.141	0.05004883	NaN	NaN	NaN	
2632211006000	2623517105415	None	Fixation	(231.18, 188.92)	(170.99, 176.36)	2603.141	0.06665039	NaN	NaN	NaN	
2632227673000	2623533772225	None	Fixation	(231.40, 189.45)	(170.42, 176.52)	2603.141	0.08325195	NaN	NaN	NaN	
2632244339000	2623550437987	None	Fixation	(231.71, 189.64)	(170.44, 176.16)	2603.141	0.1000977	NaN	NaN	NaN	
2632261006000	2623567104807	None	Saccade	(232.49, 190.05)	(167.82, 175.57)	2603.241	0.01660156	32.98851	1.099617	295.5809	
2632277670000	2623583768647	None	Fixation	(232.76, 190.36)	(168.67, 176.07)	2603.141	0.1333008	NaN	NaN	NaN	
2632294337000	2623600435345	None	Fixation	(233.22, 190.71)	(168.49, 175.72)	2603.141	0.1499023	NaN	NaN	NaN	
2632311005000	2623617103102	None	Fixation	(233.75, 190.93)	(168.02, 175.39)	2603.141	0.166748	NaN	NaN	NaN	
2632327672000	2623633769903	None	Fixation	(233.86, 191.19)	(167.26, 175.81)	2603.141	0.1833496	NaN	NaN	NaN	
2632344337000	2623650434679	None	Fixation	(232.91, 189.99)	(168.77, 176.13)	2603.141	0.1999512	NaN	NaN	NaN	
2632361003000	2623667100437	None	Saccade	(223.72, 185.11)	(181.50, 178.41)	2603.341	0.01660156	127.8798	5.301187	109.0473	
2632377672000	2623683769236	None	Saccade	(218.14, 184.28)	(187.51, 181.19)	2603.341	0.03344727	69.41286	7.960032	108.109	
2632394338000	2623700435009	None	Unknown	(219.26, 183.87)	(185.79, 179.53)	NaN	NaN	NaN	NaN	NaN	
2632411005000	2623717101782	None	Pursuit	(218.51, 182.69)	(186.63, 179.53)	2603.391	0.01660156	17.1555	0.5718501	134.4991	
2632427671000	2623733767651	None	Pursuit	(218.44, 182.55)	(186.37, 178.93)	2603.391	0.03344727	1.950953	0.6364454	135.2134	
2632444336000	2623750432326	None	Unknown	(218.54, 181.99)	(186.57, 178.06)	NaN	NaN	NaN	NaN	NaN	
2632461002000	2623767098128	None	Fixation	(218.34, 182.26)	(185.90, 178.36)	2603.441	0.01660156	NaN	NaN	NaN	
2632477669000	2623783764945	None	Fixation	(218.16, 181.95)	(185.82, 178.40)	2603.441	0.03320313	NaN	NaN	NaN	
2632494336000	2623800431690	None	Fixation	(218.08, 181.85)	(184.38, 177.40)	2603.441	0.05004883	NaN	NaN	NaN	
2632511002000	2623817097445	None	Fixation	(218.66, 181.75)	(186.59, 177.52)	2603.441	0.06665039	NaN	NaN	NaN	
2632527669000	2623833764630	None	Fixation	(218.49, 181.57)	(186.54, 178.35)	2603.441	0.08325195	NaN	NaN	NaN	
2632544337000	2623850431998	None	Fixation	(218.30, 181.47)	(186.15, 177.91)	2603.441	0.09985352	NaN	NaN	NaN	
2632561003000	2623867097851	None	Fixation	(218.20, 181.78)	(186.93, 177.68)	2603.441	0.1166992	NaN	NaN	NaN	
2632577668000	2623883762554	None	Fixation	(218.14, 181.65)	(184.08, 177.55)	2603.441	0.1333008	NaN	NaN	NaN	
2632594335000	2623900429369	None	Fixation	(218.44, 181.25)	(186.54, 177.48)	2603.441	0.1499023	NaN	NaN	NaN	
2632611002000	2623917096166	None	Fixation	(218.40, 181.36)	(186.42, 178.90)	2603.441	0.1665039	NaN	NaN	NaN	
2632627669000	2623933762933	None	Fixation	(218.71, 181.39)	(185.98, 177.31)	2603.441	0.1833496	NaN	NaN	NaN	
2632644335000	2623950428677	None	Fixation	(218.77, 181.42)	(186.15, 177.95)	2603.441	0.1999512	NaN	NaN	NaN	
2632661002000	2623967095519	None	Fixation	(218.84, 181.42)	(185.78, 178.32)	2603.441	0.2165527	NaN	NaN	NaN	
2632677668000	2623983761291	None	Fixation	(218.90, 181.27)	(183.67, 177.56)	2603.441	0.2333984	NaN	NaN	NaN	
2632694335000	2624000428049	None	Fixation	(219.00, 181.35)	(186.13, 177.75)	2603.441	0.25	NaN	NaN	NaN	
2632711001000	2624017093793	None	Fixation	(219.69, 181.41)	(185.85, 178.10)	2603.441	0.2666016	NaN	NaN	NaN	
2632727668000	2624033760588	None	Fixation	(219.18, 181.41)	(183.71, 177.63)	2603.441	0.2832031	NaN	NaN	NaN	
2632744334000	2624050426362	None	Fixation	(219.15, 181.35)	(185.95, 177.64)	2603.441	0.3000488	NaN	NaN	NaN	
2632761001000	2624067093865	None	Fixation	(219.31, 181.39)	(186.23, 177.23)	2603.441	0.3166504	NaN	NaN	NaN	
2632777668000	2624083759933	None	Fixation	(218.99, 181.40)	(186.09, 177.49)	2603.441	0.333252	NaN	NaN	NaN	
2632794334000	2624100425795	None	Fixation	(219.33, 181.39)	(185.94, 178.37)	2603.441	0.3498535	NaN	NaN	NaN	
2632810999000	2624117090506	None	Fixation	(219.24, 181.36)	(186.19, 177.51)	2603.441	0.3666992	NaN	NaN	NaN	
2632827665000	2624133756344	None	Fixation	(219.41, 181.25)	(186.37, 177.32)	2603.441	0.3833008	NaN	NaN	NaN	
2632844334000	2624150425096	None	Fixation	(219.64, 181.12)	(185.92, 177.71)	2603.441	0.3999023	NaN	NaN	NaN	
2632861000000	2624167090852	None	Saccade	(221.34, 180.45)	(184.61, 180.48)	2603.841	0.01660156	37.66737	1.255579	218.3103	
2632877667000	2624183757696	None	Pursuit	(220.92, 180.52)	(185.35, 179.15)	2603.841	0.03344727	18.6824	0.6356871	214.4899	
2632894333000	2624200423424	None	Pursuit	(220.83, 180.57)	(182.80, 179.42)	2603.841	0.05004883	31.53687	1.458434	254.2183	
2632911000000	2624217090266	None	Pursuit	(221.01, 180.41)	(183.18, 179.03)	2603.841	0.06665039	6.760957	1.24519	257.3188	
2632927666000	2624233755938	None	Fixation	(221.33, 180.47)	(184.74, 179.98)	2603.441	0.4833984	NaN	NaN	NaN	
2632944333000	2624250422734	None	Fixation	(220.95, 180.26)	(184.51, 179.34)	2603.441	0.5	NaN	NaN	NaN	
2632961000000	2624267089555	None	Fixation	(221.03, 180.47)	(185.12, 178.32)	2603.441	0.5166016	NaN	NaN	NaN	
2632977666000	2624283755279	None	Fixation	(220.97, 180.26)	(185.15, 178.79)	2603.441	0.5332031	NaN	NaN	NaN	
2632994333000	2624300422109	None	Fixation	(220.94, 180.33)	(184.96, 179.08)	2603.441	0.5500488	NaN	NaN	NaN	
2633010999000	2624317087873	None	Fixation	(221.09, 180.36)	(185.31, 178.72)	2603.441	0.5666504	NaN	NaN	NaN	
2633027666000	2624333755091	None	Fixation	(220.84, 180.08)	(182.94, 178.89)	2603.441	0.583252	NaN	NaN	NaN	
2633044331000	2624350419414	None	Fixation	(221.24, 180.24)	(185.44, 178.92)	2603.441	0.5998535	NaN	NaN	NaN	
2633060998000	2624367086217	None	Fixation	(220.88, 179.98)	(185.27, 178.73)	2603.441	0.6166992	NaN	NaN	NaN	
2633077664000	2624383751974	None	Fixation	(220.94, 179.94)	(185.30, 178.40)	2603.441	0.6333008	NaN	NaN	NaN	
2633094331000	2624400418772	None	Fixation	(221.09, 180.11)	(185.28, 178.43)	2603.441	0.6499023	NaN	NaN	NaN	
2633110997000	2624417084527	None	Fixation	(221.38, 180.16)	(185.57, 178.54)	2603.441	0.6665039	NaN	NaN	NaN	
2633127664000	2624433751339	None	Fixation	(221.27, 180.03)	(182.71, 178.70)	2603.441	0.6833496	NaN	NaN	NaN	
2633144330000	2624450417106	None	Fixation	(220.98, 180.12)	(185.36, 178.23)	2603.441	0.6999512	NaN	NaN	NaN	
2633160997000	2624467083893	None	Fixation	(220.89, 179.98)	(185.07, 178.34)	2603.441	0.7165527	NaN	NaN	NaN	
2633177663000	2624483749656	None	Fixation	(220.98, 179.92)	(184.52, 179.03)	2603.441	0.7333984	NaN	NaN	NaN	
2633194330000	2624500416612	None	Fixation	(221.01, 179.98)	(185.41, 178.78)	2603.441	0.75	NaN	NaN	NaN	
2633210997000	2624517083193	None	Fixation	(221.36, 179.85)	(184.69, 179.40)	2603.441	0.7666016	NaN	NaN	NaN	
2633227663000	2624533749059	None	Fixation	(221.26, 180.07)	(185.24, 178.37)	2603.441	0.7832031	NaN	NaN	NaN	
2633244330000	2624550415764	None	Fixation	(221.12, 180.16)	(185.27, 178.56)	2603.441	0.8000488	NaN	NaN	NaN	
2633260996000	2624567081545	None	Fixation	(221.56, 180.26)	(184.88, 179.39)	2603.441	0.8166504	NaN	NaN	NaN	
2633277663000	2624583748319	None	Fixation	(221.16, 179.98)	(185.12, 178.78)	2603.441	0.833252	NaN	NaN	NaN	
2633294329000	2624600414559	None	Fixation	(221.81, 179.94)	(183.03, 178.89)	2603.441	0.8498535	NaN	NaN	NaN	
2633310996000	2624617081011	None	Fixation	(221.59, 180.05)	(184.99, 178.63)	2603.441	0.8666992	NaN	NaN	NaN	
2633327662000	2624633746965	None	Fixation	(221.44, 180.15)	(184.62, 179.79)	2603.441	0.8833008	NaN	NaN	NaN	
2633344329000	2624650413734	None	Fixation	(221.28, 181.05)	(184.42, 177.97)	2603.441	0.8999023	NaN	NaN	NaN	
2633360995000	2624667079879	None	Fixation	(221.05, 180.83)	(185.01, 178.62)	2603.441	0.9165039	NaN	NaN	NaN	
2633377660000	2624683744099	None	Fixation	(221.20, 180.90)	(184.54, 179.34)	2603.441	0.9333496	NaN	NaN	NaN	
2633394327000	2624700410814	None	Fixation	(221.02, 180.80)	(182.43, 178.00)	2603.441	0.9499512	NaN	NaN	NaN	
2633410995000	2624717078572	None	Fixation	(220.84, 180.72)	(184.38, 178.57)	2603.441	0.9665527	NaN	NaN	NaN	
2633427661000	2624733744354	None	Fixation	(221.13, 180.97)	(184.96, 177.96)	2603.441	0.9831543	NaN	NaN	NaN	
2633444327000	2624750410121	None	Fixation	(221.10, 180.90)	(184.87, 178.18)	2603.441	1	NaN	NaN	NaN	
2633460994000	2624767076996	None	Fixation	(221.03, 180.81)	(184.58, 178.66)	2603.441	1.016602	NaN	NaN	NaN	
2633477660000	2624783742700	None	Fixation	(220.93, 180.60)	(184.50, 178.33)	2603.441	1.033203	NaN	NaN	NaN	
2633494327000	2624800409497	None	Fixation	(221.03, 180.86)	(184.74, 178.30)	2603.441	1.050049	NaN	NaN	NaN	
2633510993000	2624817075234	None	Fixation	(221.23, 180.88)	(184.29, 179.08)	2603.441	1.06665	NaN	NaN	NaN	
2633527660000	2624833742522	None	Fixation	(220.81, 180.22)	(183.75, 178.61)	2603.441	1.083252	NaN	NaN	NaN	
2633544324000	2624850405795	None	Fixation	(221.39, 180.58)	(183.90, 179.16)	2603.441	1.099854	NaN	NaN	NaN	
2633560991000	2624867072612	None	Fixation	(221.02, 180.58)	(184.91, 179.70)	2603.441	1.116699	NaN	NaN	NaN	
2633577659000	2624883740370	None	Fixation	(220.88, 180.56)	(184.41, 179.58)	2603.441	1.133301	NaN	NaN	NaN	
2633594326000	2624900407143	None	Fixation	(221.07, 180.52)	(184.34, 178.75)	2603.441	1.149902	NaN	NaN	NaN	
2633610993000	2624917073986	None	Fixation	(221.21, 180.56)	(184.91, 177.75)	2603.441	1.166504	NaN	NaN	NaN	
2633627659000	2624933739774	None	Fixation	(220.93, 180.65)	(184.40, 179.03)	2603.441	1.18335	NaN	NaN	NaN	
2633644324000	2624950404472	None	Fixation	(221.02, 180.67)	(184.14, 178.75)	2603.441	1.199951	NaN	NaN	NaN	
2633660990000	2624967070292	None	Fixation	(221.02, 180.41)	(184.49, 179.31)	2603.441	1.216553	NaN	NaN	NaN	
2633677659000	2624983739063	None	Fixation	(221.01, 180.55)	(184.50, 179.78)	2603.441	1.233154	NaN	NaN	NaN	
2633694325000	2625000405149	None	Fixation	(221.28, 180.65)	(182.08, 178.23)	2603.441	1.25	NaN	NaN	NaN	
2633710990000	2625017069910	None	Fixation	(221.13, 180.35)	(184.43, 177.99)	2603.441	1.266602	NaN	NaN	NaN	
2633727658000	2625033737398	None	Fixation	(221.18, 180.30)	(184.44, 178.63)	2603.441	1.283203	NaN	NaN	NaN	
2633744323000	2625050402154	None	Fixation	(221.29, 180.69)	(183.55, 178.89)	2603.441	1.300049	NaN	NaN	NaN	
2633760991000	2625067070310	None	Fixation	(221.15, 180.78)	(184.33, 178.12)	2603.441	1.31665	NaN	NaN	NaN	
2633777658000	2625083737007	None	Fixation	(221.19, 180.69)	(184.60, 179.90)	2603.441	1.333252	NaN	NaN	NaN	
2633794324000	2625100402549	None	Fixation	(221.29, 180.92)	(184.14, 177.86)	2603.441	1.349854	NaN	NaN	NaN	
2633810991000	2625117069275	None	Fixation	(221.46, 181.12)	(183.84, 178.02)	2603.441	1.366699	NaN	NaN	NaN	
2633827657000	2625133735123	None	Fixation	(221.34, 181.52)	(182.75, 177.19)	2603.441	1.383301	NaN	NaN	NaN	
2633844324000	2625150401859	None	Fixation	(221.03, 181.99)	(183.57, 178.98)	2603.441	1.399902	NaN	NaN	NaN	
2633860990000	2625167067629	None	Fixation	(221.05, 182.63)	(183.41, 178.36)	2603.441	1.416504	NaN	NaN	NaN	
2633877657000	2625183734782	None	Fixation	(220.76, 183.17)	(183.25, 176.41)	2603.441	1.43335	NaN	NaN	NaN	
2633894324000	2625200401497	None	Fixation	(220.52, 183.42)	(182.71, 177.62)	2603.441	1.449951	NaN	NaN	NaN	
2633910990000	2625217067238	None	Fixation	(220.74, 184.28)	(182.21, 175.72)	2603.441	1.466553	NaN	NaN	NaN	
2633927657000	2625233734631	None	Saccade	(220.40, 185.01)	(179.37, 175.20)	2604.907	0.01660156	35.52239	1.18408	293.4599	
2633944320000	2625250397001	None	Pursuit	(220.82, 186.11)	(180.93, 175.02)	2604.907	0.03344727	19.23538	0.6012465	311.6836	
2633960987000	2625267063402	None	Pursuit	(220.79, 186.59)	(180.48, 173.98)	2604.907	0.05004883	13.94843	1.008912	328.1877	
2633977655000	2625283731090	None	Fixation	(220.95, 187.28)	(179.95, 174.02)	2603.441	1.533203	NaN	NaN	NaN	
2633994322000	2625300397937	None	Fixation	(220.71, 188.16)	(179.33, 173.27)	2603.441	1.550049	NaN	NaN	NaN	
2634010987000	2625317062689	None	Fixation	(220.68, 188.87)	(179.02, 172.33)	2603.441	1.56665	NaN	NaN	NaN	
2634027655000	2625333730445	None	Fixation	(220.80, 189.78)	(179.68, 171.34)	2603.441	1.583252	NaN	NaN	NaN	
2634044321000	2625350396268	None	Fixation	(220.15, 190.59)	(179.35, 170.70)	2603.441	1.599854	NaN	NaN	NaN	
2634060988000	2625367063508	None	Fixation	(220.17, 191.22)	(178.45, 170.79)	2603.441	1.616699	NaN	NaN	NaN	
2634077654000	2625383728808	None	Fixation	(220.34, 191.82)	(179.22, 169.57)	2603.441	1.633301	NaN	NaN	NaN	
2634110987000	2625417061545	None	Fixation	(219.96, 192.97)	(177.02, 168.89)	2603.441	1.666504	NaN	NaN	NaN	
2634110987000	2625417061294	None	Fixation	(219.96, 192.97)	(177.02, 168.89)	2603.441	1.666504	NaN	NaN	NaN	
2634127653000	2625433727095	None	Fixation	(220.02, 193.80)	(177.97, 168.43)	2603.441	1.68335	NaN	NaN	NaN	
2634144321000	2625450394918	None	Fixation	(219.92, 194.35)	(177.94, 167.59)	2603.441	1.699951	NaN	NaN	NaN	
2634160987000	2625467060689	None	Fixation	(219.71, 194.89)	(177.16, 167.40)	2603.441	1.716553	NaN	NaN	NaN	
2634177654000	2625483727509	None	Fixation	(219.93, 195.94)	(177.86, 166.15)	2603.441	1.733154	NaN	NaN	NaN	
2634194320000	2625500393363	None	Saccade	(219.25, 198.16)	(176.14, 164.94)	2605.174	0.0168457	28.54887	0.9516289	161.0199	
2634210987000	2625517059980	None	Pursuit	(219.33, 197.42)	(176.53, 165.71)	2605.174	0.03344727	9.176853	0.6544374	9.21769	
2634227654000	2625533727297	None	Pursuit	(219.17, 198.59)	(175.50, 164.87)	2605.174	0.05004883	14.61638	1.132831	3.073915	
2634244320000	2625550392583	None	Fixation	(218.96, 199.24)	(175.83, 164.15)	2605.207	0.03344727	NaN	NaN	NaN	
2634260987000	2625567059425	None	Fixation	(218.90, 199.94)	(175.26, 163.83)	2605.241	0.01660156	NaN	NaN	NaN	
2634277654000	2625583726411	None	Fixation	(218.72, 200.33)	(175.32, 163.51)	2605.241	0.03320313	NaN	NaN	NaN	
2634294320000	2625600391913	None	Fixation	(218.63, 200.86)	(176.19, 162.41)	2605.241	0.04980469	NaN	NaN	NaN	
2634310987000	2625617058756	None	Fixation	(218.84, 201.28)	(175.05, 162.41)	2605.241	0.06665039	NaN	NaN	NaN	
2634327654000	2625633725571	None	Fixation	(218.21, 201.66)	(174.80, 162.31)	2605.241	0.08325195	NaN	NaN	NaN	
2634344319000	2625650390259	None	Fixation	(218.65, 202.51)	(174.35, 161.78)	2605.241	0.09985352	NaN	NaN	NaN	
2634360986000	2625667057039	None	Fixation	(218.89, 201.58)	(174.41, 162.20)	2605.241	0.1164551	NaN	NaN	NaN	
2634377652000	2625683723274	None	Saccade	(221.42, 189.39)	(180.30, 173.20)	2605.357	0.0168457	153.1021	5.118513	171.8027	
2634394319000	2625700390077	None	Saccade	(222.71, 182.55)	(183.26, 182.07)	2605.357	0.03344727	85.68401	8.920887	173.6892	
2634410985000	2625717055412	None	Unknown	(221.38, 183.78)	(183.11, 179.07)	NaN	NaN	NaN	NaN	NaN	
2634427652000	2625733722279	None	Pursuit	(222.56, 182.44)	(182.98, 181.93)	2605.407	0.01660156	21.97456	0.7324853	208.4343	
2634444318000	2625750388331	None	Pursuit	(222.26, 182.53)	(182.24, 179.37)	2605.407	0.03344727	3.903747	0.62388	202.3565	
2634477650000	2625783719708	None	Pursuit	(221.14, 182.60)	(181.33, 178.20)	2605.407	0.06665039	5.664582	0.8114572	309.0577	
2634477650000	2625783719452	None	Pursuit	(221.14, 182.60)	(181.33, 178.20)	2605.407	0.06665039	5.664582	0.8114572	309.0577	
2634510984000	2625817053345	None	Fixation	(222.07, 182.60)	(183.35, 180.00)	2605.457	0.05004883	NaN	NaN	NaN	
2634510984000	2625817053100	None	Fixation	(222.07, 182.60)	(183.35, 180.00)	2605.457	0.05004883	NaN	NaN	NaN	
2634544318000	2625850386971	None	Pursuit	(221.62, 182.30)	(180.73, 177.92)	2605.507	0.03320313	28.49007	1.37053	321.5204	
2634544318000	2625850386686	None	Pursuit	(221.62, 182.30)	(180.73, 177.92)	2605.507	0.03320313	28.49007	1.37053	321.5204	
2634577651000	2625883719423	None	Fixation	(222.11, 182.48)	(182.97, 177.91)	2605.457	0.1166992	NaN	NaN	NaN	
2634577651000	2625883719380	None	Fixation	(222.11, 182.48)	(182.97, 177.91)	2605.457	0.1166992	NaN	NaN	NaN	
2634594317000	2625900385347	None	Fixation	(222.15, 182.52)	(183.43, 177.59)	2605.457	0.1333008	NaN	NaN	NaN	
2634610984000	2625917052088	None	Fixation	(221.78, 182.38)	(183.14, 177.47)	2605.457	0.1499023	NaN	NaN	NaN	
2634644315000	2625950383205	None	Fixation	(222.08, 182.31)	(180.76, 178.31)	2605.457	0.1833496	NaN	NaN	NaN	
2634644315000	2625950382357	None	Fixation	(222.08, 182.31)	(180.76, 178.31)	2605.457	0.1833496	NaN	NaN	NaN	
2634660983000	2625967050125	None	Fixation	(221.83, 182.64)	(183.18, 178.03)	2605.457	0.1999512	NaN	NaN	NaN	
2634694316000	2626000382929	None	Fixation	(222.05, 182.65)	(183.30, 177.98)	2605.457	0.2333984	NaN	NaN	NaN	
2634710983000	2626017049647	None	Saccade	(222.61, 182.61)	(179.75, 177.93)	2605.691	0.01660156	43.71828	1.457276	283.8646	
2634710983000	2626017049414	None	Saccade	(222.61, 182.61)	(179.75, 177.93)	2605.691	0.01660156	43.71828	1.457276	283.8646	
2634727650000	2626033716687	None	Pursuit	(222.07, 182.60)	(183.67, 178.34)	2605.691	0.03320313	48.53894	0.2107546	146.796	
2634744315000	2626050380964	None	Pursuit	(221.77, 182.53)	(183.39, 178.25)	2605.691	0.05004883	3.686828	0.112909	174.6893	
2634777648000	2626083713741	None	Pursuit	(222.25, 182.55)	(180.55, 178.66)	2605.691	0.08325195	31.22079	1.160335	269.2805	
2634777648000	2626083713525	None	Pursuit	(222.25, 182.55)	(180.55, 178.66)	2605.691	0.08325195	31.22079	1.160335	269.2805	
2634794315000	2626100380317	None	Pursuit	(221.65, 182.56)	(180.97, 178.92)	2605.691	0.09985352	6.069463	1.032147	261.0788	
2634810981000	2626117046089	None	Fixation	(221.46, 182.61)	(181.84, 179.19)	2605.457	0.3500977	NaN	NaN	NaN	
2634844312000	2626150376859	None	Fixation	(221.70, 182.71)	(182.38, 179.49)	2605.457	0.3833008	NaN	NaN	NaN	
2634844312000	2626150376699	None	Fixation	(221.70, 182.71)	(182.38, 179.49)	2605.457	0.3833008	NaN	NaN	NaN	
2634877645000	2626183709446	None	Fixation	(221.98, 182.68)	(180.84, 179.01)	2605.457	0.416748	NaN	NaN	NaN	
2634894312000	2626200376251	None	Fixation	(222.22, 182.57)	(182.32, 179.32)	2605.457	0.4333496	NaN	NaN	NaN	
2634910978000	2626217057388	None	Fixation	(221.81, 182.59)	(180.61, 178.82)	2605.457	0.4499512	NaN	NaN	NaN	
2634910978000	2626217041769	None	Fixation	(221.81, 182.59)	(180.61, 178.82)	2605.457	0.4499512	NaN	NaN	NaN	
2634944311000	2626250374684	None	Fixation	(222.33, 182.40)	(180.50, 178.91)	2605.457	0.4833984	NaN	NaN	NaN	
2634944311000	2626250374328	None	Fixation	(222.33, 182.40)	(180.50, 178.91)	2605.457	0.4833984	NaN	NaN	NaN	
2634977645000	2626283708228	None	Pursuit	(221.20, 181.90)	(184.67, 179.87)	2605.941	0.03320313	21.70678	1.754828	116.0267	
2634977645000	2626283707887	None	Pursuit	(221.20, 181.90)	(184.67, 179.87)	2605.941	0.03320313	21.70678	1.754828	116.0267	
2635010980000	2626317042711	None	Pursuit	(221.32, 181.43)	(183.95, 180.85)	2605.941	0.06665039	5.932044	1.62365	132.3773	
2635010980000	2626317042522	None	Pursuit	(221.32, 181.43)	(183.95, 180.85)	2605.941	0.06665039	5.932044	1.62365	132.3773	
2635044313000	2626350375321	None	Saccade	(221.74, 181.29)	(180.62, 179.31)	2606.024	0.01660156	56.11488	1.870496	312.8716	
2635060979000	2626367040985	None	Pursuit	(221.48, 181.22)	(184.15, 179.40)	2606.024	0.03344727	43.39465	0.9102884	1.851062	
2635077646000	2626383707800	None	Pursuit	(221.14, 181.30)	(184.51, 180.16)	2606.024	0.05004883	10.24804	0.5852314	10.10232	
2635094312000	2626400373565	None	Pursuit	(220.93, 181.01)	(184.79, 179.77)	2606.024	0.06665039	5.902202	0.7478715	19.70092	
2635110979000	2626417040391	None	Pursuit	(221.20, 181.02)	(184.04, 180.22)	2606.024	0.08325195	10.71378	0.5999064	351.6176	
2635110979000	2626417040123	None	Pursuit	(221.20, 181.02)	(184.04, 180.22)	2606.024	0.08325195	10.71378	0.5999064	351.6176	
2635144312000	2626450373411	None	Fixation	(221.12, 180.95)	(184.42, 179.10)	2605.457	0.6833496	NaN	NaN	NaN	
2635144312000	2626450372717	None	Fixation	(221.12, 180.95)	(184.42, 179.10)	2605.457	0.6833496	NaN	NaN	NaN	
2635177645000	2626483705488	None	Fixation	(221.62, 181.03)	(184.37, 179.23)	2605.457	0.7165527	NaN	NaN	NaN	
2635177645000	2626483705796	None	Fixation	(221.62, 181.03)	(184.37, 179.23)	2605.457	0.7165527	NaN	NaN	NaN	
2635210977000	2626517037080	None	Fixation	(221.40, 180.92)	(181.64, 179.40)	2605.457	0.75	NaN	NaN	NaN	
2635227644000	2626533703870	None	Saccade	(221.30, 180.97)	(184.69, 178.80)	2606.207	0.01660156	38.22573	1.274191	91.89177	
2635244310000	2626550369721	None	Pursuit	(221.75, 180.89)	(184.27, 180.82)	2606.207	0.03320313	25.38871	1.22616	131.4001	
2635244310000	2626550369354	None	Pursuit	(221.75, 180.89)	(184.27, 180.82)	2606.207	0.03320313	25.38871	1.22616	131.4001	
2635277643000	2626583702177	None	Pursuit	(221.63, 180.91)	(181.72, 179.35)	2606.207	0.06665039	7.525831	0.03902266	71.26439	
2635294310000	2626600368987	None	Pursuit	(221.49, 180.98)	(184.62, 178.69)	2606.207	0.08325195	36.65566	1.258824	89.651	
2635310976000	2626617035477	None	Pursuit	(221.56, 180.91)	(184.62, 179.08)	2606.207	0.1000977	4.857101	1.229391	96.98853	
2635327643000	2626633701500	None	Pursuit	(221.54, 180.81)	(182.04, 179.12)	2606.207	0.1166992	31.74687	0.1992199	68.67606	
2635344310000	2626650368289	None	Pursuit	(221.91, 180.75)	(184.56, 178.75)	2606.207	0.1333008	31.38565	1.228327	90.61681	
2635360976000	2626667034259	None	Fixation	(221.49, 180.67)	(184.39, 180.81)	2605.457	0.8999023	NaN	NaN	NaN	
2635377642000	2626683699918	None	Fixation	(221.61, 180.76)	(184.46, 179.57)	2605.457	0.916748	NaN	NaN	NaN	
2635377642000	2626683699601	None	Fixation	(221.61, 180.76)	(184.46, 179.57)	2605.457	0.916748	NaN	NaN	NaN	
2635410975000	2626717032422	None	Fixation	(221.54, 180.77)	(184.57, 178.92)	2605.457	0.9499512	NaN	NaN	NaN	
2635427642000	2626733699184	None	Fixation	(221.72, 180.93)	(184.48, 180.89)	2605.457	0.9665527	NaN	NaN	NaN	
2635444309000	2626750365981	None	Fixation	(221.68, 180.78)	(184.00, 179.04)	2605.457	0.9833984	NaN	NaN	NaN	
2635460975000	2626767031740	None	Fixation	(221.56, 180.78)	(184.20, 181.01)	2605.457	1	NaN	NaN	NaN	
2635477642000	2626783698745	None	Fixation	(221.62, 180.68)	(184.50, 179.11)	2605.457	1.016602	NaN	NaN	NaN	
2635494308000	2626800364683	None	Fixation	(221.61, 180.81)	(184.69, 179.90)	2605.457	1.033203	NaN	NaN	NaN	
2635510974000	2626817030090	None	Fixation	(221.63, 180.71)	(184.50, 181.07)	2605.457	1.050049	NaN	NaN	NaN	
2635510974000	2626817029849	None	Fixation	(221.63, 180.71)	(184.50, 181.07)	2605.457	1.050049	NaN	NaN	NaN	
2635544307000	2626850362716	None	Fixation	(221.85, 180.89)	(183.99, 180.91)	2605.457	1.083252	NaN	NaN	NaN	
2635560973000	2626867028463	None	Fixation	(221.71, 180.63)	(184.08, 180.37)	2605.457	1.100098	NaN	NaN	NaN	
2635577640000	2626883695627	None	Fixation	(221.70, 180.55)	(184.32, 179.45)	2605.457	1.116699	NaN	NaN	NaN	
2635577640000	2626883695377	None	Fixation	(221.70, 180.55)	(184.32, 179.45)	2605.457	1.116699	NaN	NaN	NaN	
2635610973000	2626917027850	None	Fixation	(221.78, 180.77)	(184.69, 181.09)	2605.457	1.149902	NaN	NaN	NaN	
2635627640000	2626933694935	None	Fixation	(221.96, 180.64)	(184.30, 180.17)	2605.457	1.166748	NaN	NaN	NaN	
2635644306000	2626950360348	None	Fixation	(221.95, 180.65)	(183.91, 180.25)	2605.457	1.18335	NaN	NaN	NaN	
2635660972000	2626967026122	None	Fixation	(221.87, 180.65)	(184.15, 180.06)	2605.457	1.199951	NaN	NaN	NaN	
2635677638000	2626983691892	None	Fixation	(222.11, 180.67)	(184.65, 179.04)	2605.457	1.216553	NaN	NaN	NaN	
2635694305000	2627000358643	None	Saccade	(222.26, 180.64)	(180.96, 179.32)	2606.674	0.0168457	45.63515	1.521172	278.6416	
2635710971000	2627017024558	None	Pursuit	(221.67, 181.08)	(181.49, 178.65)	2606.674	0.03344727	10.57179	1.307001	290.0316	
2635727638000	2627033691318	None	Pursuit	(221.57, 180.88)	(181.07, 179.45)	2606.674	0.05004883	11.0981	1.477358	276.4601	
2635744304000	2627050357354	None	Pursuit	(222.39, 180.90)	(182.20, 179.69)	2606.674	0.06665039	14.12054	1.043011	268.0822	
2635760971000	2627067023867	None	Fixation	(222.00, 180.92)	(183.95, 180.54)	2605.457	1.300049	NaN	NaN	NaN	
2635777637000	2627083689573	None	Fixation	(221.78, 180.85)	(182.55, 179.90)	2605.457	1.31665	NaN	NaN	NaN	
2635777637000	2627083689345	None	Fixation	(221.78, 180.85)	(182.55, 179.90)	2605.457	1.31665	NaN	NaN	NaN	
2635810970000	2627117022153	None	Fixation	(221.52, 180.50)	(182.98, 179.80)	2605.457	1.350098	NaN	NaN	NaN	
2635810970000	2627117021910	None	Fixation	(221.52, 180.50)	(182.98, 179.80)	2605.457	1.350098	NaN	NaN	NaN	
2635844303000	2627150354739	None	Fixation	(221.75, 180.74)	(184.34, 179.05)	2605.457	1.383301	NaN	NaN	NaN	
2635860970000	2627167021456	None	Saccade	(222.13, 180.66)	(181.45, 178.71)	2606.841	0.01660156	35.73843	1.191281	289.7523	
2635877636000	2627183687363	None	Pursuit	(221.79, 180.46)	(184.48, 178.31)	2606.841	0.03344727	37.55431	0.3080738	23.8906	
2635894303000	2627200354039	None	Pursuit	(221.83, 180.70)	(183.74, 180.10)	2606.841	0.05004883	23.81699	0.49616	222.81	
2635910970000	2627217021267	None	Fixation	(221.53, 180.63)	(184.51, 178.74)	2605.457	1.449951	NaN	NaN	NaN	
2635910970000	2627217020633	None	Fixation	(221.53, 180.63)	(184.51, 178.74)	2605.457	1.449951	NaN	NaN	NaN	
2635944303000	2627250353737	None	Saccade	(223.29, 185.90)	(177.66, 175.01)	2606.924	0.0168457	68.5398	2.28466	334.7922	
2635960969000	2627267019170	None	Pursuit	(223.49, 185.88)	(177.70, 176.74)	2606.907	0.05004883	21.26444	2.912563	299.3894	
2635977636000	2627283685948	None	Pursuit	(223.24, 185.57)	(180.03, 177.18)	2606.957	0.01660156	4.949977	0.1649992	128.2618	
2635994302000	2627300351716	None	Pursuit	(222.87, 185.01)	(180.14, 176.30)	2606.957	0.03320313	8.220268	0.4386145	131.3895	
2636010969000	2627317018563	None	Pursuit	(222.42, 184.50)	(178.37, 176.77)	2606.907	0.1000977	22.58708	2.646085	300.8165	
2636010969000	2627317018258	None	Pursuit	(222.42, 184.50)	(178.37, 176.77)	2606.907	0.1000977	22.58708	2.646085	300.8165	
2636044300000	2627350349149	None	Fixation	(222.47, 183.74)	(179.21, 176.89)	2607.007	0.03320313	NaN	NaN	NaN	
2636060967000	2627367015813	None	Saccade	(222.67, 183.01)	(181.52, 179.15)	2607.041	0.0168457	39.6901	1.323003	147.4969	
2636077634000	2627383683147	None	Pursuit	(222.10, 182.82)	(182.03, 179.32)	2607.041	0.03344727	6.657232	1.52521	143.8093	
2636094301000	2627400349390	None	Pursuit	(221.74, 182.37)	(182.30, 179.73)	2607.041	0.05004883	6.02711	1.719245	145.6522	
2636110967000	2627417015256	None	Pursuit	(222.54, 181.51)	(182.91, 179.43)	2607.041	0.06665039	8.363514	1.838099	137.5175	
2636127634000	2627433681963	None	Saccade	(220.60, 174.90)	(188.53, 187.16)	2607.107	0.0168457	84.66526	2.822175	150.6478	
2636144300000	2627450347770	None	Unknown	(220.08, 174.83)	(190.04, 187.48)	NaN	NaN	NaN	NaN	NaN	
2636160967000	2627467014523	None	Pursuit	(219.71, 174.17)	(189.65, 187.64)	2607.141	0.01660156	9.308821	0.310294	137.73	
2636177631000	2627483678564	None	Pursuit	(219.59, 173.36)	(189.91, 189.03)	2607.141	0.03320313	10.0768	0.6358117	148.4315	
2636194300000	2627500347553	None	Unknown	(219.97, 172.61)	(190.82, 188.81)	NaN	NaN	NaN	NaN	NaN	
2636210966000	2627517012909	None	Fixation	(219.99, 172.00)	(190.96, 189.66)	2607.191	0.01660156	NaN	NaN	NaN	
2636227633000	2627533679655	None	Fixation	(219.86, 171.51)	(191.66, 189.97)	2607.191	0.03320313	NaN	NaN	NaN	
2636244299000	2627550345869	None	Fixation	(219.43, 171.11)	(192.34, 190.28)	2607.191	0.04980469	NaN	NaN	NaN	
2636260966000	2627567012181	None	Fixation	(219.48, 170.60)	(191.80, 190.80)	2607.191	0.06665039	NaN	NaN	NaN	
2636277633000	2627583679074	None	Fixation	(219.64, 170.11)	(192.95, 192.56)	2607.191	0.08325195	NaN	NaN	NaN	
2636294299000	2627600345013	None	Fixation	(219.43, 169.53)	(192.95, 191.86)	2607.191	0.09985352	NaN	NaN	NaN	
2636310966000	2627617011918	None	Fixation	(219.30, 168.81)	(193.91, 192.75)	2607.191	0.1166992	NaN	NaN	NaN	
2636327632000	2627633677321	None	Fixation	(218.95, 168.45)	(194.05, 193.18)	2607.191	0.1333008	NaN	NaN	NaN	
2636344297000	2627650342631	None	Fixation	(219.25, 167.14)	(194.81, 194.97)	2607.191	0.1499023	NaN	NaN	NaN	
2636360963000	2627667007979	None	Saccade	(217.86, 165.77)	(197.99, 199.35)	2607.341	0.01660156	24.03209	2.218956	139.2152	
2636377632000	2627683676678	None	Pursuit	(217.79, 165.20)	(198.05, 198.58)	2607.341	0.03344727	7.024205	0.9931155	130.0245	
2636394298000	2627700342435	None	Pursuit	(218.15, 164.99)	(198.74, 198.83)	2607.341	0.05004883	5.030044	0.9875997	139.731	
2636410965000	2627717009339	None	Pursuit	(217.68, 164.41)	(198.84, 199.33)	2607.374	0.03320313	6.185503	0.4471231	146.3923	
2636427631000	2627733675466	None	Fixation	(217.86, 164.19)	(198.93, 199.93)	2607.407	0.01660156	NaN	NaN	NaN	
2636444295000	2627750339214	None	Fixation	(217.75, 163.72)	(198.97, 199.85)	2607.407	0.03344727	NaN	NaN	NaN	
2636460962000	2627767006224	None	Fixation	(218.06, 163.70)	(199.60, 200.23)	2607.407	0.05004883	NaN	NaN	NaN	
2636477631000	2627783674691	None	Fixation	(218.13, 163.82)	(200.09, 199.43)	2607.407	0.06665039	NaN	NaN	NaN	
2636494297000	2627800340122	None	Saccade	(219.68, 173.14)	(190.56, 188.44)	2607.474	0.01660156	116.1349	5.962445	334.8015	
2636510964000	2627817007320	None	Saccade	(219.56, 184.07)	(184.10, 182.11)	2607.474	0.03344727	134.4457	9.660985	336.6261	
2636527631000	2627833673694	None	Unknown	(219.86, 182.78)	(183.13, 179.73)	NaN	NaN	NaN	NaN	NaN	
2636544297000	2627850340009	None	Pursuit	(220.68, 183.20)	(184.01, 180.27)	2607.524	0.01660156	11.3556	0.3785199	283.8253	
2636560964000	2627867006543	None	Pursuit	(220.24, 182.79)	(181.34, 179.21)	2607.524	0.03344727	7.360022	0.1578461	258.4916	
2636577629000	2627883671128	None	Pursuit	(219.99, 181.95)	(184.26, 179.20)	2607.524	0.05004883	35.9357	0.512108	78.01344	
2636594296000	2627900337801	None	Pursuit	(220.59, 182.08)	(185.19, 178.41)	2607.524	0.06665039	15.00965	1.003274	70.39203	
2636610962000	2627917003603	None	Pursuit	(220.84, 181.89)	(184.69, 178.16)	2607.524	0.08325195	6.83717	0.9083972	57.93085	
2636627629000	2627933671039	None	Pursuit	(220.66, 182.01)	(184.54, 177.97)	2607.524	0.1000977	3.046029	0.9238125	51.65086	
2636644295000	2627950336186	None	Fixation	(220.32, 181.70)	(184.53, 178.31)	2607.574	0.06665039	NaN	NaN	NaN	
2636660962000	2627967003382	None	Fixation	(220.20, 181.55)	(184.91, 177.78)	2607.574	0.08325195	NaN	NaN	NaN	
2636677627000	2627983667740	None	Fixation	(220.76, 181.61)	(184.57, 179.34)	2607.574	0.09985352	NaN	NaN	NaN	
2636694293000	2628000333490	None	Saccade	(220.73, 181.44)	(181.71, 177.74)	2607.674	0.0168457	40.30209	1.343403	312.3798	
2636710960000	2628017000381	None	Pursuit	(220.81, 181.06)	(181.97, 177.66)	2607.674	0.03344727	3.282218	1.270865	315.9718	
2636727626000	2628033666105	None	Pursuit	(220.43, 181.19)	(182.43, 178.32)	2607.674	0.05004883	9.937435	0.9712072	308.6862	
2636744295000	2628050334914	None	Fixation	(220.70, 181.21)	(181.95, 177.91)	2607.574	0.1665039	NaN	NaN	NaN	
2636760961000	2628067000998	None	Fixation	(220.83, 181.35)	(183.07, 178.15)	2607.574	0.1833496	NaN	NaN	NaN	
2636777628000	2628083667443	None	Fixation	(220.61, 181.42)	(184.46, 179.74)	2607.574	0.1999512	NaN	NaN	NaN	
2636794294000	2628100333378	None	Fixation	(220.63, 181.17)	(184.41, 179.46)	2607.574	0.2165527	NaN	NaN	NaN	
2636810959000	2628116997970	None	Saccade	(220.49, 181.27)	(184.74, 177.71)	2607.791	0.01660156	21.93378	0.731126	23.80274	
2636827625000	2628133663921	None	Fixation	(220.66, 181.25)	(184.38, 177.74)	2607.574	0.25	NaN	NaN	NaN	
2636844294000	2628150332557	None	Fixation	(221.04, 181.25)	(183.83, 178.77)	2607.574	0.2666016	NaN	NaN	NaN	
2636860960000	2628166998323	None	Fixation	(220.55, 181.35)	(184.62, 177.41)	2607.574	0.2832031	NaN	NaN	NaN	
2636877627000	2628183665478	None	Fixation	(220.53, 181.31)	(184.70, 177.75)	2607.574	0.3000488	NaN	NaN	NaN	
2636894293000	2628200330877	None	Fixation	(220.74, 181.12)	(183.20, 178.80)	2607.574	0.3166504	NaN	NaN	NaN	
2636910960000	2628216997680	None	Fixation	(220.98, 181.35)	(183.86, 178.44)	2607.574	0.333252	NaN	NaN	NaN	
2636927626000	2628233663566	None	Fixation	(220.44, 181.26)	(184.28, 177.87)	2607.574	0.3498535	NaN	NaN	NaN	
2636944293000	2628250330422	None	Fixation	(220.59, 181.31)	(183.17, 178.60)	2607.574	0.3666992	NaN	NaN	NaN	
2636960960000	2628266997604	None	Fixation	(220.56, 181.23)	(184.56, 177.82)	2607.574	0.3833008	NaN	NaN	NaN	
2636977624000	2628283661096	None	Fixation	(220.53, 181.27)	(184.51, 178.02)	2607.574	0.3999023	NaN	NaN	NaN	
2636994291000	2628300327560	None	Fixation	(220.81, 181.39)	(184.67, 177.91)	2607.574	0.4165039	NaN	NaN	NaN	
2637010958000	2628316994410	None	Fixation	(220.90, 181.33)	(184.70, 177.91)	2607.574	0.4333496	NaN	NaN	NaN	
2637027625000	2628333661131	None	Fixation	(220.83, 181.24)	(184.13, 179.87)	2607.574	0.4499512	NaN	NaN	NaN	
2637044291000	2628350326940	None	Fixation	(221.47, 180.98)	(184.34, 178.95)	2607.574	0.4665527	NaN	NaN	NaN	
2637060958000	2628366993711	None	Fixation	(220.67, 181.02)	(184.70, 178.61)	2607.574	0.4831543	NaN	NaN	NaN	
2637077624000	2628383660110	None	Fixation	(221.09, 180.96)	(181.72, 178.95)	2607.574	0.5	NaN	NaN	NaN	
2637094291000	2628400326265	None	Fixation	(221.20, 180.97)	(184.14, 179.16)	2607.574	0.5166016	NaN	NaN	NaN	
2637110957000	2628416992050	None	Fixation	(221.48, 181.02)	(184.56, 179.07)	2607.574	0.5332031	NaN	NaN	NaN	
2637127624000	2628433658820	None	Fixation	(220.96, 180.94)	(184.74, 178.71)	2607.574	0.5500488	NaN	NaN	NaN	
2637144290000	2628450324610	None	Fixation	(221.02, 180.99)	(184.94, 178.56)	2607.574	0.5666504	NaN	NaN	NaN	
2637160957000	2628466991684	None	Fixation	(220.94, 180.82)	(184.31, 179.04)	2607.574	0.583252	NaN	NaN	NaN	
2637177623000	2628483657181	None	Fixation	(221.38, 180.90)	(184.38, 178.97)	2607.574	0.5998535	NaN	NaN	NaN	
2637194290000	2628500323933	None	Fixation	(221.22, 180.95)	(182.00, 179.11)	2607.574	0.6166992	NaN	NaN	NaN	
2637210957000	2628516990748	None	Fixation	(221.18, 180.80)	(183.68, 179.30)	2607.574	0.6333008	NaN	NaN	NaN	
2637227623000	2628533656856	None	Fixation	(221.44, 180.76)	(183.48, 179.33)	2607.574	0.6499023	NaN	NaN	NaN	
2637244290000	2628550323671	None	Fixation	(220.96, 180.78)	(184.54, 178.62)	2607.574	0.6665039	NaN	NaN	NaN	
2637260956000	2628566989435	None	Fixation	(221.23, 180.86)	(183.46, 179.17)	2607.574	0.6833496	NaN	NaN	NaN	
2637277623000	2628583656187	None	Fixation	(221.66, 180.67)	(184.39, 178.51)	2607.574	0.6999512	NaN	NaN	NaN	
2637277623000	2628583656066	None	Fixation	(221.66, 180.67)	(184.39, 178.51)	2607.574	0.6999512	NaN	NaN	NaN	
2637310956000	2628616989014	None	Fixation	(221.37, 180.75)	(183.65, 179.21)	2607.574	0.7331543	NaN	NaN	NaN	
2637310956000	2628616988481	None	Fixation	(221.37, 180.75)	(183.65, 179.21)	2607.574	0.7331543	NaN	NaN	NaN	
2637327622000	2628633654210	None	Fixation	(221.24, 180.79)	(183.86, 179.85)	2607.574	0.75	NaN	NaN	NaN	
2637344289000	2628650320995	None	Fixation	(221.09, 180.66)	(183.92, 178.99)	2607.574	0.7666016	NaN	NaN	NaN	
2637360955000	2628666986747	None	Fixation	(221.40, 180.76)	(181.94, 179.07)	2607.574	0.7832031	NaN	NaN	NaN	
2637377622000	2628683653557	None	Fixation	(221.37, 180.75)	(180.98, 178.48)	2607.574	0.8000488	NaN	NaN	NaN	
2637394289000	2628700320315	None	Saccade	(221.05, 180.46)	(181.00, 178.20)	2608.374	0.01660156	3.470416	0.1156805	17.86808	
2637410955000	2628716986089	None	Fixation	(221.34, 180.64)	(181.26, 178.62)	2607.574	0.833252	NaN	NaN	NaN	
2637427622000	2628733652888	None	Fixation	(221.44, 180.67)	(183.41, 179.36)	2607.574	0.8498535	NaN	NaN	NaN	
2637444287000	2628750317728	None	Fixation	(221.48, 180.60)	(181.92, 179.10)	2607.574	0.8666992	NaN	NaN	NaN	
2637460954000	2628766984429	None	Fixation	(221.66, 180.50)	(181.32, 178.52)	2607.574	0.8833008	NaN	NaN	NaN	
2637477618000	2628783648293	None	Fixation	(221.76, 180.64)	(184.00, 177.86)	2607.574	0.8999023	NaN	NaN	NaN	
2637494285000	2628800315008	None	Saccade	(221.88, 180.58)	(179.84, 177.93)	2608.474	0.01660156	51.11469	1.703823	282.0091	
2637510953000	2628816982835	None	Pursuit	(221.61, 180.80)	(183.99, 179.10)	2608.474	0.03344727	53.03772	0.5109984	193.2785	
2637527620000	2628833649535	None	Pursuit	(221.39, 180.54)	(183.84, 179.36)	2608.474	0.05004883	3.663723	0.6203548	198.813	
2637544286000	2628850315450	None	Pursuit	(221.49, 180.67)	(181.34, 178.53)	2608.474	0.06665039	32.46625	1.123451	268.8535	
2637560953000	2628866982155	None	Pursuit	(221.63, 180.47)	(182.36, 179.11)	2608.474	0.08325195	14.42194	0.844139	245.6756	
2637577619000	2628883647952	None	Fixation	(221.86, 180.55)	(181.64, 178.70)	2607.574	1	NaN	NaN	NaN	
2637594286000	2628900315178	None	Fixation	(221.49, 180.56)	(183.76, 178.69)	2607.574	1.016602	NaN	NaN	NaN	
2637610953000	2628916981484	None	Fixation	(221.52, 180.60)	(183.40, 179.32)	2607.574	1.033203	NaN	NaN	NaN	
2637627619000	2628933647332	None	Fixation	(221.62, 180.49)	(183.37, 179.25)	2607.574	1.050049	NaN	NaN	NaN	
2637644286000	2628950314081	None	Fixation	(221.47, 180.62)	(181.90, 178.98)	2607.574	1.06665	NaN	NaN	NaN	
2637660952000	2628966979791	None	Fixation	(221.38, 180.64)	(180.71, 178.32)	2607.574	1.083252	NaN	NaN	NaN	
2637677619000	2628983646678	None	Fixation	(221.33, 180.67)	(184.07, 178.33)	2607.574	1.099854	NaN	NaN	NaN	
2637694285000	2629000312370	None	Saccade	(221.77, 180.63)	(181.26, 178.81)	2608.674	0.0168457	35.03679	1.167893	273.2208	
2637710952000	2629016979144	None	Pursuit	(221.61, 180.53)	(184.03, 178.67)	2608.674	0.03344727	34.1203	0.1403329	199.1783	
2637727618000	2629033644917	None	Pursuit	(221.64, 180.56)	(183.07, 179.18)	2608.674	0.05004883	13.429	0.5395053	242.3768	
2637744285000	2629050311775	None	Fixation	(221.72, 180.47)	(183.89, 178.63)	2607.574	1.166504	NaN	NaN	NaN	
2637760951000	2629066977499	None	Fixation	(221.94, 180.60)	(181.04, 178.86)	2607.574	1.18335	NaN	NaN	NaN	
2637777618000	2629083644298	None	Saccade	(221.76, 180.55)	(180.82, 178.56)	2608.757	0.01660156	4.544205	0.1514735	335.8406	
2637794284000	2629100310085	None	Pursuit	(221.86, 180.62)	(183.81, 178.82)	2608.757	0.03320313	36.96295	1.136158	102.2437	
2637810951000	2629116977085	None	Pursuit	(221.57, 180.62)	(183.66, 178.86)	2608.757	0.04980469	1.974562	1.071739	102.9448	
2637827617000	2629133642593	None	Pursuit	(221.78, 180.62)	(183.50, 178.91)	2608.757	0.06665039	2.008285	1.008291	104.1213	
2637844284000	2629150309497	None	Fixation	(221.77, 180.48)	(181.78, 179.17)	2607.574	1.266602	NaN	NaN	NaN	
2637860951000	2629166976180	None	Fixation	(221.62, 180.58)	(183.77, 178.99)	2607.574	1.283203	NaN	NaN	NaN	
2637877616000	2629183640963	None	Fixation	(221.91, 180.60)	(183.24, 178.83)	2607.574	1.300049	NaN	NaN	NaN	
2637894283000	2629200307803	None	Fixation	(222.25, 180.62)	(181.37, 179.11)	2607.574	1.31665	NaN	NaN	NaN	
2637910949000	2629216973530	None	Fixation	(221.94, 180.60)	(183.17, 178.77)	2607.574	1.333252	NaN	NaN	NaN	
2637927616000	2629233640302	None	Fixation	(222.55, 180.58)	(183.48, 178.80)	2607.574	1.349854	NaN	NaN	NaN	
2637944283000	2629250307092	None	Fixation	(221.20, 181.80)	(184.00, 178.06)	2607.574	1.366699	NaN	NaN	NaN	
2637960949000	2629266973218	None	Fixation	(220.37, 181.19)	(185.11, 178.00)	2607.574	1.383301	NaN	NaN	NaN	
2637977613000	2629283636649	None	Fixation	(221.42, 181.20)	(181.79, 178.26)	2607.574	1.399902	NaN	NaN	NaN	
2637994280000	2629300303438	None	Fixation	(221.05, 181.29)	(183.78, 178.10)	2607.574	1.416504	NaN	NaN	NaN	
2638010948000	2629316971217	None	Fixation	(221.32, 181.27)	(183.82, 178.19)	2607.574	1.43335	NaN	NaN	NaN	
2638027615000	2629333637984	None	Fixation	(221.18, 181.02)	(183.87, 177.99)	2607.574	1.449951	NaN	NaN	NaN	
2638044281000	2629350303834	None	Fixation	(221.49, 181.03)	(184.04, 177.84)	2607.574	1.466553	NaN	NaN	NaN	
2638060948000	2629366970567	None	Fixation	(221.53, 181.07)	(183.71, 178.02)	2607.574	1.483154	NaN	NaN	NaN	
2638077614000	2629383636715	None	Fixation	(221.51, 180.88)	(184.04, 178.03)	2607.574	1.5	NaN	NaN	NaN	
2638094281000	2629400303423	None	Fixation	(221.66, 181.01)	(183.76, 177.96)	2607.574	1.516602	NaN	NaN	NaN	
2638110948000	2629416969950	None	Fixation	(221.68, 180.92)	(182.43, 178.40)	2607.574	1.533203	NaN	NaN	NaN	
2638127614000	2629433635991	None	Fixation	(221.92, 181.04)	(183.16, 178.43)	2607.574	1.550049	NaN	NaN	NaN	
2638144281000	2629450302895	None	Fixation	(221.56, 181.06)	(183.41, 177.90)	2607.574	1.56665	NaN	NaN	NaN	
2638160947000	2629466968231	None	Fixation	(221.72, 181.12)	(183.76, 177.47)	2607.574	1.583252	NaN	NaN	NaN	
2638177614000	2629483635007	None	Fixation	(221.81, 181.07)	(183.32, 178.12)	2607.574	1.599854	NaN	NaN	NaN	
2638194280000	2629500300807	None	Fixation	(221.88, 181.06)	(183.26, 177.67)	2607.574	1.616699	NaN	NaN	NaN	
2638210947000	2629516967559	None	Fixation	(222.16, 181.10)	(183.08, 177.56)	2607.574	1.633301	NaN	NaN	NaN	
2638227613000	2629533633368	None	Fixation	(222.34, 181.38)	(182.69, 179.00)	2607.574	1.649902	NaN	NaN	NaN	
2638244280000	2629550300160	None	Fixation	(222.74, 181.56)	(182.71, 179.13)	2607.574	1.666504	NaN	NaN	NaN	
2638260946000	2629566965925	None	Fixation	(222.39, 181.57)	(182.56, 179.24)	2607.574	1.68335	NaN	NaN	NaN	
2638277613000	2629583632690	None	Fixation	(222.37, 181.52)	(182.14, 178.46)	2607.574	1.699951	NaN	NaN	NaN	
2638294279000	2629600298467	None	Fixation	(222.56, 181.86)	(182.01, 177.41)	2607.574	1.716553	NaN	NaN	NaN	
2638310946000	2629616965637	None	Fixation	(223.07, 181.92)	(181.84, 178.58)	2607.574	1.733154	NaN	NaN	NaN	
2638327612000	2629633631293	None	Fixation	(223.53, 182.11)	(179.80, 177.55)	2607.574	1.75	NaN	NaN	NaN	
2638344277000	2629650295818	None	Fixation	(223.28, 182.17)	(180.86, 178.76)	2607.574	1.766602	NaN	NaN	NaN	
2638360944000	2629666962603	None	Fixation	(224.27, 183.00)	(181.07, 176.46)	2607.574	1.783203	NaN	NaN	NaN	
2638377612000	2629683630387	None	Saccade	(225.86, 186.99)	(176.26, 175.02)	2609.357	0.01660156	52.82575	2.057605	312.4279	
2638394279000	2629700297145	None	Pursuit	(225.18, 186.44)	(177.51, 174.28)	2609.357	0.03344727	17.91061	1.711675	314.4671	
2638410945000	2629716962958	None	Pursuit	(225.55, 186.96)	(176.27, 174.33)	2609.391	0.01660156	7.850238	0.2616746	311.4193	
2638427612000	2629733629723	None	Pursuit	(225.84, 187.41)	(175.50, 174.19)	2609.391	0.03320313	6.562708	0.4802732	312.7643	
2638444278000	2629750295508	None	Unknown	(226.21, 187.57)	(175.64, 173.96)	NaN	NaN	NaN	NaN	NaN	
2638460945000	2629766962294	None	Fixation	(226.04, 188.00)	(175.65, 173.14)	2609.441	0.01660156	NaN	NaN	NaN	
2638477611000	2629783628161	None	Fixation	(226.49, 188.28)	(174.21, 173.27)	2609.441	0.03320313	NaN	NaN	NaN	
2638494278000	2629800295189	None	Fixation	(226.54, 188.65)	(174.24, 173.50)	2609.441	0.04980469	NaN	NaN	NaN	
2638510944000	2629816960955	None	Fixation	(226.51, 189.12)	(174.91, 172.74)	2609.441	0.06665039	NaN	NaN	NaN	
2638527611000	2629833627409	None	Fixation	(226.53, 189.30)	(173.05, 173.29)	2609.441	0.08325195	NaN	NaN	NaN	
2638544278000	2629850294203	None	Saccade	(226.96, 189.85)	(171.30, 172.33)	2609.524	0.01660156	24.49475	0.8164916	311.8901	
2638560944000	2629866959963	None	Fixation	(227.20, 190.07)	(173.27, 172.51)	2609.441	0.1164551	NaN	NaN	NaN	
2638577611000	2629883626757	None	Fixation	(227.34, 190.29)	(173.46, 172.07)	2609.441	0.1333008	NaN	NaN	NaN	
2638594277000	2629900292536	None	Fixation	(227.36, 190.44)	(173.15, 173.39)	2609.441	0.1499023	NaN	NaN	NaN	
2638610944000	2629916959328	None	Fixation	(227.59, 190.75)	(173.14, 172.03)	2609.441	0.1665039	NaN	NaN	NaN	
2638627610000	2629933625109	None	Fixation	(227.76, 190.86)	(171.63, 172.12)	2609.441	0.1831055	NaN	NaN	NaN	
2638644275000	2629950290311	None	Fixation	(227.93, 190.98)	(172.04, 172.25)	2609.441	0.1999512	NaN	NaN	NaN	
2638660941000	2629966956162	None	Fixation	(227.89, 191.14)	(171.60, 172.43)	2609.441	0.2165527	NaN	NaN	NaN	
2638677610000	2629983624444	None	Fixation	(228.26, 191.26)	(170.83, 172.10)	2609.441	0.2331543	NaN	NaN	NaN	
2638694276000	2630000290206	None	Fixation	(228.58, 191.48)	(170.53, 172.30)	2609.441	0.25	NaN	NaN	NaN	
2638710941000	2630016954999	None	Fixation	(228.36, 191.67)	(171.60, 172.13)	2609.441	0.2666016	NaN	NaN	NaN	
2638727608000	2630033621795	None	Fixation	(228.32, 191.71)	(171.35, 173.12)	2609.441	0.2832031	NaN	NaN	NaN	
2638744276000	2630050289547	None	Fixation	(228.57, 191.78)	(169.62, 172.18)	2609.441	0.2998047	NaN	NaN	NaN	
2638760943000	2630066956361	None	Fixation	(228.68, 191.72)	(169.48, 171.94)	2609.441	0.3166504	NaN	NaN	NaN	
2638777609000	2630083622115	None	Fixation	(228.32, 191.88)	(169.45, 172.13)	2609.441	0.333252	NaN	NaN	NaN	
2638794276000	2630100288952	None	Fixation	(228.54, 191.70)	(170.94, 172.51)	2609.441	0.3498535	NaN	NaN	NaN	
2638810939000	2630116951725	None	Fixation	(228.38, 191.75)	(169.66, 172.49)	2609.441	0.3664551	NaN	NaN	NaN	
2638827606000	2630133618773	None	Fixation	(228.63, 191.74)	(170.21, 172.53)	2609.441	0.3833008	NaN	NaN	NaN	
2638844274000	2630150286266	None	Fixation	(228.49, 191.70)	(169.39, 172.19)	2609.441	0.3999023	NaN	NaN	NaN	
2638860941000	2630166953027	None	Fixation	(228.82, 191.49)	(171.35, 172.47)	2609.441	0.4165039	NaN	NaN	NaN	
2638877607000	2630183618799	None	Fixation	(228.86, 191.45)	(169.81, 172.76)	2609.441	0.4331055	NaN	NaN	NaN	
2638894274000	2630200285623	None	Fixation	(228.50, 191.52)	(170.82, 173.15)	2609.441	0.4499512	NaN	NaN	NaN	
2638910938000	2630216949352	None	Fixation	(228.54, 191.29)	(171.13, 173.21)	2609.441	0.4665527	NaN	NaN	NaN	
2638927605000	2630233616178	None	Fixation	(228.64, 191.10)	(170.31, 172.73)	2609.441	0.4831543	NaN	NaN	NaN	
2638944272000	2630250282923	None	Fixation	(228.76, 191.16)	(170.99, 172.68)	2609.441	0.5	NaN	NaN	NaN	
2638960940000	2630266950703	None	Fixation	(229.12, 190.91)	(169.28, 172.36)	2609.441	0.5166016	NaN	NaN	NaN	
2638977607000	2630283617497	None	Fixation	(228.97, 190.71)	(170.65, 172.72)	2609.441	0.5332031	NaN	NaN	NaN	
2638994273000	2630300283283	None	Saccade	(224.33, 183.58)	(178.31, 178.01)	2609.974	0.01660156	104.6767	3.817451	135.7763	
2639010940000	2630316950071	None	Saccade	(220.72, 182.65)	(184.90, 180.22)	2609.974	0.03344727	45.86453	6.603394	126.0484	
2639027606000	2630333615837	None	Unknown	(221.99, 182.53)	(182.21, 179.47)	NaN	NaN	NaN	NaN	NaN	
2639044273000	2630350283012	None	Pursuit	(221.49, 181.27)	(180.37, 179.36)	2610.024	0.01660156	16.65868	0.5552894	145.2886	
2639060939000	2630366948659	None	Pursuit	(221.82, 181.20)	(183.75, 180.00)	2610.024	0.03320313	4.16896	0.5474496	159.7449	
2639077606000	2630383615455	None	Pursuit	(221.92, 180.85)	(183.65, 179.82)	2610.024	0.05004883	2.590628	0.6060793	116.7216	
2639094272000	2630400280968	None	Pursuit	(221.94, 180.99)	(183.14, 177.61)	2610.024	0.06665039	27.91391	0.8524817	39.48512	
2639110939000	2630416947773	None	Pursuit	(221.87, 180.83)	(182.81, 179.20)	2610.024	0.08325195	20.04075	0.268109	79.05836	
2639127605000	2630433613569	None	Pursuit	(221.75, 180.75)	(180.25, 177.72)	2610.024	0.09985352	36.4514	1.079526	324.6639	
2639144272000	2630450280335	None	Pursuit	(222.30, 180.70)	(183.66, 179.33)	2610.024	0.1166992	46.44729	0.5963426	97.53984	
2639160938000	2630466946076	None	Pursuit	(221.52, 180.66)	(181.33, 177.77)	2610.024	0.1333008	34.51211	0.7857663	345.5857	
2639177603000	2630483610889	None	Pursuit	(221.10, 180.43)	(183.27, 179.44)	2610.024	0.1499023	31.48539	0.4330843	101.4105	
2639194270000	2630500277998	None	Pursuit	(221.29, 180.76)	(181.14, 178.11)	2610.024	0.166748	30.86728	0.7093041	334.6159	
2639210938000	2630516945676	None	Pursuit	(221.15, 180.68)	(181.21, 177.95)	2610.024	0.1833496	2.187043	0.747429	339.507	
2639227605000	2630533612222	None	Fixation	(221.25, 180.62)	(181.27, 177.89)	2610.074	0.1499023	NaN	NaN	NaN	
2639244270000	2630550277016	None	Fixation	(221.40, 180.81)	(183.55, 177.55)	2610.074	0.1665039	NaN	NaN	NaN	
2639260937000	2630566944141	None	Blink	(221.12, 181.71)	(182.07, 179.39)	NaN	NaN	NaN	NaN	NaN	
2639277603000	2630583614421	None	Blink	(220.22, 184.23)	(183.01, 182.94)	NaN	NaN	NaN	NaN	NaN	
2639294270000	2630600276345	None	Blink	(204.03, 182.08)	(0.00, 0.00)	NaN	NaN	NaN	NaN	NaN	
2639310936000	2630616942205	None	Blink	(0.00, 0.00)	(0.00, 0.00)	NaN	NaN	NaN	NaN	NaN	
2639327603000	2630633609307	None	Blink	(0.00, 0.00)	(0.00, 0.00)	NaN	NaN	NaN	NaN	NaN	
2639344269000	2630650274689	None	Blink	(0.00, 0.00)	(0.00, 0.00)	NaN	NaN	NaN	NaN	NaN	
2639360936000	2630666941971	None	Blink	(0.00, 0.00)	(0.00, 0.00)	NaN	NaN	NaN	NaN	NaN	
2639377602000	2630683607250	None	Blink	(192.58, 175.49)	(0.00, 0.00)	NaN	NaN	NaN	NaN	NaN	
2639394269000	2630700274020	None	Blink	(213.26, 180.66)	(179.63, 183.87)	NaN	NaN	NaN	NaN	NaN	
2639410935000	2630716939810	None	Blink	(215.33, 182.56)	(183.95, 180.73)	NaN	NaN	NaN	NaN	NaN	
2639427602000	2630733606997	None	Blink	(218.34, 182.45)	(186.05, 180.06)	NaN	NaN	NaN	NaN	NaN	
2639444268000	2630750272369	None	Blink	(218.95, 182.52)	(185.02, 180.34)	NaN	NaN	NaN	NaN	NaN	
2639460935000	2630766939520	None	Blink	(219.68, 182.41)	(182.72, 179.70)	NaN	NaN	NaN	NaN	NaN	
2639477602000	2630783605942	None	Blink	(219.85, 182.41)	(184.29, 179.61)	NaN	NaN	NaN	NaN	NaN	
2639494268000	2630800271730	None	Blink	(220.16, 182.28)	(184.40, 180.04)	NaN	NaN	NaN	NaN	NaN	
2639510935000	2630816938509	None	Blink	(221.07, 182.11)	(184.27, 178.56)	NaN	NaN	NaN	NaN	NaN	
2639527601000	2630833604273	None	Blink	(220.63, 181.69)	(183.78, 178.81)	NaN	NaN	NaN	NaN	NaN	
2639544268000	2630850271049	None	Fixation	(220.95, 181.55)	(181.62, 178.80)	2610.074	0.4665527	NaN	NaN	NaN	
2639560934000	2630866936835	None	Fixation	(221.17, 181.70)	(183.33, 179.16)	2610.074	0.4831543	NaN	NaN	NaN	
2639577601000	2630883603634	None	Fixation	(221.21, 181.48)	(183.97, 178.36)	2610.074	0.5	NaN	NaN	NaN	
2639594267000	2630900269403	None	Fixation	(221.67, 181.30)	(181.59, 178.13)	2610.074	0.5166016	NaN	NaN	NaN	
2639610934000	2630916936202	None	Fixation	(221.23, 181.18)	(180.94, 178.25)	2610.074	0.5332031	NaN	NaN	NaN	
2639627600000	2630933601962	None	Fixation	(221.17, 181.35)	(183.32, 178.55)	2610.074	0.5498047	NaN	NaN	NaN	
2639644267000	2630950268767	None	Fixation	(221.77, 181.01)	(181.83, 178.15)	2610.074	0.5666504	NaN	NaN	NaN	
2639660934000	2630966935543	None	Fixation	(221.28, 181.19)	(183.22, 178.82)	2610.074	0.583252	NaN	NaN	NaN	
2639677599000	2630983600311	None	Fixation	(221.25, 181.03)	(182.98, 179.41)	2610.074	0.5998535	NaN	NaN	NaN	
2639694266000	2631000267116	None	Fixation	(221.02, 180.94)	(183.27, 178.46)	2610.074	0.6166992	NaN	NaN	NaN	
2639710932000	2631016932878	None	Fixation	(220.97, 180.77)	(183.78, 179.29)	2610.074	0.6333008	NaN	NaN	NaN	
2639727599000	2631033599664	None	Fixation	(220.55, 180.73)	(184.18, 178.72)	2610.074	0.6499023	NaN	NaN	NaN	
2639744265000	2631050265456	None	Fixation	(220.49, 180.54)	(184.50, 180.23)	2610.074	0.6665039	NaN	NaN	NaN	
2639760932000	2631066932220	None	Fixation	(220.14, 179.93)	(184.75, 179.88)	2610.074	0.6833496	NaN	NaN	NaN	
2639777595000	2631083595009	None	Fixation	(219.98, 179.87)	(184.93, 180.39)	2610.074	0.6999512	NaN	NaN	NaN	
2639794264000	2631100263793	None	Fixation	(219.60, 179.43)	(185.57, 180.83)	2610.074	0.7165527	NaN	NaN	NaN	
2639810930000	2631116929553	None	Fixation	(219.20, 179.32)	(186.49, 180.99)	2610.074	0.7331543	NaN	NaN	NaN	
2639827597000	2631133596360	None	Fixation	(218.76, 178.88)	(186.99, 181.83)	2610.074	0.75	NaN	NaN	NaN	
2639844263000	2631150262641	None	Fixation	(218.73, 178.76)	(187.85, 181.23)	2610.074	0.7666016	NaN	NaN	NaN	
2639860930000	2631166929207	None	Fixation	(218.22, 177.94)	(188.11, 182.66)	2610.074	0.7832031	NaN	NaN	NaN	
2639877596000	2631183595045	None	Fixation	(218.09, 177.77)	(188.17, 182.44)	2610.074	0.7998047	NaN	NaN	NaN	
2639894263000	2631200261495	None	Fixation	(217.83, 177.36)	(189.01, 183.29)	2610.074	0.8166504	NaN	NaN	NaN	
2639910929000	2631216927274	None	Fixation	(217.49, 176.65)	(189.53, 184.21)	2610.074	0.833252	NaN	NaN	NaN	
2639927596000	2631233594055	None	Fixation	(217.06, 176.42)	(189.09, 184.41)	2610.074	0.8498535	NaN	NaN	NaN	
2639944261000	2631250258817	None	Fixation	(216.86, 175.96)	(190.79, 184.79)	2610.074	0.8664551	NaN	NaN	NaN	
2639960927000	2631266924590	None	Fixation	(216.52, 175.44)	(191.21, 185.24)	2610.074	0.8833008	NaN	NaN	NaN	
2639977596000	2631283593365	None	Fixation	(216.37, 174.95)	(191.82, 186.09)	2610.074	0.8999023	NaN	NaN	NaN	
2639994262000	2631300259197	None	Saccade	(216.19, 174.50)	(192.64, 186.49)	2610.974	0.01660156	11.14771	0.3715903	128.9756	
2640010929000	2631316925955	None	Saccade	(217.15, 170.14)	(194.56, 191.74)	2610.99	0.0168457	54.93307	1.831103	179.5349	
2640027595000	2631333591743	None	Unknown	(216.04, 169.69)	(196.71, 194.24)	NaN	NaN	NaN	NaN	NaN	
2640044262000	2631350258542	None	Pursuit	(216.23, 168.63)	(196.65, 194.52)	2611.024	0.01660156	13.22912	0.4409707	177.0728	
2640060928000	2631366924293	None	Pursuit	(216.20, 168.11)	(196.68, 195.51)	2611.024	0.03320313	6.473086	0.6532405	172.9401	
2640077595000	2631383591091	None	Pursuit	(216.11, 167.43)	(196.88, 195.75)	2611.024	0.05004883	3.815443	0.6227323	186.3824	
2640094261000	2631400256851	None	Fixation	(215.82, 166.83)	(198.13, 196.24)	2611.074	0.01660156	NaN	NaN	NaN	
2640110926000	2631416921642	None	Saccade	(215.34, 166.36)	(200.17, 196.21)	2611.091	0.01660156	25.06643	0.8355479	102.1406	
2640127593000	2631433588425	None	Pursuit	(215.45, 165.93)	(199.36, 197.19)	2611.091	0.03320313	15.55647	0.6343169	140.4634	
2640144261000	2631450256187	None	Pursuit	(215.17, 165.69)	(199.58, 198.07)	2611.091	0.05004883	11.2206	0.957209	154.3774	
2640160928000	2631466922978	None	Fixation	(215.40, 165.20)	(199.61, 198.00)	2611.074	0.08325195	NaN	NaN	NaN	
2640177593000	2631483587777	None	Fixation	(215.11, 164.88)	(200.38, 199.00)	2611.074	0.09985352	NaN	NaN	NaN	
2640194260000	2631500254523	None	Fixation	(214.78, 164.22)	(201.20, 199.36)	2611.074	0.1164551	NaN	NaN	NaN	
2640210926000	2631516920331	None	Fixation	(214.37, 163.97)	(200.70, 200.00)	2611.074	0.1333008	NaN	NaN	NaN	
2640227593000	2631533587110	None	Fixation	(214.65, 163.82)	(201.97, 200.36)	2611.074	0.1499023	NaN	NaN	NaN	
2640244257000	2631550251137	None	Fixation	(214.40, 163.36)	(201.96, 200.42)	2611.074	0.1665039	NaN	NaN	NaN	
2640260924000	2631566918111	None	Fixation	(214.48, 163.21)	(202.46, 200.55)	2611.074	0.1833496	NaN	NaN	NaN	
2640277592000	2631583585504	None	Fixation	(214.52, 162.89)	(202.87, 200.54)	2611.074	0.1999512	NaN	NaN	NaN	
2640294259000	2631600252238	None	Fixation	(214.31, 162.71)	(201.28, 200.67)	2611.074	0.2165527	NaN	NaN	NaN	
2640310925000	2631616918036	None	Fixation	(214.22, 162.96)	(202.66, 199.93)	2611.074	0.2331543	NaN	NaN	NaN	
2640327592000	2631633584794	None	Saccade	(214.21, 171.82)	(195.36, 188.71)	2611.307	0.0168457	108.9447	5.489727	343.4982	
2640344257000	2631650249563	None	Saccade	(213.28, 178.98)	(192.59, 183.97)	2611.307	0.03344727	88.85271	7.738166	345.5425	
2640360923000	2631666915367	None	Unknown	(213.90, 177.41)	(193.22, 184.78)	NaN	NaN	NaN	NaN	NaN	
2640377591000	2631683583145	None	Pursuit	(214.23, 177.64)	(192.52, 183.89)	2611.357	0.01660156	4.911479	0.163716	290.9062	
2640394258000	2631700249929	None	Pursuit	(213.24, 177.00)	(192.08, 183.80)	2611.357	0.03344727	14.51626	0.3202003	109.3301	
2640410923000	2631716914700	None	Unknown	(213.40, 176.39)	(193.12, 183.56)	NaN	NaN	NaN	NaN	NaN	
2640427589000	2631733580511	None	Fixation	(213.96, 176.47)	(193.40, 183.46)	2611.407	0.01660156	NaN	NaN	NaN	
2640444258000	2631750249302	None	Fixation	(214.18, 176.45)	(192.64, 182.73)	2611.407	0.03320313	NaN	NaN	NaN	
2640460924000	2631766915429	None	Fixation	(213.96, 176.33)	(192.44, 182.47)	2611.407	0.05004883	NaN	NaN	NaN	
2640477591000	2631783581852	None	Fixation	(213.76, 175.89)	(192.19, 182.96)	2611.407	0.06665039	NaN	NaN	NaN	
2640494257000	2631800247633	None	Fixation	(214.03, 175.92)	(192.89, 182.17)	2611.407	0.08325195	NaN	NaN	NaN	
2640510924000	2631816914386	None	Fixation	(213.91, 175.89)	(192.52, 182.76)	2611.407	0.1000977	NaN	NaN	NaN	
2640527590000	2631833580199	None	Fixation	(214.27, 175.85)	(192.33, 182.51)	2611.407	0.1166992	NaN	NaN	NaN	
2640544256000	2631850245950	None	Fixation	(214.40, 175.73)	(191.92, 182.67)	2611.407	0.1333008	NaN	NaN	NaN	
2640560923000	2631866913173	None	Fixation	(214.11, 175.70)	(192.30, 182.20)	2611.407	0.1499023	NaN	NaN	NaN	
2640577590000	2631883579544	None	Fixation	(213.85, 175.50)	(192.13, 182.80)	2611.407	0.166748	NaN	NaN	NaN	
2640594257000	2631900246297	None	Fixation	(214.14, 175.75)	(192.61, 182.02)	2611.407	0.1833496	NaN	NaN	NaN	
2640610923000	2631916912080	None	Fixation	(214.10, 175.62)	(192.23, 182.53)	2611.407	0.1999512	NaN	NaN	NaN	
2640627590000	2631933578868	None	Fixation	(214.15, 175.62)	(192.18, 182.64)	2611.407	0.2165527	NaN	NaN	NaN	
2640644256000	2631950244624	None	Fixation	(214.30, 175.77)	(192.88, 182.07)	2611.407	0.2333984	NaN	NaN	NaN	
2640660923000	2631966911406	None	Fixation	(214.36, 175.78)	(192.19, 182.85)	2611.407	0.25	NaN	NaN	NaN	
2640677586000	2631983574224	None	Saccade	(215.81, 178.36)	(189.49, 180.51)	2611.657	0.01660156	43.94839	1.464946	323.8699	
2640694253000	2632000241054	None	Saccade	(219.78, 182.64)	(183.54, 180.56)	2611.674	0.01660156	71.72073	2.390691	304.117	
2640710919000	2632016907092	None	Unknown	(218.77, 181.46)	(185.20, 180.38)	NaN	NaN	NaN	NaN	NaN	
2640727586000	2632033573569	None	Pursuit	(219.17, 181.73)	(185.08, 179.26)	2611.707	0.01660156	5.889973	0.1963324	290.6727	
2640744254000	2632050241323	None	Pursuit	(219.34, 181.26)	(184.35, 179.20)	2611.707	0.03320313	6.097539	0.2473484	237.6471	
2640760921000	2632066908517	None	Unknown	(219.13, 180.93)	(184.75, 179.08)	NaN	NaN	NaN	NaN	NaN	
2640777587000	2632083573891	None	Fixation	(219.32, 181.13)	(185.18, 179.02)	2611.757	0.01660156	NaN	NaN	NaN	
2640794254000	2632100240711	None	Fixation	(219.48, 181.00)	(184.27, 179.41)	2611.757	0.03320313	NaN	NaN	NaN	
2640810919000	2632116905874	None	Fixation	(219.56, 180.90)	(183.47, 178.79)	2611.757	0.04980469	NaN	NaN	NaN	
2640827585000	2632133571581	None	Fixation	(219.54, 180.82)	(182.58, 178.75)	2611.757	0.06665039	NaN	NaN	NaN	
2640844254000	2632150240621	None	Fixation	(219.33, 180.72)	(184.93, 178.31)	2611.757	0.08325195	NaN	NaN	NaN	
2640860920000	2632166905827	None	Fixation	(219.46, 180.76)	(184.81, 178.26)	2611.757	0.09985352	NaN	NaN	NaN	
2640877587000	2632183572552	None	Fixation	(219.58, 180.68)	(184.37, 178.94)	2611.757	0.1164551	NaN	NaN	NaN	
2640894253000	2632200238396	None	Fixation	(219.50, 180.80)	(184.68, 178.22)	2611.757	0.1333008	NaN	NaN	NaN	
2640910919000	2632216904202	None	Fixation	(219.61, 180.75)	(184.50, 178.22)	2611.757	0.1499023	NaN	NaN	NaN	
2640927586000	2632233570992	None	Fixation	(219.47, 180.73)	(182.53, 178.57)	2611.757	0.1665039	NaN	NaN	NaN	
2640944252000	2632250236972	None	Fixation	(219.56, 180.77)	(184.89, 178.10)	2611.757	0.1831055	NaN	NaN	NaN	
2640960919000	2632266903787	None	Fixation	(219.82, 180.77)	(184.68, 178.44)	2611.757	0.1999512	NaN	NaN	NaN	
2640977586000	2632283570274	None	Fixation	(219.48, 180.81)	(184.27, 178.33)	2611.757	0.2165527	NaN	NaN	NaN	
2640994252000	2632300236066	None	Fixation	(219.27, 180.62)	(184.29, 179.69)	2611.757	0.2331543	NaN	NaN	NaN	
2641010919000	2632316902846	None	Fixation	(218.19, 180.81)	(185.78, 177.82)	2611.757	0.25	NaN	NaN	NaN	
2641027586000	2632333569683	None	Saccade	(215.94, 180.76)	(186.82, 179.56)	2612.007	0.01660156	27.65503	0.9218344	78.2618	
2641044252000	2632350235390	None	Saccade	(216.08, 180.81)	(187.70, 179.04)	2612.024	0.01660156	12.47621	0.4158738	72.58744	
2641060919000	2632366902553	None	Pursuit	(216.12, 180.58)	(187.83, 178.82)	2612.007	0.04980469	2.880811	0.8539917	83.37238	
2641077585000	2632383568060	None	Unknown	(216.09, 180.45)	(187.92, 179.15)	NaN	NaN	NaN	NaN	NaN	
2641094252000	2632400234762	None	Fixation	(216.04, 180.23)	(188.37, 178.17)	2612.074	0.01660156	NaN	NaN	NaN	
2641110917000	2632416899519	None	Fixation	(216.10, 180.06)	(186.43, 178.42)	2612.074	0.03320313	NaN	NaN	NaN	
2641127584000	2632433566347	None	Fixation	(215.99, 180.08)	(187.72, 178.59)	2612.074	0.04980469	NaN	NaN	NaN	
2641144250000	2632450232075	None	Fixation	(215.96, 180.05)	(188.25, 177.71)	2612.074	0.06665039	NaN	NaN	NaN	
2641160917000	2632466898901	None	Fixation	(216.09, 180.06)	(185.32, 177.74)	2612.074	0.08325195	NaN	NaN	NaN	
2641177583000	2632483564646	None	Fixation	(216.06, 179.90)	(187.84, 178.76)	2612.074	0.09985352	NaN	NaN	NaN	
2641194250000	2632500231786	None	Fixation	(216.16, 179.80)	(187.89, 177.64)	2612.074	0.1164551	NaN	NaN	NaN	
2641210916000	2632516897223	None	Fixation	(216.15, 179.91)	(187.74, 177.95)	2612.074	0.1333008	NaN	NaN	NaN	
2641227583000	2632533564045	None	Fixation	(216.22, 179.90)	(186.44, 178.30)	2612.074	0.1499023	NaN	NaN	NaN	
2641244249000	2632550229768	None	Fixation	(216.14, 179.90)	(187.92, 178.01)	2612.074	0.1665039	NaN	NaN	NaN	
2641260916000	2632566896574	None	Fixation	(216.19, 179.83)	(188.24, 177.81)	2612.074	0.1833496	NaN	NaN	NaN	
2641277581000	2632583561352	None	Fixation	(216.49, 179.88)	(186.94, 178.40)	2612.074	0.1999512	NaN	NaN	NaN	
2641294249000	2632600229197	None	Fixation	(216.33, 179.87)	(187.35, 178.42)	2612.074	0.2165527	NaN	NaN	NaN	
2641310916000	2632616895904	None	Fixation	(216.16, 179.85)	(187.99, 177.99)	2612.074	0.2331543	NaN	NaN	NaN	
2641327582000	2632633561724	None	Fixation	(216.16, 179.97)	(187.76, 177.96)	2612.074	0.25	NaN	NaN	NaN	
2641344249000	2632650228463	None	Fixation	(216.27, 179.81)	(188.03, 177.76)	2612.074	0.2666016	NaN	NaN	NaN	
2641360915000	2632666894253	None	Fixation	(216.23, 179.89)	(187.84, 178.55)	2612.074	0.2832031	NaN	NaN	NaN	
2641377582000	2632683561041	None	Fixation	(216.25, 179.92)	(187.82, 178.30)	2612.074	0.2998047	NaN	NaN	NaN	
2641394248000	2632700226838	None	Fixation	(216.23, 179.89)	(187.80, 178.82)	2612.074	0.3166504	NaN	NaN	NaN	
2641410913000	2632716891622	None	Fixation	(216.24, 179.93)	(187.41, 178.43)	2612.074	0.333252	NaN	NaN	NaN	
2641427579000	2632733557404	None	Fixation	(216.23, 179.86)	(187.87, 178.31)	2612.074	0.3498535	NaN	NaN	NaN	
2641444248000	2632750226131	None	Fixation	(216.27, 179.91)	(185.20, 177.57)	2612.074	0.3664551	NaN	NaN	NaN	
2641460914000	2632766891965	None	Fixation	(216.21, 179.99)	(188.04, 178.27)	2612.074	0.3833008	NaN	NaN	NaN	
2641477581000	2632783558738	None	Fixation	(216.36, 179.84)	(188.25, 177.64)	2612.074	0.3999023	NaN	NaN	NaN	
2641494247000	2632800224555	None	Fixation	(216.19, 179.93)	(187.48, 178.30)	2612.074	0.4165039	NaN	NaN	NaN	
2641510914000	2632816891297	None	Fixation	(216.16, 179.81)	(188.26, 178.42)	2612.074	0.4333496	NaN	NaN	NaN	
2641527581000	2632833558061	None	Fixation	(216.20, 179.92)	(188.08, 178.23)	2612.074	0.4499512	NaN	NaN	NaN	
2641544246000	2632850222827	None	Fixation	(216.24, 179.84)	(187.61, 178.63)	2612.074	0.4665527	NaN	NaN	NaN	
2641560913000	2632866889639	None	Fixation	(216.20, 179.73)	(188.34, 178.25)	2612.074	0.4831543	NaN	NaN	NaN	
2641577579000	2632883555386	None	Fixation	(216.32, 179.93)	(187.80, 178.75)	2612.074	0.5	NaN	NaN	NaN	
2641594246000	2632900222222	None	Fixation	(216.40, 179.98)	(187.69, 178.66)	2612.074	0.5166016	NaN	NaN	NaN	
2641610910000	2632916885999	None	Fixation	(216.46, 179.98)	(187.27, 178.54)	2612.074	0.5332031	NaN	NaN	NaN	
2641627577000	2632933552794	None	Fixation	(216.24, 179.96)	(187.84, 178.04)	2612.074	0.5498047	NaN	NaN	NaN	
2641644243000	2632950218553	None	Fixation	(216.41, 180.05)	(187.53, 178.51)	2612.074	0.5666504	NaN	NaN	NaN	
2641660910000	2632966885354	None	Fixation	(216.41, 180.02)	(187.59, 178.62)	2612.074	0.583252	NaN	NaN	NaN	
2641677578000	2632983553135	None	Fixation	(216.53, 179.99)	(187.67, 178.99)	2612.074	0.5998535	NaN	NaN	NaN	
2641694245000	2633000219899	None	Fixation	(216.53, 180.07)	(187.90, 178.18)	2612.074	0.6164551	NaN	NaN	NaN	
2641710911000	2633016885660	None	Saccade	(220.08, 181.13)	(184.14, 178.70)	2612.69	0.0168457	45.61666	1.558452	274.3694	
2641727578000	2633033552452	None	Pursuit	(219.92, 181.09)	(184.75, 178.94)	2612.69	0.03344727	2.05484	1.452104	273.6942	
2641744245000	2633050219259	None	Pursuit	(219.88, 181.09)	(184.92, 179.41)	2612.69	0.05004883	0.5322592	1.4351	273.8951	
2641760911000	2633066885286	None	Pursuit	(220.10, 180.98)	(184.39, 178.98)	2612.69	0.06665039	3.111214	1.511208	271.1541	
2641777578000	2633083552321	None	Unknown	(220.07, 181.01)	(183.95, 179.81)	NaN	NaN	NaN	NaN	NaN	
2641794244000	2633100218149	None	Fixation	(219.93, 181.04)	(184.63, 178.65)	2612.774	0.01660156	NaN	NaN	NaN	
2641810911000	2633116884362	None	Fixation	(219.96, 180.86)	(184.32, 179.71)	2612.774	0.03320313	NaN	NaN	NaN	
2641827577000	2633133550147	None	Fixation	(219.99, 180.86)	(184.50, 178.43)	2612.774	0.05004883	NaN	NaN	NaN	
2641844244000	2633150216932	None	Fixation	(220.00, 180.84)	(184.32, 178.53)	2612.774	0.06665039	NaN	NaN	NaN	
2641860910000	2633166882710	None	Fixation	(219.76, 180.66)	(184.50, 178.26)	2612.774	0.08325195	NaN	NaN	NaN	
2641877577000	2633183549564	None	Fixation	(220.03, 180.75)	(184.28, 179.19)	2612.774	0.09985352	NaN	NaN	NaN	
2641894243000	2633200215326	None	Fixation	(220.04, 180.87)	(184.58, 178.59)	2612.774	0.1166992	NaN	NaN	NaN	
2641910910000	2633216882058	None	Fixation	(220.12, 180.77)	(184.59, 178.51)	2612.774	0.1333008	NaN	NaN	NaN	
2641927576000	2633233548541	None	Fixation	(220.08, 180.65)	(184.26, 178.57)	2612.774	0.1499023	NaN	NaN	NaN	
2641944243000	2633250214616	None	Fixation	(220.95, 180.73)	(183.05, 179.61)	2612.774	0.1665039	NaN	NaN	NaN	
2641960909000	2633266880413	None	Fixation	(220.84, 180.68)	(183.25, 179.39)	2612.774	0.1833496	NaN	NaN	NaN	
2641977576000	2633283547477	None	Fixation	(220.60, 180.65)	(183.81, 178.51)	2612.774	0.1999512	NaN	NaN	NaN	
2641994243000	2633300214291	None	Fixation	(220.87, 180.72)	(182.92, 179.55)	2612.774	0.2165527	NaN	NaN	NaN	
2642010909000	2633316879731	None	Fixation	(220.93, 180.80)	(183.87, 178.25)	2612.774	0.2331543	NaN	NaN	NaN	
2642027576000	2633333546544	None	Fixation	(221.08, 180.69)	(183.35, 179.11)	2612.774	0.25	NaN	NaN	NaN	
2642044241000	2633350211313	None	Fixation	(221.21, 180.75)	(183.97, 178.34)	2612.774	0.2666016	NaN	NaN	NaN	
2642060908000	2633366878109	None	Fixation	(221.03, 180.52)	(183.75, 179.70)	2612.774	0.2832031	NaN	NaN	NaN	
2642077574000	2633383543911	None	Fixation	(220.83, 180.54)	(183.96, 178.27)	2612.774	0.3000488	NaN	NaN	NaN	
2642094241000	2633400210664	None	Fixation	(220.86, 180.63)	(183.19, 179.12)	2612.774	0.3166504	NaN	NaN	NaN	
2642110907000	2633416876435	None	Fixation	(220.72, 180.49)	(183.64, 179.70)	2612.774	0.333252	NaN	NaN	NaN	
2642127574000	2633433543293	None	Fixation	(221.12, 180.52)	(183.57, 178.84)	2612.774	0.3498535	NaN	NaN	NaN	
2642144240000	2633450209005	None	Fixation	(220.85, 180.51)	(183.64, 178.89)	2612.774	0.3666992	NaN	NaN	NaN	
2642160907000	2633466875797	None	Fixation	(221.29, 180.69)	(183.63, 179.82)	2612.774	0.3833008	NaN	NaN	NaN	
2642177573000	2633483541788	None	Fixation	(220.91, 180.61)	(183.37, 179.17)	2612.774	0.3999023	NaN	NaN	NaN	
2642194240000	2633500208973	None	Fixation	(220.85, 180.49)	(183.67, 179.10)	2612.774	0.4165039	NaN	NaN	NaN	
2642210906000	2633516874132	None	Fixation	(220.86, 180.47)	(183.69, 178.24)	2612.774	0.4333496	NaN	NaN	NaN	
2642227573000	2633533541210	None	Fixation	(220.79, 180.47)	(183.50, 178.96)	2612.774	0.4499512	NaN	NaN	NaN	
2642244239000	2633550206670	None	Fixation	(220.85, 180.46)	(183.66, 178.51)	2612.774	0.4665527	NaN	NaN	NaN	
2642260906000	2633566873472	None	Fixation	(220.73, 180.56)	(183.38, 179.18)	2612.774	0.4831543	NaN	NaN	NaN	
2642277573000	2633583540266	None	Fixation	(220.91, 180.36)	(181.09, 178.36)	2612.774	0.5	NaN	NaN	NaN	
2642294239000	2633600206049	None	Fixation	(220.73, 180.56)	(184.16, 178.27)	2612.774	0.5166016	NaN	NaN	NaN	
2642310906000	2633616872797	None	Fixation	(220.69, 180.43)	(181.91, 178.64)	2612.774	0.5332031	NaN	NaN	NaN	
2642327572000	2633633538609	None	Fixation	(220.86, 180.51)	(183.99, 178.33)	2612.774	0.5500488	NaN	NaN	NaN	
2642344239000	2633650205371	None	Fixation	(220.86, 180.57)	(183.34, 179.38)	2612.774	0.5666504	NaN	NaN	NaN	
2642360905000	2633666871205	None	Fixation	(220.87, 180.42)	(183.34, 179.27)	2612.774	0.583252	NaN	NaN	NaN	
2642377570000	2633683535923	None	Fixation	(220.81, 180.47)	(183.27, 179.24)	2612.774	0.5998535	NaN	NaN	NaN	
2642394237000	2633700202853	None	Fixation	(220.91, 180.35)	(181.04, 178.33)	2612.774	0.6166992	NaN	NaN	NaN	
2642410904000	2633716869495	None	Fixation	(221.07, 181.05)	(183.21, 178.91)	2612.774	0.6333008	NaN	NaN	NaN	
2642427570000	2633733535647	None	Fixation	(220.97, 180.59)	(183.14, 179.73)	2612.774	0.6499023	NaN	NaN	NaN	
2642444237000	2633750202071	None	Fixation	(221.08, 180.46)	(183.46, 178.57)	2612.774	0.6665039	NaN	NaN	NaN	
2642460903000	2633766867870	None	Fixation	(220.97, 180.44)	(183.60, 178.51)	2612.774	0.6833496	NaN	NaN	NaN	
2642477571000	2633783535624	None	Fixation	(220.77, 180.65)	(183.35, 179.21)	2612.774	0.6999512	NaN	NaN	NaN	
2642510904000	2633816868425	None	Fixation	(220.81, 180.39)	(184.18, 177.99)	2612.774	0.7331543	NaN	NaN	NaN	
2642510904000	2633816868209	None	Fixation	(220.81, 180.39)	(184.18, 177.99)	2612.774	0.7331543	NaN	NaN	NaN	
2642527570000	2633833534351	None	Fixation	(220.78, 180.52)	(182.98, 179.27)	2612.774	0.75	NaN	NaN	NaN	
2642544237000	2633850200748	None	Fixation	(221.14, 180.42)	(183.79, 178.34)	2612.774	0.7666016	NaN	NaN	NaN	
2642560904000	2633866867555	None	Fixation	(220.92, 180.49)	(183.41, 179.16)	2612.774	0.7832031	NaN	NaN	NaN	
2642577570000	2633883533306	None	Fixation	(221.14, 180.42)	(183.97, 178.01)	2612.774	0.8000488	NaN	NaN	NaN	
2642594237000	2633900200121	None	Fixation	(221.05, 180.49)	(183.47, 179.76)	2612.774	0.8166504	NaN	NaN	NaN	
2642610903000	2633916865889	None	Fixation	(221.07, 180.47)	(181.56, 179.01)	2612.774	0.833252	NaN	NaN	NaN	
2642627570000	2633933532696	None	Fixation	(221.21, 180.37)	(183.29, 179.17)	2612.774	0.8498535	NaN	NaN	NaN	
2642644236000	2633950198439	None	Fixation	(221.41, 180.49)	(183.46, 179.67)	2612.774	0.8666992	NaN	NaN	NaN	
2642660903000	2633966865529	None	Fixation	(221.00, 180.42)	(183.78, 178.14)	2612.774	0.8833008	NaN	NaN	NaN	
2642677569000	2633983531016	None	Fixation	(220.92, 180.26)	(182.19, 178.77)	2612.774	0.8999023	NaN	NaN	NaN	
2642710903000	2634016864829	None	Fixation	(220.88, 180.52)	(181.49, 178.75)	2612.774	0.9333496	NaN	NaN	NaN	
2642710903000	2634016864570	None	Fixation	(220.88, 180.52)	(181.49, 178.75)	2612.774	0.9333496	NaN	NaN	NaN	
2642744236000	2634050197410	None	Fixation	(221.23, 180.70)	(183.89, 178.02)	2612.774	0.9665527	NaN	NaN	NaN	
2642744236000	2634050197124	None	Fixation	(221.23, 180.70)	(183.89, 178.02)	2612.774	0.9665527	NaN	NaN	NaN	
2642760902000	2634066863023	None	Fixation	(221.01, 180.57)	(183.71, 178.33)	2612.774	0.9831543	NaN	NaN	NaN	
2642777569000	2634083529706	None	Fixation	(221.02, 180.61)	(181.46, 178.22)	2612.774	1	NaN	NaN	NaN	
2642810902000	2634116862473	None	Fixation	(221.22, 180.57)	(182.85, 178.62)	2612.774	1.033203	NaN	NaN	NaN	
2642810902000	2634116862289	None	Fixation	(221.22, 180.57)	(182.85, 178.62)	2612.774	1.033203	NaN	NaN	NaN	
2642827568000	2634133528050	None	Fixation	(221.07, 180.60)	(183.65, 179.32)	2612.774	1.050049	NaN	NaN	NaN	
2642844235000	2634150194847	None	Fixation	(221.18, 180.58)	(183.73, 178.21)	2612.774	1.06665	NaN	NaN	NaN	
2642860901000	2634166860672	None	Fixation	(221.07, 180.55)	(183.98, 178.16)	2612.774	1.083252	NaN	NaN	NaN	
2642877568000	2634183527711	None	Fixation	(220.98, 180.65)	(183.81, 178.03)	2612.774	1.099854	NaN	NaN	NaN	
2642910899000	2634216858604	None	Fixation	(221.38, 180.65)	(183.78, 178.10)	2612.774	1.133301	NaN	NaN	NaN	
2642910899000	2634216858024	None	Fixation	(221.38, 180.65)	(183.78, 178.10)	2612.774	1.133301	NaN	NaN	NaN	
2642944234000	2634250192766	None	Fixation	(220.98, 180.54)	(183.82, 177.98)	2612.774	1.166504	NaN	NaN	NaN	
2642944234000	2634250192524	None	Fixation	(220.98, 180.54)	(183.82, 177.98)	2612.774	1.166504	NaN	NaN	NaN	
2642977567000	2634283525350	None	Fixation	(220.88, 180.39)	(183.90, 178.55)	2612.774	1.199951	NaN	NaN	NaN	
2642977567000	2634283525111	None	Fixation	(220.88, 180.39)	(183.90, 178.55)	2612.774	1.199951	NaN	NaN	NaN	
2643010900000	2634316857884	None	Fixation	(220.94, 180.46)	(183.73, 178.02)	2612.774	1.233154	NaN	NaN	NaN	
2643010900000	2634316857643	None	Fixation	(220.94, 180.46)	(183.73, 178.02)	2612.774	1.233154	NaN	NaN	NaN	
2643027566000	2634333523506	None	Fixation	(221.12, 180.50)	(183.83, 179.88)	2612.774	1.25	NaN	NaN	NaN	
2643044232000	2634350189223	None	Fixation	(221.11, 180.54)	(183.99, 178.08)	2612.774	1.266602	NaN	NaN	NaN	
2643077565000	2634383521999	None	Fixation	(221.01, 180.31)	(183.84, 178.14)	2612.774	1.300049	NaN	NaN	NaN	
2643094232000	2634400188794	None	Fixation	(221.17, 180.46)	(183.86, 178.05)	2612.774	1.31665	NaN	NaN	NaN	
2643094232000	2634400188572	None	Fixation	(221.17, 180.46)	(183.86, 178.05)	2612.774	1.31665	NaN	NaN	NaN	
2643110898000	2634416854322	None	Fixation	(221.47, 180.51)	(183.74, 178.43)	2612.774	1.333252	NaN	NaN	NaN	
2643127565000	2634433521169	None	Fixation	(221.14, 180.34)	(183.73, 178.31)	2612.774	1.349854	NaN	NaN	NaN	
2643144231000	2634450186910	None	Fixation	(221.22, 179.93)	(184.21, 178.72)	2612.774	1.366699	NaN	NaN	NaN	
2643160898000	2634466853725	None	Fixation	(221.38, 179.80)	(183.76, 179.76)	2612.774	1.383301	NaN	NaN	NaN	
2643177565000	2634483520473	None	Fixation	(221.65, 179.66)	(183.78, 179.84)	2612.774	1.399902	NaN	NaN	NaN	
2643210898000	2634516853434	None	Fixation	(222.00, 178.96)	(184.38, 181.01)	2612.774	1.43335	NaN	NaN	NaN	
2643210898000	2634516853053	None	Fixation	(222.00, 178.96)	(184.38, 181.01)	2612.774	1.43335	NaN	NaN	NaN	
2643227564000	2634533518837	None	Fixation	(221.93, 178.78)	(184.39, 181.91)	2612.774	1.449951	NaN	NaN	NaN	
2643260897000	2634566851584	None	Fixation	(221.61, 177.81)	(184.76, 183.76)	2612.774	1.483154	NaN	NaN	NaN	
2643277562000	2634583516846	None	Fixation	(221.89, 177.16)	(184.79, 183.81)	2612.774	1.5	NaN	NaN	NaN	
2643294228000	2634600182580	None	Fixation	(222.01, 176.70)	(185.16, 184.57)	2612.774	1.516602	NaN	NaN	NaN	
2643310897000	2634616850956	None	Fixation	(222.21, 176.04)	(185.66, 184.73)	2612.774	1.533203	NaN	NaN	NaN	
2643310897000	2634616850710	None	Fixation	(222.21, 176.04)	(185.66, 184.73)	2612.774	1.533203	NaN	NaN	NaN	
2643344230000	2634650183516	None	Pursuit	(224.90, 172.53)	(186.11, 192.42)	2614.307	0.03344727	16.25883	1.81162	204.5028	
2643344230000	2634650183273	None	Pursuit	(224.90, 172.53)	(186.11, 192.42)	2614.307	0.03344727	16.25883	1.81162	204.5028	
2643377563000	2634683516091	None	Pursuit	(225.42, 170.77)	(186.29, 192.81)	2614.307	0.06665039	12.96495	2.529842	198.364	
2643377563000	2634683515836	None	Pursuit	(225.42, 170.77)	(186.29, 192.81)	2614.307	0.06665039	12.96495	2.529842	198.364	
2643410895000	2634716847658	None	Fixation	(226.02, 169.57)	(187.05, 193.98)	2614.391	0.01660156	NaN	NaN	NaN	
2643410895000	2634716847397	None	Fixation	(226.02, 169.57)	(187.05, 193.98)	2614.391	0.01660156	NaN	NaN	NaN	
2643444228000	2634750180194	None	Fixation	(225.93, 167.84)	(186.69, 196.20)	2614.391	0.04980469	NaN	NaN	NaN	
2643444228000	2634750180012	None	Fixation	(225.93, 167.84)	(186.69, 196.20)	2614.391	0.04980469	NaN	NaN	NaN	
2643460895000	2634766846814	None	Fixation	(226.31, 167.28)	(187.04, 196.96)	2614.391	0.06665039	NaN	NaN	NaN	
2643494228000	2634800179521	None	Saccade	(227.68, 166.24)	(187.23, 199.58)	2614.474	0.01660156	26.17504	0.8725011	192.4299	
2643510894000	2634816845342	None	Pursuit	(227.32, 165.35)	(187.40, 199.76)	2614.474	0.03320313	3.012799	0.9496607	188.383	
2643510894000	2634816845181	None	Pursuit	(227.32, 165.35)	(187.40, 199.76)	2614.474	0.03320313	3.012799	0.9496607	188.383	
2643544227000	2634850177908	None	Pursuit	(228.16, 164.36)	(187.68, 201.70)	2614.474	0.06665039	14.74288	1.754692	186.6922	
2643544227000	2634850177676	None	Pursuit	(228.16, 164.36)	(187.68, 201.70)	2614.474	0.06665039	14.74288	1.754692	186.6922	
2643577560000	2634883510495	None	Fixation	(228.07, 163.35)	(187.95, 203.40)	2614.391	0.1831055	NaN	NaN	NaN	
2643577560000	2634883510227	None	Fixation	(228.07, 163.35)	(187.95, 203.40)	2614.391	0.1831055	NaN	NaN	NaN	
2643610892000	2634916842087	None	Fixation	(229.32, 162.21)	(188.41, 203.39)	2614.391	0.2165527	NaN	NaN	NaN	
2643610892000	2634916841785	None	Fixation	(229.32, 162.21)	(188.41, 203.39)	2614.391	0.2165527	NaN	NaN	NaN	
2643644227000	2634950177004	None	Fixation	(228.83, 161.60)	(188.40, 206.12)	2614.391	0.25	NaN	NaN	NaN	
2643644227000	2634950176461	None	Fixation	(228.83, 161.60)	(188.40, 206.12)	2614.391	0.25	NaN	NaN	NaN	
2643677560000	2634983509451	None	Fixation	(229.81, 161.12)	(188.30, 206.58)	2614.391	0.2832031	NaN	NaN	NaN	
2643694226000	2635000174916	None	Fixation	(230.26, 160.93)	(188.05, 206.70)	2614.391	0.2998047	NaN	NaN	NaN	
2643710893000	2635016841760	None	Fixation	(230.05, 160.61)	(188.29, 207.33)	2614.391	0.3166504	NaN	NaN	NaN	
2643710893000	2635016841998	None	Fixation	(230.05, 160.61)	(188.29, 207.33)	2614.391	0.3166504	NaN	NaN	NaN	
2643744226000	2635050174319	None	Fixation	(230.16, 160.22)	(188.23, 208.55)	2614.391	0.3498535	NaN	NaN	NaN	
2643760892000	2635066840402	None	Fixation	(230.31, 160.18)	(188.84, 209.27)	2614.391	0.3664551	NaN	NaN	NaN	
2643777559000	2635083507234	None	Fixation	(230.44, 159.89)	(188.72, 208.85)	2614.391	0.3833008	NaN	NaN	NaN	
2643794225000	2635100172650	None	Fixation	(230.44, 159.94)	(188.76, 208.10)	2614.391	0.3999023	NaN	NaN	NaN	
2643810890000	2635116837529	None	Saccade	(228.64, 164.45)	(186.17, 200.09)	2614.791	0.01660156	59.72049	3.449168	181.9316	
2643810890000	2635116837172	None	Saccade	(228.64, 164.45)	(186.17, 200.09)	2614.791	0.01660156	59.72049	3.449168	181.9316	
2643844224000	2635150171032	None	Unknown	(220.61, 183.16)	(184.91, 181.39)	NaN	NaN	NaN	NaN	NaN	
2643844224000	2635150170746	None	Unknown	(220.61, 183.16)	(184.91, 181.39)	NaN	NaN	NaN	NaN	NaN	
2643877557000	2635183503556	None	Pursuit	(219.94, 182.49)	(183.79, 179.96)	2614.841	0.03320313	18.03689	0.3850586	121.7624	
2643894224000	2635200170320	None	Pursuit	(220.06, 181.69)	(181.50, 180.96)	2614.841	0.05004883	9.968081	0.6400075	146.5483	
2643910890000	2635216836476	None	Pursuit	(220.73, 181.30)	(184.29, 180.38)	2614.841	0.06665039	35.00325	0.4844764	341.5102	
2643927557000	2635233503259	None	Pursuit	(220.59, 181.52)	(184.26, 181.40)	2614.841	0.08325195	12.5578	0.2669484	281.8762	
2643944223000	2635250169091	None	Fixation	(220.07, 181.66)	(184.20, 180.41)	2614.907	0.03320313	NaN	NaN	NaN	
2643944223000	2635250168465	None	Fixation	(220.07, 181.66)	(184.20, 180.41)	2614.907	0.03320313	NaN	NaN	NaN	
2643977553000	2635283498227	None	Fixation	(220.51, 180.89)	(181.97, 180.40)	2614.907	0.06665039	NaN	NaN	NaN	
2643977553000	2635283498315	None	Fixation	(220.51, 180.89)	(181.97, 180.40)	2614.907	0.06665039	NaN	NaN	NaN	
2644010886000	2635316831092	None	Fixation	(220.39, 180.92)	(183.91, 179.83)	2614.907	0.09985352	NaN	NaN	NaN	
2644027553000	2635333497832	None	Fixation	(220.02, 181.08)	(184.47, 179.34)	2614.907	0.1166992	NaN	NaN	NaN	
2644044221000	2635350165728	None	Fixation	(220.36, 180.55)	(183.32, 179.67)	2614.907	0.1333008	NaN	NaN	NaN	
2644044221000	2635350165360	None	Fixation	(220.36, 180.55)	(183.32, 179.67)	2614.907	0.1333008	NaN	NaN	NaN	
2644077554000	2635383497952	None	Fixation	(220.12, 180.68)	(184.29, 178.93)	2614.907	0.1665039	NaN	NaN	NaN	
2644094221000	2635400165104	None	Fixation	(219.96, 180.86)	(183.59, 179.88)	2614.907	0.1833496	NaN	NaN	NaN	
2644110888000	2635416831797	None	Fixation	(219.97, 180.64)	(184.05, 179.69)	2614.907	0.1999512	NaN	NaN	NaN	
2644110888000	2635416831304	None	Fixation	(219.97, 180.64)	(184.05, 179.69)	2614.907	0.1999512	NaN	NaN	NaN	
2644144221000	2635450164069	None	Fixation	(219.89, 180.68)	(183.74, 179.47)	2614.907	0.2333984	NaN	NaN	NaN	
2644144221000	2635450163816	None	Fixation	(219.89, 180.68)	(183.74, 179.47)	2614.907	0.2333984	NaN	NaN	NaN	
2644177554000	2635483496707	None	Fixation	(220.15, 180.64)	(184.07, 179.27)	2614.907	0.2666016	NaN	NaN	NaN	
2644177554000	2635483496465	None	Fixation	(220.15, 180.64)	(184.07, 179.27)	2614.907	0.2666016	NaN	NaN	NaN	
2644210887000	2635516829325	None	Fixation	(219.65, 180.44)	(183.33, 179.71)	2614.907	0.3000488	NaN	NaN	NaN	
2644210887000	2635516829004	None	Fixation	(219.65, 180.44)	(183.33, 179.71)	2614.907	0.3000488	NaN	NaN	NaN	
2644244220000	2635550161814	None	Fixation	(220.37, 180.38)	(184.01, 179.21)	2614.907	0.333252	NaN	NaN	NaN	
2644260886000	2635566827555	None	Fixation	(220.10, 180.75)	(183.99, 178.84)	2614.907	0.3498535	NaN	NaN	NaN	
2644277553000	2635583494358	None	Fixation	(220.22, 180.90)	(181.64, 179.00)	2614.907	0.3666992	NaN	NaN	NaN	
2644294219000	2635600160134	None	Fixation	(220.37, 180.60)	(183.01, 179.91)	2614.907	0.3833008	NaN	NaN	NaN	
2644310886000	2635616826949	None	Fixation	(220.32, 180.66)	(183.55, 180.09)	2614.907	0.3999023	NaN	NaN	NaN	
2644310886000	2635616827037	None	Fixation	(220.32, 180.66)	(183.55, 180.09)	2614.907	0.3999023	NaN	NaN	NaN	
2644344217000	2635650157829	None	Fixation	(220.42, 180.61)	(184.05, 179.02)	2614.907	0.4333496	NaN	NaN	NaN	
2644344217000	2635650157600	None	Fixation	(220.42, 180.61)	(184.05, 179.02)	2614.907	0.4333496	NaN	NaN	NaN	
2644377551000	2635683491611	None	Fixation	(220.01, 180.67)	(181.89, 179.13)	2614.907	0.4665527	NaN	NaN	NaN	
2644377551000	2635683490810	None	Fixation	(220.01, 180.67)	(181.89, 179.13)	2614.907	0.4665527	NaN	NaN	NaN	
2644410884000	2635716823594	None	Fixation	(220.38, 180.31)	(184.08, 178.58)	2614.907	0.5	NaN	NaN	NaN	
2644410884000	2635716823359	None	Fixation	(220.38, 180.31)	(184.08, 178.58)	2614.907	0.5	NaN	NaN	NaN	
2644444217000	2635750156187	None	Fixation	(220.45, 180.64)	(181.37, 179.12)	2614.907	0.5332031	NaN	NaN	NaN	
2644460884000	2635766822941	None	Fixation	(220.19, 180.37)	(183.46, 179.18)	2614.907	0.5500488	NaN	NaN	NaN	
2644477550000	2635783489867	None	Fixation	(220.38, 180.43)	(183.26, 179.94)	2614.907	0.5666504	NaN	NaN	NaN	
2644494217000	2635800155793	None	Fixation	(220.60, 180.53)	(183.53, 179.24)	2614.907	0.583252	NaN	NaN	NaN	
2644510883000	2635816821336	None	Fixation	(220.56, 180.45)	(183.23, 179.84)	2614.907	0.5998535	NaN	NaN	NaN	
2644527550000	2635833488272	None	Fixation	(220.13, 180.39)	(184.09, 180.43)	2614.907	0.6166992	NaN	NaN	NaN	
2644544216000	2635850153934	None	Fixation	(220.38, 180.36)	(184.16, 178.68)	2614.907	0.6333008	NaN	NaN	NaN	
2644544216000	2635850154021	None	Fixation	(220.38, 180.36)	(184.16, 178.68)	2614.907	0.6333008	NaN	NaN	NaN	
2644560883000	2635866820405	None	Fixation	(220.52, 180.47)	(181.21, 179.43)	2614.907	0.6499023	NaN	NaN	NaN	
2644577549000	2635883486220	None	Fixation	(220.39, 180.42)	(183.99, 179.02)	2614.907	0.6665039	NaN	NaN	NaN	
2644610883000	2635916819998	None	Fixation	(220.50, 180.36)	(183.73, 179.15)	2614.907	0.6999512	NaN	NaN	NaN	
2644610883000	2635916819714	None	Fixation	(220.50, 180.36)	(183.73, 179.15)	2614.907	0.6999512	NaN	NaN	NaN	
2644644216000	2635950152858	None	Fixation	(220.68, 180.49)	(184.16, 179.18)	2614.907	0.7333984	NaN	NaN	NaN	
2644644216000	2635950152742	None	Fixation	(220.68, 180.49)	(184.16, 179.18)	2614.907	0.7333984	NaN	NaN	NaN	
2644677548000	2635983484385	None	Fixation	(220.47, 180.25)	(183.34, 180.11)	2614.907	0.7666016	NaN	NaN	NaN	
2644694215000	2636000151243	None	Fixation	(220.89, 180.42)	(183.63, 179.49)	2614.907	0.7832031	NaN	NaN	NaN	
2644710882000	2636016818221	None	Saccade	(220.69, 180.32)	(180.56, 179.38)	2615.69	0.0168457	37.79294	1.259765	284.976	
2644727548000	2636033483422	None	Fixation	(220.75, 181.27)	(182.61, 179.20)	2614.907	0.8166504	NaN	NaN	NaN	
2644744215000	2636050150244	None	Fixation	(219.78, 181.68)	(183.51, 178.48)	2614.907	0.833252	NaN	NaN	NaN	
2644760881000	2636066816037	None	Fixation	(220.19, 181.47)	(183.79, 178.23)	2614.907	0.8498535	NaN	NaN	NaN	
2644777548000	2636083482882	None	Saccade	(220.30, 181.56)	(183.74, 178.13)	2615.757	0.0168457	1.402768	0.04675894	347.9307	
2644794214000	2636100148575	None	Fixation	(220.03, 181.73)	(183.69, 177.97)	2614.907	0.8833008	NaN	NaN	NaN	
2644810881000	2636116815363	None	Fixation	(220.12, 181.66)	(183.63, 178.47)	2614.907	0.8999023	NaN	NaN	NaN	
2644810881000	2636116815377	None	Fixation	(220.12, 181.66)	(183.63, 178.47)	2614.907	0.8999023	NaN	NaN	NaN	
2644844214000	2636150148008	None	Fixation	(220.49, 181.43)	(183.90, 177.98)	2614.907	0.9333496	NaN	NaN	NaN	
2644860881000	2636166814729	None	Fixation	(219.90, 181.41)	(183.77, 178.39)	2614.907	0.9499512	NaN	NaN	NaN	
2644877546000	2636183479538	None	Fixation	(220.14, 181.66)	(183.49, 179.24)	2614.907	0.9665527	NaN	NaN	NaN	
2644894213000	2636200146564	None	Fixation	(219.96, 181.33)	(183.83, 178.21)	2614.907	0.9831543	NaN	NaN	NaN	
2644910877000	2636216810187	None	Fixation	(220.10, 181.45)	(181.74, 178.25)	2614.907	1	NaN	NaN	NaN	
2644927544000	2636233476865	None	Fixation	(220.03, 181.37)	(183.91, 178.24)	2614.907	1.016602	NaN	NaN	NaN	
2644944210000	2636250142734	None	Fixation	(220.64, 181.45)	(183.86, 178.16)	2614.907	1.033203	NaN	NaN	NaN	
2644944210000	2636250142400	None	Fixation	(220.64, 181.45)	(183.86, 178.16)	2614.907	1.033203	NaN	NaN	NaN	
2644977545000	2636283477862	None	Fixation	(219.88, 181.03)	(183.88, 178.16)	2614.907	1.06665	NaN	NaN	NaN	
2644994212000	2636300144014	None	Fixation	(219.93, 181.30)	(183.44, 178.48)	2614.907	1.083252	NaN	NaN	NaN	
2645010878000	2636316809856	None	Fixation	(219.81, 181.27)	(183.88, 177.97)	2614.907	1.099854	NaN	NaN	NaN	
2645027545000	2636333476554	None	Fixation	(219.96, 181.13)	(183.50, 178.74)	2614.907	1.116699	NaN	NaN	NaN	
2645044211000	2636350142332	None	Fixation	(219.94, 181.17)	(184.46, 178.22)	2614.907	1.133301	NaN	NaN	NaN	
2645060878000	2636366809179	None	Fixation	(220.09, 181.05)	(181.79, 178.31)	2614.907	1.149902	NaN	NaN	NaN	
2645077544000	2636383475539	None	Fixation	(220.08, 180.96)	(183.95, 178.52)	2614.907	1.166504	NaN	NaN	NaN	
2645094211000	2636400141708	None	Fixation	(220.13, 181.02)	(183.96, 179.67)	2614.907	1.18335	NaN	NaN	NaN	
2645110878000	2636416808466	None	Fixation	(219.92, 180.87)	(183.96, 178.11)	2614.907	1.199951	NaN	NaN	NaN	
2645127544000	2636433474210	None	Fixation	(220.12, 180.97)	(184.37, 178.16)	2614.907	1.216553	NaN	NaN	NaN	
2645144211000	2636450141456	None	Fixation	(220.02, 181.10)	(184.28, 179.76)	2614.907	1.233154	NaN	NaN	NaN	
2645144211000	2636450141249	None	Fixation	(220.02, 181.10)	(184.28, 179.76)	2614.907	1.233154	NaN	NaN	NaN	
2645177542000	2636483471589	None	Fixation	(219.07, 180.47)	(185.21, 178.95)	2614.907	1.266602	NaN	NaN	NaN	
2645194210000	2636500139760	None	Fixation	(218.80, 180.31)	(185.75, 179.02)	2614.907	1.283203	NaN	NaN	NaN	
2645210877000	2636516806571	None	Fixation	(218.27, 180.00)	(186.16, 179.56)	2614.907	1.300049	NaN	NaN	NaN	
2645210877000	2636516806257	None	Fixation	(218.27, 180.00)	(186.16, 179.56)	2614.907	1.300049	NaN	NaN	NaN	
2645244210000	2636550138706	None	Fixation	(217.40, 179.38)	(187.81, 179.54)	2614.907	1.333252	NaN	NaN	NaN	
2645260876000	2636566804488	None	Fixation	(216.86, 178.98)	(188.55, 179.75)	2614.907	1.349854	NaN	NaN	NaN	
2645277543000	2636583471299	None	Fixation	(216.40, 178.91)	(188.80, 180.51)	2614.907	1.366699	NaN	NaN	NaN	
2645294210000	2636600138114	None	Fixation	(215.93, 178.77)	(189.47, 181.45)	2614.907	1.383301	NaN	NaN	NaN	
2645310874000	2636616801850	None	Fixation	(215.39, 178.43)	(189.76, 181.44)	2614.907	1.399902	NaN	NaN	NaN	
2645310874000	2636616801896	None	Fixation	(215.39, 178.43)	(189.76, 181.44)	2614.907	1.399902	NaN	NaN	NaN	
2645344209000	2636650136906	None	Fixation	(214.58, 178.01)	(190.38, 181.50)	2614.907	1.43335	NaN	NaN	NaN	
2645344209000	2636650136177	None	Fixation	(214.58, 178.01)	(190.38, 181.50)	2614.907	1.43335	NaN	NaN	NaN	
2645377541000	2636683467978	None	Saccade	(214.55, 176.39)	(192.27, 183.63)	2616.357	0.01660156	24.29053	0.8096845	188.8998	
2645377541000	2636683467720	None	Saccade	(214.55, 176.39)	(192.27, 183.63)	2616.357	0.01660156	24.29053	0.8096845	188.8998	
2645394208000	2636700134585	None	Pursuit	(214.59, 176.15)	(192.56, 184.58)	2616.357	0.03320313	12.18473	1.208579	184.4698	
2645410874000	2636716800393	None	Pursuit	(214.20, 175.77)	(192.77, 184.49)	2616.357	0.05004883	2.807379	1.188578	180.0986	
2645444208000	2636750134571	None	Fixation	(214.04, 175.01)	(193.97, 184.34)	2614.907	1.533203	NaN	NaN	NaN	
2645444208000	2636750134501	None	Fixation	(214.04, 175.01)	(193.97, 184.34)	2614.907	1.533203	NaN	NaN	NaN	
2645477540000	2636783465761	None	Fixation	(213.35, 174.39)	(194.83, 185.65)	2614.907	1.56665	NaN	NaN	NaN	
2645494207000	2636800132532	None	Fixation	(212.49, 173.73)	(195.91, 185.42)	2614.907	1.583252	NaN	NaN	NaN	
2645510873000	2636816798315	None	Fixation	(212.65, 173.77)	(195.74, 185.88)	2614.907	1.599854	NaN	NaN	NaN	
2645510873000	2636816798216	None	Fixation	(212.65, 173.77)	(195.74, 185.88)	2614.907	1.599854	NaN	NaN	NaN	
2645544206000	2636850130805	None	Fixation	(212.10, 172.95)	(197.28, 186.46)	2614.907	1.633301	NaN	NaN	NaN	
2645560873000	2636866797611	None	Fixation	(211.78, 172.42)	(197.84, 187.29)	2614.907	1.649902	NaN	NaN	NaN	
2645577540000	2636883464473	None	Fixation	(211.30, 172.35)	(198.04, 187.75)	2614.907	1.666504	NaN	NaN	NaN	
2645594206000	2636900130258	None	Fixation	(211.22, 172.00)	(198.85, 187.96)	2614.907	1.68335	NaN	NaN	NaN	
2645610873000	2636916796938	None	Fixation	(210.63, 171.69)	(199.42, 188.35)	2614.907	1.699951	NaN	NaN	NaN	
2645627539000	2636933462748	None	Fixation	(210.42, 171.41)	(199.87, 188.53)	2614.907	1.716553	NaN	NaN	NaN	
2645644206000	2636950129797	None	Fixation	(210.27, 170.84)	(200.26, 188.79)	2614.907	1.733154	NaN	NaN	NaN	
2645660872000	2636966795359	None	Fixation	(209.58, 170.70)	(200.87, 189.04)	2614.907	1.75	NaN	NaN	NaN	
2645677539000	2636983462161	None	Fixation	(209.23, 170.29)	(201.55, 189.34)	2614.907	1.766602	NaN	NaN	NaN	
2645694205000	2637000127829	None	Fixation	(208.82, 170.11)	(202.13, 189.97)	2614.907	1.783203	NaN	NaN	NaN	
2645710870000	2637016792641	None	Saccade	(206.48, 170.82)	(203.80, 189.39)	2616.69	0.0168457	30.07517	1.002506	60.15801	
2645727537000	2637033459528	None	Saccade	(206.47, 170.56)	(204.90, 190.52)	2616.707	0.01660156	19.41019	0.6470063	148.7579	
2645744205000	2637050127197	None	Pursuit	(206.34, 170.11)	(205.01, 190.36)	2616.69	0.05004883	5.837841	1.019539	77.02172	
2645760872000	2637066794019	None	Pursuit	(205.91, 169.81)	(205.73, 190.81)	2616.707	0.04980469	10.39728	0.9840748	139.481	
2645777538000	2637083460220	None	Fixation	(205.39, 169.70)	(206.04, 190.84)	2616.757	0.0168457	NaN	NaN	NaN	
2645794204000	2637100125621	None	Fixation	(205.03, 169.21)	(206.13, 190.93)	2616.757	0.03344727	NaN	NaN	NaN	
2645810871000	2637116792362	None	Fixation	(204.90, 169.19)	(206.87, 191.43)	2616.757	0.05004883	NaN	NaN	NaN	
2645827538000	2637133459186	None	Fixation	(204.20, 169.09)	(207.65, 191.65)	2616.757	0.06665039	NaN	NaN	NaN	
2645844204000	2637150125075	None	Fixation	(204.54, 168.62)	(207.87, 191.56)	2616.757	0.08349609	NaN	NaN	NaN	
2645860870000	2637166790947	None	Fixation	(204.23, 168.46)	(207.90, 191.83)	2616.757	0.1000977	NaN	NaN	NaN	
2645877536000	2637183456450	None	Fixation	(204.01, 168.37)	(208.67, 191.63)	2616.757	0.1166992	NaN	NaN	NaN	
2645877536000	2637183456546	None	Fixation	(204.01, 168.37)	(208.67, 191.63)	2616.757	0.1166992	NaN	NaN	NaN	
2645910869000	2637216789457	None	Fixation	(203.76, 167.94)	(208.89, 192.16)	2616.757	0.1501465	NaN	NaN	NaN	
2645927536000	2637233455806	None	Fixation	(203.75, 167.73)	(209.23, 192.36)	2616.757	0.166748	NaN	NaN	NaN	
2645944202000	2637250121946	None	Fixation	(203.45, 167.59)	(209.63, 192.62)	2616.757	0.1833496	NaN	NaN	NaN	
2645960869000	2637266788611	None	Fixation	(203.47, 167.39)	(209.57, 192.57)	2616.757	0.2001953	NaN	NaN	NaN	
2645977535000	2637283454203	None	Fixation	(203.08, 167.26)	(209.55, 192.75)	2616.757	0.2167969	NaN	NaN	NaN	
2645977535000	2637283454217	None	Fixation	(203.08, 167.26)	(209.55, 192.75)	2616.757	0.2167969	NaN	NaN	NaN	
2646010867000	2637316786395	None	Fixation	(202.96, 166.97)	(210.46, 192.82)	2616.757	0.25	NaN	NaN	NaN	
2646027533000	2637333451523	None	Fixation	(202.44, 167.01)	(210.78, 193.34)	2616.757	0.2668457	NaN	NaN	NaN	
2646044202000	2637350120295	None	Fixation	(202.52, 166.85)	(211.29, 193.45)	2616.757	0.2834473	NaN	NaN	NaN	
2646060868000	2637366786435	None	Fixation	(202.37, 166.67)	(210.57, 193.13)	2616.757	0.3000488	NaN	NaN	NaN	
2646077535000	2637383452944	None	Fixation	(202.39, 166.81)	(211.59, 193.49)	2616.757	0.3166504	NaN	NaN	NaN	
2646077535000	2637383452857	None	Fixation	(202.39, 166.81)	(211.59, 193.49)	2616.757	0.3166504	NaN	NaN	NaN	
2646094201000	2637400118631	None	Fixation	(202.54, 166.71)	(211.45, 193.39)	2616.757	0.3334961	NaN	NaN	NaN	
2646127534000	2637433451208	None	Saccade	(214.13, 181.28)	(190.31, 182.35)	2617.091	0.03320313	217.0274	9.776496	310.5808	
2646144199000	2637450116057	None	Saccade	(220.03, 183.40)	(185.35, 183.45)	2617.124	0.01660156	77.10924	2.570308	276.8086	
2646144199000	2637450116066	None	Saccade	(220.03, 183.40)	(185.35, 183.45)	2617.124	0.01660156	77.10924	2.570308	276.8086	
2646160865000	2637466781863	None	Pursuit	(220.60, 183.60)	(181.83, 183.01)	2617.14	0.0168457	43.63971	1.454657	290.2307	
2646194200000	2637500116304	None	Pursuit	(220.67, 181.97)	(183.36, 182.30)	2617.157	0.03320313	12.44538	0.6673182	169.4173	
2646194200000	2637500116323	None	Pursuit	(220.67, 181.97)	(183.36, 182.30)	2617.157	0.03320313	12.44538	0.6673182	169.4173	
2646210867000	2637516783199	None	Pursuit	(220.79, 181.49)	(183.67, 181.51)	2617.14	0.06689453	10.52348	1.054349	332.2503	
2646227533000	2637533448899	None	Fixation	(220.81, 181.37)	(183.96, 181.34)	2617.207	0.01660156	NaN	NaN	NaN	
2646244198000	2637550113730	None	Fixation	(220.77, 181.42)	(183.29, 181.52)	2617.207	0.03320313	NaN	NaN	NaN	
2646260865000	2637566780784	None	Fixation	(221.10, 180.99)	(183.47, 181.31)	2617.207	0.04980469	NaN	NaN	NaN	
2646277531000	2637583446381	None	Fixation	(220.96, 181.01)	(184.12, 180.46)	2617.207	0.06665039	NaN	NaN	NaN	
2646294198000	2637600113034	None	Fixation	(221.14, 180.88)	(184.08, 181.72)	2617.207	0.08325195	NaN	NaN	NaN	
2646310866000	2637616780867	None	Fixation	(221.31, 180.74)	(183.83, 181.31)	2617.207	0.09985352	NaN	NaN	NaN	
2646327533000	2637633447632	None	Fixation	(220.83, 180.63)	(183.88, 180.31)	2617.207	0.1164551	NaN	NaN	NaN	
2646344196000	2637650110457	None	Fixation	(221.12, 180.74)	(183.19, 180.67)	2617.207	0.1333008	NaN	NaN	NaN	
2646360863000	2637666777138	None	Fixation	(221.04, 180.52)	(183.60, 180.28)	2617.207	0.1499023	NaN	NaN	NaN	
2646377531000	2637683444945	None	Fixation	(220.84, 180.36)	(183.30, 180.58)	2617.207	0.1665039	NaN	NaN	NaN	
2646394198000	2637700111749	None	Fixation	(221.45, 180.31)	(183.44, 180.03)	2617.207	0.1831055	NaN	NaN	NaN	
2646410864000	2637716777503	None	Fixation	(220.96, 180.24)	(183.74, 180.05)	2617.207	0.1999512	NaN	NaN	NaN	
2646427531000	2637733444303	None	Fixation	(220.60, 179.96)	(183.55, 179.87)	2617.207	0.2165527	NaN	NaN	NaN	
2646444197000	2637750110062	None	Fixation	(220.88, 180.02)	(181.39, 180.22)	2617.207	0.2331543	NaN	NaN	NaN	
2646460864000	2637766776865	None	Fixation	(221.28, 180.24)	(183.26, 180.48)	2617.207	0.2497559	NaN	NaN	NaN	
2646477529000	2637783441655	None	Fixation	(220.63, 181.97)	(183.42, 178.04)	2617.207	0.2666016	NaN	NaN	NaN	
2646494197000	2637800109399	None	Fixation	(220.61, 180.86)	(183.83, 179.51)	2617.207	0.2832031	NaN	NaN	NaN	
2646510864000	2637816776203	None	Fixation	(220.64, 180.80)	(183.57, 179.97)	2617.207	0.2998047	NaN	NaN	NaN	
2646527530000	2637833441987	None	Saccade	(220.54, 180.86)	(181.06, 178.85)	2617.507	0.0168457	33.83497	1.127832	307.0424	
2646544195000	2637850106768	None	Fixation	(221.05, 180.76)	(183.91, 179.03)	2617.207	0.333252	NaN	NaN	NaN	
2646560862000	2637866773550	None	Fixation	(220.60, 180.99)	(183.27, 179.70)	2617.207	0.3498535	NaN	NaN	NaN	
2646577530000	2637883441374	None	Fixation	(220.84, 180.65)	(181.19, 178.89)	2617.207	0.3664551	NaN	NaN	NaN	
2646594196000	2637900107117	None	Saccade	(220.85, 180.57)	(183.81, 180.23)	2617.574	0.0168457	36.19168	1.206389	130.1522	
2646610862000	2637916772971	None	Fixation	(221.04, 180.68)	(183.64, 178.98)	2617.207	0.3999023	NaN	NaN	NaN	
2646627528000	2637933438696	None	Fixation	(220.89, 180.63)	(183.87, 178.80)	2617.207	0.4165039	NaN	NaN	NaN	
2646644196000	2637950106544	None	Fixation	(221.06, 180.67)	(181.74, 178.84)	2617.207	0.4331055	NaN	NaN	NaN	
2646660862000	2637966772254	None	Fixation	(220.97, 180.53)	(183.19, 179.83)	2617.207	0.4499512	NaN	NaN	NaN	
2646677528000	2637983438034	None	Fixation	(220.91, 180.58)	(181.34, 178.77)	2617.207	0.4665527	NaN	NaN	NaN	
2646694195000	2638000105101	None	Fixation	(220.91, 180.55)	(183.90, 179.13)	2617.207	0.4831543	NaN	NaN	NaN	
2646710862000	2638016771607	None	Fixation	(220.76, 180.40)	(181.64, 178.80)	2617.207	0.4997559	NaN	NaN	NaN	
2646727529000	2638033438398	None	Fixation	(221.49, 180.50)	(183.68, 178.61)	2617.207	0.5166016	NaN	NaN	NaN	
2646744195000	2638050104172	None	Fixation	(220.99, 180.44)	(183.34, 179.71)	2617.207	0.5332031	NaN	NaN	NaN	
2646760862000	2638066770953	None	Fixation	(220.98, 180.65)	(183.32, 179.06)	2617.207	0.5498047	NaN	NaN	NaN	
2646777529000	2638083437722	None	Fixation	(220.79, 180.42)	(184.03, 178.35)	2617.207	0.5666504	NaN	NaN	NaN	
2646794195000	2638100103534	None	Fixation	(220.91, 180.33)	(184.09, 178.27)	2617.207	0.583252	NaN	NaN	NaN	
2646810861000	2638116769813	None	Fixation	(221.23, 180.48)	(182.63, 178.96)	2617.207	0.5998535	NaN	NaN	NaN	
2646827528000	2638133436091	None	Fixation	(220.84, 180.40)	(181.58, 178.46)	2617.207	0.6164551	NaN	NaN	NaN	
2646844192000	2638150100252	None	Fixation	(220.88, 180.41)	(183.18, 180.04)	2617.207	0.6333008	NaN	NaN	NaN	
2646860859000	2638166766631	None	Fixation	(220.77, 180.30)	(183.76, 179.74)	2617.207	0.6499023	NaN	NaN	NaN	
2646877527000	2638183434437	None	Fixation	(221.00, 180.54)	(183.72, 179.97)	2617.207	0.6665039	NaN	NaN	NaN	
2646894194000	2638200101212	None	Fixation	(221.01, 180.46)	(182.69, 179.27)	2617.207	0.6831055	NaN	NaN	NaN	
2646910860000	2638216767017	None	Fixation	(221.11, 180.49)	(183.64, 179.69)	2617.207	0.6999512	NaN	NaN	NaN	
2646927527000	2638233433768	None	Fixation	(220.86, 180.37)	(184.04, 178.19)	2617.207	0.7165527	NaN	NaN	NaN	
2646944193000	2638250099625	None	Fixation	(221.10, 180.51)	(184.03, 178.34)	2617.207	0.7331543	NaN	NaN	NaN	
2646960859000	2638266765344	None	Fixation	(220.85, 180.33)	(184.16, 178.30)	2617.207	0.7497559	NaN	NaN	NaN	
2646977526000	2638283432120	None	Fixation	(220.75, 180.37)	(183.97, 177.86)	2617.207	0.7666016	NaN	NaN	NaN	
2646994193000	2638300098900	None	Fixation	(220.77, 181.10)	(184.07, 178.90)	2617.207	0.7832031	NaN	NaN	NaN	
2647010860000	2638316765672	None	Blink	(220.40, 183.47)	(184.77, 182.48)	NaN	NaN	NaN	NaN	NaN	
2647027526000	2638333431473	None	Blink	(215.95, 186.04)	(184.97, 184.69)	NaN	NaN	NaN	NaN	NaN	
2647044191000	2638350096269	None	Blink	(232.00, 196.44)	(0.00, 0.00)	NaN	NaN	NaN	NaN	NaN	
2647060857000	2638366762059	None	Blink	(0.00, 0.00)	(0.00, 0.00)	NaN	NaN	NaN	NaN	NaN	
2647077526000	2638383430841	None	Blink	(235.74, 188.70)	(0.00, 0.00)	NaN	NaN	NaN	NaN	NaN	
2647094192000	2638400096598	None	Blink	(207.41, 184.03)	(162.20, 185.53)	NaN	NaN	NaN	NaN	NaN	
2647110859000	2638416763364	None	Blink	(218.63, 184.62)	(181.47, 181.75)	NaN	NaN	NaN	NaN	NaN	
2647127525000	2638433429155	None	Blink	(215.88, 182.40)	(187.96, 180.40)	NaN	NaN	NaN	NaN	NaN	
2647144192000	2638450095964	None	Blink	(217.27, 182.76)	(185.42, 180.16)	NaN	NaN	NaN	NaN	NaN	
2647160858000	2638466761723	None	Blink	(217.12, 182.60)	(182.61, 180.84)	NaN	NaN	NaN	NaN	NaN	
2647177525000	2638483428536	None	Blink	(217.68, 181.95)	(185.99, 179.07)	NaN	NaN	NaN	NaN	NaN	
2647194191000	2638500094287	None	Blink	(217.50, 181.67)	(185.67, 179.43)	NaN	NaN	NaN	NaN	NaN	
2647210858000	2638516761069	None	Blink	(217.69, 181.71)	(186.87, 179.52)	NaN	NaN	NaN	NaN	NaN	
2647227524000	2638533426876	None	Blink	(217.35, 181.93)	(186.51, 179.61)	NaN	NaN	NaN	NaN	NaN	
2647244191000	2638550093673	None	WinkRight	(217.20, 181.44)	(187.16, 179.49)	NaN	NaN	NaN	NaN	NaN	
2647260858000	2638566760460	None	Saccade	(217.59, 181.60)	(187.30, 179.16)	2617.99	0.2666016	39.60678	1.328975	87.8077	
2647277522000	2638583424236	None	Pursuit	(217.40, 181.60)	(187.10, 178.81)	2617.99	0.2834473	2.368761	1.398342	68.57407	
2647294189000	2638600090994	None	Pursuit	(217.06, 181.15)	(187.07, 179.43)	2617.99	0.3000488	6.892248	1.520819	76.21653	
2647310856000	2638616757824	None	Pursuit	(216.86, 181.07)	(187.73, 178.83)	2617.99	0.3166504	2.684224	1.602648	77.54467	
2647327523000	2638633424844	None	Unknown	(216.49, 180.91)	(188.31, 178.30)	NaN	NaN	NaN	NaN	NaN	
2647344187000	2638650088336	None	Fixation	(216.57, 180.99)	(188.36, 178.59)	2618.324	0.0168457	NaN	NaN	NaN	
2647360854000	2638666755133	None	Fixation	(215.86, 180.82)	(188.44, 178.58)	2618.324	0.03344727	NaN	NaN	NaN	
2647377522000	2638683422915	None	Fixation	(215.33, 180.74)	(189.31, 179.47)	2618.324	0.05004883	NaN	NaN	NaN	
2647394189000	2638700089716	None	Fixation	(214.97, 180.44)	(190.26, 178.19)	2618.324	0.06665039	NaN	NaN	NaN	
2647410855000	2638716755485	None	Fixation	(214.56, 180.52)	(190.24, 179.45)	2618.324	0.08349609	NaN	NaN	NaN	
2647427522000	2638733422264	None	Fixation	(213.95, 180.41)	(191.20, 179.17)	2618.324	0.1000977	NaN	NaN	NaN	
2647444188000	2638750088093	None	Fixation	(213.15, 180.06)	(191.66, 180.44)	2618.324	0.1166992	NaN	NaN	NaN	
2647460855000	2638766754836	None	Fixation	(212.37, 179.95)	(192.41, 179.62)	2618.324	0.1333008	NaN	NaN	NaN	
2647477521000	2638783421005	None	Fixation	(211.90, 179.98)	(193.35, 179.22)	2618.324	0.1501465	NaN	NaN	NaN	
2647494188000	2638800087370	None	Fixation	(211.16, 179.67)	(194.47, 179.06)	2618.324	0.166748	NaN	NaN	NaN	
2647510855000	2638816754180	None	Saccade	(210.22, 179.93)	(195.54, 179.08)	2618.49	0.01660156	13.09317	0.4364389	104.1122	
2647527521000	2638833419953	None	Pursuit	(209.61, 179.56)	(196.35, 179.18)	2618.49	0.03344727	10.07726	0.7713109	106.7167	
2647544188000	2638850086781	None	Fixation	(209.01, 179.57)	(196.93, 179.47)	2618.324	0.2167969	NaN	NaN	NaN	
2647560854000	2638866752978	None	Fixation	(208.26, 179.53)	(197.83, 179.17)	2618.324	0.2333984	NaN	NaN	NaN	
2647577521000	2638883419310	None	Fixation	(207.54, 179.29)	(197.74, 179.66)	2618.324	0.25	NaN	NaN	NaN	
2647594187000	2638900085377	None	Saccade	(204.66, 179.49)	(198.86, 179.22)	2618.574	0.0168457	35.49356	1.183119	73.01851	
2647610854000	2638916751861	None	Pursuit	(206.29, 179.32)	(199.55, 179.24)	2618.574	0.03344727	20.23428	0.5095499	75.59927	
2647627520000	2638933417676	None	Fixation	(205.81, 179.04)	(199.74, 179.61)	2618.541	0.08325195	NaN	NaN	NaN	
2647644187000	2638950084434	None	Fixation	(205.54, 178.83)	(200.51, 179.30)	2618.624	0.01660156	NaN	NaN	NaN	
2647660853000	2638966750583	None	Fixation	(204.97, 179.07)	(200.96, 179.83)	2618.624	0.03344727	NaN	NaN	NaN	
2647677520000	2638983417035	None	Fixation	(204.28, 178.94)	(202.14, 179.13)	2618.624	0.05004883	NaN	NaN	NaN	
2647694186000	2639000083021	None	Fixation	(203.58, 178.78)	(202.01, 179.31)	2618.624	0.06665039	NaN	NaN	NaN	
2647710853000	2639016749572	None	Fixation	(202.60, 178.63)	(202.85, 179.29)	2618.624	0.08325195	NaN	NaN	NaN	
2647727520000	2639033416367	None	Fixation	(201.75, 178.43)	(203.09, 179.74)	2618.624	0.1000977	NaN	NaN	NaN	
2647744186000	2639050082118	None	Fixation	(201.78, 178.48)	(204.43, 179.15)	2618.624	0.1166992	NaN	NaN	NaN	
2647760853000	2639066748919	None	Fixation	(201.68, 178.24)	(204.53, 179.32)	2618.624	0.1333008	NaN	NaN	NaN	
2647777519000	2639083414704	None	Fixation	(201.21, 178.10)	(204.80, 179.57)	2618.624	0.1501465	NaN	NaN	NaN	
2647794186000	2639100081479	None	Fixation	(200.67, 177.96)	(205.50, 179.77)	2618.624	0.166748	NaN	NaN	NaN	
2647810851000	2639116746296	None	Fixation	(200.12, 178.11)	(206.11, 179.61)	2618.624	0.1833496	NaN	NaN	NaN	
2647827518000	2639133413031	None	Saccade	(198.07, 177.29)	(208.58, 180.86)	2618.807	0.01660156	34.10027	1.136676	129.766	
2647844184000	2639150078842	None	Saccade	(197.74, 178.08)	(208.35, 180.88)	2618.824	0.0168457	10.58706	0.3529019	9.921783	
2647860851000	2639166745606	None	Pursuit	(197.49, 178.02)	(209.38, 180.49)	2618.824	0.03344727	3.128911	0.3843704	25.4383	
2647877517000	2639183411397	None	Pursuit	(196.48, 177.86)	(209.85, 180.42)	2618.807	0.06665039	5.827694	1.572099	115.1797	
2647894184000	2639200078189	None	Fixation	(196.00, 177.72)	(210.65, 180.71)	2618.874	0.01660156	NaN	NaN	NaN	
2647910850000	2639216743971	None	Fixation	(195.69, 177.93)	(211.23, 181.08)	2618.874	0.03344727	NaN	NaN	NaN	
2647927517000	2639233410769	None	Fixation	(195.11, 177.65)	(211.90, 180.67)	2618.874	0.05004883	NaN	NaN	NaN	
2647944183000	2639250076905	None	Fixation	(193.65, 177.81)	(212.00, 180.90)	2618.874	0.06665039	NaN	NaN	NaN	
2647960850000	2639266743331	None	Fixation	(194.56, 177.58)	(212.96, 181.09)	2618.874	0.08325195	NaN	NaN	NaN	
2647977516000	2639283409108	None	Fixation	(194.19, 177.53)	(213.57, 181.26)	2618.874	0.1000977	NaN	NaN	NaN	
2647994183000	2639300076645	None	Fixation	(192.72, 177.37)	(213.95, 181.22)	2618.874	0.1166992	NaN	NaN	NaN	
2648010849000	2639316741674	None	Fixation	(193.26, 177.27)	(214.27, 181.21)	2618.874	0.1333008	NaN	NaN	NaN	
2648027515000	2639333407450	None	Fixation	(192.88, 177.11)	(214.91, 181.19)	2618.874	0.1499023	NaN	NaN	NaN	
2648044182000	2639350074207	None	Fixation	(191.64, 176.89)	(214.98, 181.21)	2618.874	0.166748	NaN	NaN	NaN	
2648060848000	2639366740020	None	Fixation	(192.19, 176.91)	(215.36, 181.30)	2618.874	0.1833496	NaN	NaN	NaN	
2648077515000	2639383406806	None	Fixation	(191.95, 176.79)	(215.99, 181.44)	2618.874	0.1999512	NaN	NaN	NaN	
2648094181000	2639400072970	None	Fixation	(192.53, 178.33)	(215.89, 181.40)	2618.874	0.2167969	NaN	NaN	NaN	
2648110848000	2639416739907	None	Fixation	(192.04, 177.72)	(216.25, 181.40)	2618.874	0.2333984	NaN	NaN	NaN	
2648127514000	2639433405162	None	Fixation	(191.67, 176.22)	(216.17, 181.42)	2618.874	0.25	NaN	NaN	NaN	
2648144181000	2639450071946	None	Fixation	(193.15, 176.93)	(213.97, 181.82)	2618.874	0.2666016	NaN	NaN	NaN	
2648160847000	2639466737698	None	Saccade	(204.62, 180.17)	(200.62, 180.21)	2619.14	0.0168457	146.6775	5.512706	281.353	
2648177514000	2639483404499	None	Saccade	(216.14, 184.36)	(189.51, 182.91)	2619.14	0.03344727	150.7157	10.03915	277.681	
2648194180000	2639500070271	None	Unknown	(218.54, 183.74)	(187.19, 183.21)	NaN	NaN	NaN	NaN	NaN	
2648210847000	2639516737057	None	Pursuit	(219.36, 183.50)	(184.92, 183.30)	2619.19	0.01660156	10.49858	0.3499526	240.2981	
2648227513000	2639533402820	None	Pursuit	(220.57, 183.07)	(184.34, 182.39)	2619.19	0.03344727	15.74592	0.8745457	238.552	
2648244180000	2639550069631	None	Pursuit	(219.89, 182.40)	(185.16, 181.46)	2619.19	0.05004883	11.65963	0.7800046	212.1677	
2648260847000	2639566736429	None	Pursuit	(219.42, 181.94)	(186.04, 180.37)	2619.19	0.06665039	17.26401	1.259729	350.907	
2648277513000	2639583402180	None	Fixation	(220.24, 181.89)	(185.60, 180.27)	2619.257	0.01660156	NaN	NaN	NaN	
2648294180000	2639600068971	None	Fixation	(220.38, 181.49)	(184.84, 181.48)	2619.257	0.03344727	NaN	NaN	NaN	
2648310845000	2639616733782	None	Fixation	(220.28, 181.34)	(183.12, 180.39)	2619.257	0.05004883	NaN	NaN	NaN	
2648327512000	2639633400538	None	Fixation	(220.25, 181.26)	(185.77, 179.71)	2619.257	0.06665039	NaN	NaN	NaN	
2648344178000	2639650066330	None	Fixation	(220.20, 180.92)	(185.64, 179.69)	2619.257	0.08349609	NaN	NaN	NaN	
2648360845000	2639666733272	None	Fixation	(220.19, 181.06)	(185.37, 180.10)	2619.257	0.1000977	NaN	NaN	NaN	
2648377511000	2639683398891	None	Fixation	(220.44, 181.07)	(185.22, 179.91)	2619.257	0.1166992	NaN	NaN	NaN	
2648394178000	2639700065676	None	Fixation	(219.93, 181.04)	(185.47, 179.81)	2619.257	0.1333008	NaN	NaN	NaN	
2648410844000	2639716731471	None	Fixation	(220.18, 180.71)	(185.72, 179.56)	2619.257	0.1501465	NaN	NaN	NaN	
2648427511000	2639733398249	None	Fixation	(220.10, 180.78)	(185.55, 179.64)	2619.257	0.166748	NaN	NaN	NaN	
2648444175000	2639750062047	None	Fixation	(220.16, 180.76)	(185.31, 180.16)	2619.257	0.1833496	NaN	NaN	NaN	
2648460842000	2639766728802	None	Fixation	(220.30, 180.84)	(182.73, 179.83)	2619.257	0.1999512	NaN	NaN	NaN	
2648477510000	2639783396640	None	Fixation	(220.67, 181.62)	(184.55, 179.67)	2619.257	0.2167969	NaN	NaN	NaN	
2648494177000	2639800063383	None	Fixation	(221.11, 181.76)	(183.79, 180.75)	2619.257	0.2333984	NaN	NaN	NaN	
2648510843000	2639816729439	None	Fixation	(221.26, 181.82)	(184.49, 178.93)	2619.257	0.25	NaN	NaN	NaN	
2648527510000	2639833396354	None	Fixation	(221.13, 181.64)	(184.08, 179.39)	2619.257	0.2666016	NaN	NaN	NaN	
2648544177000	2639850062738	None	Fixation	(221.30, 181.50)	(184.22, 179.64)	2619.257	0.2834473	NaN	NaN	NaN	
2648560843000	2639866728514	None	Fixation	(221.22, 181.44)	(183.93, 179.69)	2619.257	0.3000488	NaN	NaN	NaN	
2648577510000	2639883395328	None	Fixation	(221.24, 181.49)	(182.78, 179.99)	2619.257	0.3166504	NaN	NaN	NaN	
2648594176000	2639900061102	None	Fixation	(221.25, 181.45)	(183.58, 180.02)	2619.257	0.3334961	NaN	NaN	NaN	
2648610841000	2639916725860	None	Fixation	(221.30, 181.61)	(184.23, 179.45)	2619.257	0.3500977	NaN	NaN	NaN	
2648627507000	2639933391633	None	Fixation	(221.37, 181.49)	(183.69, 180.45)	2619.257	0.3666992	NaN	NaN	NaN	
2648644176000	2639950060422	None	Fixation	(221.29, 181.45)	(183.78, 180.35)	2619.257	0.3833008	NaN	NaN	NaN	
2648660842000	2639966726199	None	Fixation	(221.36, 181.57)	(184.24, 179.76)	2619.257	0.4001465	NaN	NaN	NaN	
2648677509000	2639983393002	None	Fixation	(221.52, 181.43)	(183.97, 179.64)	2619.257	0.416748	NaN	NaN	NaN	
2648694175000	2640000058807	None	Fixation	(221.29, 181.38)	(183.59, 180.56)	2619.257	0.4333496	NaN	NaN	NaN	
2648710842000	2640016725560	None	Fixation	(221.21, 181.41)	(183.80, 179.70)	2619.257	0.4499512	NaN	NaN	NaN	
2648727509000	2640033392540	None	Fixation	(221.33, 181.39)	(183.91, 180.16)	2619.257	0.4667969	NaN	NaN	NaN	
2648744173000	2640050056126	None	Fixation	(221.24, 181.36)	(183.92, 179.57)	2619.257	0.4833984	NaN	NaN	NaN	
2648760840000	2640066722914	None	Fixation	(221.49, 181.33)	(184.14, 179.16)	2619.257	0.5	NaN	NaN	NaN	
2648777508000	2640083390707	None	Fixation	(220.99, 181.21)	(184.17, 179.69)	2619.257	0.5166016	NaN	NaN	NaN	
2648794175000	2640100057474	None	Fixation	(221.50, 181.34)	(183.82, 179.54)	2619.257	0.5334473	NaN	NaN	NaN	
2648810840000	2640116722250	None	Fixation	(221.29, 181.15)	(183.69, 179.91)	2619.257	0.5500488	NaN	NaN	NaN	
2648827507000	2640133389047	None	Fixation	(221.32, 181.14)	(183.60, 180.54)	2619.257	0.5666504	NaN	NaN	NaN	
2648844173000	2640150054840	None	Fixation	(221.66, 181.17)	(182.35, 179.90)	2619.257	0.5834961	NaN	NaN	NaN	
2648860840000	2640166721608	None	Fixation	(221.43, 181.04)	(182.32, 179.74)	2619.257	0.6000977	NaN	NaN	NaN	
2648877506000	2640183387744	None	Fixation	(221.21, 181.13)	(184.13, 179.08)	2619.257	0.6166992	NaN	NaN	NaN	
2648894173000	2640200054206	None	Fixation	(221.66, 181.06)	(184.16, 179.24)	2619.257	0.6333008	NaN	NaN	NaN	
2648910839000	2640216720366	None	Fixation	(221.43, 181.00)	(184.34, 178.89)	2619.257	0.6501465	NaN	NaN	NaN	
2648927506000	2640233387311	None	Fixation	(221.70, 181.00)	(183.57, 180.20)	2619.257	0.666748	NaN	NaN	NaN	
2648944172000	2640250052513	None	Fixation	(221.57, 181.19)	(181.83, 179.39)	2619.257	0.6833496	NaN	NaN	NaN	
2648960839000	2640266719306	None	Fixation	(221.33, 180.98)	(183.68, 180.46)	2619.257	0.6999512	NaN	NaN	NaN	
2648977505000	2640283385104	None	Fixation	(221.42, 180.88)	(184.09, 179.03)	2619.257	0.7167969	NaN	NaN	NaN	
2648994172000	2640300051873	None	Fixation	(221.32, 180.93)	(184.27, 178.94)	2619.257	0.7333984	NaN	NaN	NaN	
2649010838000	2640316717645	None	Fixation	(221.55, 180.75)	(183.43, 179.94)	2619.257	0.75	NaN	NaN	NaN	
2649027505000	2640333384489	None	Fixation	(221.48, 180.85)	(183.64, 179.75)	2619.257	0.7666016	NaN	NaN	NaN	
2649044172000	2640350051218	None	Fixation	(221.45, 180.91)	(183.58, 180.46)	2619.257	0.7834473	NaN	NaN	NaN	
2649060838000	2640366717009	None	Fixation	(221.40, 180.89)	(184.37, 179.13)	2619.257	0.8000488	NaN	NaN	NaN	
2649077505000	2640383383806	None	Fixation	(221.77, 180.89)	(183.38, 179.85)	2619.257	0.8166504	NaN	NaN	NaN	
2649094171000	2640400049798	None	Fixation	(221.48, 180.87)	(184.21, 179.50)	2619.257	0.8334961	NaN	NaN	NaN	
2649110838000	2640416716360	None	Fixation	(221.19, 180.90)	(183.34, 179.82)	2619.257	0.8500977	NaN	NaN	NaN	
2649127504000	2640433382151	None	Fixation	(221.55, 180.87)	(184.20, 179.82)	2619.257	0.8666992	NaN	NaN	NaN	
2649144171000	2640450048933	None	Fixation	(221.10, 180.72)	(183.81, 180.13)	2619.257	0.8833008	NaN	NaN	NaN	
2649160837000	2640466714687	None	Fixation	(221.34, 180.98)	(184.44, 179.05)	2619.257	0.9001465	NaN	NaN	NaN	
2649177504000	2640483381489	None	Fixation	(221.10, 180.70)	(184.25, 179.07)	2619.257	0.916748	NaN	NaN	NaN	
2649194170000	2640500047256	None	Fixation	(221.46, 180.82)	(184.35, 179.21)	2619.257	0.9333496	NaN	NaN	NaN	
2649210837000	2640516714042	None	Fixation	(221.59, 180.60)	(181.18, 179.50)	2619.257	0.9499512	NaN	NaN	NaN	
2649227503000	2640533379850	None	Fixation	(221.30, 180.61)	(183.62, 180.11)	2619.257	0.9667969	NaN	NaN	NaN	
2649244170000	2640550046625	None	Fixation	(221.68, 180.57)	(184.23, 179.49)	2619.257	0.9833984	NaN	NaN	NaN	
2649260836000	2640566712413	None	Fixation	(221.50, 180.61)	(184.24, 179.68)	2619.257	1	NaN	NaN	NaN	
2649277503000	2640583379210	None	Saccade	(221.63, 182.09)	(183.39, 177.97)	2620.257	0.01660156	23.52103	0.7840343	346.6594	
2649294170000	2640600045954	None	Fixation	(221.38, 181.68)	(182.95, 178.92)	2619.257	1.033447	NaN	NaN	NaN	
2649310835000	2640616710735	None	Fixation	(221.65, 181.70)	(182.78, 179.42)	2619.257	1.050049	NaN	NaN	NaN	
2649327502000	2640633378077	None	Fixation	(221.35, 181.65)	(183.44, 178.92)	2619.257	1.06665	NaN	NaN	NaN	
2649344168000	2640650043325	None	Fixation	(221.65, 181.50)	(183.45, 179.01)	2619.257	1.083496	NaN	NaN	NaN	
2649360835000	2640666710110	None	Fixation	(222.31, 181.42)	(183.55, 179.40)	2619.257	1.100098	NaN	NaN	NaN	
2649377499000	2640683374253	None	Fixation	(221.63, 181.56)	(183.67, 178.36)	2619.257	1.116699	NaN	NaN	NaN	
2649394166000	2640700040988	None	Fixation	(221.78, 181.52)	(184.34, 178.41)	2619.257	1.133301	NaN	NaN	NaN	
2649410834000	2640716708468	None	Fixation	(221.21, 181.88)	(184.03, 178.96)	2619.257	1.150146	NaN	NaN	NaN	
2649427501000	2640733375623	None	Fixation	(221.01, 181.91)	(182.33, 178.79)	2619.257	1.166748	NaN	NaN	NaN	
2649444167000	2640750040997	None	Fixation	(220.59, 182.33)	(184.16, 178.03)	2619.257	1.18335	NaN	NaN	NaN	
2649460834000	2640766707848	None	Fixation	(220.24, 182.81)	(184.14, 178.62)	2619.257	1.199951	NaN	NaN	NaN	
2649477499000	2640783372607	None	Fixation	(220.24, 183.29)	(184.34, 177.70)	2619.257	1.216797	NaN	NaN	NaN	
2649494165000	2640800038837	None	Fixation	(219.57, 183.71)	(182.79, 176.81)	2619.257	1.233398	NaN	NaN	NaN	
2649510832000	2640816705344	None	Fixation	(218.90, 184.23)	(185.13, 175.98)	2619.257	1.25	NaN	NaN	NaN	
2649527498000	2640833370975	None	Saccade	(218.42, 184.97)	(185.14, 175.15)	2620.507	0.01660156	10.23372	0.3411241	14.07296	
2649544166000	2640850038731	None	Pursuit	(218.36, 185.55)	(184.88, 174.80)	2620.507	0.03344727	5.373624	0.4944164	1.118063	
2649560833000	2640866705507	None	Pursuit	(217.74, 186.40)	(182.95, 174.47)	2620.507	0.05004883	24.0735	1.085195	317.6016	
2649577500000	2640883372297	None	Fixation	(217.04, 186.88)	(184.87, 173.56)	2619.257	1.31665	NaN	NaN	NaN	
2649594166000	2640900038461	None	Fixation	(216.96, 187.47)	(184.75, 174.17)	2619.257	1.333496	NaN	NaN	NaN	
2649610831000	2640916702868	None	Fixation	(216.67, 188.23)	(184.43, 172.60)	2619.257	1.350098	NaN	NaN	NaN	
2649627497000	2640933368699	None	Saccade	(216.07, 188.95)	(184.59, 171.40)	2620.607	0.01660156	14.88298	0.4960992	20.18928	
2649644166000	2640950037416	None	Fixation	(215.87, 189.51)	(184.42, 171.11)	2619.257	1.383301	NaN	NaN	NaN	
2649660832000	2640966703258	None	Saccade	(215.62, 190.24)	(184.93, 170.30)	2620.64	0.0168457	11.74714	0.3915713	45.19559	
2649677499000	2640983369996	None	Fixation	(215.17, 190.94)	(184.20, 171.09)	2619.257	1.416748	NaN	NaN	NaN	
2649694165000	2641000035781	None	Fixation	(214.87, 191.67)	(183.85, 169.50)	2619.257	1.43335	NaN	NaN	NaN	
2649710832000	2641016702563	None	Fixation	(214.95, 192.36)	(183.79, 169.00)	2619.257	1.449951	NaN	NaN	NaN	
2649727498000	2641033368370	None	Fixation	(214.60, 193.04)	(184.33, 167.88)	2619.257	1.466797	NaN	NaN	NaN	
2649744165000	2641050035109	None	Saccade	(214.20, 193.71)	(183.04, 167.55)	2620.724	0.01660156	16.449	0.5483	297.22	
2649760831000	2641066701288	None	Fixation	(213.59, 194.33)	(183.39, 166.87)	2619.257	1.5	NaN	NaN	NaN	
2649777498000	2641083368056	None	Fixation	(213.58, 194.94)	(183.43, 166.51)	2619.257	1.516602	NaN	NaN	NaN	
2649794164000	2641100033853	None	Fixation	(212.96, 195.58)	(183.28, 165.81)	2619.257	1.533447	NaN	NaN	NaN	
2649810831000	2641116700242	None	Fixation	(212.95, 196.36)	(183.26, 165.51)	2619.257	1.550049	NaN	NaN	NaN	
2649827498000	2641133367067	None	Fixation	(212.44, 196.89)	(183.38, 164.60)	2619.257	1.56665	NaN	NaN	NaN	
2649844161000	2641150029810	None	Fixation	(212.20, 197.50)	(183.18, 164.33)	2619.257	1.583252	NaN	NaN	NaN	
2649860828000	2641166696631	None	Fixation	(212.07, 198.28)	(183.63, 163.97)	2619.257	1.600098	NaN	NaN	NaN	
2649877496000	2641183364421	None	Fixation	(211.38, 198.74)	(182.85, 163.41)	2619.257	1.616699	NaN	NaN	NaN	
2649894163000	2641200031233	None	Fixation	(211.24, 199.22)	(183.00, 163.15)	2619.257	1.633301	NaN	NaN	NaN	
2649910829000	2641216696963	None	Fixation	(211.02, 199.61)	(183.39, 163.00)	2619.257	1.650146	NaN	NaN	NaN	
2649927496000	2641233363735	None	Fixation	(210.91, 200.12)	(183.48, 162.41)	2619.257	1.666748	NaN	NaN	NaN	
2649944163000	2641250030526	None	Fixation	(210.23, 200.74)	(183.34, 162.12)	2619.257	1.68335	NaN	NaN	NaN	
2649960829000	2641266696326	None	Fixation	(210.08, 200.98)	(183.52, 161.96)	2619.257	1.699951	NaN	NaN	NaN	
2649977494000	2641283361454	None	Fixation	(209.82, 201.34)	(183.47, 161.77)	2619.257	1.716797	NaN	NaN	NaN	
2649994160000	2641300026902	None	Fixation	(209.78, 201.56)	(183.58, 161.36)	2619.257	1.733398	NaN	NaN	NaN	
2650010828000	2641316695046	None	Fixation	(209.57, 201.55)	(183.65, 161.34)	2619.257	1.75	NaN	NaN	NaN	
2650027495000	2641333361812	None	Fixation	(209.59, 202.20)	(183.45, 160.93)	2619.257	1.766602	NaN	NaN	NaN	
2650044161000	2641350027211	None	Fixation	(209.19, 202.31)	(183.99, 161.75)	2619.257	1.783447	NaN	NaN	NaN	
2650060828000	2641366694017	None	Fixation	(209.59, 202.38)	(183.39, 160.96)	2619.257	1.800049	NaN	NaN	NaN	
2650077495000	2641383360804	None	Fixation	(209.41, 202.42)	(183.35, 160.34)	2619.257	1.81665	NaN	NaN	NaN	
2650094161000	2641400026660	None	Saccade	(212.17, 196.20)	(183.66, 165.08)	2621.074	0.01660156	83.72952	2.790984	190.0894	
2650110828000	2641416693357	None	Saccade	(218.49, 185.15)	(185.24, 177.59)	2621.074	0.03344727	156.4787	7.997792	194.7356	
2650127494000	2641433359746	None	Unknown	(218.53, 182.09)	(187.14, 182.00)	NaN	NaN	NaN	NaN	NaN	
2650144160000	2641450024920	None	Pursuit	(218.62, 182.71)	(185.19, 180.97)	2621.124	0.01660156	7.703085	0.2567695	338.7547	
2650160827000	2641466691725	None	Pursuit	(220.38, 181.58)	(186.43, 180.55)	2621.124	0.03344727	25.75052	0.7878488	241.6374	
2650177494000	2641483358493	None	Pursuit	(219.08, 181.83)	(186.89, 179.23)	2621.124	0.05004883	16.26969	0.2510178	231.7063	
2650194160000	2641500024357	None	Pursuit	(218.66, 181.44)	(186.86, 178.72)	2621.124	0.06665039	6.292061	1.349619	8.007412	
2650210827000	2641516691081	None	Fixation	(218.95, 180.96)	(185.89, 180.06)	2621.19	0.01660156	NaN	NaN	NaN	
2650227493000	2641533356847	None	Fixation	(219.27, 181.21)	(186.37, 179.44)	2621.19	0.03344727	NaN	NaN	NaN	
2650244160000	2641550023624	None	Fixation	(219.25, 181.12)	(186.42, 179.16)	2621.19	0.05004883	NaN	NaN	NaN	
2650260827000	2641566690420	None	Fixation	(218.91, 180.98)	(186.78, 178.83)	2621.19	0.06665039	NaN	NaN	NaN	
2650277491000	2641583354192	None	Fixation	(218.85, 180.61)	(186.54, 178.89)	2621.19	0.08325195	NaN	NaN	NaN	
2650294157000	2641600020046	None	Fixation	(219.07, 180.73)	(186.40, 179.14)	2621.19	0.1000977	NaN	NaN	NaN	
2650310826000	2641616688737	None	Fixation	(219.34, 180.62)	(186.52, 178.61)	2621.19	0.1166992	NaN	NaN	NaN	
2650327493000	2641633355556	None	Fixation	(219.30, 180.51)	(186.31, 178.58)	2621.19	0.1333008	NaN	NaN	NaN	
2650344158000	2641650020330	None	Fixation	(219.17, 180.49)	(186.07, 179.22)	2621.19	0.1499023	NaN	NaN	NaN	
2650360825000	2641666687390	None	Fixation	(219.14, 180.60)	(186.58, 179.93)	2621.19	0.166748	NaN	NaN	NaN	
2650377491000	2641683352874	None	Fixation	(219.40, 180.38)	(186.57, 178.55)	2621.19	0.1833496	NaN	NaN	NaN	
2650394158000	2641700019684	None	Fixation	(219.25, 180.56)	(186.64, 178.55)	2621.19	0.1999512	NaN	NaN	NaN	
2650410824000	2641716685446	None	Fixation	(219.25, 180.53)	(186.37, 179.45)	2621.19	0.2167969	NaN	NaN	NaN	
2650427491000	2641733352251	None	Fixation	(219.25, 180.38)	(184.35, 178.89)	2621.19	0.2333984	NaN	NaN	NaN	
2650444157000	2641750018023	None	Fixation	(219.20, 180.36)	(186.69, 178.81)	2621.19	0.25	NaN	NaN	NaN	
2650460824000	2641766684816	None	Fixation	(221.74, 180.43)	(184.16, 180.21)	2621.19	0.2666016	NaN	NaN	NaN	
2650477490000	2641783350645	None	Fixation	(221.16, 180.88)	(184.94, 179.42)	2621.19	0.2834473	NaN	NaN	NaN	
2650494157000	2641800017401	None	Fixation	(221.10, 180.64)	(183.21, 179.45)	2621.19	0.3000488	NaN	NaN	NaN	
2650510824000	2641816684138	None	Fixation	(221.86, 180.34)	(184.48, 180.32)	2621.19	0.3166504	NaN	NaN	NaN	
2650527490000	2641833349922	None	Fixation	(221.33, 180.35)	(183.81, 180.16)	2621.19	0.333252	NaN	NaN	NaN	
2650544157000	2641850016716	None	Fixation	(221.64, 180.29)	(184.58, 179.33)	2621.19	0.3500977	NaN	NaN	NaN	
2650560823000	2641866682524	None	Fixation	(221.35, 180.01)	(184.15, 180.09)	2621.19	0.3666992	NaN	NaN	NaN	
2650577490000	2641883349332	None	Fixation	(221.35, 180.17)	(181.79, 179.36)	2621.19	0.3833008	NaN	NaN	NaN	
2650594156000	2641900015125	None	Fixation	(221.28, 179.99)	(184.20, 180.33)	2621.19	0.3999023	NaN	NaN	NaN	
2650610823000	2641916681856	None	Fixation	(221.69, 180.17)	(182.55, 179.40)	2621.19	0.416748	NaN	NaN	NaN	
2650627489000	2641933347675	None	Fixation	(221.46, 180.14)	(184.88, 178.97)	2621.19	0.4333496	NaN	NaN	NaN	
2650644156000	2641950014412	None	Saccade	(221.37, 180.15)	(184.60, 180.42)	2621.624	0.01660156	18.16921	0.6056404	203.8884	
2650660822000	2641966680236	None	Fixation	(221.07, 180.13)	(185.39, 179.12)	2621.19	0.4667969	NaN	NaN	NaN	
2650677489000	2641983347072	None	Fixation	(220.97, 180.35)	(184.99, 178.99)	2621.19	0.4833984	NaN	NaN	NaN	
2650710822000	2642016680066	None	Blink	(215.11, 184.09)	(185.23, 187.57)	NaN	NaN	NaN	NaN	NaN	
2650727488000	2642033345693	None	Blink	(0.00, 0.00)	(0.00, 0.00)	NaN	NaN	NaN	NaN	NaN	
2650744155000	2642050012320	None	Blink	(0.00, 0.00)	(0.00, 0.00)	NaN	NaN	NaN	NaN	NaN	
2650760821000	2642066678100	None	Blink	(0.00, 0.00)	(0.00, 0.00)	NaN	NaN	NaN	NaN	NaN	
2650777488000	2642083345306	None	Blink	(0.00, 0.00)	(0.00, 0.00)	NaN	NaN	NaN	NaN	NaN	
2650794155000	2642100011711	None	Blink	(263.08, 197.05)	(0.00, 0.00)	NaN	NaN	NaN	NaN	NaN	
2650810821000	2642116677509	None	Blink	(0.00, 0.00)	(0.00, 0.00)	NaN	NaN	NaN	NaN	NaN	
2650827488000	2642133344250	None	Blink	(222.31, 183.88)	(170.76, 187.52)	NaN	NaN	NaN	NaN	NaN	
2650844154000	2642150010081	None	Blink	(216.25, 182.63)	(185.37, 182.89)	NaN	NaN	NaN	NaN	NaN	
2650844154000	2642150009850	None	Blink	(216.25, 182.63)	(185.37, 182.89)	NaN	NaN	NaN	NaN	NaN	
2650877487000	2642183342641	None	Blink	(215.05, 181.23)	(186.69, 181.06)	NaN	NaN	NaN	NaN	NaN	
2650877487000	2642183342406	None	Blink	(215.05, 181.23)	(186.69, 181.06)	NaN	NaN	NaN	NaN	NaN	
2650894154000	2642200009616	None	Blink	(217.39, 181.32)	(185.50, 180.53)	NaN	NaN	NaN	NaN	NaN	
2650910820000	2642216674967	None	Blink	(217.88, 181.54)	(187.18, 180.83)	NaN	NaN	NaN	NaN	NaN	
2650927487000	2642233341769	None	Blink	(217.96, 181.28)	(185.37, 180.11)	NaN	NaN	NaN	NaN	NaN	
2650944153000	2642250007555	None	Blink	(219.05, 181.38)	(184.54, 179.84)	NaN	NaN	NaN	NaN	NaN	
2650960820000	2642266674329	None	Blink	(218.71, 180.85)	(186.99, 180.14)	NaN	NaN	NaN	NaN	NaN	
2650977487000	2642283341121	None	Blink	(219.28, 180.94)	(187.17, 179.79)	NaN	NaN	NaN	NaN	NaN	
2650994153000	2642300006881	None	Fixation	(219.31, 180.85)	(186.84, 180.39)	2621.19	0.8000488	NaN	NaN	NaN	
2651010819000	2642316672926	None	Fixation	(219.20, 180.81)	(184.21, 179.66)	2621.19	0.8166504	NaN	NaN	NaN	
2651027486000	2642333339445	None	Fixation	(218.74, 180.49)	(187.04, 180.21)	2621.19	0.833252	NaN	NaN	NaN	
2651044153000	2642350006249	None	Fixation	(219.22, 180.70)	(186.78, 179.56)	2621.19	0.8500977	NaN	NaN	NaN	
2651060819000	2642366672029	None	Fixation	(219.35, 180.77)	(186.59, 180.59)	2621.19	0.8666992	NaN	NaN	NaN	
2651077486000	2642383338827	None	Fixation	(218.84, 180.42)	(186.73, 180.71)	2621.19	0.8833008	NaN	NaN	NaN	
2651094152000	2642400004669	None	Fixation	(218.96, 180.43)	(187.23, 178.95)	2621.19	0.8999023	NaN	NaN	NaN	
2651110819000	2642416671370	None	Fixation	(219.01, 180.38)	(186.75, 179.89)	2621.19	0.916748	NaN	NaN	NaN	
2651127485000	2642433337586	None	Fixation	(219.11, 180.62)	(186.79, 179.90)	2621.19	0.9333496	NaN	NaN	NaN	
2651144152000	2642450003942	None	Fixation	(219.35, 180.41)	(186.30, 179.37)	2621.19	0.9499512	NaN	NaN	NaN	
2651160818000	2642466670264	None	Fixation	(219.35, 180.59)	(186.59, 180.27)	2621.19	0.9667969	NaN	NaN	NaN	
2651177485000	2642483336962	None	Fixation	(218.87, 180.64)	(185.15, 179.57)	2621.19	0.9833984	NaN	NaN	NaN	
2651194151000	2642500002313	None	Fixation	(217.50, 182.00)	(187.41, 178.66)	2621.19	1	NaN	NaN	NaN	
2651210818000	2642516669061	None	Fixation	(217.56, 181.71)	(187.46, 178.60)	2621.19	1.016602	NaN	NaN	NaN	
2651227484000	2642533334867	None	Fixation	(217.60, 181.33)	(187.93, 179.02)	2621.19	1.033447	NaN	NaN	NaN	
2651244151000	2642550001640	None	Fixation	(217.71, 181.94)	(186.95, 178.76)	2621.19	1.050049	NaN	NaN	NaN	
2651260817000	2642566667439	None	Fixation	(217.65, 181.29)	(186.41, 179.30)	2621.19	1.06665	NaN	NaN	NaN	
2651277482000	2642583332550	None	Fixation	(217.63, 181.34)	(186.98, 178.68)	2621.19	1.083252	NaN	NaN	NaN	
2651294149000	2642599999315	None	Fixation	(217.63, 181.34)	(187.88, 178.57)	2621.19	1.100098	NaN	NaN	NaN	
2651310817000	2642616666834	None	Fixation	(217.68, 180.90)	(187.36, 178.69)	2621.19	1.116699	NaN	NaN	NaN	
2651344148000	2642649997594	None	Fixation	(217.54, 180.88)	(187.58, 179.13)	2621.19	1.149902	NaN	NaN	NaN	
2651344148000	2642649997669	None	Fixation	(217.54, 180.88)	(187.58, 179.13)	2621.19	1.149902	NaN	NaN	NaN	
2651360815000	2642666664502	None	Fixation	(217.70, 180.99)	(187.38, 178.88)	2621.19	1.166748	NaN	NaN	NaN	
2651377480000	2642683328901	None	Fixation	(217.78, 180.99)	(187.24, 178.68)	2621.19	1.18335	NaN	NaN	NaN	
2651394147000	2642699995749	None	Fixation	(217.38, 180.81)	(187.63, 178.97)	2621.19	1.199951	NaN	NaN	NaN	
2651410815000	2642716663466	None	Fixation	(217.46, 180.92)	(187.50, 179.35)	2621.19	1.216553	NaN	NaN	NaN	
2651427482000	2642733330275	None	Fixation	(217.45, 180.85)	(187.14, 178.94)	2621.19	1.233398	NaN	NaN	NaN	
2651444148000	2642749996099	None	Fixation	(217.57, 180.89)	(187.18, 178.91)	2621.19	1.25	NaN	NaN	NaN	
2651477480000	2642783327858	None	Fixation	(217.41, 180.77)	(187.44, 178.31)	2621.19	1.283447	NaN	NaN	NaN	
2651494146000	2642799993611	None	Fixation	(217.43, 180.73)	(187.49, 179.04)	2621.19	1.300049	NaN	NaN	NaN	
2651510814000	2642816661451	None	Fixation	(217.40, 180.68)	(187.31, 178.98)	2621.19	1.31665	NaN	NaN	NaN	
2651510814000	2642816661155	None	Fixation	(217.40, 180.68)	(187.31, 178.98)	2621.19	1.31665	NaN	NaN	NaN	
2651527481000	2642833328351	None	Fixation	(217.56, 180.81)	(187.90, 178.57)	2621.19	1.333252	NaN	NaN	NaN	
2651544148000	2642849995102	None	Fixation	(217.77, 180.79)	(187.88, 178.91)	2621.19	1.350098	NaN	NaN	NaN	
2651577481000	2642883327971	None	Fixation	(217.55, 180.84)	(187.56, 178.77)	2621.19	1.383301	NaN	NaN	NaN	
2651577481000	2642883327837	None	Fixation	(217.55, 180.84)	(187.56, 178.77)	2621.19	1.383301	NaN	NaN	NaN	
2651594147000	2642899993107	None	Fixation	(217.50, 180.76)	(187.05, 178.95)	2621.19	1.399902	NaN	NaN	NaN	
2651610812000	2642916658238	None	Fixation	(217.59, 180.72)	(187.48, 178.95)	2621.19	1.416748	NaN	NaN	NaN	
2651627478000	2642933323997	None	Fixation	(217.77, 180.75)	(188.14, 178.58)	2621.19	1.43335	NaN	NaN	NaN	
2651644147000	2642949992783	None	Fixation	(217.78, 180.51)	(187.57, 178.96)	2621.19	1.449951	NaN	NaN	NaN	
2651660813000	2642966658245	None	Fixation	(218.15, 180.86)	(187.39, 178.89)	2621.19	1.466553	NaN	NaN	NaN	
2651677480000	2642983325098	None	Fixation	(217.96, 180.80)	(187.30, 179.38)	2621.19	1.483398	NaN	NaN	NaN	
2651694146000	2642999990811	None	Fixation	(217.79, 180.76)	(187.49, 179.22)	2621.19	1.5	NaN	NaN	NaN	
2651710813000	2643016657560	None	Fixation	(219.54, 181.15)	(186.31, 179.24)	2621.19	1.516602	NaN	NaN	NaN	
2651744146000	2643049990368	None	Saccade	(220.71, 181.46)	(183.93, 179.95)	2622.724	0.01660156	10.83632	0.3612107	263.0627	
2651744146000	2643049990554	None	Saccade	(220.71, 181.46)	(183.93, 179.95)	2622.724	0.01660156	10.83632	0.3612107	263.0627	
2651760813000	2643066656941	None	Unknown	(220.46, 181.34)	(185.00, 179.33)	NaN	NaN	NaN	NaN	NaN	
2651777479000	2643083322706	None	Fixation	(220.61, 181.18)	(184.04, 179.94)	2622.757	0.01660156	NaN	NaN	NaN	
2651794146000	2643099989508	None	Fixation	(220.49, 181.47)	(184.38, 180.02)	2622.757	0.03344727	NaN	NaN	NaN	
2651810812000	2643116655729	None	Fixation	(220.88, 181.28)	(183.86, 179.69)	2622.757	0.05004883	NaN	NaN	NaN	
2651827478000	2643133321091	None	Fixation	(220.63, 181.15)	(184.41, 180.29)	2622.757	0.06665039	NaN	NaN	NaN	
2651844143000	2643149985908	None	Fixation	(220.92, 180.98)	(184.88, 179.32)	2622.757	0.08325195	NaN	NaN	NaN	
2651877477000	2643183319726	None	Fixation	(220.44, 180.83)	(184.66, 180.08)	2622.757	0.1166992	NaN	NaN	NaN	
2651877477000	2643183319420	None	Fixation	(220.44, 180.83)	(184.66, 180.08)	2622.757	0.1166992	NaN	NaN	NaN	
2651910810000	2643216652603	None	Fixation	(220.59, 181.00)	(184.77, 179.38)	2622.757	0.1499023	NaN	NaN	NaN	
2651910810000	2643216651961	None	Fixation	(220.59, 181.00)	(184.77, 179.38)	2622.757	0.1499023	NaN	NaN	NaN	
2651927477000	2643233319478	None	Fixation	(220.33, 180.71)	(182.71, 179.09)	2622.757	0.166748	NaN	NaN	NaN	
2651944143000	2643249984624	None	Fixation	(221.05, 180.76)	(184.60, 178.95)	2622.757	0.1833496	NaN	NaN	NaN	
2651960810000	2643266651439	None	Fixation	(220.90, 180.78)	(184.76, 179.31)	2622.757	0.1999512	NaN	NaN	NaN	
2651977476000	2643283317109	None	Fixation	(220.83, 180.68)	(184.48, 179.20)	2622.757	0.2167969	NaN	NaN	NaN	
2651994143000	2643299983919	None	Fixation	(220.90, 180.76)	(184.57, 179.44)	2622.757	0.2333984	NaN	NaN	NaN	
2652010810000	2643316650675	None	Fixation	(220.96, 180.57)	(184.51, 179.51)	2622.757	0.25	NaN	NaN	NaN	
2652044143000	2643349983603	None	Fixation	(220.81, 180.63)	(184.75, 179.03)	2622.757	0.2834473	NaN	NaN	NaN	
2652044143000	2643349983752	None	Fixation	(220.81, 180.63)	(184.75, 179.03)	2622.757	0.2834473	NaN	NaN	NaN	
2652077476000	2643383316138	None	Fixation	(220.87, 180.59)	(184.34, 180.14)	2622.757	0.3166504	NaN	NaN	NaN	
2652094142000	2643399982163	None	Fixation	(220.92, 180.49)	(184.30, 179.62)	2622.757	0.333252	NaN	NaN	NaN	
2652110809000	2643416648588	None	Fixation	(221.00, 180.62)	(184.28, 179.97)	2622.757	0.3500977	NaN	NaN	NaN	
2652110809000	2643416648406	None	Fixation	(221.00, 180.62)	(184.28, 179.97)	2622.757	0.3500977	NaN	NaN	NaN	
2652144142000	2643449981179	None	Fixation	(220.96, 180.54)	(184.12, 179.64)	2622.757	0.3833008	NaN	NaN	NaN	
2652144142000	2643449980998	None	Fixation	(220.96, 180.54)	(184.12, 179.64)	2622.757	0.3833008	NaN	NaN	NaN	
2652160808000	2643466647086	None	Fixation	(221.02, 180.61)	(184.74, 178.82)	2622.757	0.3999023	NaN	NaN	NaN	
2652194140000	2643499979111	None	Fixation	(220.94, 180.55)	(184.51, 178.73)	2622.757	0.4333496	NaN	NaN	NaN	
2652210807000	2643516645597	None	Fixation	(221.00, 180.64)	(184.05, 179.59)	2622.757	0.4499512	NaN	NaN	NaN	
2652227473000	2643533311094	None	Fixation	(221.16, 180.69)	(183.95, 179.26)	2622.757	0.4667969	NaN	NaN	NaN	
2652244138000	2643549975923	None	Fixation	(220.71, 181.10)	(184.50, 179.51)	2622.757	0.4833984	NaN	NaN	NaN	
2652244138000	2643549975717	None	Fixation	(220.71, 181.10)	(184.50, 179.51)	2622.757	0.4833984	NaN	NaN	NaN	
2652277473000	2643583310639	None	Fixation	(220.95, 180.97)	(184.18, 179.44)	2622.757	0.5166016	NaN	NaN	NaN	
2652277473000	2643583310223	None	Fixation	(220.95, 180.97)	(184.18, 179.44)	2622.757	0.5166016	NaN	NaN	NaN	
2652310806000	2643616643011	None	Fixation	(220.47, 180.95)	(184.77, 180.25)	2622.757	0.5500488	NaN	NaN	NaN	
2652310806000	2643616642820	None	Fixation	(220.47, 180.95)	(184.77, 180.25)	2622.757	0.5500488	NaN	NaN	NaN	
2652327472000	2643633308627	None	Fixation	(220.58, 180.83)	(183.93, 179.41)	2622.757	0.5666504	NaN	NaN	NaN	
2652344139000	2643649975517	None	Fixation	(220.61, 180.59)	(183.63, 179.44)	2622.757	0.583252	NaN	NaN	NaN	
2652360806000	2643666642162	None	Fixation	(220.75, 180.72)	(185.13, 178.78)	2622.757	0.6000977	NaN	NaN	NaN	
2652377471000	2643683307009	None	Fixation	(220.54, 180.80)	(183.23, 179.45)	2622.757	0.6166992	NaN	NaN	NaN	
2652410804000	2643716640204	None	Fixation	(220.88, 180.68)	(183.11, 179.44)	2622.757	0.6499023	NaN	NaN	NaN	
2652427471000	2643733306506	None	Fixation	(220.85, 180.77)	(184.68, 179.08)	2622.757	0.666748	NaN	NaN	NaN	
2652444137000	2643749972705	None	Fixation	(221.55, 180.98)	(184.45, 178.73)	2622.757	0.6833496	NaN	NaN	NaN	
2652444137000	2643749972534	None	Fixation	(221.55, 180.98)	(184.45, 178.73)	2622.757	0.6833496	NaN	NaN	NaN	
2652477470000	2643783304863	None	Fixation	(221.63, 181.38)	(183.61, 179.35)	2622.757	0.7167969	NaN	NaN	NaN	
2652494137000	2643799971676	None	Fixation	(222.22, 181.20)	(183.12, 180.47)	2622.757	0.7333984	NaN	NaN	NaN	
2652510802000	2643816636471	None	Fixation	(222.47, 181.18)	(182.50, 179.44)	2622.757	0.75	NaN	NaN	NaN	
2652510802000	2643816636190	None	Fixation	(222.47, 181.18)	(182.50, 179.44)	2622.757	0.75	NaN	NaN	NaN	
2652544136000	2643849970088	None	Fixation	(223.61, 181.75)	(181.02, 179.91)	2622.757	0.7834473	NaN	NaN	NaN	
2652544136000	2643849970248	None	Fixation	(223.61, 181.75)	(181.02, 179.91)	2622.757	0.7834473	NaN	NaN	NaN	
2652577469000	2643883303425	None	Saccade	(225.64, 182.79)	(178.80, 180.28)	2623.557	0.01660156	16.42242	0.5474142	294.6485	
2652594136000	2643899969300	None	Saccade	(226.42, 183.03)	(178.83, 179.64)	2623.574	0.01660156	10.0703	0.3356768	274.5721	
2652610803000	2643916636137	None	Pursuit	(226.88, 183.44)	(177.57, 180.07)	2623.574	0.03344727	7.525972	0.5741966	284.7296	
2652610803000	2643916635904	None	Pursuit	(226.88, 183.44)	(177.57, 180.07)	2623.574	0.03344727	7.525972	0.5741966	284.7296	
2652644134000	2643949966719	None	Saccade	(232.35, 185.77)	(170.98, 181.02)	2623.624	0.01660156	59.02234	2.498805	277.8443	
2652660800000	2643966632578	None	Pursuit	(235.35, 187.26)	(169.19, 183.35)	2623.624	0.03320313	41.18635	3.339744	282.2297	
2652677469000	2643983301269	None	Pursuit	(235.40, 187.22)	(167.95, 182.40)	2623.624	0.05004883	0.7746587	3.349478	281.8199	
2652694135000	2643999967043	None	Pursuit	(236.04, 187.22)	(167.93, 182.26)	2623.624	0.06665039	7.928743	3.591889	280.0806	
2652710802000	2644016633855	None	Pursuit	(237.21, 187.32)	(166.83, 182.37)	2623.624	0.08325195	14.49624	4.05301	277.9117	
2652727468000	2644033300023	None	Unknown	(237.40, 187.42)	(166.31, 182.98)	NaN	NaN	NaN	NaN	NaN	
2652744135000	2644049966434	None	Saccade	(237.72, 187.27)	(163.57, 181.75)	2623.724	0.01660156	36.911	1.230367	307.1163	
2652760801000	2644066632179	None	Pursuit	(237.81, 187.34)	(165.88, 182.42)	2623.724	0.03320313	29.62248	0.2861972	335.3062	
2652777468000	2644083298966	None	Fixation	(238.29, 187.40)	(165.29, 182.74)	2623.724	0.04980469	NaN	NaN	NaN	
2652777468000	2644083298796	None	Fixation	(238.29, 187.40)	(165.29, 182.74)	2623.724	0.04980469	NaN	NaN	NaN	
2652810801000	2644116631995	None	Fixation	(238.78, 187.75)	(164.32, 182.43)	2623.724	0.08325195	NaN	NaN	NaN	
2652810801000	2644116631301	None	Fixation	(238.78, 187.75)	(164.32, 182.43)	2623.724	0.08325195	NaN	NaN	NaN	
2652844134000	2644149964567	None	Fixation	(239.55, 187.94)	(163.69, 182.40)	2623.724	0.1164551	NaN	NaN	NaN	
2652860801000	2644166631301	None	Fixation	(239.93, 188.22)	(164.42, 181.46)	2623.724	0.1333008	NaN	NaN	NaN	
2652877467000	2644183296970	None	Fixation	(240.12, 188.35)	(163.67, 181.80)	2623.724	0.1499023	NaN	NaN	NaN	
2652894134000	2644199963452	None	Fixation	(240.44, 188.53)	(162.73, 182.57)	2623.724	0.1665039	NaN	NaN	NaN	
2652910799000	2644216628338	None	Fixation	(240.77, 188.69)	(162.60, 182.73)	2623.724	0.1831055	NaN	NaN	NaN	
2652910799000	2644216628278	None	Fixation	(240.77, 188.69)	(162.60, 182.73)	2623.724	0.1831055	NaN	NaN	NaN	
2652944132000	2644249960885	None	Fixation	(241.09, 188.68)	(161.77, 182.48)	2623.724	0.2165527	NaN	NaN	NaN	
2652960799000	2644266627586	None	Fixation	(241.54, 188.62)	(160.75, 181.60)	2623.724	0.2331543	NaN	NaN	NaN	
2652977465000	2644283293428	None	Fixation	(241.66, 188.63)	(161.25, 182.62)	2623.724	0.2497559	NaN	NaN	NaN	
2652994132000	2644299960141	None	Fixation	(241.85, 188.90)	(162.01, 181.43)	2623.724	0.2666016	NaN	NaN	NaN	
2653010798000	2644316625937	None	Fixation	(241.48, 188.67)	(161.65, 182.48)	2623.724	0.2832031	NaN	NaN	NaN	
2653027465000	2644333292814	None	Saccade	(230.98, 183.93)	(174.09, 181.41)	2624.007	0.01660156	141.6198	5.118998	99.6795	
2653044131000	2644349958522	None	Saccade	(218.60, 183.90)	(186.73, 183.55)	2624.007	0.03344727	152.2793	10.29257	97.11347	
2653060798000	2644366625288	None	Unknown	(214.69, 183.64)	(190.34, 182.43)	NaN	NaN	NaN	NaN	NaN	
2653077464000	2644383291494	None	Pursuit	(215.26, 182.66)	(190.17, 182.15)	2624.057	0.01660156	13.87306	0.4624355	197.385	
2653094131000	2644399957855	None	Pursuit	(214.98, 181.92)	(190.65, 180.12)	2624.057	0.03320313	9.808992	0.7145838	176.5228	
2653110798000	2644416624774	None	Pursuit	(214.95, 181.17)	(189.98, 179.25)	2624.057	0.05004883	9.193113	1.016272	172.9091	
2653110798000	2644416624461	None	Pursuit	(214.95, 181.17)	(189.98, 179.25)	2624.057	0.05004883	9.193113	1.016272	172.9091	
2653144131000	2644449957294	None	Fixation	(215.28, 180.73)	(189.63, 178.63)	2624.124	0.01660156	NaN	NaN	NaN	
2653160797000	2644466623093	None	Saccade	(215.56, 180.45)	(186.74, 177.99)	2624.14	0.01660156	36.4104	1.21368	295.4177	
2653177464000	2644483289840	None	Pursuit	(215.39, 180.37)	(189.78, 177.98)	2624.14	0.03344727	37.45506	0.271117	26.48285	
2653177464000	2644483289589	None	Pursuit	(215.39, 180.37)	(189.78, 177.98)	2624.14	0.03344727	37.45506	0.271117	26.48285	
2653210797000	2644516622359	None	Fixation	(214.85, 180.02)	(189.30, 178.56)	2624.124	0.08325195	NaN	NaN	NaN	
2653227463000	2644533288132	None	Fixation	(215.35, 180.23)	(189.16, 178.94)	2624.124	0.09985352	NaN	NaN	NaN	
2653244128000	2644549952925	None	Fixation	(215.17, 180.38)	(189.99, 178.34)	2624.124	0.1166992	NaN	NaN	NaN	
2653260794000	2644566618706	None	Fixation	(215.37, 180.22)	(189.58, 179.43)	2624.124	0.1333008	NaN	NaN	NaN	
2653277463000	2644583287564	None	Fixation	(215.50, 180.13)	(189.27, 178.19)	2624.124	0.1499023	NaN	NaN	NaN	
2653294130000	2644599954377	None	Fixation	(215.07, 180.03)	(189.81, 178.80)	2624.124	0.166748	NaN	NaN	NaN	
2653310796000	2644616620470	None	Fixation	(215.21, 180.01)	(187.64, 178.30)	2624.124	0.1833496	NaN	NaN	NaN	
2653327462000	2644633285818	None	Fixation	(215.17, 180.10)	(189.01, 178.87)	2624.124	0.1999512	NaN	NaN	NaN	
2653344129000	2644649952690	None	Fixation	(215.37, 179.99)	(189.29, 179.00)	2624.124	0.2165527	NaN	NaN	NaN	
2653360795000	2644666618459	None	Fixation	(215.21, 179.98)	(189.56, 178.51)	2624.124	0.2333984	NaN	NaN	NaN	
2653377462000	2644683285238	None	Fixation	(215.10, 179.94)	(188.80, 179.31)	2624.124	0.25	NaN	NaN	NaN	
2653394129000	2644699951954	None	Fixation	(215.05, 179.83)	(189.98, 178.30)	2624.124	0.2666016	NaN	NaN	NaN	
2653410792000	2644716614762	None	Fixation	(215.33, 180.07)	(189.60, 178.77)	2624.124	0.2832031	NaN	NaN	NaN	
2653427459000	2644733281536	None	Fixation	(215.24, 180.00)	(189.05, 179.72)	2624.124	0.3000488	NaN	NaN	NaN	
2653444127000	2644749949330	None	Fixation	(215.25, 180.01)	(189.06, 178.97)	2624.124	0.3166504	NaN	NaN	NaN	
2653460794000	2644766616153	None	Fixation	(215.02, 179.72)	(189.80, 178.61)	2624.124	0.333252	NaN	NaN	NaN	
2653477460000	2644783281987	None	Fixation	(215.49, 180.18)	(189.34, 178.83)	2624.124	0.3498535	NaN	NaN	NaN	
2653494127000	2644799948763	None	Fixation	(215.47, 179.87)	(189.72, 179.18)	2624.124	0.3666992	NaN	NaN	NaN	
2653510793000	2644816614546	None	Fixation	(215.34, 179.88)	(189.65, 179.39)	2624.124	0.3833008	NaN	NaN	NaN	
2653510793000	2644816614265	None	Fixation	(215.34, 179.88)	(189.65, 179.39)	2624.124	0.3833008	NaN	NaN	NaN	
2653544126000	2644849947049	None	Fixation	(215.15, 179.74)	(189.74, 178.75)	2624.124	0.416748	NaN	NaN	NaN	
2653560793000	2644866613874	None	Fixation	(215.42, 179.85)	(189.29, 178.54)	2624.124	0.4333496	NaN	NaN	NaN	
2653577460000	2644883280988	None	Fixation	(215.45, 179.97)	(189.57, 178.36)	2624.124	0.4499512	NaN	NaN	NaN	
2653577460000	2644883280429	None	Fixation	(215.45, 179.97)	(189.57, 178.36)	2624.124	0.4499512	NaN	NaN	NaN	
2653610793000	2644916613172	None	Fixation	(215.36, 179.83)	(189.18, 179.30)	2624.124	0.4833984	NaN	NaN	NaN	
2653627459000	2644933278932	None	Fixation	(215.34, 179.67)	(187.97, 178.80)	2624.124	0.5	NaN	NaN	NaN	
2653644126000	2644949945847	None	Fixation	(215.34, 179.75)	(188.09, 178.36)	2624.124	0.5166016	NaN	NaN	NaN	
2653660792000	2644966611532	None	Fixation	(215.37, 179.66)	(189.51, 178.43)	2624.124	0.5332031	NaN	NaN	NaN	
2653677459000	2644983278649	None	Fixation	(215.50, 179.73)	(189.66, 178.31)	2624.124	0.5500488	NaN	NaN	NaN	
2653694125000	2644999944103	None	Fixation	(215.47, 179.86)	(189.51, 178.95)	2624.124	0.5666504	NaN	NaN	NaN	
2653710791000	2645016609896	None	Fixation	(215.49, 179.88)	(188.95, 178.91)	2624.124	0.583252	NaN	NaN	NaN	
2653727458000	2645033276657	None	Fixation	(215.28, 179.91)	(189.52, 179.41)	2624.124	0.5998535	NaN	NaN	NaN	
2653727458000	2645033276483	None	Fixation	(215.28, 179.91)	(189.52, 179.41)	2624.124	0.5998535	NaN	NaN	NaN	
2653760791000	2645066609198	None	Fixation	(215.42, 179.81)	(189.57, 179.26)	2624.124	0.6333008	NaN	NaN	NaN	
2653777458000	2645083276030	None	Fixation	(215.62, 179.61)	(189.45, 179.31)	2624.124	0.6499023	NaN	NaN	NaN	
2653794124000	2645099941822	None	Fixation	(215.58, 179.59)	(189.25, 179.32)	2624.124	0.666748	NaN	NaN	NaN	
2653810789000	2645116606668	None	Fixation	(215.99, 179.60)	(187.36, 178.82)	2624.124	0.6833496	NaN	NaN	NaN	
2653827456000	2645133273366	None	Fixation	(215.83, 179.68)	(189.82, 178.25)	2624.124	0.6999512	NaN	NaN	NaN	
2653844122000	2645149939192	None	Fixation	(215.56, 179.59)	(188.35, 178.91)	2624.124	0.7165527	NaN	NaN	NaN	
2653860789000	2645166606312	None	Fixation	(215.83, 179.49)	(189.65, 179.56)	2624.124	0.7333984	NaN	NaN	NaN	
2653877457000	2645183273742	None	Fixation	(216.01, 179.51)	(189.85, 180.10)	2624.124	0.75	NaN	NaN	NaN	
2653894124000	2645199940904	None	Fixation	(215.81, 179.53)	(189.14, 179.61)	2624.124	0.7666016	NaN	NaN	NaN	
2653910790000	2645216606700	None	Fixation	(215.78, 179.66)	(188.77, 179.49)	2624.124	0.7832031	NaN	NaN	NaN	
2653927457000	2645233273098	None	Fixation	(215.97, 179.47)	(189.51, 179.58)	2624.124	0.8000488	NaN	NaN	NaN	
2653944123000	2645249939094	None	Fixation	(215.88, 179.49)	(189.00, 179.50)	2624.124	0.8166504	NaN	NaN	NaN	
2653960789000	2645266604637	None	Fixation	(215.73, 179.89)	(188.14, 178.95)	2624.124	0.833252	NaN	NaN	NaN	
2653977455000	2645283270462	None	Fixation	(215.81, 179.63)	(188.94, 179.38)	2624.124	0.8498535	NaN	NaN	NaN	
2653994122000	2645299937238	None	Fixation	(215.92, 179.58)	(189.70, 179.07)	2624.124	0.8666992	NaN	NaN	NaN	
2654010788000	2645316603103	None	Fixation	(215.91, 179.46)	(189.02, 179.79)	2624.124	0.8833008	NaN	NaN	NaN	
2654027455000	2645333269872	None	Fixation	(215.94, 179.50)	(189.34, 178.67)	2624.124	0.8999023	NaN	NaN	NaN	
2654044121000	2645349935597	None	Fixation	(215.94, 179.38)	(189.08, 179.87)	2624.124	0.916748	NaN	NaN	NaN	
2654060788000	2645366602406	None	Fixation	(216.12, 179.42)	(189.46, 178.85)	2624.124	0.9333496	NaN	NaN	NaN	
2654077453000	2645383267641	None	Fixation	(216.19, 179.41)	(189.59, 180.15)	2624.124	0.9499512	NaN	NaN	NaN	
2654094119000	2645399932906	None	Fixation	(216.05, 179.63)	(189.51, 179.07)	2624.124	0.9665527	NaN	NaN	NaN	
2654110787000	2645416600711	None	Fixation	(215.93, 179.42)	(189.60, 178.92)	2624.124	0.9833984	NaN	NaN	NaN	
2654127454000	2645433267475	None	Saccade	(217.92, 180.35)	(185.88, 178.90)	2625.107	0.01660156	45.78911	1.526304	283.3806	
2654144121000	2645449934324	None	Saccade	(219.92, 180.76)	(184.57, 180.08)	2625.124	0.01660156	25.11779	0.8372597	268.5365	
2654160787000	2645466600049	None	Pursuit	(219.58, 180.80)	(184.75, 180.09)	2625.124	0.03320313	4.117616	0.7073553	271.8359	
2654177454000	2645483266948	None	Pursuit	(219.96, 180.83)	(185.52, 179.33)	2625.124	0.05004883	4.617651	0.8597581	270.2511	
2654194120000	2645499933002	None	Unknown	(220.06, 180.64)	(184.72, 179.03)	NaN	NaN	NaN	NaN	NaN	
2654210786000	2645516598456	None	Fixation	(219.65, 180.81)	(184.00, 179.63)	2625.19	0.01660156	NaN	NaN	NaN	
2654227453000	2645533265178	None	Fixation	(219.59, 180.65)	(184.83, 179.20)	2625.19	0.03320313	NaN	NaN	NaN	
2654244120000	2645549932076	None	Fixation	(219.89, 180.39)	(184.68, 179.37)	2625.19	0.05004883	NaN	NaN	NaN	
2654260786000	2645566597752	None	Fixation	(219.79, 180.40)	(183.10, 179.10)	2625.19	0.06665039	NaN	NaN	NaN	
2654277453000	2645583264616	None	Fixation	(219.74, 180.48)	(185.43, 178.74)	2625.19	0.08325195	NaN	NaN	NaN	
2654294119000	2645599930686	None	Fixation	(219.48, 180.44)	(185.73, 178.51)	2625.19	0.1000977	NaN	NaN	NaN	
2654310786000	2645616597157	None	Fixation	(219.63, 180.22)	(185.95, 178.56)	2625.19	0.1166992	NaN	NaN	NaN	
2654327452000	2645633262893	None	Fixation	(219.41, 180.30)	(185.76, 178.86)	2625.19	0.1333008	NaN	NaN	NaN	
2654344119000	2645649929748	None	Fixation	(219.23, 180.43)	(185.92, 178.84)	2625.19	0.1499023	NaN	NaN	NaN	
2654360786000	2645666596542	None	Fixation	(219.01, 180.36)	(185.62, 179.38)	2625.19	0.166748	NaN	NaN	NaN	
2654377450000	2645683260281	None	Fixation	(219.26, 180.24)	(185.91, 178.66)	2625.19	0.1833496	NaN	NaN	NaN	
2654394117000	2645699927440	None	Fixation	(219.18, 180.40)	(186.09, 179.10)	2625.19	0.1999512	NaN	NaN	NaN	
2654410785000	2645716594827	None	Fixation	(219.12, 180.42)	(186.31, 178.78)	2625.19	0.2165527	NaN	NaN	NaN	
2654427452000	2645733261590	None	Fixation	(219.27, 180.37)	(185.48, 179.04)	2625.19	0.2333984	NaN	NaN	NaN	
2654444116000	2645749925398	None	Fixation	(218.60, 180.49)	(185.74, 179.40)	2625.19	0.25	NaN	NaN	NaN	
2654460785000	2645766594264	None	Fixation	(218.46, 180.67)	(185.13, 179.04)	2625.19	0.2666016	NaN	NaN	NaN	
2654477451000	2645783259960	None	Fixation	(218.43, 180.97)	(185.54, 178.89)	2625.19	0.2832031	NaN	NaN	NaN	
2654494118000	2645799926721	None	Fixation	(218.10, 181.29)	(184.33, 178.29)	2625.19	0.3000488	NaN	NaN	NaN	
2654510783000	2645816591598	None	Fixation	(217.86, 181.79)	(186.53, 177.94)	2625.19	0.3166504	NaN	NaN	NaN	
2654527450000	2645833258325	None	Fixation	(217.59, 182.31)	(186.27, 178.53)	2625.19	0.333252	NaN	NaN	NaN	
2654544116000	2645849924105	None	Saccade	(218.53, 182.83)	(182.98, 177.34)	2625.524	0.01660156	43.05328	1.435109	302.8589	
2654560783000	2645866591338	None	Pursuit	(219.94, 182.95)	(184.40, 179.56)	2625.524	0.03344727	32.40369	0.8753067	254.1862	
2654577449000	2645883257048	None	Pursuit	(219.11, 183.76)	(184.39, 177.46)	2625.524	0.05004883	25.88722	0.8869017	312.82	
2654594116000	2645899923715	None	Pursuit	(219.46, 184.47)	(181.51, 176.77)	2625.524	0.06665039	36.43621	2.08051	303.3394	
2654610783000	2645916590305	None	Pursuit	(219.11, 184.52)	(184.20, 175.98)	2625.524	0.08349609	34.44741	1.346728	333.9326	
2654627449000	2645933255997	None	Pursuit	(219.14, 185.46)	(184.29, 175.03)	2625.524	0.1000977	11.7216	1.648253	343.4996	
2654644115000	2645949921816	None	Pursuit	(218.98, 186.25)	(183.72, 174.69)	2625.524	0.1166992	8.178021	1.890045	339.4121	
2654660782000	2645966588688	None	Pursuit	(218.25, 186.84)	(183.84, 174.09)	2625.524	0.1333008	7.571874	2.074852	344.3873	
2654677449000	2645983255361	None	Fixation	(218.21, 187.38)	(182.55, 173.46)	2625.19	0.4833984	NaN	NaN	NaN	
2654694115000	2645999921165	None	Fixation	(218.45, 187.99)	(182.67, 173.26)	2625.19	0.5	NaN	NaN	NaN	
2654710782000	2646016587952	None	Fixation	(217.98, 188.88)	(182.68, 172.41)	2625.19	0.5166016	NaN	NaN	NaN	
2654710782000	2646016588268	None	Fixation	(217.98, 188.88)	(182.68, 172.41)	2625.19	0.5166016	NaN	NaN	NaN	
2654727448000	2646033253742	None	Fixation	(217.62, 189.47)	(183.10, 171.13)	2625.19	0.5332031	NaN	NaN	NaN	
2654760781000	2646066586323	None	Fixation	(216.90, 190.98)	(182.30, 170.73)	2625.19	0.5666504	NaN	NaN	NaN	
2654777448000	2646083253126	None	Fixation	(216.65, 191.53)	(182.13, 169.96)	2625.19	0.583252	NaN	NaN	NaN	
2654794114000	2646099918942	None	Fixation	(216.98, 192.18)	(181.58, 169.09)	2625.19	0.5998535	NaN	NaN	NaN	
2654810781000	2646116585732	None	Fixation	(216.17, 192.79)	(181.82, 168.55)	2625.19	0.6166992	NaN	NaN	NaN	
2654827447000	2646133251458	None	Saccade	(215.66, 194.92)	(181.51, 166.41)	2625.807	0.01660156	26.93719	0.8979065	2.633829	
2654844114000	2646149918277	None	Pursuit	(214.91, 194.72)	(181.19, 166.57)	2625.807	0.03320313	9.578687	0.9441841	20.17583	
2654860780000	2646166584083	None	Pursuit	(214.94, 195.67)	(181.92, 165.76)	2625.807	0.05004883	11.63517	1.28033	10.0815	
2654877447000	2646183250866	None	Unknown	(214.58, 196.10)	(181.69, 165.08)	NaN	NaN	NaN	NaN	NaN	
2654877447000	2646183250775	None	Unknown	(214.58, 196.10)	(181.69, 165.08)	NaN	NaN	NaN	NaN	NaN	
2654910780000	2646216583951	None	Fixation	(214.00, 197.39)	(180.90, 164.51)	2625.874	0.03320313	NaN	NaN	NaN	
2654910780000	2646216583851	None	Fixation	(214.00, 197.39)	(180.90, 164.51)	2625.874	0.03320313	NaN	NaN	NaN	
2654927447000	2646233250455	None	Fixation	(214.16, 197.68)	(181.79, 163.84)	2625.874	0.05004883	NaN	NaN	NaN	
2654944113000	2646249916498	None	Fixation	(213.48, 197.99)	(180.59, 163.26)	2625.874	0.06665039	NaN	NaN	NaN	
2654960779000	2646266581724	None	Fixation	(213.32, 198.81)	(181.69, 162.87)	2625.874	0.08325195	NaN	NaN	NaN	
2654977445000	2646283247481	None	Fixation	(213.65, 199.32)	(181.51, 162.43)	2625.874	0.09985352	NaN	NaN	NaN	
2654994112000	2646299914308	None	Fixation	(212.89, 199.88)	(181.02, 162.28)	2625.874	0.1166992	NaN	NaN	NaN	
2655010779000	2646316581151	None	Fixation	(212.37, 200.43)	(181.59, 161.35)	2625.874	0.1333008	NaN	NaN	NaN	
2655027445000	2646333246838	None	Fixation	(212.63, 200.89)	(180.87, 161.39)	2625.874	0.1499023	NaN	NaN	NaN	
2655044112000	2646349913621	None	Fixation	(212.22, 201.58)	(180.36, 160.76)	2625.874	0.1665039	NaN	NaN	NaN	
2655060779000	2646366580469	None	Fixation	(212.10, 201.87)	(180.79, 160.26)	2625.874	0.1833496	NaN	NaN	NaN	
2655077445000	2646383246231	None	Fixation	(212.02, 202.32)	(181.55, 159.70)	2625.874	0.1999512	NaN	NaN	NaN	
2655094112000	2646399912988	None	Fixation	(211.92, 202.56)	(180.49, 160.03)	2625.874	0.2165527	NaN	NaN	NaN	
2655110778000	2646416579268	None	Saccade	(213.98, 195.60)	(181.98, 164.88)	2626.09	0.0168457	89.37226	2.979075	179.7371	
2655127445000	2646433245632	None	Saccade	(217.00, 185.29)	(184.60, 175.61)	2626.09	0.03344727	132.1131	7.38284	180.8166	
2655144111000	2646449911379	None	Unknown	(216.06, 184.67)	(187.35, 176.24)	NaN	NaN	NaN	NaN	NaN	
2655160778000	2646466578109	None	Pursuit	(215.85, 185.09)	(184.87, 176.37)	2626.14	0.01660156	5.739453	0.1913151	13.38896	
2655177444000	2646483243914	None	Pursuit	(216.41, 183.70)	(188.19, 175.25)	2626.14	0.03344727	18.42861	0.4238019	186.9576	
2655194111000	2646499910706	None	Pursuit	(216.07, 184.32)	(187.74, 176.04)	2626.14	0.05004883	11.17251	0.1810204	75.42345	
2655210778000	2646516577583	None	Pursuit	(215.64, 184.34)	(185.43, 174.48)	2626.14	0.06665039	34.27677	1.068338	325.5748	
2655227444000	2646533243261	None	Pursuit	(216.13, 184.18)	(186.65, 175.70)	2626.14	0.08325195	21.23371	0.36225	321.0553	
2655244111000	2646549910378	None	Fixation	(216.19, 184.03)	(187.87, 174.37)	2626.19	0.05004883	NaN	NaN	NaN	
2655260777000	2646566575891	None	Fixation	(216.06, 183.98)	(187.44, 174.62)	2626.19	0.06665039	NaN	NaN	NaN	
2655277444000	2646583242620	None	Fixation	(215.96, 184.05)	(187.87, 174.44)	2626.19	0.08325195	NaN	NaN	NaN	
2655294110000	2646599908395	None	Fixation	(215.90, 183.83)	(186.92, 174.79)	2626.19	0.09985352	NaN	NaN	NaN	
2655310777000	2646616575223	None	Fixation	(216.22, 183.91)	(187.15, 174.36)	2626.19	0.1166992	NaN	NaN	NaN	
2655327443000	2646633240992	None	Fixation	(216.47, 183.82)	(186.83, 175.02)	2626.19	0.1333008	NaN	NaN	NaN	
2655344110000	2646649907775	None	Fixation	(216.25, 184.08)	(187.73, 173.95)	2626.19	0.1499023	NaN	NaN	NaN	
2655360776000	2646666573542	None	Fixation	(216.13, 183.64)	(186.94, 175.53)	2626.19	0.166748	NaN	NaN	NaN	
2655377443000	2646683240495	None	Fixation	(216.26, 183.81)	(186.74, 176.40)	2626.19	0.1833496	NaN	NaN	NaN	
2655394109000	2646699906124	None	Fixation	(216.16, 184.02)	(186.66, 175.90)	2626.19	0.1999512	NaN	NaN	NaN	
2655410776000	2646716572909	None	Fixation	(216.58, 184.11)	(187.22, 174.77)	2626.19	0.2165527	NaN	NaN	NaN	
2655427443000	2646733239681	None	Fixation	(216.18, 184.06)	(187.29, 174.82)	2626.19	0.2333984	NaN	NaN	NaN	
2655444109000	2646749905474	None	Fixation	(216.38, 183.85)	(186.70, 175.80)	2626.19	0.25	NaN	NaN	NaN	
2655460775000	2646766571261	None	Saccade	(219.41, 181.20)	(186.21, 178.87)	2626.44	0.01660156	49.53501	1.651167	209.0427	
2655477442000	2646783238113	None	Pursuit	(219.18, 181.81)	(186.24, 178.51)	2626.44	0.03320313	8.000123	1.420347	220.8945	
2655494109000	2646799904843	None	Pursuit	(219.07, 181.80)	(185.92, 177.97)	2626.44	0.05004883	1.300032	1.385936	219.8188	
2655510775000	2646816571153	None	Pursuit	(219.31, 181.66)	(185.56, 179.68)	2626.44	0.06665039	3.492777	1.501837	220.2573	
2655527442000	2646833237378	None	Unknown	(219.60, 181.73)	(185.97, 177.94)	NaN	NaN	NaN	NaN	NaN	
2655544107000	2646849902183	None	Saccade	(219.36, 181.47)	(183.16, 177.98)	2626.524	0.01660156	34.59234	1.153078	282.1681	
2655560774000	2646866569389	None	Fixation	(219.12, 181.24)	(186.09, 178.20)	2626.524	0.03344727	NaN	NaN	NaN	
2655577440000	2646883235126	None	Saccade	(219.44, 181.23)	(183.87, 178.25)	2626.557	0.01660156	27.20613	0.9068711	281.8035	
2655594107000	2646899901887	None	Fixation	(219.41, 181.30)	(185.71, 178.00)	2626.524	0.06665039	NaN	NaN	NaN	
2655610773000	2646916567399	None	Fixation	(219.05, 181.27)	(185.70, 178.22)	2626.524	0.08349609	NaN	NaN	NaN	
2655627440000	2646933234136	None	Fixation	(219.27, 181.23)	(185.81, 179.56)	2626.524	0.1000977	NaN	NaN	NaN	
2655644106000	2646949899899	None	Fixation	(219.44, 181.34)	(185.17, 178.88)	2626.524	0.1166992	NaN	NaN	NaN	
2655660773000	2646966566632	None	Fixation	(219.28, 181.22)	(185.64, 177.84)	2626.524	0.1333008	NaN	NaN	NaN	
2655677439000	2646983232530	None	Fixation	(219.34, 181.25)	(186.18, 177.58)	2626.524	0.1501465	NaN	NaN	NaN	
2655694106000	2646999899232	None	Fixation	(219.49, 181.26)	(184.87, 178.59)	2626.524	0.166748	NaN	NaN	NaN	
2655710773000	2647016566015	None	Fixation	(219.37, 180.97)	(186.37, 177.55)	2626.524	0.1833496	NaN	NaN	NaN	
2655727439000	2647033231791	None	Fixation	(219.38, 181.26)	(183.37, 177.79)	2626.524	0.1999512	NaN	NaN	NaN	
2655744105000	2647049897555	None	Saccade	(219.14, 181.06)	(182.66, 177.67)	2626.724	0.0168457	8.828542	0.2942847	292.735	
2655760772000	2647066564370	None	Pursuit	(219.44, 181.09)	(185.62, 178.31)	2626.724	0.03344727	37.2141	0.9465255	115.8895	
2655777439000	2647083231437	None	Pursuit	(219.12, 181.10)	(185.62, 177.72)	2626.724	0.05004883	7.173228	0.9232785	101.2643	
2655794105000	2647099896930	None	Pursuit	(219.52, 181.26)	(185.37, 178.73)	2626.724	0.06665039	12.76467	0.9081303	128.1164	
2655810772000	2647116564000	None	Fixation	(219.23, 181.00)	(184.19, 178.11)	2626.524	0.2834473	NaN	NaN	NaN	
2655827438000	2647133229817	None	Fixation	(219.56, 181.08)	(185.96, 177.54)	2626.524	0.3000488	NaN	NaN	NaN	
2655844105000	2647149896886	None	Fixation	(219.42, 181.11)	(185.14, 178.37)	2626.524	0.3166504	NaN	NaN	NaN	
2655860771000	2647166562478	None	Fixation	(219.39, 181.27)	(185.68, 177.70)	2626.524	0.3334961	NaN	NaN	NaN	
2655877438000	2647183229189	None	Fixation	(219.37, 181.09)	(182.83, 177.54)	2626.524	0.3500977	NaN	NaN	NaN	
2655894104000	2647199894973	None	Fixation	(219.21, 181.05)	(185.49, 178.55)	2626.524	0.3666992	NaN	NaN	NaN	
2655910771000	2647216561778	None	Fixation	(219.43, 181.08)	(186.21, 177.39)	2626.524	0.3833008	NaN	NaN	NaN	
2655927438000	2647233228578	None	Saccade	(219.25, 181.21)	(183.90, 177.84)	2626.907	0.0168457	28.95762	0.965254	271.8546	
2655944104000	2647249894372	None	Pursuit	(219.22, 181.04)	(185.73, 178.79)	2626.907	0.03344727	25.36707	0.6060905	211.8005	
2655960770000	2647266560373	None	Fixation	(219.29, 181.26)	(186.02, 177.42)	2626.524	0.4333496	NaN	NaN	NaN	
2655977435000	2647283224572	None	Fixation	(219.39, 181.18)	(185.01, 178.10)	2626.524	0.4499512	NaN	NaN	NaN	
2655994102000	2647299891348	None	Fixation	(219.08, 181.04)	(186.30, 176.83)	2626.524	0.4667969	NaN	NaN	NaN	
2656010770000	2647316559146	None	Fixation	(219.17, 181.20)	(186.05, 177.23)	2626.524	0.4833984	NaN	NaN	NaN	
2656027436000	2647333225398	None	Fixation	(219.28, 181.24)	(185.44, 178.03)	2626.524	0.5	NaN	NaN	NaN	
2656044101000	2647349890106	None	Fixation	(219.35, 181.15)	(185.77, 177.24)	2626.524	0.5166016	NaN	NaN	NaN	
2656060768000	2647366556486	None	Fixation	(219.31, 181.36)	(184.89, 178.20)	2626.524	0.5334473	NaN	NaN	NaN	
2656077436000	2647383224291	None	Fixation	(219.31, 181.30)	(186.16, 177.57)	2626.524	0.5500488	NaN	NaN	NaN	
2656094103000	2647399891073	None	Fixation	(219.19, 181.41)	(185.85, 177.52)	2626.524	0.5666504	NaN	NaN	NaN	
2656110766000	2647416553954	None	Fixation	(219.34, 181.19)	(185.78, 177.22)	2626.524	0.583252	NaN	NaN	NaN	
2656127433000	2647433220641	None	Fixation	(219.41, 181.13)	(183.27, 177.41)	2626.524	0.6000977	NaN	NaN	NaN	
2656144101000	2647449888639	None	Fixation	(219.48, 181.41)	(186.24, 177.14)	2626.524	0.6166992	NaN	NaN	NaN	
2656160768000	2647466555161	None	Fixation	(219.53, 181.21)	(185.93, 177.34)	2626.524	0.6333008	NaN	NaN	NaN	
2656177435000	2647483221989	None	Fixation	(219.49, 181.49)	(184.92, 178.18)	2626.524	0.6501465	NaN	NaN	NaN	
2656194101000	2647499888405	None	Fixation	(219.53, 181.42)	(185.78, 177.73)	2626.524	0.666748	NaN	NaN	NaN	
2656210767000	2647516553767	None	Saccade	(219.83, 181.12)	(182.57, 177.45)	2627.19	0.01660156	39.69852	1.323284	287.9655	
2656227434000	2647533220355	None	Fixation	(219.56, 181.42)	(185.18, 178.10)	2626.524	0.6999512	NaN	NaN	NaN	
2656244099000	2647549885460	None	Fixation	(219.56, 181.48)	(183.58, 177.76)	2626.524	0.7167969	NaN	NaN	NaN	
2656260767000	2647566553221	None	Fixation	(219.20, 181.55)	(185.39, 178.54)	2626.524	0.7333984	NaN	NaN	NaN	
2656277433000	2647583218782	None	Fixation	(219.45, 181.31)	(185.67, 177.50)	2626.524	0.75	NaN	NaN	NaN	
2656294100000	2647599885471	None	Fixation	(219.30, 181.29)	(185.56, 177.98)	2626.524	0.7666016	NaN	NaN	NaN	
2656310767000	2647616552268	None	Fixation	(219.38, 181.40)	(184.75, 177.91)	2626.524	0.7834473	NaN	NaN	NaN	
2656327433000	2647633218014	None	Fixation	(219.42, 181.43)	(184.50, 178.12)	2626.524	0.8000488	NaN	NaN	NaN	
2656344099000	2647649883830	None	Fixation	(219.39, 181.32)	(184.80, 177.76)	2626.524	0.8166504	NaN	NaN	NaN	
2656360765000	2647666549623	None	Fixation	(219.48, 181.47)	(183.35, 177.34)	2626.524	0.833252	NaN	NaN	NaN	
2656377432000	2647683216746	None	Fixation	(219.51, 181.42)	(183.38, 177.62)	2626.524	0.8500977	NaN	NaN	NaN	
2656394098000	2647699882562	None	Fixation	(219.34, 181.46)	(182.98, 177.45)	2626.524	0.8666992	NaN	NaN	NaN	
2656410763000	2647716547304	None	Fixation	(219.59, 181.30)	(183.84, 177.63)	2626.524	0.8833008	NaN	NaN	NaN	
2656427431000	2647733214767	None	Fixation	(219.51, 181.54)	(185.03, 177.19)	2626.524	0.9001465	NaN	NaN	NaN	
2656444098000	2647749881871	None	Fixation	(219.62, 181.38)	(185.03, 177.80)	2626.524	0.916748	NaN	NaN	NaN	
2656460764000	2647766548164	None	Fixation	(219.46, 181.53)	(185.17, 177.53)	2626.524	0.9333496	NaN	NaN	NaN	
2656477431000	2647783214170	None	Fixation	(219.35, 181.24)	(184.63, 177.84)	2626.524	0.9499512	NaN	NaN	NaN	
2656494097000	2647799879898	None	Fixation	(219.61, 181.39)	(184.96, 178.09)	2626.524	0.9667969	NaN	NaN	NaN	
2656510762000	2647816544666	None	Fixation	(219.13, 181.54)	(185.15, 178.13)	2626.524	0.9833984	NaN	NaN	NaN	
2656527429000	2647833211676	None	Fixation	(219.77, 181.51)	(184.57, 177.80)	2626.524	1	NaN	NaN	NaN	
2656544097000	2647849879571	None	Fixation	(219.48, 181.33)	(182.42, 176.63)	2626.524	1.016602	NaN	NaN	NaN	
2656560763000	2647866545592	None	Fixation	(220.23, 180.87)	(184.94, 178.34)	2626.524	1.033447	NaN	NaN	NaN	
2656577430000	2647883211825	None	Saccade	(223.16, 179.80)	(185.16, 180.67)	2627.557	0.01660156	38.31071	1.277024	212.3147	
2656594097000	2647899878630	None	Pursuit	(222.42, 180.03)	(183.71, 180.54)	2627.557	0.03320313	9.563238	0.9587865	236.0156	
2656610760000	2647916541398	None	Pursuit	(222.58, 179.87)	(184.06, 180.19)	2627.557	0.04980469	2.786624	1.045035	234.0417	
2656627427000	2647933208164	None	Unknown	(222.75, 179.93)	(183.37, 180.59)	NaN	NaN	NaN	NaN	NaN	
2656644095000	2647949875991	None	Fixation	(222.52, 179.79)	(183.41, 180.84)	2627.624	0.01660156	NaN	NaN	NaN	
2656660762000	2647966542730	None	Fixation	(222.39, 179.68)	(183.90, 180.02)	2627.624	0.03320313	NaN	NaN	NaN	
2656677428000	2647983208568	None	Fixation	(222.47, 179.71)	(183.78, 181.45)	2627.624	0.05004883	NaN	NaN	NaN	
2656694095000	2647999875318	None	Fixation	(222.70, 179.63)	(184.15, 180.04)	2627.624	0.06665039	NaN	NaN	NaN	
2656710761000	2648016541088	None	Fixation	(222.61, 179.72)	(184.06, 179.85)	2627.624	0.08325195	NaN	NaN	NaN	
2656727428000	2648033207905	None	Fixation	(222.57, 179.62)	(184.24, 179.74)	2627.624	0.09985352	NaN	NaN	NaN	
2656744094000	2648049873707	None	Fixation	(222.48, 179.33)	(184.07, 180.26)	2627.624	0.1166992	NaN	NaN	NaN	
2656760761000	2648066540467	None	Fixation	(222.47, 179.30)	(184.19, 179.87)	2627.624	0.1333008	NaN	NaN	NaN	
2656777427000	2648083206235	None	Fixation	(222.51, 179.53)	(184.02, 180.17)	2627.624	0.1499023	NaN	NaN	NaN	
2656794094000	2648099873025	None	Fixation	(222.62, 179.49)	(183.73, 180.36)	2627.624	0.1665039	NaN	NaN	NaN	
2656810760000	2648116538820	None	Fixation	(222.82, 179.39)	(184.26, 179.95)	2627.624	0.1833496	NaN	NaN	NaN	
2656827427000	2648133206296	None	Fixation	(222.65, 179.57)	(181.98, 180.24)	2627.624	0.1999512	NaN	NaN	NaN	
2656844094000	2648149872383	None	Fixation	(223.09, 179.82)	(183.89, 179.91)	2627.624	0.2165527	NaN	NaN	NaN	
2656860760000	2648166538171	None	Fixation	(222.82, 179.51)	(183.66, 180.16)	2627.624	0.2331543	NaN	NaN	NaN	
2656877427000	2648183205309	None	Fixation	(223.40, 179.40)	(182.94, 181.08)	2627.624	0.25	NaN	NaN	NaN	
2656894093000	2648199870723	None	Fixation	(223.68, 179.20)	(182.68, 181.35)	2627.624	0.2666016	NaN	NaN	NaN	
2656910760000	2648216537533	None	Fixation	(224.02, 179.24)	(182.96, 180.83)	2627.624	0.2832031	NaN	NaN	NaN	
2656927426000	2648233203776	None	Fixation	(224.23, 179.29)	(182.19, 181.70)	2627.624	0.3000488	NaN	NaN	NaN	
2656944091000	2648249868063	None	Fixation	(224.94, 179.21)	(181.26, 182.24)	2627.624	0.3166504	NaN	NaN	NaN	
2656960758000	2648266534860	None	Fixation	(225.58, 179.09)	(181.46, 181.94)	2627.624	0.333252	NaN	NaN	NaN	
2656977426000	2648283202665	None	Fixation	(226.03, 178.92)	(180.78, 182.82)	2627.624	0.3498535	NaN	NaN	NaN	
2656994092000	2648299868432	None	Fixation	(226.53, 179.26)	(181.07, 182.46)	2627.624	0.3666992	NaN	NaN	NaN	
2657010759000	2648316535239	None	Fixation	(226.76, 178.76)	(180.41, 184.72)	2627.624	0.3833008	NaN	NaN	NaN	
2657027425000	2648333201022	None	Saccade	(227.21, 178.74)	(179.69, 184.82)	2628.007	0.01660156	8.903867	0.2967955	275.1178	
2657044092000	2648349867806	None	Fixation	(228.39, 178.68)	(179.41, 184.07)	2627.624	0.4165039	NaN	NaN	NaN	
2657060758000	2648366533594	None	Fixation	(229.17, 178.72)	(178.60, 184.79)	2627.624	0.4333496	NaN	NaN	NaN	
2657077425000	2648383200605	None	Saccade	(232.72, 179.84)	(175.06, 186.02)	2628.057	0.01660156	45.83304	1.534304	269.1815	
2657094092000	2648399867150	None	Pursuit	(235.32, 180.18)	(172.94, 187.28)	2628.057	0.03320313	32.25324	2.593072	270.351	
2657110757000	2648416531929	None	Pursuit	(235.58, 179.82)	(172.51, 187.52)	2628.057	0.04980469	5.549679	2.669535	266.682	
2657127424000	2648433198738	None	Pursuit	(236.27, 179.50)	(171.61, 188.46)	2628.057	0.06665039	9.302056	2.930328	263.2457	
2657144090000	2648449864502	None	Pursuit	(237.50, 179.34)	(170.85, 188.77)	2628.057	0.08325195	15.31413	3.428378	261.2224	
2657160757000	2648466531311	None	Unknown	(238.01, 179.42)	(170.16, 188.91)	NaN	NaN	NaN	NaN	NaN	
2657177423000	2648483197085	None	Fixation	(238.48, 179.22)	(169.43, 189.57)	2628.157	0.0168457	NaN	NaN	NaN	
2657194090000	2648499863888	None	Fixation	(239.39, 178.87)	(169.11, 189.63)	2628.157	0.03344727	NaN	NaN	NaN	
2657210756000	2648516529630	None	Fixation	(239.61, 178.98)	(168.59, 190.11)	2628.157	0.05004883	NaN	NaN	NaN	
2657227423000	2648533196442	None	Fixation	(240.65, 178.67)	(167.79, 190.42)	2628.157	0.06665039	NaN	NaN	NaN	
2657244088000	2648549861227	None	Fixation	(240.71, 178.37)	(167.28, 190.94)	2628.157	0.08349609	NaN	NaN	NaN	
2657260754000	2648566526994	None	Fixation	(241.40, 178.45)	(167.02, 191.52)	2628.157	0.1000977	NaN	NaN	NaN	
2657277422000	2648583194799	None	Fixation	(241.66, 178.37)	(166.74, 192.32)	2628.157	0.1166992	NaN	NaN	NaN	
2657294089000	2648599861598	None	Fixation	(242.36, 178.18)	(166.59, 191.84)	2628.157	0.1333008	NaN	NaN	NaN	
2657310755000	2648616527355	None	Fixation	(243.12, 178.38)	(166.17, 192.82)	2628.157	0.1501465	NaN	NaN	NaN	
2657327422000	2648633194126	None	Fixation	(243.46, 178.24)	(165.43, 193.13)	2628.157	0.166748	NaN	NaN	NaN	
2657344087000	2648649859338	None	Fixation	(243.95, 178.22)	(165.24, 193.79)	2628.157	0.1833496	NaN	NaN	NaN	
2657360753000	2648666524738	None	Fixation	(244.42, 178.13)	(164.72, 193.57)	2628.157	0.1999512	NaN	NaN	NaN	
2657377422000	2648683193498	None	Fixation	(244.91, 178.06)	(164.33, 194.25)	2628.157	0.2167969	NaN	NaN	NaN	
2657394088000	2648699859263	None	Fixation	(244.91, 178.03)	(164.36, 194.05)	2628.157	0.2333984	NaN	NaN	NaN	
2657410753000	2648716524075	None	Fixation	(245.51, 178.06)	(163.86, 194.83)	2628.157	0.25	NaN	NaN	NaN	
2657427419000	2648733189839	None	Fixation	(245.79, 177.99)	(163.74, 195.84)	2628.157	0.2668457	NaN	NaN	NaN	
2657444088000	2648749858620	None	Fixation	(246.20, 178.01)	(163.41, 194.65)	2628.157	0.2834473	NaN	NaN	NaN	
2657460754000	2648766524423	None	Fixation	(244.63, 178.66)	(163.91, 193.08)	2628.157	0.3000488	NaN	NaN	NaN	
2657477419000	2648783189202	None	WinkRight	(230.89, 182.23)	(174.27, 184.62)	NaN	NaN	NaN	NaN	NaN	
2657494085000	2648799854982	None	WinkRight	(219.76, 186.41)	(184.48, 182.57)	NaN	NaN	NaN	NaN	NaN	
2657510754000	2648816523787	None	WinkRight	(217.10, 186.23)	(187.98, 180.83)	NaN	NaN	NaN	NaN	NaN	
2657527420000	2648833189598	None	WinkRight	(216.99, 185.90)	(187.43, 179.01)	NaN	NaN	NaN	NaN	NaN	
2657544087000	2648849856341	None	WinkRight	(216.06, 185.36)	(188.00, 177.84)	NaN	NaN	NaN	NaN	NaN	
2657560753000	2648866522135	None	WinkRight	(216.33, 184.27)	(187.28, 178.04)	NaN	NaN	NaN	NaN	NaN	
2657577420000	2648883188898	None	WinkRight	(216.92, 183.93)	(187.83, 177.03)	NaN	NaN	NaN	NaN	NaN	
2657594086000	2648899854703	None	Saccade	(216.99, 183.67)	(187.57, 176.79)	2628.457	0.1333008	345.4662	11.77834	67.60136	
2657610753000	2648916521488	None	Saccade	(216.80, 183.41)	(185.67, 176.76)	2628.457	0.1499023	3.964551	11.57542	66.73711	
2657627419000	2648933187274	None	Unknown	(216.27, 183.09)	(186.76, 177.62)	NaN	NaN	NaN	NaN	NaN	
2657644083000	2648949851446	None	Pursuit	(216.46, 182.93)	(187.13, 176.96)	2628.624	0.01660156	3.169672	0.1056557	216.3796	
2657660750000	2648966517855	None	Unknown	(216.71, 183.12)	(187.83, 176.52)	NaN	NaN	NaN	NaN	NaN	
2657677418000	2648983185622	None	Saccade	(212.90, 183.57)	(190.72, 176.13)	2628.657	0.0168457	47.24084	1.574695	82.73219	
2657694085000	2648999852414	None	Pursuit	(212.81, 183.72)	(191.12, 177.11)	2628.657	0.03344727	2.1098	1.619283	68.22794	
2657710751000	2649016518837	None	Pursuit	(213.10, 183.19)	(190.62, 176.24)	2628.657	0.05004883	7.443315	1.479709	75.82628	
2657727418000	2649033184983	None	Pursuit	(213.06, 183.29)	(190.60, 176.35)	2628.657	0.06665039	1.303614	1.499596	74.34015	
2657744084000	2649049850786	None	Fixation	(212.84, 182.95)	(190.82, 176.32)	2628.724	0.0168457	NaN	NaN	NaN	
2657760751000	2649066517547	None	Fixation	(212.82, 182.83)	(191.56, 176.36)	2628.74	0.01660156	NaN	NaN	NaN	
2657777417000	2649083183380	None	Fixation	(212.84, 182.77)	(191.47, 175.67)	2628.74	0.03320313	NaN	NaN	NaN	
2657794084000	2649099850499	None	Fixation	(212.83, 182.52)	(191.37, 175.46)	2628.74	0.04980469	NaN	NaN	NaN	
2657810750000	2649116515919	None	Fixation	(212.79, 182.53)	(191.01, 176.00)	2628.74	0.06665039	NaN	NaN	NaN	
2657827417000	2649133182666	None	Fixation	(212.81, 182.47)	(190.73, 176.31)	2628.74	0.08325195	NaN	NaN	NaN	
2657844083000	2649149848467	None	Fixation	(212.77, 182.78)	(190.72, 176.06)	2628.74	0.09985352	NaN	NaN	NaN	
2657860750000	2649166515279	None	Fixation	(212.59, 182.39)	(190.85, 175.97)	2628.74	0.1164551	NaN	NaN	NaN	
2657877416000	2649183181075	None	Fixation	(212.42, 182.61)	(190.61, 176.21)	2628.74	0.1333008	NaN	NaN	NaN	
2657894083000	2649199848216	None	Fixation	(212.64, 182.31)	(191.34, 175.86)	2628.74	0.1499023	NaN	NaN	NaN	
2657910750000	2649216514618	None	Fixation	(212.89, 182.46)	(190.91, 176.31)	2628.74	0.1665039	NaN	NaN	NaN	
2657927416000	2649233180400	None	Fixation	(212.63, 182.41)	(191.17, 175.78)	2628.74	0.1831055	NaN	NaN	NaN	
2657944083000	2649249847218	None	Fixation	(212.65, 182.30)	(190.46, 176.48)	2628.74	0.1999512	NaN	NaN	NaN	
2657960749000	2649266512962	None	Fixation	(212.85, 182.44)	(190.25, 176.31)	2628.74	0.2165527	NaN	NaN	NaN	
2657977416000	2649283179763	None	Saccade	(216.42, 181.43)	(187.69, 178.84)	2628.957	0.01660156	45.62482	1.520828	239.8224	
2657994082000	2649299845836	None	Pursuit	(219.98, 181.65)	(185.96, 179.92)	2628.957	0.03344727	25.03852	2.298942	242.9225	
2658010749000	2649316512347	None	Pursuit	(218.97, 181.37)	(185.56, 180.30)	2628.957	0.05004883	6.870643	2.527672	242.6476	
2658027415000	2649333178109	None	Pursuit	(219.54, 181.17)	(183.93, 180.03)	2629.007	0.01660156	7.484039	0.249468	236.9624	
2658044082000	2649349844914	None	Pursuit	(219.90, 181.23)	(184.93, 179.84)	2629.007	0.03320313	4.478528	0.3858234	248.2034	
2658060748000	2649366510708	None	Unknown	(219.69, 181.16)	(185.91, 179.48)	NaN	NaN	NaN	NaN	NaN	
2658077415000	2649383177509	None	Fixation	(219.21, 180.94)	(185.43, 179.63)	2629.057	0.01660156	NaN	NaN	NaN	
2658094081000	2649399843252	None	Fixation	(219.11, 180.44)	(186.09, 179.13)	2629.057	0.03320313	NaN	NaN	NaN	
2658110748000	2649416510241	None	Fixation	(219.86, 180.68)	(185.85, 178.98)	2629.057	0.04980469	NaN	NaN	NaN	
2658127414000	2649433176246	None	Fixation	(219.28, 180.84)	(185.49, 179.79)	2629.057	0.06665039	NaN	NaN	NaN	
2658144081000	2649449842597	None	Fixation	(219.24, 180.59)	(185.88, 179.22)	2629.057	0.08325195	NaN	NaN	NaN	
2658160748000	2649466509355	None	Fixation	(219.69, 180.42)	(185.61, 179.14)	2629.057	0.09985352	NaN	NaN	NaN	
2658177414000	2649483175224	None	Fixation	(219.50, 180.45)	(186.30, 178.88)	2629.057	0.1164551	NaN	NaN	NaN	
2658194081000	2649499841966	None	Blink	(219.54, 181.88)	(185.95, 181.01)	NaN	NaN	NaN	NaN	NaN	
2658227412000	2649533172751	None	Blink	(238.20, 203.37)	(0.00, 0.00)	NaN	NaN	NaN	NaN	NaN	
2658244079000	2649549839534	None	Blink	(0.00, 0.00)	(0.00, 0.00)	NaN	NaN	NaN	NaN	NaN	
2658260746000	2649566506330	None	Blink	(0.00, 0.00)	(0.00, 0.00)	NaN	NaN	NaN	NaN	NaN	
2658277412000	2649583172107	None	Blink	(0.00, 0.00)	(0.00, 0.00)	NaN	NaN	NaN	NaN	NaN	
2658294079000	2649599838894	None	Blink	(0.00, 0.00)	(0.00, 0.00)	NaN	NaN	NaN	NaN	NaN	
2658310745000	2649616504981	None	Blink	(0.00, 0.00)	(0.00, 0.00)	NaN	NaN	NaN	NaN	NaN	
2658327412000	2649633171455	None	Blink	(220.44, 185.06)	(0.00, 0.00)	NaN	NaN	NaN	NaN	NaN	
2658327412000	2649633171249	None	Blink	(220.44, 185.06)	(0.00, 0.00)	NaN	NaN	NaN	NaN	NaN	
2658344078000	2649649837064	None	Blink	(217.05, 183.35)	(187.39, 184.26)	NaN	NaN	NaN	NaN	NaN	
2658360745000	2649666503824	None	Blink	(215.20, 182.22)	(184.08, 181.70)	NaN	NaN	NaN	NaN	NaN	
2658377411000	2649683169750	None	Blink	(216.66, 182.51)	(186.33, 181.44)	NaN	NaN	NaN	NaN	NaN	
2658394078000	2649699836434	None	Blink	(216.63, 182.05)	(186.34, 181.24)	NaN	NaN	NaN	NaN	NaN	
2658410744000	2649716502170	None	Blink	(218.34, 182.23)	(184.96, 180.68)	NaN	NaN	NaN	NaN	NaN	
2658427411000	2649733168985	None	Blink	(218.03, 182.22)	(183.95, 180.38)	NaN	NaN	NaN	NaN	NaN	
2658444078000	2649749835755	None	Blink	(218.87, 181.89)	(184.68, 180.12)	NaN	NaN	NaN	NaN	NaN	
2658460744000	2649766502022	None	Blink	(218.67, 181.56)	(185.57, 180.37)	NaN	NaN	NaN	NaN	NaN	
2658477410000	2649783167318	None	Blink	(219.15, 181.67)	(185.97, 180.34)	NaN	NaN	NaN	NaN	NaN	
2658494077000	2649799834171	None	Fixation	(219.05, 181.26)	(183.59, 179.90)	2629.057	0.4333496	NaN	NaN	NaN	
2658510744000	2649816500880	None	Fixation	(219.34, 181.32)	(186.22, 179.28)	2629.057	0.4499512	NaN	NaN	NaN	
2658527410000	2649833166664	None	Fixation	(219.40, 181.23)	(185.71, 179.61)	2629.057	0.4665527	NaN	NaN	NaN	
2658544077000	2649849833446	None	Fixation	(219.50, 180.88)	(186.21, 179.49)	2629.057	0.4831543	NaN	NaN	NaN	
2658560743000	2649866499355	None	Fixation	(219.80, 181.14)	(185.60, 179.52)	2629.057	0.5	NaN	NaN	NaN	
2658577410000	2649883166060	None	Fixation	(219.54, 181.09)	(185.71, 179.35)	2629.057	0.5166016	NaN	NaN	NaN	
2658594076000	2649899831831	None	Fixation	(219.57, 181.06)	(185.53, 179.93)	2629.057	0.5332031	NaN	NaN	NaN	
2658610743000	2649916498601	None	Fixation	(219.99, 180.76)	(185.56, 179.29)	2629.057	0.5498047	NaN	NaN	NaN	
2658627409000	2649933164406	None	Fixation	(219.64, 181.10)	(183.60, 179.01)	2629.057	0.5666504	NaN	NaN	NaN	
2658644076000	2649949831162	None	Fixation	(219.92, 181.12)	(185.36, 179.72)	2629.057	0.583252	NaN	NaN	NaN	
2658660742000	2649966497296	None	Fixation	(220.14, 181.10)	(185.40, 180.04)	2629.057	0.5998535	NaN	NaN	NaN	
2658677409000	2649983163851	None	Fixation	(218.46, 181.47)	(186.28, 179.82)	2629.057	0.6164551	NaN	NaN	NaN	
2658694075000	2649999829536	None	Fixation	(217.67, 181.62)	(187.03, 180.02)	2629.057	0.6333008	NaN	NaN	NaN	
2658710742000	2650016496324	None	Fixation	(218.28, 181.19)	(187.34, 178.91)	2629.057	0.6499023	NaN	NaN	NaN	
2658727408000	2650033162117	None	Fixation	(218.20, 181.45)	(186.57, 179.41)	2629.057	0.6665039	NaN	NaN	NaN	
2658744074000	2650049827888	None	Fixation	(217.84, 181.15)	(187.07, 179.03)	2629.057	0.6833496	NaN	NaN	NaN	
2658760741000	2650066495047	None	Fixation	(218.08, 181.16)	(187.31, 178.58)	2629.057	0.6999512	NaN	NaN	NaN	
2658777405000	2650083158448	None	Fixation	(218.21, 181.10)	(187.28, 178.99)	2629.057	0.7165527	NaN	NaN	NaN	
2658794072000	2650099825229	None	Fixation	(218.35, 180.92)	(186.42, 179.08)	2629.057	0.7331543	NaN	NaN	NaN	
2658810740000	2650116493036	None	Fixation	(218.32, 180.83)	(186.70, 179.17)	2629.057	0.75	NaN	NaN	NaN	
2658827407000	2650133160083	None	Fixation	(218.40, 180.80)	(184.99, 178.99)	2629.057	0.7666016	NaN	NaN	NaN	
2658844073000	2650149826010	None	Fixation	(218.53, 180.69)	(186.44, 179.49)	2629.057	0.7832031	NaN	NaN	NaN	
2658860740000	2650166492669	None	Fixation	(218.62, 180.70)	(186.63, 178.67)	2629.057	0.7998047	NaN	NaN	NaN	
2658877406000	2650183158200	None	Fixation	(218.64, 180.75)	(186.35, 178.77)	2629.057	0.8166504	NaN	NaN	NaN	
2658894073000	2650199824943	None	Fixation	(218.65, 180.81)	(186.61, 178.61)	2629.057	0.833252	NaN	NaN	NaN	
2658910739000	2650216490739	None	Fixation	(218.95, 180.63)	(186.93, 178.14)	2629.057	0.8498535	NaN	NaN	NaN	
2658927406000	2650233157968	None	Fixation	(219.01, 180.69)	(187.08, 178.14)	2629.057	0.8664551	NaN	NaN	NaN	
2658944070000	2650249821657	None	Fixation	(218.95, 180.70)	(183.66, 178.47)	2629.057	0.8833008	NaN	NaN	NaN	
2658960739000	2650266490391	None	Fixation	(219.31, 180.44)	(186.77, 178.35)	2629.057	0.8999023	NaN	NaN	NaN	
2658977404000	2650283155207	None	Saccade	(218.58, 180.62)	(183.56, 178.29)	2629.957	0.01660156	39.59933	1.319978	284.2297	
2658994070000	2650299820687	None	Pursuit	(218.89, 180.57)	(184.05, 178.43)	2629.957	0.03344727	6.297617	1.118842	281.3963	
2659010739000	2650316489888	None	Fixation	(218.83, 180.50)	(184.40, 178.63)	2629.057	0.9499512	NaN	NaN	NaN	
2659027405000	2650333155257	None	Fixation	(218.59, 180.51)	(186.04, 178.37)	2629.057	0.9665527	NaN	NaN	NaN	
2659044072000	2650349822009	None	Saccade	(219.18, 180.66)	(186.49, 180.43)	2630.024	0.01660156	26.00728	0.8669094	180.6414	
2659060738000	2650366487826	None	Pursuit	(219.24, 180.70)	(186.50, 178.59)	2630.024	0.03344727	22.68439	0.2106627	128.4987	
2659077404000	2650383153703	None	Fixation	(218.90, 180.83)	(186.39, 178.34)	2629.057	1.016602	NaN	NaN	NaN	
2659094071000	2650399820396	None	Fixation	(218.89, 180.73)	(186.39, 178.61)	2629.057	1.033203	NaN	NaN	NaN	
2659110738000	2650416487185	None	Saccade	(218.78, 180.48)	(183.61, 178.58)	2630.09	0.01660156	34.18993	1.139665	283.5218	
2659127404000	2650433152931	None	Fixation	(218.79, 180.80)	(186.42, 178.39)	2629.057	1.06665	NaN	NaN	NaN	
2659144071000	2650449819721	None	Fixation	(218.51, 180.82)	(186.57, 178.33)	2629.057	1.083252	NaN	NaN	NaN	
2659160737000	2650466485546	None	Fixation	(218.72, 180.97)	(184.82, 179.06)	2629.057	1.099854	NaN	NaN	NaN	
2659177404000	2650483152313	None	Fixation	(218.44, 180.82)	(186.24, 178.57)	2629.057	1.116455	NaN	NaN	NaN	
2659194070000	2650499818433	None	Fixation	(218.73, 181.02)	(186.58, 179.35)	2629.057	1.133301	NaN	NaN	NaN	
2659210737000	2650516484850	None	Fixation	(218.58, 180.79)	(186.01, 178.84)	2629.057	1.149902	NaN	NaN	NaN	
2659227404000	2650533152108	None	Fixation	(218.76, 181.24)	(184.81, 178.74)	2629.057	1.166504	NaN	NaN	NaN	
2659244070000	2650549817460	None	Fixation	(218.97, 180.85)	(186.34, 178.59)	2629.057	1.18335	NaN	NaN	NaN	
2659260737000	2650566484231	None	Fixation	(218.99, 180.92)	(186.04, 178.80)	2629.057	1.199951	NaN	NaN	NaN	
2659277404000	2650583151045	None	Fixation	(218.99, 180.74)	(184.15, 178.64)	2629.057	1.216553	NaN	NaN	NaN	
2659294070000	2650599816850	None	Fixation	(218.94, 180.68)	(186.21, 178.54)	2629.057	1.233154	NaN	NaN	NaN	
2659310736000	2650616482561	None	Fixation	(219.13, 180.68)	(185.77, 179.04)	2629.057	1.25	NaN	NaN	NaN	
2659327403000	2650633149371	None	Fixation	(218.99, 180.71)	(186.60, 178.31)	2629.057	1.266602	NaN	NaN	NaN	
2659344069000	2650649815235	None	Fixation	(219.05, 180.70)	(186.35, 179.66)	2629.057	1.283203	NaN	NaN	NaN	
2659360736000	2650666482713	None	Fixation	(219.26, 180.55)	(183.63, 178.58)	2629.057	1.299805	NaN	NaN	NaN	
2659377402000	2650683147724	None	Saccade	(220.60, 180.90)	(182.63, 178.69)	2630.357	0.0168457	12.3255	0.41085	276.6741	
2659394069000	2650699814561	None	Pursuit	(220.33, 180.72)	(182.97, 178.96)	2630.357	0.03344727	5.317957	0.3117924	252.9722	
2659410735000	2650716480684	None	Pursuit	(220.25, 180.74)	(184.48, 179.10)	2630.357	0.05004883	18.64359	0.4099284	134.7335	
2659427402000	2650733147724	None	Fixation	(220.54, 180.82)	(184.70, 178.65)	2629.057	1.366455	NaN	NaN	NaN	
2659444068000	2650749813263	None	Fixation	(220.09, 180.72)	(185.16, 179.10)	2629.057	1.383301	NaN	NaN	NaN	
2659460735000	2650766479691	None	Fixation	(220.09, 180.81)	(184.14, 179.41)	2629.057	1.399902	NaN	NaN	NaN	
2659477401000	2650783145422	None	Fixation	(220.23, 180.99)	(185.02, 180.08)	2629.057	1.416504	NaN	NaN	NaN	
2659494068000	2650799812585	None	Fixation	(220.16, 180.76)	(184.78, 179.10)	2629.057	1.433105	NaN	NaN	NaN	
2659510734000	2650816478470	None	Fixation	(220.11, 180.82)	(184.85, 179.94)	2629.057	1.449951	NaN	NaN	NaN	
2659527401000	2650833144799	None	Fixation	(220.25, 180.84)	(183.70, 179.08)	2629.057	1.466553	NaN	NaN	NaN	
2659544066000	2650849809576	None	Fixation	(220.15, 180.69)	(185.46, 178.78)	2629.057	1.483154	NaN	NaN	NaN	
2659560732000	2650866475450	None	Fixation	(220.02, 181.02)	(185.27, 178.74)	2629.057	1.5	NaN	NaN	NaN	
2659577401000	2650883144147	None	Fixation	(220.39, 180.56)	(185.16, 179.08)	2629.057	1.516602	NaN	NaN	NaN	
2659594067000	2650899810104	None	Fixation	(220.02, 180.59)	(183.92, 179.24)	2629.057	1.533203	NaN	NaN	NaN	
2659610734000	2650916477080	None	Fixation	(220.28, 180.64)	(185.26, 178.33)	2629.057	1.549805	NaN	NaN	NaN	
2659627400000	2650933142526	None	Fixation	(220.24, 180.65)	(185.24, 178.32)	2629.057	1.56665	NaN	NaN	NaN	
2659644067000	2650949809282	None	Fixation	(220.10, 180.54)	(185.41, 178.91)	2629.057	1.583252	NaN	NaN	NaN	
2659660733000	2650966475176	None	Fixation	(219.93, 180.47)	(183.82, 179.04)	2629.057	1.599854	NaN	NaN	NaN	
2659677400000	2650983141889	None	Fixation	(219.89, 182.44)	(183.70, 177.74)	2629.057	1.616455	NaN	NaN	NaN	
2659694066000	2650999808121	None	Saccade	(219.88, 184.94)	(182.55, 175.99)	2630.674	0.0168457	30.80171	1.026724	343.6351	
2659710733000	2651016474446	None	Pursuit	(219.60, 184.22)	(183.21, 175.82)	2630.674	0.03344727	9.486115	0.7423931	356.5222	
2659727399000	2651033140229	None	Pursuit	(219.86, 183.97)	(183.07, 176.06)	2630.674	0.05004883	4.524851	0.6282715	348.2416	
2659744066000	2651049807026	None	Unknown	(219.85, 183.57)	(183.64, 177.41)	NaN	NaN	NaN	NaN	NaN	
2659760732000	2651066472883	None	Fixation	(220.06, 182.91)	(183.96, 176.85)	2630.74	0.0168457	NaN	NaN	NaN	
2659777399000	2651083139613	None	Fixation	(219.86, 182.61)	(184.23, 177.84)	2630.74	0.03344727	NaN	NaN	NaN	
2659794065000	2651099805497	None	Fixation	(220.13, 182.16)	(184.39, 177.79)	2630.74	0.05004883	NaN	NaN	NaN	
2659810732000	2651116472139	None	Fixation	(220.44, 181.70)	(184.56, 179.38)	2630.74	0.06689453	NaN	NaN	NaN	
2659827399000	2651133138950	None	Fixation	(219.84, 180.93)	(184.15, 179.01)	2630.74	0.08349609	NaN	NaN	NaN	
2659844065000	2651149804733	None	Fixation	(220.57, 180.66)	(184.76, 180.16)	2630.74	0.1000977	NaN	NaN	NaN	
2659860732000	2651166471525	None	Fixation	(220.50, 180.25)	(184.36, 180.51)	2630.74	0.1166992	NaN	NaN	NaN	
2659877398000	2651183137304	None	Saccade	(222.58, 175.85)	(186.23, 184.83)	2630.857	0.0168457	59.86915	1.995638	180.989	
2659894065000	2651199804163	None	Pursuit	(223.74, 175.01)	(186.73, 188.01)	2630.857	0.03344727	39.66836	3.227839	175.4642	
2659910730000	2651216469362	None	Pursuit	(223.22, 174.04)	(186.20, 188.29)	2630.89	0.01660156	13.47674	0.4492247	138.4481	
2659944063000	2651249801634	None	Pursuit	(224.06, 172.97)	(187.36, 189.63)	2630.857	0.08349609	7.589961	3.937766	174.8449	
2659944063000	2651249801429	None	Pursuit	(224.06, 172.97)	(187.36, 189.63)	2630.857	0.08349609	7.589961	3.937766	174.8449	
2659960730000	2651266468267	None	Fixation	(223.74, 172.08)	(187.04, 190.49)	2630.94	0.01660156	NaN	NaN	NaN	
2659977396000	2651283133978	None	Fixation	(223.98, 171.61)	(187.96, 190.77)	2630.94	0.03320313	NaN	NaN	NaN	
2660010729000	2651316467189	None	Fixation	(224.12, 170.39)	(187.65, 193.08)	2630.94	0.06665039	NaN	NaN	NaN	
2660010729000	2651316466590	None	Fixation	(224.12, 170.39)	(187.65, 193.08)	2630.94	0.06665039	NaN	NaN	NaN	
2660027396000	2651333133441	None	Fixation	(224.71, 170.10)	(188.61, 193.11)	2630.94	0.08325195	NaN	NaN	NaN	
2660044062000	2651349799139	None	Fixation	(224.69, 169.08)	(188.85, 194.10)	2630.94	0.09985352	NaN	NaN	NaN	
2660060729000	2651366466032	None	Fixation	(224.22, 168.35)	(188.70, 194.13)	2630.94	0.1166992	NaN	NaN	NaN	
2660077395000	2651383132097	None	Fixation	(224.37, 167.69)	(188.86, 194.93)	2630.94	0.1333008	NaN	NaN	NaN	
2660094062000	2651399798512	None	Fixation	(224.59, 167.59)	(189.37, 195.71)	2630.94	0.1499023	NaN	NaN	NaN	
2660110729000	2651416465361	None	Fixation	(224.66, 167.01)	(189.14, 196.02)	2630.94	0.1665039	NaN	NaN	NaN	
2660127395000	2651433131159	None	Fixation	(225.15, 166.56)	(189.69, 196.69)	2630.94	0.1833496	NaN	NaN	NaN	
2660144062000	2651449797895	None	Fixation	(225.13, 166.07)	(189.55, 197.32)	2630.94	0.1999512	NaN	NaN	NaN	
2660160728000	2651466463672	None	Fixation	(225.22, 165.55)	(189.83, 198.06)	2630.94	0.2165527	NaN	NaN	NaN	
2660177395000	2651483130427	None	Fixation	(225.12, 165.19)	(189.79, 199.51)	2630.94	0.2331543	NaN	NaN	NaN	
2660194061000	2651499796216	None	Fixation	(225.43, 164.71)	(190.19, 200.04)	2630.94	0.25	NaN	NaN	NaN	
2660210728000	2651516463016	None	Saccade	(225.64, 164.44)	(190.20, 200.88)	2631.19	0.01660156	10.32108	0.3440359	192.4017	
2660227394000	2651533128898	None	Fixation	(225.46, 164.06)	(190.30, 201.73)	2630.94	0.2832031	NaN	NaN	NaN	
2660244061000	2651549795665	None	Fixation	(225.53, 163.58)	(190.59, 201.16)	2630.94	0.2998047	NaN	NaN	NaN	
2660260727000	2651566461367	None	Fixation	(225.61, 163.20)	(190.45, 201.64)	2630.94	0.3166504	NaN	NaN	NaN	
2660277394000	2651583128171	None	Fixation	(225.59, 163.03)	(191.27, 201.93)	2630.94	0.333252	NaN	NaN	NaN	
2660294060000	2651599794015	None	Fixation	(225.83, 162.71)	(190.78, 202.18)	2630.94	0.3498535	NaN	NaN	NaN	
2660310727000	2651616460737	None	Fixation	(225.96, 162.73)	(190.86, 203.19)	2630.94	0.3666992	NaN	NaN	NaN	
2660344060000	2651649793626	None	Saccade	(224.45, 169.90)	(186.93, 191.35)	2631.324	0.01660156	91.79854	4.967634	354.957	
2660344060000	2651649793292	None	Saccade	(224.45, 169.90)	(186.93, 191.35)	2631.324	0.01660156	91.79854	4.967634	354.957	
2660360727000	2651666460082	None	Saccade	(220.63, 179.74)	(184.81, 183.58)	2631.324	0.03320313	129.7901	8.265443	179.1976	
2660377393000	2651683125858	None	Unknown	(221.54, 179.24)	(182.79, 182.98)	NaN	NaN	NaN	NaN	NaN	
2660394059000	2651699791713	None	Pursuit	(221.34, 179.78)	(184.14, 183.24)	2631.374	0.01660156	7.072278	0.2357426	7.382352	
2660410726000	2651716458449	None	Pursuit	(220.56, 179.39)	(184.62, 182.29)	2631.374	0.03320313	10.67469	0.4060015	68.04031	
2660427393000	2651733125234	None	Unknown	(220.35, 178.70)	(185.40, 183.22)	NaN	NaN	NaN	NaN	NaN	
2660444059000	2651749791070	None	Fixation	(220.57, 178.81)	(185.47, 182.17)	2631.424	0.0168457	NaN	NaN	NaN	
2660460726000	2651766457852	None	Fixation	(220.62, 178.96)	(185.65, 182.05)	2631.424	0.03344727	NaN	NaN	NaN	
2660477392000	2651783123989	None	Fixation	(220.49, 178.62)	(185.17, 182.06)	2631.424	0.05004883	NaN	NaN	NaN	
2660494059000	2651799790424	None	Fixation	(220.37, 178.36)	(185.18, 182.12)	2631.424	0.06665039	NaN	NaN	NaN	
2660510724000	2651816455167	None	Fixation	(220.78, 178.09)	(183.46, 181.86)	2631.424	0.08349609	NaN	NaN	NaN	
2660544056000	2651849787070	None	Fixation	(221.17, 178.33)	(185.28, 181.87)	2631.424	0.1166992	NaN	NaN	NaN	
2660544056000	2651849786733	None	Fixation	(221.17, 178.33)	(185.28, 181.87)	2631.424	0.1166992	NaN	NaN	NaN	
2660560723000	2651866453528	None	Fixation	(220.50, 178.26)	(185.86, 181.18)	2631.424	0.1335449	NaN	NaN	NaN	
2660577389000	2651883119296	None	Fixation	(220.48, 177.99)	(185.50, 181.61)	2631.424	0.1501465	NaN	NaN	NaN	
2660594056000	2651899786142	None	Saccade	(220.24, 180.73)	(184.09, 178.15)	2631.574	0.01660156	46.00385	1.533461	350.7127	
2660610722000	2651916451849	None	Saccade	(220.00, 180.75)	(184.35, 179.42)	2631.59	0.01660156	2.951399	0.09837997	73.55138	
2660627389000	2651933119076	None	Pursuit	(220.83, 180.62)	(184.24, 178.94)	2631.574	0.05004883	6.049122	1.212554	347.773	
2660644055000	2651949784420	None	Fixation	(220.34, 180.48)	(184.12, 179.18)	2631.624	0.01660156	NaN	NaN	NaN	
2660660722000	2651966451207	None	Fixation	(220.21, 180.65)	(184.28, 179.96)	2631.624	0.03320313	NaN	NaN	NaN	
2660677389000	2651983118396	None	Fixation	(220.37, 180.56)	(184.58, 179.14)	2631.624	0.04980469	NaN	NaN	NaN	
2660710721000	2652016449938	None	Fixation	(220.45, 180.76)	(183.57, 179.55)	2631.624	0.08325195	NaN	NaN	NaN	
2660710721000	2652016449612	None	Fixation	(220.45, 180.76)	(183.57, 179.55)	2631.624	0.08325195	NaN	NaN	NaN	
2660727388000	2652033116355	None	Fixation	(220.55, 180.57)	(184.24, 179.65)	2631.624	0.09985352	NaN	NaN	NaN	
2660744055000	2652049783214	None	Fixation	(219.86, 180.34)	(184.76, 178.85)	2631.624	0.1164551	NaN	NaN	NaN	
2660777388000	2652083116322	None	Fixation	(220.08, 180.36)	(184.48, 180.22)	2631.624	0.1499023	NaN	NaN	NaN	
2660777388000	2652083116015	None	Fixation	(220.08, 180.36)	(184.48, 180.22)	2631.624	0.1499023	NaN	NaN	NaN	
2660810721000	2652116448558	None	Fixation	(220.11, 180.55)	(184.57, 178.89)	2631.624	0.1833496	NaN	NaN	NaN	
2660810721000	2652116448349	None	Fixation	(220.11, 180.55)	(184.57, 178.89)	2631.624	0.1833496	NaN	NaN	NaN	
2660844054000	2652149781107	None	Saccade	(220.24, 180.67)	(182.61, 179.16)	2631.824	0.01660156	12.29686	0.4098953	105.1737	
2660844054000	2652149780940	None	Saccade	(220.24, 180.67)	(182.61, 179.16)	2631.824	0.01660156	12.29686	0.4098953	105.1737	
2660860720000	2652166446970	None	Fixation	(220.06, 180.55)	(184.03, 180.07)	2631.624	0.2331543	NaN	NaN	NaN	
2660877387000	2652183113690	None	Fixation	(219.92, 180.86)	(184.63, 179.14)	2631.624	0.25	NaN	NaN	NaN	
2660910720000	2652216446232	None	Fixation	(220.26, 180.60)	(184.53, 178.87)	2631.624	0.2832031	NaN	NaN	NaN	
2660910720000	2652216445990	None	Fixation	(220.26, 180.60)	(184.53, 178.87)	2631.624	0.2832031	NaN	NaN	NaN	
2660944053000	2652249778793	None	Fixation	(220.31, 180.52)	(184.21, 179.68)	2631.624	0.3166504	NaN	NaN	NaN	
2660944053000	2652249778622	None	Fixation	(220.31, 180.52)	(184.21, 179.68)	2631.624	0.3166504	NaN	NaN	NaN	
2660977386000	2652283111387	None	Fixation	(220.48, 180.41)	(183.63, 179.75)	2631.624	0.3498535	NaN	NaN	NaN	
2660977386000	2652283111179	None	Fixation	(220.48, 180.41)	(183.63, 179.75)	2631.624	0.3498535	NaN	NaN	NaN	
2661010719000	2652316443971	None	Fixation	(220.04, 180.76)	(183.81, 179.36)	2631.624	0.3833008	NaN	NaN	NaN	
2661010719000	2652316443722	None	Fixation	(220.04, 180.76)	(183.81, 179.36)	2631.624	0.3833008	NaN	NaN	NaN	
2661027386000	2652333110576	None	Fixation	(219.78, 181.13)	(184.85, 178.70)	2631.624	0.3999023	NaN	NaN	NaN	
2661044051000	2652349775358	None	Fixation	(219.77, 181.03)	(184.47, 178.91)	2631.624	0.4165039	NaN	NaN	NaN	
2661060718000	2652366442444	None	Fixation	(219.99, 180.79)	(184.32, 179.56)	2631.624	0.4331055	NaN	NaN	NaN	
2661094051000	2652399774919	None	Fixation	(219.84, 181.19)	(184.09, 180.09)	2631.624	0.4665527	NaN	NaN	NaN	
2661110717000	2652416440727	None	Fixation	(220.09, 181.05)	(183.04, 179.23)	2631.624	0.4831543	NaN	NaN	NaN	
2661110717000	2652416440402	None	Fixation	(220.09, 181.05)	(183.04, 179.23)	2631.624	0.4831543	NaN	NaN	NaN	
2661144050000	2652449773260	None	Fixation	(219.56, 180.89)	(184.07, 180.05)	2631.624	0.5166016	NaN	NaN	NaN	
2661144050000	2652449773026	None	Fixation	(219.56, 180.89)	(184.07, 180.05)	2631.624	0.5166016	NaN	NaN	NaN	
2661177383000	2652483105789	None	Fixation	(219.81, 180.75)	(184.73, 178.46)	2631.624	0.5498047	NaN	NaN	NaN	
2661177383000	2652483106154	None	Fixation	(219.81, 180.75)	(184.73, 178.46)	2631.624	0.5498047	NaN	NaN	NaN	
2661210716000	2652516438842	None	Fixation	(219.53, 180.77)	(184.69, 178.95)	2631.624	0.583252	NaN	NaN	NaN	
2661227383000	2652533105399	None	Fixation	(219.45, 180.37)	(184.14, 179.07)	2631.624	0.5998535	NaN	NaN	NaN	
2661244049000	2652549770977	None	Fixation	(219.68, 180.75)	(184.35, 179.03)	2631.624	0.6164551	NaN	NaN	NaN	
2661244049000	2652549770700	None	Fixation	(219.68, 180.75)	(184.35, 179.03)	2631.624	0.6164551	NaN	NaN	NaN	
2661277382000	2652583103573	None	Fixation	(219.85, 180.76)	(184.98, 178.54)	2631.624	0.6499023	NaN	NaN	NaN	
2661294049000	2652599770709	None	Fixation	(219.74, 180.74)	(182.57, 179.16)	2631.624	0.6665039	NaN	NaN	NaN	
2661310716000	2652616437517	None	Fixation	(219.97, 180.77)	(184.76, 178.88)	2631.624	0.6831055	NaN	NaN	NaN	
2661310716000	2652616437316	None	Fixation	(219.97, 180.77)	(184.76, 178.88)	2631.624	0.6831055	NaN	NaN	NaN	
2661344049000	2652649769726	None	Fixation	(220.10, 180.73)	(184.08, 179.59)	2631.624	0.7165527	NaN	NaN	NaN	
2661344049000	2652649769426	None	Fixation	(220.10, 180.73)	(184.08, 179.59)	2631.624	0.7165527	NaN	NaN	NaN	
2661360715000	2652666435798	None	Fixation	(219.59, 180.74)	(184.32, 179.24)	2631.624	0.7331543	NaN	NaN	NaN	
2661377382000	2652683103018	None	Fixation	(219.58, 180.55)	(184.77, 179.10)	2631.624	0.75	NaN	NaN	NaN	
2661410715000	2652716434808	None	Fixation	(219.92, 180.70)	(184.59, 179.26)	2631.624	0.7832031	NaN	NaN	NaN	
2661410715000	2652716434563	None	Fixation	(219.92, 180.70)	(184.59, 179.26)	2631.624	0.7832031	NaN	NaN	NaN	
2661444046000	2652749765376	None	Fixation	(219.83, 180.66)	(184.69, 180.28)	2631.624	0.8166504	NaN	NaN	NaN	
2661444046000	2652749765146	None	Fixation	(219.83, 180.66)	(184.69, 180.28)	2631.624	0.8166504	NaN	NaN	NaN	
2661477381000	2652783099985	None	Fixation	(219.88, 180.80)	(184.17, 179.73)	2631.624	0.8498535	NaN	NaN	NaN	
2661494047000	2652799766128	None	Fixation	(219.99, 180.95)	(184.45, 180.46)	2631.624	0.8664551	NaN	NaN	NaN	
2661510714000	2652816432579	None	Fixation	(219.88, 180.58)	(184.12, 180.38)	2631.624	0.8833008	NaN	NaN	NaN	
2661510714000	2652816432265	None	Fixation	(219.88, 180.58)	(184.12, 180.38)	2631.624	0.8833008	NaN	NaN	NaN	
2661544047000	2652849765099	None	Fixation	(220.13, 180.64)	(184.82, 179.11)	2631.624	0.9165039	NaN	NaN	NaN	
2661544047000	2652849764899	None	Fixation	(220.13, 180.64)	(184.82, 179.11)	2631.624	0.9165039	NaN	NaN	NaN	
2661560714000	2652866431660	None	Fixation	(219.87, 180.67)	(184.25, 179.83)	2631.624	0.9331055	NaN	NaN	NaN	
2661577379000	2652883096408	None	Fixation	(220.25, 180.66)	(184.56, 179.40)	2631.624	0.9499512	NaN	NaN	NaN	
2661610712000	2652916429300	None	Fixation	(220.05, 180.73)	(184.50, 179.28)	2631.624	0.9831543	NaN	NaN	NaN	
2661610712000	2652916429025	None	Fixation	(220.05, 180.73)	(184.50, 179.28)	2631.624	0.9831543	NaN	NaN	NaN	
2661644045000	2652949761815	None	Fixation	(220.44, 180.73)	(183.93, 179.76)	2631.624	1.016602	NaN	NaN	NaN	
2661644045000	2652949762227	None	Fixation	(220.44, 180.73)	(183.93, 179.76)	2631.624	1.016602	NaN	NaN	NaN	
2661677376000	2652983092697	None	Pursuit	(219.36, 181.35)	(184.30, 178.83)	2632.64	0.03320313	37.37055	0.4129444	34.54916	
2661694043000	2652999759139	None	Fixation	(219.91, 181.38)	(182.98, 178.88)	2631.624	1.06665	NaN	NaN	NaN	
2661710709000	2653016424990	None	Fixation	(220.81, 181.33)	(184.55, 178.27)	2631.624	1.083252	NaN	NaN	NaN	
2661727376000	2653033091701	None	Fixation	(219.79, 181.50)	(184.53, 178.56)	2631.624	1.099854	NaN	NaN	NaN	
2661744045000	2653049760579	None	Fixation	(220.05, 181.39)	(184.56, 178.59)	2631.624	1.116455	NaN	NaN	NaN	
2661760711000	2653066426288	None	Fixation	(219.94, 181.36)	(184.55, 178.49)	2631.624	1.133301	NaN	NaN	NaN	
2661777377000	2653083092090	None	Fixation	(219.90, 181.24)	(184.78, 178.72)	2631.624	1.149902	NaN	NaN	NaN	
2661777377000	2653083092183	None	Fixation	(219.90, 181.24)	(184.78, 178.72)	2631.624	1.149902	NaN	NaN	NaN	
2661810710000	2653116424690	None	Fixation	(220.35, 181.19)	(183.79, 179.21)	2631.624	1.183105	NaN	NaN	NaN	
2661827377000	2653133091689	None	Fixation	(220.21, 181.19)	(184.46, 178.45)	2631.624	1.199951	NaN	NaN	NaN	
2661844042000	2653149756329	None	Fixation	(220.12, 181.38)	(184.25, 178.36)	2631.624	1.216553	NaN	NaN	NaN	
2661860708000	2653166421977	None	Fixation	(219.97, 181.49)	(184.89, 178.44)	2631.624	1.233154	NaN	NaN	NaN	
2661877377000	2653183091261	None	Fixation	(219.90, 181.42)	(184.31, 178.27)	2631.624	1.25	NaN	NaN	NaN	
2661894043000	2653199756588	None	Fixation	(219.93, 181.29)	(184.01, 179.28)	2631.624	1.266602	NaN	NaN	NaN	
2661910708000	2653216421414	None	Fixation	(220.05, 181.14)	(184.43, 178.45)	2631.624	1.283203	NaN	NaN	NaN	
2661927374000	2653233087540	None	Fixation	(220.10, 181.32)	(184.44, 178.39)	2631.624	1.299805	NaN	NaN	NaN	
2661944041000	2653249754007	None	Fixation	(220.30, 181.22)	(183.73, 178.88)	2631.624	1.31665	NaN	NaN	NaN	
2661960709000	2653266422002	None	Fixation	(220.09, 181.28)	(184.39, 178.85)	2631.624	1.333252	NaN	NaN	NaN	
2661977374000	2653283086576	None	Fixation	(220.49, 181.43)	(184.20, 179.19)	2631.624	1.349854	NaN	NaN	NaN	
2661994042000	2653299754728	None	Fixation	(219.96, 181.39)	(184.54, 178.34)	2631.624	1.366455	NaN	NaN	NaN	
2662010709000	2653316421138	None	Fixation	(220.00, 181.17)	(184.16, 178.91)	2631.624	1.383301	NaN	NaN	NaN	
2662027375000	2653333086878	None	Fixation	(220.18, 181.27)	(183.39, 178.46)	2631.624	1.399902	NaN	NaN	NaN	
2662044042000	2653349753679	None	Fixation	(219.99, 181.17)	(184.47, 178.64)	2631.624	1.416504	NaN	NaN	NaN	
2662060708000	2653366419399	None	Fixation	(220.25, 181.13)	(184.53, 178.22)	2631.624	1.433105	NaN	NaN	NaN	
2662077375000	2653383086222	None	Fixation	(220.40, 181.40)	(184.62, 178.68)	2631.624	1.449951	NaN	NaN	NaN	
2662094042000	2653399753101	None	Fixation	(220.01, 181.58)	(184.22, 178.53)	2631.624	1.466553	NaN	NaN	NaN	
2662110706000	2653416416898	None	Fixation	(220.34, 181.44)	(184.14, 179.17)	2631.624	1.483154	NaN	NaN	NaN	
2662127373000	2653433083943	None	Fixation	(220.25, 181.28)	(184.32, 179.18)	2631.624	1.5	NaN	NaN	NaN	
2662144040000	2653449750901	None	Fixation	(220.27, 181.27)	(182.68, 178.65)	2631.624	1.516602	NaN	NaN	NaN	
2662160707000	2653466417714	None	Fixation	(220.31, 181.37)	(184.00, 178.45)	2631.624	1.533203	NaN	NaN	NaN	
2662177373000	2653483083032	None	Fixation	(220.12, 181.39)	(184.78, 178.10)	2631.624	1.549805	NaN	NaN	NaN	
2662194040000	2653499749701	None	Fixation	(220.42, 181.32)	(181.40, 178.01)	2631.624	1.56665	NaN	NaN	NaN	
2662210706000	2653516415573	None	Fixation	(220.20, 181.54)	(184.09, 178.84)	2631.624	1.583252	NaN	NaN	NaN	
2662227373000	2653533082777	None	Fixation	(220.05, 181.29)	(182.59, 178.64)	2631.624	1.599854	NaN	NaN	NaN	
2662244037000	2653549746422	None	Fixation	(220.16, 181.40)	(183.98, 178.97)	2631.624	1.616455	NaN	NaN	NaN	
2662260704000	2653566413175	None	Fixation	(220.42, 181.44)	(182.05, 178.54)	2631.624	1.633301	NaN	NaN	NaN	
2662277372000	2653583080716	None	Fixation	(220.81, 181.16)	(184.42, 179.90)	2631.624	1.649902	NaN	NaN	NaN	
2662294039000	2653599747423	None	Fixation	(220.23, 181.60)	(184.17, 178.87)	2631.624	1.666504	NaN	NaN	NaN	
2662310705000	2653616413307	None	Fixation	(220.43, 181.19)	(184.44, 178.31)	2631.624	1.683105	NaN	NaN	NaN	
2662310705000	2653616413110	None	Fixation	(220.43, 181.19)	(184.44, 178.31)	2631.624	1.683105	NaN	NaN	NaN	
2662344038000	2653649745804	None	Fixation	(220.58, 181.42)	(184.03, 179.24)	2631.624	1.716553	NaN	NaN	NaN	
2662360705000	2653666412670	None	Fixation	(220.37, 181.28)	(184.16, 178.19)	2631.624	1.733154	NaN	NaN	NaN	
2662377371000	2653683078396	None	Fixation	(220.55, 181.18)	(183.82, 178.80)	2631.624	1.75	NaN	NaN	NaN	
2662394038000	2653699745153	None	Fixation	(220.47, 181.16)	(184.54, 179.74)	2631.624	1.766602	NaN	NaN	NaN	
2662410705000	2653716412014	None	Fixation	(220.42, 181.15)	(181.81, 178.59)	2631.624	1.783203	NaN	NaN	NaN	
2662427371000	2653733077784	None	Fixation	(220.67, 181.39)	(184.37, 178.08)	2631.624	1.799805	NaN	NaN	NaN	
2662444036000	2653749742532	None	Fixation	(220.50, 181.10)	(184.20, 178.23)	2631.624	1.81665	NaN	NaN	NaN	
2662460702000	2653766408315	None	Fixation	(220.72, 181.08)	(184.59, 178.31)	2631.624	1.833252	NaN	NaN	NaN	
2662477371000	2653783077184	None	Fixation	(220.84, 181.24)	(183.93, 180.14)	2631.624	1.849854	NaN	NaN	NaN	
2662494037000	2653799742872	None	Fixation	(220.51, 180.92)	(183.60, 179.27)	2631.624	1.866455	NaN	NaN	NaN	
2662510704000	2653816409956	None	Fixation	(221.16, 180.93)	(184.00, 179.95)	2631.624	1.883301	NaN	NaN	NaN	
2662527370000	2653833075434	None	Fixation	(221.00, 180.96)	(183.95, 179.51)	2631.624	1.899902	NaN	NaN	NaN	
2662544037000	2653849742229	None	Fixation	(221.36, 180.91)	(183.60, 178.83)	2631.624	1.916504	NaN	NaN	NaN	
2662544037000	2653849742373	None	Fixation	(221.36, 180.91)	(183.60, 178.83)	2631.624	1.916504	NaN	NaN	NaN	
2662577370000	2653883075051	None	Fixation	(221.60, 180.55)	(183.05, 179.75)	2631.624	1.949951	NaN	NaN	NaN	
2662594036000	2653899741054	None	Fixation	(222.30, 180.43)	(180.84, 179.89)	2631.624	1.966553	NaN	NaN	NaN	
2662610703000	2653916407700	None	Fixation	(222.47, 180.25)	(182.41, 180.80)	2631.624	1.983154	NaN	NaN	NaN	
2662627370000	2653933074259	None	Fixation	(222.29, 179.58)	(183.11, 180.45)	2631.624	2	NaN	NaN	NaN	
2662644036000	2653949740035	None	Fixation	(223.72, 179.50)	(182.52, 182.16)	2631.624	2.016602	NaN	NaN	NaN	
2662660703000	2653966406739	None	Fixation	(223.99, 179.28)	(181.78, 182.69)	2631.624	2.033203	NaN	NaN	NaN	
2662677369000	2653983072594	None	Fixation	(224.82, 179.02)	(181.70, 182.65)	2631.624	2.049805	NaN	NaN	NaN	
2662694036000	2653999739371	None	Saccade	(228.38, 176.85)	(180.68, 186.31)	2633.674	0.0168457	51.31882	1.710627	217.0987	
2662710701000	2654016404123	None	Pursuit	(232.87, 176.04)	(177.65, 191.45)	2633.674	0.03344727	56.15275	3.52099	236.7308	
2662727368000	2654033070884	None	Pursuit	(232.30, 175.49)	(177.17, 191.15)	2633.674	0.05004883	9.800688	3.389447	231.7696	
2662744035000	2654049737710	None	Pursuit	(233.16, 175.26)	(176.60, 191.64)	2633.674	0.06665039	11.01896	3.751784	232.7364	
2662760701000	2654066403537	None	Pursuit	(234.27, 174.88)	(175.33, 192.76)	2633.674	0.08349609	14.38019	4.229059	233.3755	
2662777367000	2654083069267	None	Unknown	(234.87, 174.60)	(176.25, 192.44)	NaN	NaN	NaN	NaN	NaN	
2662794034000	2654099736004	None	Fixation	(234.99, 173.95)	(175.51, 194.32)	2633.774	0.01660156	NaN	NaN	NaN	
2662810700000	2654116401867	None	Fixation	(235.65, 173.45)	(175.18, 194.31)	2633.774	0.03320313	NaN	NaN	NaN	
2662827367000	2654133068653	None	Fixation	(235.98, 173.09)	(174.68, 195.14)	2633.774	0.05004883	NaN	NaN	NaN	
2662844031000	2654149732432	None	Fixation	(236.87, 173.03)	(174.87, 194.88)	2633.774	0.06665039	NaN	NaN	NaN	
2662860698000	2654166399242	None	Fixation	(237.45, 172.72)	(175.59, 195.26)	2633.774	0.08325195	NaN	NaN	NaN	
2662877366000	2654183066980	None	Fixation	(238.05, 172.40)	(174.93, 195.95)	2633.774	0.09985352	NaN	NaN	NaN	
2662894033000	2654199733745	None	Saccade	(238.53, 171.87)	(173.40, 198.20)	2633.874	0.0168457	33.50785	1.116928	227.3242	
2662910700000	2654216400555	None	Pursuit	(238.98, 171.54)	(172.97, 198.70)	2633.874	0.03344727	8.052319	1.383977	228.5689	
2662927366000	2654233066347	None	Pursuit	(239.69, 171.35)	(172.07, 199.13)	2633.874	0.05004883	12.22102	1.752176	234.985	
2662944033000	2654249733107	None	Pursuit	(240.18, 171.25)	(172.29, 199.86)	2633.874	0.06689453	9.368182	1.935669	227.1178	
2662960699000	2654266399151	None	Fixation	(240.27, 170.85)	(171.97, 200.34)	2633.774	0.1833496	NaN	NaN	NaN	
2662977364000	2654283064217	None	Fixation	(241.02, 170.77)	(171.79, 201.01)	2633.774	0.1999512	NaN	NaN	NaN	
2662994030000	2654299729537	None	Fixation	(241.43, 170.66)	(171.14, 201.47)	2633.774	0.2165527	NaN	NaN	NaN	
2663010699000	2654316398278	None	Fixation	(241.74, 170.39)	(171.10, 202.13)	2633.774	0.2333984	NaN	NaN	NaN	
2663027365000	2654333064081	None	Fixation	(242.06, 170.25)	(170.87, 202.02)	2633.774	0.25	NaN	NaN	NaN	
2663044032000	2654349730826	None	Fixation	(242.69, 169.84)	(170.78, 202.77)	2633.774	0.2666016	NaN	NaN	NaN	
2663060698000	2654366397198	None	Fixation	(242.75, 169.79)	(170.61, 203.07)	2633.774	0.2832031	NaN	NaN	NaN	
2663077365000	2654383063693	None	Fixation	(243.16, 169.64)	(170.20, 203.32)	2633.774	0.3000488	NaN	NaN	NaN	
2663094031000	2654399729624	None	Fixation	(243.53, 169.68)	(169.99, 203.45)	2633.774	0.3166504	NaN	NaN	NaN	
2663110698000	2654416396372	None	Fixation	(243.54, 169.86)	(170.08, 203.64)	2633.774	0.333252	NaN	NaN	NaN	
2663127364000	2654433061996	None	Fixation	(241.68, 171.27)	(170.19, 200.51)	2633.774	0.3498535	NaN	NaN	NaN	
2663144031000	2654449728563	None	Saccade	(229.87, 179.39)	(176.93, 186.80)	2634.124	0.0168457	176.305	6.266034	40.83775	
2663160697000	2654466394372	None	Saccade	(220.84, 186.48)	(182.82, 181.12)	2634.124	0.03344727	141.2873	10.58109	43.47593	
2663177364000	2654483061148	None	Unknown	(219.25, 186.11)	(184.56, 180.86)	NaN	NaN	NaN	NaN	NaN	
2663194031000	2654499727857	None	Pursuit	(219.23, 186.02)	(183.56, 179.14)	2634.174	0.0168457	1.21317	0.04043901	159.3383	
2663194031000	2654499727854	None	Pursuit	(219.23, 186.02)	(183.56, 179.14)	2634.174	0.0168457	1.21317	0.04043901	159.3383	
2663210697000	2654516393683	None	Pursuit	(218.49, 185.23)	(184.44, 177.70)	2634.174	0.03344727	13.32758	0.4776889	126.5022	
2663244030000	2654549726340	None	Pursuit	(219.70, 184.17)	(182.76, 177.74)	2634.174	0.06665039	15.73896	1.476877	343.0723	
2663260697000	2654566393030	None	Fixation	(219.73, 184.07)	(184.65, 176.93)	2634.224	0.03344727	NaN	NaN	NaN	
2663277363000	2654583058890	None	Fixation	(219.31, 183.94)	(183.88, 177.26)	2634.224	0.05004883	NaN	NaN	NaN	
2663277363000	2654583058898	None	Fixation	(219.31, 183.94)	(183.88, 177.26)	2634.224	0.05004883	NaN	NaN	NaN	
2663310695000	2654616390410	None	Fixation	(219.33, 183.42)	(184.15, 176.84)	2634.224	0.08325195	NaN	NaN	NaN	
2663327362000	2654633057189	None	Fixation	(219.46, 183.46)	(183.41, 177.46)	2634.224	0.1000977	NaN	NaN	NaN	
2663344029000	2654649724294	None	Fixation	(219.73, 183.32)	(184.40, 176.26)	2634.224	0.1166992	NaN	NaN	NaN	
2663360695000	2654666390116	None	Fixation	(219.52, 183.22)	(184.23, 178.07)	2634.224	0.1333008	NaN	NaN	NaN	
2663377360000	2654683054575	None	Fixation	(219.11, 183.24)	(184.37, 176.49)	2634.224	0.1499023	NaN	NaN	NaN	
2663377360000	2654683054609	None	Fixation	(219.11, 183.24)	(184.37, 176.49)	2634.224	0.1499023	NaN	NaN	NaN	
2663394027000	2654699721338	None	Fixation	(219.10, 183.01)	(181.70, 176.76)	2634.224	0.166748	NaN	NaN	NaN	
2663410695000	2654716389144	None	Fixation	(219.32, 183.25)	(184.81, 176.45)	2634.224	0.1833496	NaN	NaN	NaN	
2663427362000	2654733055909	None	Fixation	(219.31, 183.15)	(183.39, 177.50)	2634.224	0.1999512	NaN	NaN	NaN	
2663444027000	2654749720765	None	Fixation	(219.28, 183.03)	(184.21, 176.98)	2634.224	0.2167969	NaN	NaN	NaN	
2663460693000	2654766386798	None	Fixation	(219.44, 182.63)	(183.98, 176.99)	2634.224	0.2333984	NaN	NaN	NaN	
2663477361000	2654783054567	None	Fixation	(219.05, 183.01)	(184.02, 176.95)	2634.224	0.25	NaN	NaN	NaN	
2663494028000	2654799721336	None	Fixation	(219.33, 182.97)	(184.18, 176.96)	2634.224	0.2666016	NaN	NaN	NaN	
2663510694000	2654816387223	None	Fixation	(219.41, 182.95)	(184.47, 176.63)	2634.224	0.2834473	NaN	NaN	NaN	
2663527361000	2654833053974	None	Fixation	(219.38, 182.95)	(184.45, 177.35)	2634.224	0.3000488	NaN	NaN	NaN	
2663544028000	2654849720784	None	Fixation	(219.43, 183.23)	(183.75, 177.93)	2634.224	0.3166504	NaN	NaN	NaN	
2663577361000	2654883053471	None	Fixation	(219.33, 182.87)	(184.16, 177.33)	2634.224	0.3500977	NaN	NaN	NaN	
2663577361000	2654883053457	None	Fixation	(219.33, 182.87)	(184.16, 177.33)	2634.224	0.3500977	NaN	NaN	NaN	
2663594027000	2654899718778	None	Fixation	(221.25, 181.30)	(184.03, 180.15)	2634.224	0.3666992	NaN	NaN	NaN	
2663610694000	2654916385550	None	Fixation	(220.61, 182.40)	(184.09, 178.60)	2634.224	0.3833008	NaN	NaN	NaN	
2663627360000	2654933051344	None	Saccade	(220.46, 181.96)	(181.59, 178.90)	2634.607	0.01660156	30.85783	1.028594	276.3366	
2663644027000	2654949718142	None	Pursuit	(220.77, 182.23)	(183.22, 179.55)	2634.607	0.03344727	21.63107	0.5255948	235.2024	
2663660693000	2654966384304	None	Fixation	(220.69, 181.94)	(184.00, 178.71)	2634.224	0.4333496	NaN	NaN	NaN	
2663677358000	2654983048726	None	Fixation	(221.05, 181.91)	(183.73, 178.56)	2634.224	0.4499512	NaN	NaN	NaN	
2663694024000	2654999714841	None	Fixation	(220.87, 181.89)	(183.94, 178.82)	2634.224	0.4667969	NaN	NaN	NaN	
2663710693000	2655016383413	None	Fixation	(220.45, 181.79)	(183.43, 179.63)	2634.224	0.4833984	NaN	NaN	NaN	
2663727359000	2655033049089	None	Fixation	(220.66, 181.76)	(183.89, 178.24)	2634.224	0.5	NaN	NaN	NaN	
2663744026000	2655049715855	None	Fixation	(220.57, 182.04)	(184.27, 178.43)	2634.224	0.5166016	NaN	NaN	NaN	
2663760692000	2655066381664	None	Fixation	(220.76, 181.86)	(183.49, 179.21)	2634.224	0.5334473	NaN	NaN	NaN	
2663777359000	2655083048487	None	Fixation	(220.63, 181.75)	(184.08, 178.79)	2634.224	0.5500488	NaN	NaN	NaN	
2663794025000	2655099714257	None	Fixation	(221.11, 181.53)	(183.54, 178.83)	2634.224	0.5666504	NaN	NaN	NaN	
2663810692000	2655116381065	None	Fixation	(220.65, 181.68)	(183.96, 178.54)	2634.224	0.583252	NaN	NaN	NaN	
2663827358000	2655133047127	None	Fixation	(220.74, 181.57)	(184.21, 178.09)	2634.224	0.6000977	NaN	NaN	NaN	
2663844023000	2655149711945	None	Fixation	(220.42, 181.79)	(184.33, 178.23)	2634.224	0.6166992	NaN	NaN	NaN	
2663860690000	2655166378408	None	Fixation	(220.49, 181.74)	(183.98, 178.56)	2634.224	0.6333008	NaN	NaN	NaN	
2663877356000	2655183044194	None	Fixation	(220.41, 181.45)	(183.20, 178.79)	2634.224	0.6499023	NaN	NaN	NaN	
2663894023000	2655199710910	None	Fixation	(220.62, 181.66)	(184.10, 178.32)	2634.224	0.666748	NaN	NaN	NaN	
2663910690000	2655216378160	None	Fixation	(220.46, 181.37)	(183.82, 179.81)	2634.224	0.6833496	NaN	NaN	NaN	
2663927357000	2655233045276	None	Fixation	(220.45, 181.47)	(184.32, 178.05)	2634.224	0.6999512	NaN	NaN	NaN	
2663944023000	2655249710318	None	Fixation	(220.49, 181.43)	(184.17, 178.16)	2634.224	0.7167969	NaN	NaN	NaN	
2663960690000	2655266377219	None	Fixation	(220.58, 181.34)	(184.53, 177.90)	2634.224	0.7333984	NaN	NaN	NaN	
2663977356000	2655283042891	None	Fixation	(220.91, 181.38)	(183.83, 179.61)	2634.224	0.75	NaN	NaN	NaN	
2663994023000	2655299709631	None	Fixation	(220.64, 181.66)	(184.30, 177.93)	2634.224	0.7666016	NaN	NaN	NaN	
2664010689000	2655316375582	None	Fixation	(220.60, 181.42)	(183.71, 178.12)	2634.224	0.7834473	NaN	NaN	NaN	
2664027356000	2655333042588	None	Fixation	(220.89, 180.74)	(183.73, 179.62)	2634.224	0.8000488	NaN	NaN	NaN	
2664044022000	2655349708492	None	Fixation	(219.98, 181.88)	(184.31, 177.80)	2634.224	0.8166504	NaN	NaN	NaN	
2664060689000	2655366374780	None	Fixation	(220.15, 181.66)	(184.43, 178.41)	2634.224	0.833252	NaN	NaN	NaN	
2664077355000	2655383040650	None	Fixation	(220.42, 181.56)	(184.34, 179.50)	2634.224	0.8500977	NaN	NaN	NaN	
2664094022000	2655399707781	None	Fixation	(220.25, 181.44)	(182.09, 178.66)	2634.224	0.8666992	NaN	NaN	NaN	
2664110687000	2655416372227	None	Fixation	(220.35, 181.59)	(184.26, 178.31)	2634.224	0.8833008	NaN	NaN	NaN	
2664127353000	2655433038403	None	Fixation	(220.29, 181.51)	(183.95, 179.19)	2634.224	0.8999023	NaN	NaN	NaN	
2664144021000	2655449705711	None	Fixation	(220.22, 181.36)	(184.10, 178.77)	2634.224	0.916748	NaN	NaN	NaN	
2664160688000	2655466372514	None	Fixation	(220.25, 181.58)	(184.53, 177.85)	2634.224	0.9333496	NaN	NaN	NaN	
2664177355000	2655483039382	None	Fixation	(220.35, 181.26)	(184.33, 180.03)	2634.224	0.9499512	NaN	NaN	NaN	
2664194021000	2655499705090	None	Fixation	(220.27, 181.56)	(184.15, 179.63)	2634.224	0.9667969	NaN	NaN	NaN	
2664210688000	2655516372125	None	Fixation	(220.44, 181.41)	(184.49, 178.54)	2634.224	0.9833984	NaN	NaN	NaN	
2664227354000	2655533037744	None	Fixation	(220.14, 181.55)	(183.38, 178.74)	2634.224	1	NaN	NaN	NaN	
2664244021000	2655549704436	None	Fixation	(220.27, 181.44)	(183.70, 178.56)	2634.224	1.016602	NaN	NaN	NaN	
2664260687000	2655566370575	None	Fixation	(220.74, 181.34)	(184.40, 178.01)	2634.224	1.033447	NaN	NaN	NaN	
2664277354000	2655583037384	None	Fixation	(220.20, 181.47)	(184.11, 179.13)	2634.224	1.050049	NaN	NaN	NaN	
2664294020000	2655599703201	None	Fixation	(220.30, 181.62)	(184.48, 178.19)	2634.224	1.06665	NaN	NaN	NaN	
2664310685000	2655616367587	None	Fixation	(220.58, 181.45)	(184.54, 178.08)	2634.224	1.083252	NaN	NaN	NaN	
2664327351000	2655633033845	None	Fixation	(220.56, 181.46)	(183.64, 178.78)	2634.224	1.100098	NaN	NaN	NaN	
2664344020000	2655649702159	None	Fixation	(220.82, 181.43)	(184.26, 178.30)	2634.224	1.116699	NaN	NaN	NaN	
2664360686000	2655666367932	None	Fixation	(220.50, 181.49)	(183.78, 178.28)	2634.224	1.133301	NaN	NaN	NaN	
2664377353000	2655683035076	None	Fixation	(220.71, 181.37)	(183.99, 178.41)	2634.224	1.149902	NaN	NaN	NaN	
2664394019000	2655699700923	None	Fixation	(220.44, 181.37)	(184.09, 178.81)	2634.224	1.166748	NaN	NaN	NaN	
2664410686000	2655716367315	None	Fixation	(220.78, 181.37)	(183.98, 178.48)	2634.224	1.18335	NaN	NaN	NaN	
2664427353000	2655733034080	None	Fixation	(220.37, 181.39)	(183.28, 178.60)	2634.224	1.199951	NaN	NaN	NaN	
2664444018000	2655749699139	None	Fixation	(220.41, 181.44)	(184.24, 178.45)	2634.224	1.216553	NaN	NaN	NaN	
2664460685000	2655766365670	None	Fixation	(220.83, 181.37)	(184.48, 178.22)	2634.224	1.233398	NaN	NaN	NaN	
2664477352000	2655783032439	None	Fixation	(220.65, 181.38)	(184.13, 178.34)	2634.224	1.25	NaN	NaN	NaN	
2664494018000	2655799698221	None	Fixation	(220.76, 181.33)	(184.33, 179.85)	2634.224	1.266602	NaN	NaN	NaN	
2664510684000	2655816364015	None	Fixation	(220.62, 181.42)	(184.18, 178.24)	2634.224	1.283447	NaN	NaN	NaN	
2664527351000	2655833030812	None	Fixation	(220.76, 181.41)	(184.12, 178.20)	2634.224	1.300049	NaN	NaN	NaN	
2664544017000	2655849696581	None	Fixation	(220.72, 181.29)	(184.42, 179.91)	2634.224	1.31665	NaN	NaN	NaN	
2664560682000	2655866361842	None	Fixation	(220.58, 181.09)	(183.87, 178.81)	2634.224	1.333252	NaN	NaN	NaN	
2664577350000	2655883029180	None	Fixation	(220.91, 181.34)	(183.83, 179.33)	2634.224	1.350098	NaN	NaN	NaN	
2664594017000	2655899696196	None	Fixation	(220.76, 181.43)	(184.15, 178.80)	2634.224	1.366699	NaN	NaN	NaN	
2664610683000	2655916362065	None	Fixation	(220.90, 181.45)	(183.81, 178.85)	2634.224	1.383301	NaN	NaN	NaN	
2664627350000	2655933028517	None	Fixation	(220.93, 181.16)	(183.92, 178.01)	2634.224	1.399902	NaN	NaN	NaN	
2664644016000	2655949694300	None	Fixation	(220.83, 181.42)	(183.79, 178.48)	2634.224	1.416748	NaN	NaN	NaN	
2664660683000	2655966361072	None	Fixation	(220.95, 181.32)	(184.34, 178.07)	2634.224	1.43335	NaN	NaN	NaN	
2664677348000	2655983025926	None	Fixation	(220.86, 181.30)	(184.05, 178.29)	2634.224	1.449951	NaN	NaN	NaN	
2664694015000	2655999692667	None	Fixation	(221.10, 181.29)	(183.92, 179.72)	2634.224	1.466553	NaN	NaN	NaN	
2664710682000	2656016359454	None	Fixation	(220.93, 181.39)	(183.25, 178.81)	2634.224	1.483398	NaN	NaN	NaN	
2664727348000	2656033025245	None	Fixation	(221.46, 181.19)	(183.90, 179.61)	2634.224	1.5	NaN	NaN	NaN	
2664744014000	2656049691006	None	Fixation	(220.85, 181.11)	(183.90, 178.48)	2634.224	1.516602	NaN	NaN	NaN	
2664760681000	2656066357837	None	Fixation	(221.19, 181.29)	(184.21, 178.62)	2634.224	1.533447	NaN	NaN	NaN	
2664777348000	2656083024578	None	Fixation	(221.22, 181.16)	(183.61, 178.56)	2634.224	1.550049	NaN	NaN	NaN	
2664794014000	2656099690408	None	Fixation	(221.78, 181.11)	(183.92, 178.21)	2634.224	1.56665	NaN	NaN	NaN	
2664810681000	2656116357185	None	Fixation	(221.21, 181.30)	(183.46, 179.42)	2634.224	1.583252	NaN	NaN	NaN	
2664827347000	2656133023019	None	Fixation	(220.91, 181.21)	(184.30, 178.27)	2634.224	1.600098	NaN	NaN	NaN	
2664844014000	2656149689744	None	Fixation	(221.04, 181.13)	(184.02, 177.89)	2634.224	1.616699	NaN	NaN	NaN	
2664860680000	2656166355536	None	Fixation	(221.57, 181.33)	(184.12, 178.03)	2634.224	1.633301	NaN	NaN	NaN	
2664877347000	2656183022402	None	Fixation	(220.97, 180.98)	(183.33, 178.42)	2634.224	1.649902	NaN	NaN	NaN	
2664894013000	2656199688109	None	Fixation	(220.80, 181.06)	(184.04, 178.39)	2634.224	1.666748	NaN	NaN	NaN	
2664910680000	2656216354897	None	Fixation	(221.08, 181.20)	(184.19, 180.01)	2634.224	1.68335	NaN	NaN	NaN	
2664927346000	2656233021116	None	Fixation	(221.02, 181.23)	(183.40, 179.37)	2634.224	1.699951	NaN	NaN	NaN	
2664944013000	2656249687498	None	Fixation	(221.22, 181.31)	(183.91, 178.48)	2634.224	1.716553	NaN	NaN	NaN	
2664960679000	2656266353290	None	Fixation	(221.08, 181.15)	(184.12, 178.26)	2634.224	1.733398	NaN	NaN	NaN	
2664977344000	2656283018051	None	Fixation	(221.01, 181.22)	(183.43, 179.18)	2634.224	1.75	NaN	NaN	NaN	
2664994011000	2656299684816	None	Fixation	(221.30, 180.96)	(183.50, 178.98)	2634.224	1.766602	NaN	NaN	NaN	
2665010679000	2656316352632	None	Fixation	(221.18, 181.31)	(183.96, 178.37)	2634.224	1.783447	NaN	NaN	NaN	
2665027346000	2656333019427	None	Fixation	(220.89, 181.22)	(184.41, 178.02)	2634.224	1.800049	NaN	NaN	NaN	
2665044009000	2656349682430	None	Fixation	(221.24, 181.16)	(183.70, 179.56)	2634.224	1.81665	NaN	NaN	NaN	
2665060676000	2656366349326	None	Fixation	(221.23, 181.06)	(183.92, 178.50)	2634.224	1.833252	NaN	NaN	NaN	
2665077344000	2656383017040	None	Fixation	(220.72, 181.25)	(184.16, 179.37)	2634.224	1.850098	NaN	NaN	NaN	
2665094011000	2656399683842	None	Fixation	(220.55, 181.14)	(184.68, 178.44)	2634.224	1.866699	NaN	NaN	NaN	
2665110675000	2656416347324	None	Fixation	(221.19, 181.20)	(184.05, 178.82)	2634.224	1.883301	NaN	NaN	NaN	
2665127342000	2656433014439	None	Fixation	(219.85, 181.21)	(185.09, 179.98)	2634.224	1.899902	NaN	NaN	NaN	
2665144010000	2656449681917	None	Fixation	(219.55, 181.33)	(184.82, 179.94)	2634.224	1.916748	NaN	NaN	NaN	
2665160677000	2656466348694	None	Fixation	(218.93, 181.17)	(187.16, 179.60)	2634.224	1.93335	NaN	NaN	NaN	
2665177343000	2656483014763	None	Saccade	(218.88, 180.55)	(187.15, 180.04)	2636.157	0.01660156	5.441411	0.1813804	194.2195	
2665194010000	2656499681272	None	Fixation	(218.16, 180.34)	(187.43, 181.05)	2634.224	1.966553	NaN	NaN	NaN	
2665210676000	2656516347042	None	Saccade	(217.59, 180.07)	(188.60, 180.77)	2636.19	0.0168457	14.77115	0.4923716	89.80207	
2665227343000	2656533014132	None	Fixation	(217.11, 179.77)	(188.84, 181.09)	2634.224	2	NaN	NaN	NaN	
2665244009000	2656549679660	None	Fixation	(216.63, 179.54)	(189.80, 181.55)	2634.224	2.016602	NaN	NaN	NaN	
2665260676000	2656566346419	None	Fixation	(216.07, 179.11)	(190.39, 181.27)	2634.224	2.033447	NaN	NaN	NaN	
2665277343000	2656583013566	None	Fixation	(215.16, 178.89)	(191.33, 182.06)	2634.224	2.050049	NaN	NaN	NaN	
2665294009000	2656599678979	None	Fixation	(214.87, 178.49)	(191.83, 182.11)	2634.224	2.06665	NaN	NaN	NaN	
2665310676000	2656616346432	None	Fixation	(214.45, 178.16)	(192.74, 182.70)	2634.224	2.083252	NaN	NaN	NaN	
2665327342000	2656633011926	None	Fixation	(213.78, 177.84)	(193.38, 182.25)	2634.224	2.100098	NaN	NaN	NaN	
2665344009000	2656649678362	None	Fixation	(213.02, 177.47)	(194.86, 182.37)	2634.224	2.116699	NaN	NaN	NaN	
2665360675000	2656666344138	None	Fixation	(212.72, 176.92)	(194.94, 182.93)	2634.224	2.133301	NaN	NaN	NaN	
2665377342000	2656683010934	None	Fixation	(212.04, 176.66)	(195.90, 182.74)	2634.224	2.149902	NaN	NaN	NaN	
2665394008000	2656699676703	None	Fixation	(211.36, 176.14)	(196.56, 182.97)	2634.224	2.166748	NaN	NaN	NaN	
2665410675000	2656716343494	None	Fixation	(211.09, 175.97)	(197.14, 183.18)	2634.224	2.18335	NaN	NaN	NaN	
2665427341000	2656733009278	None	Fixation	(210.63, 175.72)	(197.36, 183.55)	2634.224	2.199951	NaN	NaN	NaN	
2665444008000	2656749676070	None	Fixation	(209.88, 175.33)	(198.15, 183.70)	2634.224	2.216553	NaN	NaN	NaN	
2665460674000	2656766341840	None	Fixation	(209.68, 175.04)	(199.96, 183.33)	2634.224	2.233398	NaN	NaN	NaN	
2665477339000	2656783006707	None	Fixation	(208.93, 174.88)	(199.37, 184.05)	2634.224	2.25	NaN	NaN	NaN	
2665494005000	2656799672418	None	Fixation	(208.74, 174.50)	(200.59, 183.76)	2634.224	2.266602	NaN	NaN	NaN	
2665510674000	2656816341240	None	Fixation	(208.19, 174.36)	(200.29, 184.76)	2634.224	2.283447	NaN	NaN	NaN	
2665527340000	2656833007018	None	Fixation	(207.72, 174.08)	(201.12, 185.11)	2634.224	2.300049	NaN	NaN	NaN	
2665544007000	2656849673782	None	Fixation	(207.60, 174.11)	(201.78, 185.35)	2634.224	2.31665	NaN	NaN	NaN	
2665560673000	2656866339573	None	Fixation	(207.08, 173.70)	(202.21, 185.22)	2634.224	2.333252	NaN	NaN	NaN	
2665577340000	2656883006374	None	Fixation	(206.68, 173.53)	(203.09, 185.07)	2634.224	2.350098	NaN	NaN	NaN	
2665594007000	2656899673142	None	Fixation	(206.78, 173.35)	(203.22, 185.94)	2634.224	2.366699	NaN	NaN	NaN	
2665610673000	2656916338941	None	Saccade	(208.87, 176.10)	(198.98, 183.39)	2636.59	0.01660156	60.84212	2.028071	313.9925	
2665627340000	2656933005709	None	Saccade	(215.47, 182.44)	(189.54, 180.11)	2636.607	0.01660156	112.4941	6.097282	303.4383	
2665644006000	2656949671514	None	Unknown	(216.14, 184.52)	(187.68, 179.38)	NaN	NaN	NaN	NaN	NaN	
2665660673000	2656966338311	None	Pursuit	(216.38, 184.33)	(187.97, 179.14)	2636.64	0.01660156	3.804955	0.1268318	220.1796	
2665677336000	2656983001104	None	Pursuit	(216.50, 183.56)	(187.23, 179.05)	2636.64	0.03320313	9.612568	0.4201351	187.7284	
2665694003000	2656999668228	None	Unknown	(216.57, 183.71)	(187.56, 178.63)	NaN	NaN	NaN	NaN	NaN	
2665710671000	2657016335677	None	Fixation	(216.32, 183.16)	(187.40, 178.85)	2636.69	0.0168457	NaN	NaN	NaN	
2665727338000	2657033002675	None	Fixation	(215.98, 183.26)	(187.26, 177.82)	2636.69	0.03344727	NaN	NaN	NaN	
2665744004000	2657049668556	None	Fixation	(216.58, 182.82)	(187.51, 177.85)	2636.69	0.05004883	NaN	NaN	NaN	
2665760671000	2657066335021	None	Fixation	(216.39, 182.49)	(188.02, 177.45)	2636.69	0.06689453	NaN	NaN	NaN	
2665777337000	2657083000805	None	Fixation	(216.50, 182.52)	(186.81, 177.71)	2636.69	0.08349609	NaN	NaN	NaN	
2665794004000	2657099667899	None	Fixation	(216.44, 182.51)	(187.62, 178.28)	2636.69	0.1000977	NaN	NaN	NaN	
2665810670000	2657116333830	None	Fixation	(216.55, 182.34)	(187.52, 177.59)	2636.69	0.1166992	NaN	NaN	NaN	
2665827337000	2657133000479	None	Fixation	(216.59, 182.32)	(187.52, 177.46)	2636.69	0.1335449	NaN	NaN	NaN	
2665844002000	2657149665414	None	Fixation	(216.63, 182.09)	(187.18, 177.91)	2636.69	0.1501465	NaN	NaN	NaN	
2665860668000	2657166330775	None	Fixation	(216.59, 182.19)	(184.97, 177.60)	2636.69	0.166748	NaN	NaN	NaN	
2665877336000	2657182998520	None	Fixation	(216.53, 182.12)	(187.27, 177.95)	2636.69	0.1833496	NaN	NaN	NaN	
2665894003000	2657199665337	None	Fixation	(216.78, 182.06)	(185.22, 177.46)	2636.69	0.2001953	NaN	NaN	NaN	
2665910670000	2657216332105	None	Fixation	(217.16, 181.86)	(187.30, 177.99)	2636.69	0.2167969	NaN	NaN	NaN	
2665927336000	2657232997884	None	Fixation	(216.37, 182.18)	(187.69, 177.33)	2636.69	0.2333984	NaN	NaN	NaN	
2665944001000	2657249662655	None	Fixation	(216.73, 182.15)	(187.45, 178.19)	2636.69	0.25	NaN	NaN	NaN	
2665960667000	2657266328457	None	Fixation	(216.62, 181.98)	(187.42, 177.82)	2636.69	0.2668457	NaN	NaN	NaN	
2665977336000	2657282997244	None	Fixation	(216.91, 181.97)	(187.10, 177.95)	2636.69	0.2834473	NaN	NaN	NaN	
2665994002000	2657299663015	None	Fixation	(216.88, 182.08)	(187.13, 178.20)	2636.69	0.3000488	NaN	NaN	NaN	
2666010669000	2657316329831	None	Fixation	(216.91, 182.08)	(186.97, 178.39)	2636.69	0.3166504	NaN	NaN	NaN	
2666027335000	2657332995619	None	Fixation	(216.97, 182.08)	(187.10, 178.11)	2636.69	0.3334961	NaN	NaN	NaN	
2666044002000	2657349662371	None	Fixation	(216.34, 181.77)	(187.11, 178.29)	2636.69	0.3500977	NaN	NaN	NaN	
2666060668000	2657366328174	None	Fixation	(219.63, 181.89)	(184.96, 179.43)	2636.69	0.3666992	NaN	NaN	NaN	
2666077335000	2657382995223	None	Saccade	(220.43, 182.56)	(181.98, 179.42)	2637.057	0.0168457	12.83582	1.222111	290.0366	
2666094001000	2657399660775	None	Pursuit	(220.21, 182.44)	(184.26, 179.21)	2637.057	0.03344727	3.097575	0.3268892	300.0594	
2666110668000	2657416327924	None	Pursuit	(220.36, 182.22)	(184.40, 179.12)	2637.057	0.05004883	3.281149	0.3296325	280.8859	
2666127334000	2657432993350	None	Unknown	(220.56, 182.05)	(183.67, 179.66)	NaN	NaN	NaN	NaN	NaN	
2666143999000	2657449658372	None	Fixation	(220.31, 181.97)	(181.29, 179.02)	2637.124	0.0168457	NaN	NaN	NaN	
2666160667000	2657466325918	None	Fixation	(220.68, 181.67)	(184.07, 179.37)	2637.124	0.03344727	NaN	NaN	NaN	
2666177334000	2657482993006	None	Fixation	(220.62, 181.72)	(184.48, 179.27)	2637.124	0.05004883	NaN	NaN	NaN	
2666194000000	2657499658937	None	Fixation	(220.35, 181.47)	(184.08, 179.38)	2637.124	0.06665039	NaN	NaN	NaN	
2666210667000	2657516325927	None	Fixation	(220.53, 181.61)	(183.82, 178.86)	2637.124	0.08349609	NaN	NaN	NaN	
2666227333000	2657532991399	None	Fixation	(220.28, 181.59)	(183.47, 178.83)	2637.124	0.1000977	NaN	NaN	NaN	
2666244000000	2657549657847	None	Fixation	(220.54, 181.38)	(183.82, 179.09)	2637.124	0.1166992	NaN	NaN	NaN	
2666260667000	2657566324612	None	Fixation	(220.73, 181.53)	(182.12, 178.45)	2637.124	0.1333008	NaN	NaN	NaN	
2666277330000	2657582987443	None	Fixation	(220.37, 181.36)	(184.00, 178.99)	2637.124	0.1501465	NaN	NaN	NaN	
2666293999000	2657599656188	None	Fixation	(220.70, 181.37)	(184.05, 179.03)	2637.124	0.166748	NaN	NaN	NaN	
2666310665000	2657616321991	None	Fixation	(220.41, 181.13)	(183.93, 179.00)	2637.124	0.1833496	NaN	NaN	NaN	
2666327332000	2657632989247	None	Fixation	(220.77, 181.23)	(181.87, 178.29)	2637.124	0.2001953	NaN	NaN	NaN	
2666343996000	2657649652585	None	Fixation	(220.47, 181.35)	(184.21, 179.58)	2637.124	0.2167969	NaN	NaN	NaN	
2666360663000	2657666319340	None	Fixation	(220.81, 181.35)	(183.96, 178.95)	2637.124	0.2333984	NaN	NaN	NaN	
2666377331000	2657682987126	None	Fixation	(220.54, 181.16)	(182.12, 178.24)	2637.124	0.25	NaN	NaN	NaN	
2666393998000	2657699653913	None	Fixation	(220.74, 181.05)	(183.94, 178.41)	2637.124	0.2668457	NaN	NaN	NaN	
2666410664000	2657716319699	None	Fixation	(221.07, 181.26)	(183.80, 178.53)	2637.124	0.2834473	NaN	NaN	NaN	
2666427331000	2657732986509	None	Fixation	(220.82, 181.48)	(183.74, 178.59)	2637.124	0.3000488	NaN	NaN	NaN	
2666443995000	2657749650312	None	Fixation	(220.35, 181.16)	(182.70, 178.15)	2637.124	0.3166504	NaN	NaN	NaN	
2666460664000	2657766319061	None	Fixation	(220.39, 181.20)	(184.01, 178.86)	2637.124	0.3334961	NaN	NaN	NaN	
2666477328000	2657782982879	None	Fixation	(220.77, 181.27)	(184.10, 178.36)	2637.124	0.3500977	NaN	NaN	NaN	
2666493997000	2657799651672	None	Fixation	(220.75, 181.34)	(184.28, 179.43)	2637.124	0.3666992	NaN	NaN	NaN	
2666510663000	2657816317414	None	Fixation	(220.52, 181.30)	(183.66, 179.37)	2637.124	0.3833008	NaN	NaN	NaN	
2666527330000	2657832984293	None	Fixation	(221.22, 180.77)	(184.62, 180.01)	2637.124	0.4001465	NaN	NaN	NaN	
2666543996000	2657849649975	None	Fixation	(220.44, 181.30)	(182.72, 178.93)	2637.124	0.416748	NaN	NaN	NaN	
2666560663000	2657866316786	None	Fixation	(220.66, 181.19)	(185.01, 178.70)	2637.124	0.4333496	NaN	NaN	NaN	
2666577330000	2657882983618	None	Fixation	(220.42, 181.00)	(184.21, 179.75)	2637.124	0.4501953	NaN	NaN	NaN	
2666593996000	2657899649388	None	Fixation	(220.65, 181.08)	(184.44, 179.23)	2637.124	0.4667969	NaN	NaN	NaN	
2666610663000	2657916316142	None	Fixation	(220.43, 180.99)	(183.24, 178.95)	2637.124	0.4833984	NaN	NaN	NaN	
2666627329000	2657932981945	None	Fixation	(220.73, 181.09)	(184.69, 178.55)	2637.124	0.5	NaN	NaN	NaN	
2666643996000	2657949648729	None	Fixation	(220.37, 180.97)	(184.72, 178.45)	2637.124	0.5168457	NaN	NaN	NaN	
2666660662000	2657966314514	None	Fixation	(220.27, 180.93)	(184.65, 178.44)	2637.124	0.5334473	NaN	NaN	NaN	
2666677329000	2657982981306	None	Blink	(220.43, 182.10)	(184.78, 181.05)	NaN	NaN	NaN	NaN	NaN	
2666710662000	2658016314480	None	Blink	(224.99, 189.80)	(0.00, 0.00)	NaN	NaN	NaN	NaN	NaN	
2666710662000	2658016314193	None	Blink	(224.99, 189.80)	(0.00, 0.00)	NaN	NaN	NaN	NaN	NaN	
2666743995000	2658049646646	None	Blink	(0.00, 0.00)	(0.00, 0.00)	NaN	NaN	NaN	NaN	NaN	
2666760661000	2658066312448	None	Blink	(263.02, 193.90)	(0.00, 0.00)	NaN	NaN	NaN	NaN	NaN	
2666777328000	2658082979232	None	Blink	(240.29, 188.90)	(0.00, 0.00)	NaN	NaN	NaN	NaN	NaN	
2666777328000	2658082979002	None	Blink	(240.29, 188.90)	(0.00, 0.00)	NaN	NaN	NaN	NaN	NaN	
2666793995000	2658099645825	None	Blink	(214.53, 183.96)	(175.72, 183.28)	NaN	NaN	NaN	NaN	NaN	
2666810661000	2658116311582	None	Blink	(221.76, 185.45)	(184.86, 181.25)	NaN	NaN	NaN	NaN	NaN	
2666827328000	2658132978378	None	Blink	(217.51, 183.74)	(189.91, 178.24)	NaN	NaN	NaN	NaN	NaN	
2666843993000	2658149643154	None	Blink	(218.72, 183.46)	(185.56, 180.46)	NaN	NaN	NaN	NaN	NaN	
2666860660000	2658166309944	None	Blink	(219.54, 183.15)	(186.48, 179.32)	NaN	NaN	NaN	NaN	NaN	
2666877324000	2658182973749	None	Blink	(218.72, 182.87)	(185.88, 179.60)	NaN	NaN	NaN	NaN	NaN	
2666893991000	2658199640523	None	Blink	(219.41, 182.60)	(184.18, 180.11)	NaN	NaN	NaN	NaN	NaN	
2666910659000	2658216308321	None	Blink	(220.48, 182.55)	(183.84, 179.92)	NaN	NaN	NaN	NaN	NaN	
2666927326000	2658232975112	None	Blink	(220.49, 182.48)	(184.49, 180.60)	NaN	NaN	NaN	NaN	NaN	
2666943992000	2658249640885	None	WinkRight	(220.01, 182.30)	(184.19, 179.20)	NaN	NaN	NaN	NaN	NaN	
2666960659000	2658266307671	None	Fixation	(220.14, 182.08)	(184.59, 178.53)	2637.124	0.8334961	NaN	NaN	NaN	
2666977325000	2658282973467	None	Fixation	(220.18, 182.23)	(181.97, 178.90)	2637.124	0.8500977	NaN	NaN	NaN	
2666993992000	2658299640587	None	Fixation	(220.47, 181.76)	(184.58, 179.44)	2637.124	0.8666992	NaN	NaN	NaN	
2667010658000	2658316306036	None	Fixation	(220.43, 182.01)	(184.81, 180.12)	2637.124	0.8833008	NaN	NaN	NaN	
2667027325000	2658332973271	None	Fixation	(220.88, 181.84)	(184.20, 179.74)	2637.124	0.9001465	NaN	NaN	NaN	
2667043990000	2658349637604	None	Fixation	(218.93, 181.36)	(185.30, 179.65)	2637.124	0.916748	NaN	NaN	NaN	
2667060656000	2658366303433	None	Fixation	(219.35, 181.53)	(186.21, 180.49)	2637.124	0.9333496	NaN	NaN	NaN	
2667077324000	2658382971166	None	Fixation	(219.26, 181.14)	(185.50, 179.84)	2637.124	0.9501953	NaN	NaN	NaN	
2667093991000	2658399637994	None	Fixation	(218.93, 181.40)	(185.93, 180.04)	2637.124	0.9667969	NaN	NaN	NaN	
2667110658000	2658416304752	None	Fixation	(219.00, 181.27)	(186.24, 179.92)	2637.124	0.9833984	NaN	NaN	NaN	
2667127324000	2658432970915	None	Fixation	(219.30, 181.46)	(185.69, 179.92)	2637.124	1	NaN	NaN	NaN	
2667143991000	2658449637315	None	Fixation	(219.12, 181.11)	(187.34, 178.95)	2637.124	1.016846	NaN	NaN	NaN	
2667160657000	2658466303144	None	Fixation	(219.02, 181.14)	(186.15, 179.55)	2637.124	1.033447	NaN	NaN	NaN	
2667177324000	2658482970230	None	Fixation	(219.34, 181.02)	(184.10, 179.35)	2637.124	1.050049	NaN	NaN	NaN	
2667193990000	2658499635703	None	Fixation	(219.13, 181.10)	(185.89, 179.39)	2637.124	1.06665	NaN	NaN	NaN	
2667210657000	2658516302468	None	Fixation	(219.26, 181.20)	(186.40, 179.34)	2637.124	1.083496	NaN	NaN	NaN	
2667227323000	2658532968256	None	Fixation	(219.07, 181.13)	(186.17, 179.48)	2637.124	1.100098	NaN	NaN	NaN	
2667243988000	2658549633392	None	Fixation	(219.01, 181.30)	(186.04, 180.05)	2637.124	1.116699	NaN	NaN	NaN	
2667260655000	2658566299871	None	Fixation	(218.97, 181.17)	(186.10, 179.91)	2637.124	1.133301	NaN	NaN	NaN	
2667277323000	2658582967647	None	Fixation	(218.82, 180.96)	(185.62, 180.31)	2637.124	1.150146	NaN	NaN	NaN	
2667293989000	2658599633480	None	Fixation	(218.95, 181.07)	(186.12, 179.39)	2637.124	1.166748	NaN	NaN	NaN	
2667310654000	2658616298185	None	Fixation	(218.82, 181.29)	(186.01, 179.57)	2637.124	1.18335	NaN	NaN	NaN	
2667327321000	2658632965456	None	Fixation	(218.74, 181.04)	(186.25, 179.77)	2637.124	1.200195	NaN	NaN	NaN	
2667343989000	2658649632789	None	Fixation	(218.75, 181.03)	(186.00, 179.19)	2637.124	1.216797	NaN	NaN	NaN	
2667360655000	2658666298577	None	Fixation	(218.76, 180.95)	(186.09, 179.99)	2637.124	1.233398	NaN	NaN	NaN	
2667377322000	2658682965359	None	Fixation	(218.86, 181.02)	(186.26, 179.65)	2637.124	1.25	NaN	NaN	NaN	
2667393989000	2658699632471	None	Fixation	(219.12, 180.85)	(185.65, 180.00)	2637.124	1.266846	NaN	NaN	NaN	
2667410655000	2658716298403	None	Fixation	(218.82, 180.93)	(186.08, 179.13)	2637.124	1.283447	NaN	NaN	NaN	
2667427322000	2658732964724	None	Fixation	(218.88, 180.87)	(186.07, 180.06)	2637.124	1.300049	NaN	NaN	NaN	
2667443988000	2658749630503	None	Fixation	(219.07, 180.97)	(185.94, 179.38)	2637.124	1.31665	NaN	NaN	NaN	
2667460655000	2658766297359	None	Fixation	(218.85, 181.16)	(186.07, 179.55)	2637.124	1.333496	NaN	NaN	NaN	
2667477321000	2658782963152	None	Fixation	(219.05, 180.90)	(185.39, 179.62)	2637.124	1.350098	NaN	NaN	NaN	
2667493987000	2658799628884	None	Fixation	(219.25, 180.92)	(185.76, 179.46)	2637.124	1.366699	NaN	NaN	NaN	
2667510654000	2658816295647	None	Fixation	(219.21, 180.72)	(185.57, 180.46)	2637.124	1.383301	NaN	NaN	NaN	
2667527321000	2658832962476	None	Fixation	(219.01, 180.69)	(185.94, 179.13)	2637.124	1.400146	NaN	NaN	NaN	
2667543987000	2658849628220	None	Fixation	(219.15, 180.64)	(185.61, 180.26)	2637.124	1.416748	NaN	NaN	NaN	
2667560654000	2658866295005	None	Fixation	(219.15, 180.84)	(185.74, 179.98)	2637.124	1.43335	NaN	NaN	NaN	
2667577320000	2658882960818	None	Fixation	(219.01, 181.01)	(185.72, 180.35)	2637.124	1.449951	NaN	NaN	NaN	
2667593987000	2658899627649	None	Fixation	(219.27, 180.93)	(188.49, 179.07)	2637.124	1.466797	NaN	NaN	NaN	
2667610653000	2658916293356	None	Fixation	(219.67, 180.75)	(185.38, 180.39)	2637.124	1.483398	NaN	NaN	NaN	
2667627320000	2658932960525	None	Fixation	(219.32, 180.97)	(185.72, 180.02)	2637.124	1.5	NaN	NaN	NaN	
2667643986000	2658949625935	None	Fixation	(219.70, 180.70)	(185.72, 179.48)	2637.124	1.516846	NaN	NaN	NaN	
2667660653000	2658966293080	None	Fixation	(219.66, 180.72)	(185.46, 180.18)	2637.124	1.533447	NaN	NaN	NaN	
2667677319000	2658982958873	None	Fixation	(220.43, 182.68)	(183.92, 179.16)	2637.124	1.550049	NaN	NaN	NaN	
2667693986000	2658999625294	None	Fixation	(219.90, 181.65)	(184.46, 179.60)	2637.124	1.56665	NaN	NaN	NaN	
2667710653000	2659016292103	None	Fixation	(220.59, 181.74)	(184.73, 178.85)	2637.124	1.583496	NaN	NaN	NaN	
2667727319000	2659032957896	None	Fixation	(220.03, 181.54)	(184.20, 179.79)	2637.124	1.600098	NaN	NaN	NaN	
2667743986000	2659049624648	None	Fixation	(220.17, 181.55)	(184.13, 179.78)	2637.124	1.616699	NaN	NaN	NaN	
2667760652000	2659066290458	None	Fixation	(220.08, 181.87)	(184.66, 178.57)	2637.124	1.633301	NaN	NaN	NaN	
2667777319000	2659082957261	None	Fixation	(220.18, 181.49)	(183.63, 180.09)	2637.124	1.650146	NaN	NaN	NaN	
2667793985000	2659099623044	None	Fixation	(220.24, 181.61)	(184.52, 178.38)	2637.124	1.666748	NaN	NaN	NaN	
2667810652000	2659116289817	None	Fixation	(219.98, 181.43)	(184.33, 179.92)	2637.124	1.68335	NaN	NaN	NaN	
2667827318000	2659132955610	None	Fixation	(220.33, 181.32)	(182.04, 178.90)	2637.124	1.699951	NaN	NaN	NaN	
2667843985000	2659149622394	None	Fixation	(220.25, 181.51)	(184.11, 178.82)	2637.124	1.716797	NaN	NaN	NaN	
2667860651000	2659166288633	None	Fixation	(220.59, 181.45)	(182.55, 179.33)	2637.124	1.733398	NaN	NaN	NaN	
2667877318000	2659182954989	None	Fixation	(220.50, 181.52)	(183.34, 179.46)	2637.124	1.75	NaN	NaN	NaN	
2667893984000	2659199620766	None	Fixation	(220.50, 181.49)	(183.80, 179.78)	2637.124	1.766846	NaN	NaN	NaN	
2667910651000	2659216287512	None	Fixation	(220.49, 181.23)	(183.91, 179.77)	2637.124	1.783447	NaN	NaN	NaN	
2667927317000	2659232953326	None	Fixation	(220.70, 181.38)	(183.97, 180.21)	2637.124	1.800049	NaN	NaN	NaN	
2667943984000	2659249620105	None	Fixation	(220.59, 181.34)	(184.20, 179.04)	2637.124	1.81665	NaN	NaN	NaN	
2667960650000	2659266285911	None	Fixation	(220.66, 181.28)	(184.34, 179.11)	2637.124	1.833496	NaN	NaN	NaN	
2667977317000	2659282952920	None	Fixation	(220.64, 181.36)	(182.06, 179.22)	2637.124	1.850098	NaN	NaN	NaN	
2667993983000	2659299618491	None	Fixation	(220.70, 181.20)	(183.80, 179.66)	2637.124	1.866699	NaN	NaN	NaN	
2668010648000	2659316283254	None	Fixation	(220.63, 181.17)	(183.90, 179.34)	2637.124	1.883301	NaN	NaN	NaN	
2668027315000	2659332950131	None	Fixation	(220.47, 181.16)	(183.55, 179.76)	2637.124	1.900146	NaN	NaN	NaN	
2668043983000	2659349617798	None	Fixation	(220.56, 181.70)	(184.64, 179.26)	2637.124	1.916748	NaN	NaN	NaN	
2668060650000	2659366284664	None	Fixation	(220.32, 181.28)	(184.35, 179.13)	2637.124	1.93335	NaN	NaN	NaN	
2668077315000	2659382949414	None	Fixation	(220.79, 181.25)	(184.01, 179.69)	2637.124	1.949951	NaN	NaN	NaN	
2668093982000	2659399616227	None	Fixation	(220.75, 181.21)	(184.57, 178.96)	2637.124	1.966797	NaN	NaN	NaN	
2668110648000	2659416282072	None	Fixation	(220.28, 181.31)	(184.36, 179.11)	2637.124	1.983398	NaN	NaN	NaN	
2668127315000	2659432948845	None	Fixation	(220.80, 181.17)	(183.81, 179.53)	2637.124	2	NaN	NaN	NaN	
2668143981000	2659449614547	None	Fixation	(220.65, 181.34)	(183.63, 179.71)	2637.124	2.016846	NaN	NaN	NaN	
2668160648000	2659466281364	None	Fixation	(220.45, 181.26)	(183.65, 179.31)	2637.124	2.033447	NaN	NaN	NaN	
2668177314000	2659482947139	None	Fixation	(220.43, 181.26)	(183.81, 180.16)	2637.124	2.050049	NaN	NaN	NaN	
2668193981000	2659499613960	None	Fixation	(220.19, 181.41)	(184.56, 178.91)	2637.124	2.06665	NaN	NaN	NaN	
2668210647000	2659516279709	None	Fixation	(220.51, 181.37)	(184.60, 178.91)	2637.124	2.083496	NaN	NaN	NaN	
2668227314000	2659532946524	None	Fixation	(220.54, 181.41)	(184.87, 179.37)	2637.124	2.100098	NaN	NaN	NaN	
2668243980000	2659549612275	None	Fixation	(220.63, 181.26)	(185.14, 179.25)	2637.124	2.116699	NaN	NaN	NaN	
2668260647000	2659566279058	None	Fixation	(220.09, 181.20)	(184.34, 179.63)	2637.124	2.133301	NaN	NaN	NaN	
2668277313000	2659582944867	None	Fixation	(219.98, 181.34)	(185.16, 179.23)	2637.124	2.150146	NaN	NaN	NaN	
2668293980000	2659599611893	None	Fixation	(219.85, 181.42)	(185.77, 179.67)	2637.124	2.166748	NaN	NaN	NaN	
2668310646000	2659616277418	None	Fixation	(219.14, 181.02)	(185.23, 180.00)	2637.124	2.18335	NaN	NaN	NaN	
2668327313000	2659632944340	None	Fixation	(218.74, 181.19)	(186.70, 180.03)	2637.124	2.199951	NaN	NaN	NaN	
2668343978000	2659649608991	None	Fixation	(218.07, 180.92)	(187.24, 180.37)	2637.124	2.216797	NaN	NaN	NaN	
2668360644000	2659666274817	None	Fixation	(217.30, 180.44)	(187.44, 180.45)	2637.124	2.233398	NaN	NaN	NaN	
2668377313000	2659682943574	None	Fixation	(216.96, 180.59)	(188.46, 180.20)	2637.124	2.25	NaN	NaN	NaN	
2668393979000	2659699609389	None	Fixation	(216.48, 180.19)	(189.83, 180.57)	2637.124	2.266846	NaN	NaN	NaN	
2668410646000	2659716276136	None	Fixation	(215.77, 179.88)	(190.44, 180.63)	2637.124	2.283447	NaN	NaN	NaN	
2668427312000	2659732941928	None	Saccade	(215.10, 179.82)	(190.93, 181.27)	2639.407	0.01660156	9.914468	0.3304823	155.2046	
2668443979000	2659749608706	None	Fixation	(214.21, 179.63)	(190.44, 181.12)	2637.124	2.31665	NaN	NaN	NaN	
2668460645000	2659766274606	None	Fixation	(213.80, 179.34)	(192.22, 181.31)	2637.124	2.333496	NaN	NaN	NaN	
2668477312000	2659782941320	None	Fixation	(212.78, 179.13)	(193.41, 181.83)	2637.124	2.350098	NaN	NaN	NaN	
2668493978000	2659799607101	None	Saccade	(211.90, 178.87)	(194.20, 182.01)	2639.474	0.01660156	10.066	0.3355333	115.8161	
2668510645000	2659816273885	None	Pursuit	(211.37, 178.62)	(195.45, 181.75)	2639.474	0.03320313	15.62091	0.836948	100.5928	
2668527311000	2659832939734	None	Pursuit	(210.42, 178.44)	(196.32, 181.99)	2639.474	0.05004883	11.16993	1.196538	106.124	
2668543978000	2659849606458	None	Pursuit	(209.79, 178.09)	(196.96, 182.10)	2639.474	0.06665039	8.042148	1.463325	107.2588	
2668560644000	2659866272264	None	Fixation	(208.99, 177.88)	(197.62, 182.75)	2637.124	2.43335	NaN	NaN	NaN	
2668577311000	2659882939013	None	Fixation	(208.16, 177.67)	(198.67, 182.44)	2637.124	2.449951	NaN	NaN	NaN	
2668610642000	2659916269873	None	Pursuit	(206.86, 176.98)	(200.77, 182.46)	2639.573	0.03344727	8.633924	0.862284	103.4614	
2668610642000	2659916269923	None	Pursuit	(206.86, 176.98)	(200.77, 182.46)	2639.573	0.03344727	8.633924	0.862284	103.4614	
2668627311000	2659932938427	None	Pursuit	(206.56, 176.93)	(201.55, 182.80)	2639.573	0.05004883	10.49395	1.191399	110.1638	
2668643977000	2659949604496	None	Fixation	(205.47, 176.67)	(202.08, 182.98)	2637.124	2.516846	NaN	NaN	NaN	
2668660644000	2659966271326	None	Fixation	(205.07, 176.58)	(202.69, 183.16)	2637.124	2.533447	NaN	NaN	NaN	
2668677309000	2659982935773	None	Fixation	(204.46, 176.15)	(203.45, 183.59)	2637.124	2.550049	NaN	NaN	NaN	
2668693976000	2659999602559	None	Fixation	(203.80, 176.00)	(204.63, 183.54)	2637.124	2.56665	NaN	NaN	NaN	
2668710642000	2660016268335	None	Fixation	(203.18, 175.83)	(205.28, 183.67)	2637.124	2.583496	NaN	NaN	NaN	
2668743975000	2660049601122	None	Fixation	(202.05, 175.53)	(206.02, 184.48)	2637.124	2.616699	NaN	NaN	NaN	
2668743975000	2660049600885	None	Fixation	(202.05, 175.53)	(206.02, 184.48)	2637.124	2.616699	NaN	NaN	NaN	
2668760642000	2660066267703	None	Fixation	(201.38, 175.37)	(206.91, 184.63)	2637.124	2.633301	NaN	NaN	NaN	
2668777308000	2660082933493	None	Fixation	(201.32, 175.18)	(207.47, 184.75)	2637.124	2.650146	NaN	NaN	NaN	
2668793975000	2660099600277	None	Fixation	(201.52, 175.33)	(207.82, 184.92)	2637.124	2.666748	NaN	NaN	NaN	
2668810639000	2660116264059	None	Saccade	(207.19, 178.99)	(199.58, 181.75)	2639.79	0.01660156	83.16153	3.620898	296.9344	
2668827306000	2660132930965	None	Saccade	(217.27, 186.49)	(184.37, 179.76)	2639.79	0.03320313	154.4882	9.845681	293.8718	
2668843971000	2660149595619	None	Unknown	(219.65, 186.81)	(184.75, 180.19)	NaN	NaN	NaN	NaN	NaN	
2668860638000	2660166262415	None	Pursuit	(220.30, 186.42)	(181.72, 180.52)	2639.84	0.01660156	9.287212	0.3095738	225.7946	
2668877306000	2660182930202	None	Pursuit	(220.70, 185.61)	(181.20, 180.56)	2639.84	0.03320313	11.03623	0.6511989	208.312	
2668893973000	2660199597023	None	Pursuit	(221.04, 184.92)	(181.55, 179.90)	2639.84	0.05004883	9.530099	0.9614658	203.3735	
2668910639000	2660216262764	None	Pursuit	(220.18, 184.50)	(181.48, 179.23)	2639.84	0.06665039	8.195243	1.394528	299.3653	
2668927306000	2660232929614	None	Fixation	(220.42, 184.14)	(181.62, 178.94)	2639.907	0.01660156	NaN	NaN	NaN	
2668943973000	2660249596344	None	Fixation	(220.75, 183.88)	(183.75, 178.27)	2639.907	0.03320313	NaN	NaN	NaN	
2668960639000	2660266262152	None	Fixation	(220.32, 183.59)	(183.41, 178.20)	2639.907	0.05004883	NaN	NaN	NaN	
2668977304000	2660282927262	None	Fixation	(220.19, 183.80)	(183.01, 179.42)	2639.907	0.06665039	NaN	NaN	NaN	
2668993970000	2660299592745	None	Fixation	(220.29, 183.13)	(182.76, 178.63)	2639.907	0.08325195	NaN	NaN	NaN	
2669010637000	2660316259661	None	Fixation	(220.89, 183.38)	(180.64, 178.09)	2639.907	0.09985352	NaN	NaN	NaN	
2669027303000	2660332925289	None	Fixation	(221.02, 183.13)	(182.90, 178.30)	2639.907	0.1166992	NaN	NaN	NaN	
2669043972000	2660349594067	None	Fixation	(220.60, 183.16)	(181.11, 178.36)	2639.907	0.1333008	NaN	NaN	NaN	
2669060638000	2660366259927	None	Fixation	(220.38, 183.38)	(181.42, 178.54)	2639.907	0.1499023	NaN	NaN	NaN	
2669077305000	2660382926745	None	Fixation	(220.22, 183.02)	(182.77, 178.98)	2639.907	0.1665039	NaN	NaN	NaN	
2669093971000	2660399592514	None	Fixation	(220.21, 183.22)	(182.01, 178.90)	2639.907	0.1833496	NaN	NaN	NaN	
2669110638000	2660416259211	None	Fixation	(220.24, 183.13)	(183.44, 178.21)	2639.907	0.1999512	NaN	NaN	NaN	
2669127304000	2660432925593	None	Fixation	(220.33, 182.82)	(182.79, 178.82)	2639.907	0.2165527	NaN	NaN	NaN	
2669143971000	2660449591786	None	Fixation	(220.81, 182.67)	(182.86, 178.94)	2639.907	0.2333984	NaN	NaN	NaN	
2669160637000	2660466257584	None	Fixation	(220.61, 182.92)	(181.17, 178.61)	2639.907	0.25	NaN	NaN	NaN	
2669177304000	2660482924365	None	Fixation	(220.47, 182.41)	(183.05, 179.46)	2639.907	0.2666016	NaN	NaN	NaN	
2669210637000	2660516257440	None	Fixation	(221.14, 182.65)	(183.86, 178.23)	2639.907	0.3000488	NaN	NaN	NaN	
2669210637000	2660516256965	None	Fixation	(221.14, 182.65)	(183.86, 178.23)	2639.907	0.3000488	NaN	NaN	NaN	
2669227303000	2660532922799	None	Fixation	(220.92, 182.57)	(183.72, 178.39)	2639.907	0.3166504	NaN	NaN	NaN	
2669243968000	2660549587817	None	Fixation	(220.71, 182.61)	(182.74, 179.02)	2639.907	0.333252	NaN	NaN	NaN	
2669277301000	2660582920374	None	Fixation	(220.93, 182.60)	(183.15, 178.64)	2639.907	0.3666992	NaN	NaN	NaN	
2669277301000	2660582920173	None	Fixation	(220.93, 182.60)	(183.15, 178.64)	2639.907	0.3666992	NaN	NaN	NaN	
2669293968000	2660599586915	None	Fixation	(220.73, 182.82)	(181.63, 178.64)	2639.907	0.3833008	NaN	NaN	NaN	
2669310636000	2660616254695	None	Fixation	(221.25, 182.51)	(182.72, 179.15)	2639.907	0.3999023	NaN	NaN	NaN	
2669343969000	2660649587474	None	Saccade	(220.26, 181.07)	(184.18, 180.73)	2640.323	0.0168457	43.98316	1.466105	143.9296	
2669343969000	2660649587295	None	Saccade	(220.26, 181.07)	(184.18, 180.73)	2640.323	0.0168457	43.98316	1.466105	143.9296	
2669360636000	2660666254092	None	Pursuit	(220.28, 181.95)	(184.67, 179.53)	2640.323	0.03344727	15.95792	1.389134	122.6766	
2669377301000	2660682918822	None	Pursuit	(220.53, 181.59)	(183.86, 180.27)	2640.323	0.05004883	13.50158	1.239763	141.2938	
2669410634000	2660716251720	None	Fixation	(220.43, 181.49)	(183.73, 179.79)	2639.907	0.5	NaN	NaN	NaN	
2669427301000	2660732918411	None	Fixation	(220.26, 181.63)	(183.84, 179.34)	2639.907	0.5166016	NaN	NaN	NaN	
2669427301000	2660732918182	None	Fixation	(220.26, 181.63)	(183.84, 179.34)	2639.907	0.5166016	NaN	NaN	NaN	
2669443967000	2660749583962	None	Fixation	(220.29, 181.69)	(184.52, 179.30)	2639.907	0.5332031	NaN	NaN	NaN	
2669460634000	2660766251039	None	Fixation	(220.38, 181.32)	(184.26, 179.30)	2639.907	0.5500488	NaN	NaN	NaN	
2669477300000	2660782916625	None	Fixation	(220.39, 181.27)	(184.24, 178.89)	2639.907	0.5666504	NaN	NaN	NaN	
2669510633000	2660816249358	None	Fixation	(220.52, 181.27)	(184.58, 178.92)	2639.907	0.5998535	NaN	NaN	NaN	
2669510633000	2660816249132	None	Fixation	(220.52, 181.27)	(184.58, 178.92)	2639.907	0.5998535	NaN	NaN	NaN	
2669543966000	2660849581909	None	Fixation	(220.34, 181.22)	(184.37, 178.89)	2639.907	0.6333008	NaN	NaN	NaN	
2669543966000	2660849581747	None	Fixation	(220.34, 181.22)	(184.37, 178.89)	2639.907	0.6333008	NaN	NaN	NaN	
2669560633000	2660866248512	None	Fixation	(220.25, 181.15)	(184.83, 179.07)	2639.907	0.6499023	NaN	NaN	NaN	
2669577299000	2660882914264	None	Fixation	(220.44, 181.03)	(182.35, 179.25)	2639.907	0.6665039	NaN	NaN	NaN	
2669593966000	2660899581110	None	Fixation	(220.49, 181.11)	(184.62, 179.18)	2639.907	0.6833496	NaN	NaN	NaN	
2669610632000	2660916246902	None	Fixation	(220.22, 180.87)	(184.42, 178.93)	2639.907	0.6999512	NaN	NaN	NaN	
2669627299000	2660932913637	None	Fixation	(220.22, 180.90)	(184.07, 179.90)	2639.907	0.7165527	NaN	NaN	NaN	
2669643966000	2660949580508	None	Fixation	(220.25, 180.90)	(184.70, 178.85)	2639.907	0.7331543	NaN	NaN	NaN	
2669660632000	2660966246216	None	Fixation	(220.42, 180.98)	(184.42, 179.03)	2639.907	0.75	NaN	NaN	NaN	
2669693965000	2660999579037	None	Fixation	(220.47, 180.96)	(184.59, 178.88)	2639.907	0.7832031	NaN	NaN	NaN	
2669710630000	2661016243807	None	Fixation	(220.60, 180.87)	(184.28, 179.04)	2639.907	0.8000488	NaN	NaN	NaN	
2669710630000	2661016243583	None	Fixation	(220.60, 180.87)	(184.28, 179.04)	2639.907	0.8000488	NaN	NaN	NaN	
2669727296000	2661032909342	None	Fixation	(220.66, 180.94)	(182.33, 179.34)	2639.907	0.8166504	NaN	NaN	NaN	
2669743965000	2661049578402	None	Fixation	(220.38, 180.90)	(184.26, 179.59)	2639.907	0.833252	NaN	NaN	NaN	
2669760631000	2661066243938	None	Fixation	(220.69, 180.78)	(183.68, 179.94)	2639.907	0.8498535	NaN	NaN	NaN	
2669777298000	2661082910714	None	Fixation	(220.63, 180.88)	(184.52, 179.41)	2639.907	0.8666992	NaN	NaN	NaN	
2669793964000	2661099576601	None	Fixation	(220.85, 180.83)	(184.43, 179.20)	2639.907	0.8833008	NaN	NaN	NaN	
2669810629000	2661116241642	None	Fixation	(220.76, 180.89)	(184.12, 180.82)	2639.907	0.8999023	NaN	NaN	NaN	
2669827296000	2661132908392	None	Fixation	(220.54, 180.87)	(184.25, 179.61)	2639.907	0.9165039	NaN	NaN	NaN	
2669843964000	2661149576314	None	Fixation	(220.77, 180.90)	(183.79, 179.90)	2639.907	0.9333496	NaN	NaN	NaN	
2669877297000	2661182909125	None	Fixation	(220.32, 181.45)	(184.18, 178.49)	2639.907	0.9665527	NaN	NaN	NaN	
2669877297000	2661182908997	None	Fixation	(220.32, 181.45)	(184.18, 178.49)	2639.907	0.9665527	NaN	NaN	NaN	
2669893964000	2661199575527	None	Fixation	(220.09, 181.40)	(184.63, 179.19)	2639.907	0.9831543	NaN	NaN	NaN	
2669910630000	2661216241138	None	Fixation	(220.17, 180.99)	(184.70, 178.76)	2639.907	1	NaN	NaN	NaN	
2669927297000	2661232907855	None	Fixation	(220.69, 181.03)	(184.23, 180.40)	2639.907	1.016602	NaN	NaN	NaN	
2669943962000	2661249572625	None	Fixation	(220.56, 181.06)	(184.63, 179.01)	2639.907	1.033203	NaN	NaN	NaN	
2669960629000	2661266239456	None	Fixation	(220.62, 180.86)	(182.13, 179.31)	2639.907	1.050049	NaN	NaN	NaN	
2669977295000	2661282905156	None	Fixation	(220.40, 180.92)	(184.71, 178.96)	2639.907	1.06665	NaN	NaN	NaN	
2669993962000	2661299571988	None	Fixation	(220.65, 180.85)	(184.64, 179.26)	2639.907	1.083252	NaN	NaN	NaN	
2670010628000	2661316237768	None	Fixation	(220.41, 180.90)	(184.00, 180.07)	2639.907	1.099854	NaN	NaN	NaN	
2670043961000	2661349570959	None	Fixation	(220.12, 180.71)	(184.36, 179.12)	2639.907	1.133301	NaN	NaN	NaN	
2670043961000	2661349570768	None	Fixation	(220.12, 180.71)	(184.36, 179.12)	2639.907	1.133301	NaN	NaN	NaN	
2670060628000	2661366237516	None	Fixation	(220.16, 180.94)	(184.57, 178.95)	2639.907	1.149902	NaN	NaN	NaN	
2670093961000	2661399570219	None	Fixation	(220.18, 180.73)	(184.32, 178.96)	2639.907	1.18335	NaN	NaN	NaN	
2670110627000	2661416235974	None	Fixation	(220.22, 180.72)	(184.51, 179.06)	2639.907	1.199951	NaN	NaN	NaN	
2670110627000	2661416235687	None	Fixation	(220.22, 180.72)	(184.51, 179.06)	2639.907	1.199951	NaN	NaN	NaN	
2670143958000	2661449566287	None	Fixation	(220.37, 180.58)	(183.70, 179.78)	2639.907	1.233154	NaN	NaN	NaN	
2670143958000	2661449566031	None	Fixation	(220.37, 180.58)	(183.70, 179.78)	2639.907	1.233154	NaN	NaN	NaN	
2670160625000	2661466232834	None	Fixation	(220.35, 180.52)	(182.58, 179.54)	2639.907	1.25	NaN	NaN	NaN	
2670177294000	2661482901629	None	Fixation	(220.70, 180.59)	(184.14, 180.33)	2639.907	1.266602	NaN	NaN	NaN	
2670193960000	2661499567956	None	Fixation	(220.57, 180.52)	(183.97, 180.01)	2639.907	1.283203	NaN	NaN	NaN	
2670210627000	2661516234278	None	Fixation	(220.82, 180.54)	(184.39, 179.13)	2639.907	1.300049	NaN	NaN	NaN	
2670227293000	2661532900017	None	Fixation	(220.71, 180.41)	(184.12, 180.08)	2639.907	1.31665	NaN	NaN	NaN	
2670243960000	2661549566869	None	Fixation	(220.46, 180.31)	(184.28, 179.34)	2639.907	1.333252	NaN	NaN	NaN	
2670277293000	2661582899670	None	Fixation	(220.59, 180.30)	(183.96, 180.28)	2639.907	1.366699	NaN	NaN	NaN	
2670293959000	2661599565347	None	Fixation	(220.74, 180.45)	(184.55, 179.54)	2639.907	1.383301	NaN	NaN	NaN	
2670310624000	2661616230201	None	Fixation	(220.50, 180.39)	(184.15, 179.08)	2639.907	1.399902	NaN	NaN	NaN	
2670310624000	2661616229933	None	Fixation	(220.50, 180.39)	(184.15, 179.08)	2639.907	1.399902	NaN	NaN	NaN	
2670343959000	2661649564848	None	Fixation	(220.64, 180.43)	(184.64, 179.26)	2639.907	1.43335	NaN	NaN	NaN	
2670343959000	2661649564527	None	Fixation	(220.64, 180.43)	(184.64, 179.26)	2639.907	1.43335	NaN	NaN	NaN	
2670377292000	2661682897363	None	Fixation	(220.34, 180.45)	(184.19, 180.21)	2639.907	1.466553	NaN	NaN	NaN	
2670377292000	2661682897047	None	Fixation	(220.34, 180.45)	(184.19, 180.21)	2639.907	1.466553	NaN	NaN	NaN	
2670410625000	2661716230624	None	Fixation	(220.81, 181.97)	(184.03, 178.02)	2639.907	1.5	NaN	NaN	NaN	
2670410625000	2661716230034	None	Fixation	(220.81, 181.97)	(184.03, 178.02)	2639.907	1.5	NaN	NaN	NaN	
2670443958000	2661749562439	None	Fixation	(220.92, 181.21)	(183.84, 178.90)	2639.907	1.533203	NaN	NaN	NaN	
2670443958000	2661749562189	None	Fixation	(220.92, 181.21)	(183.84, 178.90)	2639.907	1.533203	NaN	NaN	NaN	
2670477291000	2661782895093	None	Fixation	(221.29, 181.05)	(184.12, 179.47)	2639.907	1.56665	NaN	NaN	NaN	
2670493958000	2661799562258	None	Fixation	(220.84, 181.21)	(183.95, 179.31)	2639.907	1.583252	NaN	NaN	NaN	
2670510622000	2661816226014	None	Fixation	(220.62, 181.01)	(185.56, 178.70)	2639.907	1.599854	NaN	NaN	NaN	
2670510622000	2661816225370	None	Fixation	(220.62, 181.01)	(185.56, 178.70)	2639.907	1.599854	NaN	NaN	NaN	
2670543957000	2661849560265	None	Fixation	(221.02, 181.07)	(183.86, 179.17)	2639.907	1.633301	NaN	NaN	NaN	
2670560624000	2661866226935	None	Fixation	(220.69, 180.98)	(183.95, 180.19)	2639.907	1.649902	NaN	NaN	NaN	
2670577290000	2661882892756	None	Saccade	(220.68, 181.04)	(181.11, 179.23)	2641.557	0.01660156	36.95153	1.231718	301.7537	
2670577290000	2661882892750	None	Saccade	(220.68, 181.04)	(181.11, 179.23)	2641.557	0.01660156	36.95153	1.231718	301.7537	
2670593957000	2661899559350	None	Fixation	(220.60, 180.92)	(184.38, 178.81)	2639.907	1.68335	NaN	NaN	NaN	
2670610622000	2661916224134	None	Fixation	(220.70, 181.18)	(184.19, 178.90)	2639.907	1.699951	NaN	NaN	NaN	
2670643955000	2661949557053	None	Fixation	(221.16, 180.94)	(183.58, 179.64)	2639.907	1.733154	NaN	NaN	NaN	
2670660622000	2661966223699	None	Fixation	(220.89, 180.98)	(184.11, 178.83)	2639.907	1.75	NaN	NaN	NaN	
2670677288000	2661982889933	None	Fixation	(221.02, 181.19)	(183.64, 179.00)	2639.907	1.766602	NaN	NaN	NaN	
2670693955000	2661999556637	None	Fixation	(220.42, 180.88)	(183.98, 178.72)	2639.907	1.783203	NaN	NaN	NaN	
2670710621000	2662016222296	None	Fixation	(220.80, 180.99)	(183.81, 179.38)	2639.907	1.800049	NaN	NaN	NaN	
2670710621000	2662016222132	None	Fixation	(220.80, 180.99)	(183.81, 179.38)	2639.907	1.800049	NaN	NaN	NaN	
2670727288000	2662032888635	None	Fixation	(220.61, 180.90)	(183.92, 179.00)	2639.907	1.81665	NaN	NaN	NaN	
2670760621000	2662066221391	None	Fixation	(221.19, 180.81)	(184.02, 178.94)	2639.907	1.849854	NaN	NaN	NaN	
2670777287000	2662082887189	None	Fixation	(221.11, 180.61)	(183.91, 179.15)	2639.907	1.866699	NaN	NaN	NaN	
2670777287000	2662082887011	None	Fixation	(221.11, 180.61)	(183.91, 179.15)	2639.907	1.866699	NaN	NaN	NaN	
2670810620000	2662116219761	None	Fixation	(221.35, 179.99)	(184.20, 179.91)	2639.907	1.899902	NaN	NaN	NaN	
2670827287000	2662132887070	None	Fixation	(222.19, 179.65)	(183.81, 182.29)	2639.907	1.916504	NaN	NaN	NaN	
2670843952000	2662149551345	None	Fixation	(222.06, 179.36)	(184.65, 181.35)	2639.907	1.93335	NaN	NaN	NaN	
2670860618000	2662166217102	None	Fixation	(222.29, 178.94)	(183.72, 181.94)	2639.907	1.949951	NaN	NaN	NaN	
2670877287000	2662182885921	None	Fixation	(222.79, 178.56)	(183.85, 182.50)	2639.907	1.966553	NaN	NaN	NaN	
2670893953000	2662199551683	None	Fixation	(223.18, 178.05)	(184.05, 183.32)	2639.907	1.983154	NaN	NaN	NaN	
2670910620000	2662216218508	None	Fixation	(223.68, 177.67)	(183.31, 184.78)	2639.907	2	NaN	NaN	NaN	
2670910620000	2662216218366	None	Fixation	(223.68, 177.67)	(183.31, 184.78)	2639.907	2	NaN	NaN	NaN	
2670943953000	2662249551103	None	Pursuit	(224.50, 176.54)	(183.31, 185.77)	2641.907	0.03320313	17.60229	0.4041158	193.2138	
2670943953000	2662249550842	None	Pursuit	(224.50, 176.54)	(183.31, 185.77)	2641.907	0.03320313	17.60229	0.4041158	193.2138	
2670977286000	2662282883676	None	Fixation	(225.69, 175.38)	(182.78, 187.07)	2639.907	2.06665	NaN	NaN	NaN	
2670977286000	2662282883394	None	Fixation	(225.69, 175.38)	(182.78, 187.07)	2639.907	2.06665	NaN	NaN	NaN	
2671010619000	2662316216506	None	Saccade	(226.42, 174.20)	(181.30, 189.15)	2641.99	0.01660156	22.22297	0.7407655	250.0901	
2671027285000	2662332882068	None	Pursuit	(227.47, 173.80)	(182.27, 190.45)	2641.99	0.03344727	19.96676	0.9628477	206.4795	
2671043952000	2662349548812	None	Pursuit	(227.54, 173.29)	(182.31, 190.77)	2641.99	0.05004883	4.021793	1.088472	203.8598	
2671060618000	2662366214627	None	Pursuit	(228.13, 172.95)	(182.25, 191.61)	2641.99	0.06665039	10.35655	1.432	202.294	
2671077285000	2662382881406	None	Fixation	(228.18, 172.23)	(182.06, 191.49)	2639.907	2.166504	NaN	NaN	NaN	
2671093951000	2662399547147	None	Fixation	(229.25, 171.92)	(182.20, 192.65)	2639.907	2.18335	NaN	NaN	NaN	
2671110618000	2662416213937	None	Saccade	(229.50, 171.65)	(181.85, 194.74)	2642.09	0.01660156	26.0619	0.8687301	202.7337	
2671127284000	2662432879733	None	Fixation	(229.64, 171.15)	(181.60, 193.82)	2639.907	2.216553	NaN	NaN	NaN	
2671143949000	2662449544529	None	Fixation	(230.30, 170.79)	(181.48, 194.35)	2639.907	2.233154	NaN	NaN	NaN	
2671160618000	2662466213578	None	Fixation	(230.81, 170.39)	(181.24, 196.45)	2639.907	2.25	NaN	NaN	NaN	
2671177284000	2662482879216	None	Fixation	(231.43, 169.99)	(180.85, 196.14)	2639.907	2.266602	NaN	NaN	NaN	
2671193951000	2662499546099	None	Fixation	(231.69, 169.52)	(181.17, 196.26)	2639.907	2.283203	NaN	NaN	NaN	
2671210617000	2662516211902	None	Fixation	(232.19, 169.24)	(180.49, 197.57)	2639.907	2.299805	NaN	NaN	NaN	
2671227284000	2662532878509	None	Fixation	(232.23, 169.26)	(179.86, 197.34)	2639.907	2.31665	NaN	NaN	NaN	
2671243949000	2662549543329	None	Saccade	(226.47, 176.68)	(180.74, 186.30)	2642.224	0.01660156	115.4861	4.540655	21.19926	
2671260615000	2662566209025	None	Saccade	(218.15, 184.41)	(183.53, 180.03)	2642.224	0.03320313	139.7472	8.480147	27.44439	
2671277280000	2662582873980	None	Unknown	(218.37, 183.97)	(186.88, 180.61)	NaN	NaN	NaN	NaN	NaN	
2671293949000	2662599542588	None	Pursuit	(218.66, 183.71)	(185.67, 179.31)	2642.274	0.01660156	4.732464	0.1577488	215.5788	
2671310613000	2662616207034	None	Pursuit	(217.37, 183.41)	(185.67, 178.72)	2642.274	0.03320313	16.32436	0.4712036	106.2619	
2671327280000	2662632873187	None	Unknown	(217.70, 182.25)	(185.53, 178.99)	NaN	NaN	NaN	NaN	NaN	
2671343947000	2662649540065	None	Fixation	(218.29, 182.12)	(186.30, 178.49)	2642.323	0.0168457	NaN	NaN	NaN	
2671360613000	2662666205745	None	Fixation	(218.29, 182.11)	(185.81, 178.03)	2642.323	0.03344727	NaN	NaN	NaN	
2671377280000	2662682872581	None	Fixation	(217.99, 182.02)	(185.62, 178.29)	2642.323	0.05004883	NaN	NaN	NaN	
2671393948000	2662699540338	None	Fixation	(217.81, 181.40)	(185.74, 177.95)	2642.323	0.06665039	NaN	NaN	NaN	
2671410614000	2662716206106	None	Fixation	(218.23, 181.55)	(185.72, 179.15)	2642.323	0.08349609	NaN	NaN	NaN	
2671427281000	2662732872894	None	Fixation	(218.06, 181.36)	(186.22, 177.91)	2642.323	0.1000977	NaN	NaN	NaN	
2671443947000	2662749538783	None	Fixation	(218.34, 181.44)	(185.96, 178.15)	2642.323	0.1166992	NaN	NaN	NaN	
2671460614000	2662766205826	None	Fixation	(218.26, 181.22)	(186.47, 177.35)	2642.323	0.1333008	NaN	NaN	NaN	
2671477279000	2662782870281	None	Fixation	(218.00, 180.90)	(185.76, 178.32)	2642.323	0.1501465	NaN	NaN	NaN	
2671493947000	2662799538325	None	Fixation	(218.01, 180.73)	(185.93, 178.51)	2642.323	0.166748	NaN	NaN	NaN	
2671510614000	2662816205253	None	Fixation	(218.39, 180.91)	(186.21, 177.67)	2642.323	0.1833496	NaN	NaN	NaN	
2671527280000	2662832870637	None	Fixation	(218.34, 180.89)	(186.16, 177.96)	2642.323	0.2001953	NaN	NaN	NaN	
2671543945000	2662849535427	None	Fixation	(218.13, 180.78)	(186.41, 178.52)	2642.323	0.2167969	NaN	NaN	NaN	
2671543945000	2662849535260	None	Fixation	(218.13, 180.78)	(186.41, 178.52)	2642.323	0.2167969	NaN	NaN	NaN	
2671577279000	2662882869023	None	Fixation	(218.28, 181.01)	(186.07, 178.23)	2642.323	0.25	NaN	NaN	NaN	
2671593946000	2662899535786	None	Fixation	(218.29, 181.22)	(186.17, 178.35)	2642.323	0.2668457	NaN	NaN	NaN	
2671610612000	2662916201617	None	Fixation	(217.75, 181.36)	(185.58, 178.36)	2642.323	0.2834473	NaN	NaN	NaN	
2671627278000	2662932867453	None	Fixation	(218.08, 181.19)	(186.14, 178.53)	2642.323	0.3000488	NaN	NaN	NaN	
2671643946000	2662949535217	None	Fixation	(217.93, 181.16)	(186.04, 178.41)	2642.323	0.3166504	NaN	NaN	NaN	
2671660612000	2662966200905	None	Fixation	(217.96, 181.23)	(186.20, 178.32)	2642.323	0.3334961	NaN	NaN	NaN	
2671677279000	2662982867820	None	Fixation	(217.80, 181.38)	(186.15, 178.54)	2642.323	0.3500977	NaN	NaN	NaN	
2671693945000	2662999533507	None	Fixation	(218.29, 181.39)	(186.34, 178.42)	2642.323	0.3666992	NaN	NaN	NaN	
2671710612000	2663016200338	None	Fixation	(218.48, 181.35)	(185.89, 178.73)	2642.323	0.3833008	NaN	NaN	NaN	
2671727279000	2663032867499	None	Fixation	(218.33, 181.06)	(186.18, 178.19)	2642.323	0.4001465	NaN	NaN	NaN	
2671743945000	2663049532906	None	Fixation	(218.09, 181.31)	(185.71, 178.78)	2642.323	0.416748	NaN	NaN	NaN	
2671760612000	2663066199683	None	Fixation	(218.34, 181.14)	(185.63, 178.98)	2642.323	0.4333496	NaN	NaN	NaN	
2671777279000	2663082866499	None	Fixation	(218.46, 181.27)	(185.09, 178.94)	2642.323	0.4501953	NaN	NaN	NaN	
2671793945000	2663099532227	None	Fixation	(218.35, 181.20)	(186.04, 178.24)	2642.323	0.4667969	NaN	NaN	NaN	
2671810611000	2663116198321	None	Fixation	(220.34, 182.28)	(183.13, 179.23)	2642.323	0.4833984	NaN	NaN	NaN	
2671827278000	2663132865201	None	Saccade	(220.19, 181.62)	(182.21, 179.19)	2642.807	0.01660156	11.26833	0.3756112	285.5144	
2671843944000	2663149530678	None	Pursuit	(220.15, 181.82)	(184.72, 179.30)	2642.807	0.03344727	30.94354	0.6558409	105.6501	
2671860611000	2663166197389	None	Pursuit	(220.26, 181.57)	(182.08, 178.89)	2642.807	0.05004883	32.95901	0.4521533	300.8159	
2671877277000	2663182863231	None	Fixation	(220.08, 181.64)	(182.88, 178.90)	2642.323	0.5500488	NaN	NaN	NaN	
2671893944000	2663199529976	None	Fixation	(220.06, 181.67)	(183.99, 179.72)	2642.323	0.5666504	NaN	NaN	NaN	
2671910610000	2663216195879	None	Fixation	(219.85, 181.68)	(183.31, 179.10)	2642.323	0.5834961	NaN	NaN	NaN	
2671910610000	2663216195827	None	Fixation	(219.85, 181.68)	(183.31, 179.10)	2642.323	0.5834961	NaN	NaN	NaN	
2671943943000	2663249528544	None	Fixation	(220.02, 181.42)	(184.40, 180.05)	2642.323	0.6166992	NaN	NaN	NaN	
2671960610000	2663266195198	None	Fixation	(219.95, 181.39)	(184.14, 178.40)	2642.323	0.6333008	NaN	NaN	NaN	
2671977276000	2663282860904	None	Fixation	(220.10, 181.37)	(183.60, 179.04)	2642.323	0.6501465	NaN	NaN	NaN	
2671993943000	2663299528017	None	Fixation	(220.34, 181.43)	(183.22, 179.15)	2642.323	0.666748	NaN	NaN	NaN	
2672010607000	2663316191506	None	Fixation	(219.82, 181.31)	(184.43, 178.55)	2642.323	0.6833496	NaN	NaN	NaN	
2672027274000	2663332858731	None	Fixation	(220.11, 181.42)	(184.55, 178.20)	2642.323	0.7001953	NaN	NaN	NaN	
2672043942000	2663349526413	None	Fixation	(220.09, 181.54)	(184.16, 179.55)	2642.323	0.7167969	NaN	NaN	NaN	
2672060609000	2663366193141	None	Fixation	(219.92, 181.33)	(183.51, 178.78)	2642.323	0.7333984	NaN	NaN	NaN	
2672077275000	2663382858807	None	Fixation	(219.86, 181.20)	(183.84, 178.78)	2642.323	0.75	NaN	NaN	NaN	
2672093942000	2663399525426	None	Fixation	(220.28, 181.46)	(184.53, 178.24)	2642.323	0.7668457	NaN	NaN	NaN	
2672110609000	2663416192254	None	Fixation	(220.28, 181.27)	(184.09, 178.27)	2642.323	0.7834473	NaN	NaN	NaN	
2672110609000	2663416192391	None	Fixation	(220.28, 181.27)	(184.09, 178.27)	2642.323	0.7834473	NaN	NaN	NaN	
2672143942000	2663449524791	None	Fixation	(220.06, 181.22)	(184.19, 178.30)	2642.323	0.8166504	NaN	NaN	NaN	
2672160608000	2663466190678	None	Fixation	(220.01, 181.13)	(181.78, 178.21)	2642.323	0.8334961	NaN	NaN	NaN	
2672177275000	2663482857370	None	Fixation	(220.09, 181.30)	(184.17, 179.55)	2642.323	0.8500977	NaN	NaN	NaN	
2672193941000	2663499523394	None	Fixation	(220.41, 181.05)	(183.48, 178.57)	2642.323	0.8666992	NaN	NaN	NaN	
2672210608000	2663516189957	None	Fixation	(220.49, 181.20)	(183.48, 179.34)	2642.323	0.8833008	NaN	NaN	NaN	
2672227274000	2663532855756	None	Fixation	(220.17, 180.98)	(183.94, 178.33)	2642.323	0.9001465	NaN	NaN	NaN	
2672243940000	2663549522137	None	Fixation	(220.19, 180.95)	(183.83, 178.68)	2642.323	0.916748	NaN	NaN	NaN	
2672243940000	2663549521548	None	Fixation	(220.19, 180.95)	(183.83, 178.68)	2642.323	0.916748	NaN	NaN	NaN	
2672277274000	2663582855138	None	Fixation	(220.26, 181.01)	(183.92, 178.31)	2642.323	0.9501953	NaN	NaN	NaN	
2672293940000	2663599520877	None	Fixation	(220.29, 180.99)	(184.17, 178.07)	2642.323	0.9667969	NaN	NaN	NaN	
2672310607000	2663616188189	None	Fixation	(220.35, 181.00)	(183.47, 178.93)	2642.323	0.9833984	NaN	NaN	NaN	
2672310607000	2663616187965	None	Fixation	(220.35, 181.00)	(183.47, 178.93)	2642.323	0.9833984	NaN	NaN	NaN	
2672343938000	2663649518296	None	Fixation	(220.01, 180.94)	(184.17, 178.27)	2642.323	1.016846	NaN	NaN	NaN	
2672360605000	2663666185043	None	Fixation	(220.47, 181.10)	(183.66, 179.06)	2642.323	1.033447	NaN	NaN	NaN	
2672377273000	2663682852897	None	Fixation	(220.05, 181.14)	(181.67, 178.27)	2642.323	1.050049	NaN	NaN	NaN	
2672377273000	2663682852908	None	Fixation	(220.05, 181.14)	(181.67, 178.27)	2642.323	1.050049	NaN	NaN	NaN	
2672393940000	2663699519690	None	Fixation	(220.44, 181.18)	(184.44, 178.13)	2642.323	1.06665	NaN	NaN	NaN	
2672410606000	2663716185470	None	Fixation	(219.72, 181.18)	(184.33, 178.04)	2642.323	1.083496	NaN	NaN	NaN	
2672427272000	2663732851194	None	Fixation	(219.68, 181.58)	(183.85, 178.45)	2642.323	1.100098	NaN	NaN	NaN	
2672443937000	2663749516098	None	Fixation	(218.94, 181.73)	(184.97, 177.27)	2642.323	1.116699	NaN	NaN	NaN	
2672460604000	2663766182751	None	Fixation	(218.85, 182.20)	(185.16, 177.57)	2642.323	1.133301	NaN	NaN	NaN	
2672477270000	2663782848553	None	Fixation	(218.05, 182.49)	(185.44, 176.65)	2642.323	1.150146	NaN	NaN	NaN	
2672493937000	2663799515340	None	Fixation	(217.63, 183.09)	(186.27, 176.08)	2642.323	1.166748	NaN	NaN	NaN	
2672510604000	2663816182111	None	Fixation	(216.99, 183.48)	(185.95, 176.05)	2642.323	1.18335	NaN	NaN	NaN	
2672527271000	2663832848907	None	Fixation	(216.65, 184.11)	(185.70, 176.11)	2642.323	1.199951	NaN	NaN	NaN	
2672543937000	2663849514744	None	Fixation	(215.79, 184.80)	(186.49, 174.97)	2642.323	1.216797	NaN	NaN	NaN	
2672560604000	2663866181511	None	Fixation	(215.32, 185.61)	(184.83, 174.33)	2642.323	1.233398	NaN	NaN	NaN	
2672577270000	2663882847430	None	Fixation	(214.88, 186.38)	(185.13, 173.70)	2642.323	1.25	NaN	NaN	NaN	
2672593937000	2663899514088	None	Saccade	(214.10, 187.12)	(184.98, 172.97)	2643.573	0.0168457	13.16736	0.4389121	33.50575	
2672610603000	2663916179850	None	Pursuit	(213.49, 187.65)	(186.54, 172.58)	2643.573	0.03344727	9.990269	0.771753	34.54713	
2672627270000	2663932846642	None	Pursuit	(213.15, 188.78)	(186.59, 171.97)	2643.573	0.05004883	14.46006	1.211483	22.83031	
2672643936000	2663949512466	None	Pursuit	(212.54, 189.91)	(186.98, 170.77)	2643.573	0.06665039	15.8284	1.735979	20.56727	
2672660603000	2663966179201	None	Saccade	(212.53, 192.49)	(185.54, 168.37)	2643.64	0.0168457	34.39841	1.146614	342.0583	
2672677269000	2663982845085	None	Pursuit	(211.94, 192.54)	(184.77, 168.18)	2643.573	0.1000977	7.37057	2.800049	12.52014	
2672693936000	2663999511801	None	Pursuit	(211.57, 193.09)	(185.93, 167.93)	2643.573	0.1166992	8.055769	3.066255	13.20877	
2672710602000	2664016178171	None	Pursuit	(210.85, 193.28)	(185.85, 167.38)	2643.573	0.1333008	9.255054	3.275258	17.31228	
2672727269000	2664032844374	None	Unknown	(210.56, 194.33)	(186.18, 166.76)	NaN	NaN	NaN	NaN	NaN	
2672743935000	2664049510177	None	Fixation	(210.16, 194.84)	(186.05, 166.15)	2643.724	0.01660156	NaN	NaN	NaN	
2672760602000	2664066177026	None	Fixation	(209.79, 195.55)	(186.60, 165.28)	2643.724	0.03320313	NaN	NaN	NaN	
2672777269000	2664082843813	None	Fixation	(209.14, 196.04)	(186.03, 164.93)	2643.724	0.04980469	NaN	NaN	NaN	
2672793935000	2664099509520	None	Fixation	(208.80, 196.54)	(186.37, 164.33)	2643.724	0.06665039	NaN	NaN	NaN	
2672810602000	2664116176329	None	Fixation	(208.42, 197.11)	(186.91, 163.87)	2643.724	0.08325195	NaN	NaN	NaN	
2672827268000	2664132842096	None	Fixation	(208.17, 197.50)	(186.50, 163.49)	2643.724	0.09985352	NaN	NaN	NaN	
2672843933000	2664149507210	None	Fixation	(207.66, 198.22)	(187.01, 162.61)	2643.724	0.1166992	NaN	NaN	NaN	
2672860599000	2664166172649	None	Fixation	(210.16, 195.33)	(186.25, 166.09)	2643.724	0.1333008	NaN	NaN	NaN	
2672877268000	2664182841495	None	Saccade	(218.64, 184.81)	(185.12, 176.44)	2643.857	0.01660156	166.2153	5.540509	202.5654	
2672893934000	2664199507720	None	Unknown	(218.63, 181.83)	(186.30, 181.21)	NaN	NaN	NaN	NaN	NaN	
2672910601000	2664216174044	None	Pursuit	(218.47, 182.79)	(185.68, 180.79)	2643.89	0.0168457	11.93416	0.3978053	356.3009	
2672927267000	2664232839814	None	Pursuit	(219.60, 181.65)	(186.25, 180.27)	2643.89	0.03344727	19.81018	0.4079897	246.2401	
2672943934000	2664249506606	None	Pursuit	(219.14, 181.56)	(185.05, 179.90)	2643.89	0.05004883	15.4884	0.7436543	329.4598	
2672960600000	2664266172428	None	Fixation	(218.12, 181.41)	(186.85, 178.62)	2643.94	0.01660156	NaN	NaN	NaN	
2672977267000	2664282839216	None	Fixation	(218.55, 181.00)	(186.15, 179.65)	2643.94	0.03344727	NaN	NaN	NaN	
2672993933000	2664299504944	None	Fixation	(218.77, 181.19)	(186.37, 179.10)	2643.94	0.05004883	NaN	NaN	NaN	
2673010599000	2664316170749	None	Fixation	(218.78, 181.24)	(186.90, 178.46)	2643.94	0.06665039	NaN	NaN	NaN	
2673027265000	2664332836564	None	Fixation	(218.57, 180.91)	(186.53, 178.95)	2643.94	0.08325195	NaN	NaN	NaN	
2673043932000	2664349503413	None	Fixation	(218.31, 180.94)	(186.37, 178.54)	2643.94	0.1000977	NaN	NaN	NaN	
2673060599000	2664366170119	None	Fixation	(218.73, 180.75)	(186.46, 178.90)	2643.94	0.1166992	NaN	NaN	NaN	
2673077265000	2664382835920	None	Fixation	(218.54, 180.85)	(186.63, 179.63)	2643.94	0.1333008	NaN	NaN	NaN	
2673093931000	2664399501700	None	Fixation	(218.77, 180.73)	(186.57, 179.13)	2643.94	0.1501465	NaN	NaN	NaN	
2673110598000	2664416168496	None	Fixation	(218.62, 180.87)	(186.46, 178.88)	2643.94	0.166748	NaN	NaN	NaN	
2673127265000	2664432835256	None	Fixation	(219.01, 180.70)	(186.93, 178.76)	2643.94	0.1833496	NaN	NaN	NaN	
2673143930000	2664449500073	None	Fixation	(218.92, 180.63)	(186.93, 178.89)	2643.94	0.1999512	NaN	NaN	NaN	
2673160597000	2664466166883	None	Fixation	(218.61, 180.76)	(185.99, 179.25)	2643.94	0.2167969	NaN	NaN	NaN	
2673177263000	2664482832643	None	Fixation	(218.91, 180.74)	(186.57, 178.77)	2643.94	0.2333984	NaN	NaN	NaN	
2673193930000	2664499499433	None	Fixation	(218.80, 180.77)	(186.59, 179.00)	2643.94	0.25	NaN	NaN	NaN	
2673210596000	2664516165220	None	Fixation	(218.80, 180.72)	(184.61, 179.07)	2643.94	0.2666016	NaN	NaN	NaN	
2673227263000	2664532832409	None	Fixation	(218.91, 180.73)	(185.77, 179.72)	2643.94	0.2834473	NaN	NaN	NaN	
2673243929000	2664549498173	None	Fixation	(218.76, 180.82)	(186.70, 179.84)	2643.94	0.3000488	NaN	NaN	NaN	
2673260596000	2664566164807	None	Fixation	(218.95, 180.67)	(184.79, 179.30)	2643.94	0.3166504	NaN	NaN	NaN	
2673277262000	2664582830471	None	Fixation	(218.80, 180.74)	(185.46, 179.48)	2643.94	0.333252	NaN	NaN	NaN	
2673293929000	2664599497153	None	Fixation	(219.29, 180.90)	(185.86, 179.50)	2643.94	0.3500977	NaN	NaN	NaN	
2673310595000	2664616162952	None	Fixation	(219.19, 180.78)	(186.15, 179.20)	2643.94	0.3666992	NaN	NaN	NaN	
2673327262000	2664632829746	None	Fixation	(220.70, 181.58)	(184.16, 179.19)	2643.94	0.3833008	NaN	NaN	NaN	
2673343928000	2664649495552	None	Fixation	(220.25, 181.44)	(184.67, 179.28)	2643.94	0.4001465	NaN	NaN	NaN	
2673360595000	2664666162342	None	Fixation	(220.38, 181.28)	(183.15, 179.53)	2643.94	0.416748	NaN	NaN	NaN	
2673377268000	2664682835438	None	Fixation	(220.44, 181.08)	(184.70, 179.14)	2643.94	0.4333496	NaN	NaN	NaN	
2673393928000	2664699494877	None	Fixation	(220.60, 181.20)	(182.36, 179.28)	2643.94	0.4499512	NaN	NaN	NaN	
2673410594000	2664716160677	None	Fixation	(220.24, 181.14)	(185.29, 179.41)	2643.94	0.4667969	NaN	NaN	NaN	
2673427261000	2664732827466	None	Fixation	(220.54, 181.16)	(182.95, 179.48)	2643.94	0.4833984	NaN	NaN	NaN	
2673443928000	2664749494273	None	Fixation	(220.87, 181.22)	(184.40, 179.91)	2643.94	0.5	NaN	NaN	NaN	
2673460594000	2664766160029	None	Fixation	(220.25, 181.00)	(184.40, 179.77)	2643.94	0.5166016	NaN	NaN	NaN	
2673477261000	2664782827308	None	Fixation	(220.17, 181.16)	(183.63, 179.65)	2643.94	0.5334473	NaN	NaN	NaN	
2673493927000	2664799492898	None	Fixation	(220.36, 180.97)	(182.41, 179.05)	2643.94	0.5500488	NaN	NaN	NaN	
2673510594000	2664816159754	None	Fixation	(220.38, 181.00)	(184.56, 179.76)	2643.94	0.5666504	NaN	NaN	NaN	
2673527260000	2664832825188	None	Fixation	(220.37, 180.92)	(184.87, 179.28)	2643.94	0.583252	NaN	NaN	NaN	
2673543927000	2664849492000	None	Fixation	(220.53, 181.15)	(184.34, 180.34)	2643.94	0.6000977	NaN	NaN	NaN	
2673560593000	2664866157813	None	Fixation	(220.16, 181.06)	(185.12, 179.06)	2643.94	0.6166992	NaN	NaN	NaN	
2673577260000	2664882824559	None	Fixation	(220.63, 181.25)	(184.75, 179.50)	2643.94	0.6333008	NaN	NaN	NaN	
2673593926000	2664899490365	None	Fixation	(220.60, 181.31)	(184.43, 179.66)	2643.94	0.6501465	NaN	NaN	NaN	
2673610593000	2664916157151	None	Fixation	(220.43, 181.03)	(185.07, 180.46)	2643.94	0.666748	NaN	NaN	NaN	
2673627259000	2664932822922	None	Fixation	(220.70, 181.17)	(184.55, 180.16)	2643.94	0.6833496	NaN	NaN	NaN	
2673643924000	2664949487730	None	Fixation	(220.42, 181.03)	(185.04, 178.85)	2643.94	0.6999512	NaN	NaN	NaN	
2673660591000	2664966154712	None	Fixation	(220.44, 180.92)	(184.87, 180.57)	2643.94	0.7167969	NaN	NaN	NaN	
2673677257000	2664982820277	None	Fixation	(220.81, 180.79)	(184.33, 178.98)	2643.94	0.7333984	NaN	NaN	NaN	
2673693925000	2664999488060	None	Fixation	(220.43, 180.76)	(182.50, 178.99)	2643.94	0.75	NaN	NaN	NaN	
2673710592000	2665016155129	None	Fixation	(220.63, 180.78)	(184.45, 179.64)	2643.94	0.7666016	NaN	NaN	NaN	
2673727258000	2665032820631	None	Fixation	(220.65, 180.73)	(184.15, 179.75)	2643.94	0.7834473	NaN	NaN	NaN	
2673743925000	2665049487462	None	Fixation	(220.47, 180.78)	(183.29, 179.42)	2643.94	0.8000488	NaN	NaN	NaN	
2673760591000	2665066153235	None	Fixation	(220.59, 180.68)	(184.96, 179.00)	2643.94	0.8166504	NaN	NaN	NaN	
2673777258000	2665082820021	None	Fixation	(219.91, 182.20)	(183.23, 178.33)	2643.94	0.833252	NaN	NaN	NaN	
2673793924000	2665099485811	None	Fixation	(220.08, 181.65)	(182.95, 178.53)	2643.94	0.8500977	NaN	NaN	NaN	
2673810588000	2665116149619	None	Fixation	(220.48, 181.64)	(183.92, 178.38)	2643.94	0.8666992	NaN	NaN	NaN	
2673827255000	2665132816375	None	Fixation	(220.02, 181.14)	(184.75, 179.43)	2643.94	0.8833008	NaN	NaN	NaN	
2673843921000	2665149482163	None	Fixation	(220.33, 181.14)	(184.19, 178.92)	2643.94	0.8999023	NaN	NaN	NaN	
2673860588000	2665166148958	None	Fixation	(220.34, 181.27)	(182.75, 178.94)	2643.94	0.916748	NaN	NaN	NaN	
2673877256000	2665182817146	None	Fixation	(220.07, 181.30)	(185.19, 177.71)	2643.94	0.9333496	NaN	NaN	NaN	
2673893923000	2665199484209	None	Saccade	(220.29, 181.42)	(182.08, 178.51)	2644.874	0.01660156	39.5126	1.317087	268.4778	
2673910588000	2665216148867	None	Fixation	(220.37, 181.52)	(184.78, 178.30)	2643.94	0.9667969	NaN	NaN	NaN	
2673927254000	2665232814508	None	Fixation	(220.51, 181.42)	(183.18, 178.86)	2643.94	0.9833984	NaN	NaN	NaN	
2673943921000	2665249480920	None	Saccade	(220.63, 181.42)	(182.33, 178.61)	2644.924	0.01660156	10.88076	0.362692	299.2996	
2673960587000	2665266146676	None	Fixation	(220.55, 181.13)	(183.64, 178.98)	2643.94	1.016602	NaN	NaN	NaN	
2673977255000	2665282814463	None	Fixation	(220.92, 181.34)	(183.56, 178.91)	2643.94	1.033447	NaN	NaN	NaN	
2673993922000	2665299481285	None	Fixation	(220.68, 181.51)	(184.52, 180.00)	2643.94	1.050049	NaN	NaN	NaN	
2674010588000	2665316147034	None	Fixation	(220.77, 181.41)	(184.76, 178.13)	2643.94	1.06665	NaN	NaN	NaN	
2674027255000	2665332813851	None	Fixation	(220.52, 181.43)	(183.92, 179.07)	2643.94	1.083252	NaN	NaN	NaN	
2674043921000	2665349479640	None	Fixation	(220.33, 181.20)	(182.49, 178.66)	2643.94	1.100098	NaN	NaN	NaN	
2674060588000	2665366146428	None	Fixation	(220.41, 181.48)	(184.48, 178.37)	2643.94	1.116699	NaN	NaN	NaN	
2674077255000	2665382813192	None	Fixation	(220.45, 181.39)	(182.92, 178.76)	2643.94	1.133301	NaN	NaN	NaN	
2674093921000	2665399479005	None	Fixation	(220.51, 181.36)	(185.34, 178.37)	2643.94	1.149902	NaN	NaN	NaN	
2674110588000	2665416145754	None	Fixation	(220.42, 181.49)	(182.43, 178.79)	2643.94	1.166748	NaN	NaN	NaN	
2674127254000	2665432811570	None	Fixation	(220.11, 181.43)	(185.11, 178.43)	2643.94	1.18335	NaN	NaN	NaN	
2674143921000	2665449478361	None	Fixation	(219.88, 181.61)	(184.92, 178.35)	2643.94	1.199951	NaN	NaN	NaN	
2674160587000	2665466144151	None	Fixation	(219.78, 181.83)	(184.63, 178.84)	2643.94	1.216797	NaN	NaN	NaN	
2674177254000	2665482810947	None	Fixation	(219.81, 181.21)	(185.42, 178.50)	2643.94	1.233398	NaN	NaN	NaN	
2674193920000	2665499476719	None	Fixation	(219.34, 181.79)	(185.50, 179.80)	2643.94	1.25	NaN	NaN	NaN	
2674210587000	2665516143512	None	Fixation	(218.91, 181.71)	(185.72, 179.31)	2643.94	1.266602	NaN	NaN	NaN	
2674227253000	2665532809325	None	Fixation	(218.39, 181.90)	(186.36, 178.18)	2643.94	1.283447	NaN	NaN	NaN	
2674243920000	2665549476133	None	Fixation	(217.72, 182.03)	(184.51, 178.10)	2643.94	1.300049	NaN	NaN	NaN	
2674260586000	2665566141870	None	Fixation	(217.18, 182.14)	(187.05, 178.29)	2643.94	1.31665	NaN	NaN	NaN	
2674277251000	2665582806675	None	Fixation	(216.16, 182.15)	(188.14, 178.30)	2643.94	1.333252	NaN	NaN	NaN	
2674293917000	2665599472449	None	Saccade	(215.61, 182.20)	(188.34, 178.52)	2645.273	0.0168457	3.682909	0.1227636	149.2123	
2674310586000	2665616141247	None	Pursuit	(214.93, 182.36)	(189.89, 178.61)	2645.273	0.03344727	19.0724	0.7307972	113.1034	
2674327252000	2665632807034	None	Fixation	(214.02, 182.33)	(188.39, 177.65)	2643.94	1.383301	NaN	NaN	NaN	
2674343919000	2665649474142	None	Fixation	(213.41, 182.53)	(191.38, 177.85)	2643.94	1.399902	NaN	NaN	NaN	
2674360585000	2665666140049	None	Saccade	(212.58, 182.55)	(191.31, 177.83)	2645.34	0.0168457	0.9636994	0.03212331	298.6133	
2674377252000	2665682806402	None	Pursuit	(211.66, 182.71)	(192.50, 177.02)	2645.34	0.03344727	17.734	0.5708304	66.57485	
2674393919000	2665699473225	None	Pursuit	(211.31, 182.62)	(192.88, 177.91)	2645.34	0.05004883	11.84115	0.6132454	105.31	
2674410583000	2665716136977	None	Fixation	(210.05, 182.79)	(192.11, 176.80)	2643.94	1.466797	NaN	NaN	NaN	
2674427249000	2665732802751	None	Fixation	(209.36, 182.74)	(194.74, 177.40)	2643.94	1.483398	NaN	NaN	NaN	
2674443917000	2665749470554	None	Fixation	(208.51, 183.06)	(195.17, 176.95)	2643.94	1.5	NaN	NaN	NaN	
2674460584000	2665766137339	None	Saccade	(207.54, 182.97)	(196.14, 176.54)	2645.44	0.01660156	12.90919	0.4303062	80.29844	
2674477251000	2665782804477	None	Pursuit	(206.49, 182.91)	(197.27, 176.40)	2645.44	0.03344727	13.98429	0.8882309	88.38139	
2674493918000	2665799471074	None	Saccade	(205.76, 183.09)	(197.80, 176.55)	2645.474	0.01660156	9.138451	0.304615	63.34093	
2674510583000	2665816135715	None	Fixation	(205.04, 183.01)	(198.21, 176.36)	2645.49	0.01660156	NaN	NaN	NaN	
2674527250000	2665832803075	None	Fixation	(204.25, 183.09)	(199.48, 175.84)	2645.507	0.01660156	NaN	NaN	NaN	
2674543916000	2665849468313	None	Fixation	(203.41, 183.25)	(200.33, 175.25)	2645.507	0.03344727	NaN	NaN	NaN	
2674560583000	2665866135076	None	Fixation	(202.90, 183.27)	(200.42, 175.64)	2645.507	0.05004883	NaN	NaN	NaN	
2674577247000	2665882799219	None	Fixation	(201.56, 183.27)	(200.93, 175.28)	2645.507	0.06665039	NaN	NaN	NaN	
2674593913000	2665899464644	None	Fixation	(201.16, 183.51)	(201.57, 175.29)	2645.507	0.08325195	NaN	NaN	NaN	
2674610582000	2665916133455	None	Fixation	(200.76, 183.28)	(202.34, 175.01)	2645.507	0.1000977	NaN	NaN	NaN	
2674627249000	2665932800224	None	Fixation	(200.41, 183.44)	(202.94, 175.15)	2645.507	0.1166992	NaN	NaN	NaN	
2674643915000	2665949466017	None	Fixation	(199.28, 183.53)	(203.24, 174.45)	2645.507	0.1333008	NaN	NaN	NaN	
2674660582000	2665966132803	None	Fixation	(199.19, 183.75)	(203.48, 174.71)	2645.507	0.1501465	NaN	NaN	NaN	
2674677249000	2665982799632	None	Fixation	(198.50, 183.90)	(204.76, 174.37)	2645.507	0.166748	NaN	NaN	NaN	
2674693915000	2665999465713	None	Fixation	(197.61, 184.10)	(205.10, 174.27)	2645.507	0.1833496	NaN	NaN	NaN	
2674710580000	2666016130139	None	Fixation	(197.14, 184.11)	(205.59, 174.43)	2645.507	0.1999512	NaN	NaN	NaN	
2674727246000	2666032796344	None	Fixation	(196.63, 184.18)	(205.83, 174.27)	2645.507	0.2167969	NaN	NaN	NaN	
2674743914000	2666049464407	None	Fixation	(196.50, 184.25)	(205.80, 174.31)	2645.507	0.2333984	NaN	NaN	NaN	
2674760581000	2666066130517	None	Fixation	(195.88, 184.38)	(206.38, 174.13)	2645.507	0.25	NaN	NaN	NaN	
2674777248000	2666082797312	None	Fixation	(195.91, 184.53)	(206.43, 174.08)	2645.507	0.2666016	NaN	NaN	NaN	
2674793914000	2666099463111	None	Fixation	(199.24, 183.80)	(204.18, 175.55)	2645.507	0.2834473	NaN	NaN	NaN	
2674810581000	2666116129910	None	Saccade	(208.45, 184.31)	(195.51, 177.43)	2645.79	0.01660156	113.5157	3.783857	265.4673	
2674827247000	2666132795698	None	Unknown	(213.01, 184.27)	(191.75, 179.94)	NaN	NaN	NaN	NaN	NaN	
2674843914000	2666149462459	None	Pursuit	(212.72, 183.52)	(192.25, 179.21)	2645.823	0.01660156	9.844408	0.3281469	146.1429	
2674860580000	2666166128271	None	Pursuit	(213.65, 183.27)	(190.79, 179.58)	2645.823	0.03344727	11.78997	0.4873466	199.5338	
2674877247000	2666182795089	None	Pursuit	(213.88, 182.93)	(191.11, 179.59)	2645.823	0.05004883	4.992065	0.6536751	200.0366	
2674893913000	2666199461424	None	Unknown	(213.36, 182.39)	(191.90, 179.00)	NaN	NaN	NaN	NaN	NaN	
2674910580000	2666216127631	None	Fixation	(212.69, 182.19)	(191.27, 178.66)	2645.89	0.0168457	NaN	NaN	NaN	
2674927246000	2666232793419	None	Fixation	(213.43, 181.77)	(191.23, 178.00)	2645.89	0.03344727	NaN	NaN	NaN	
2674943913000	2666249460533	None	Fixation	(213.40, 181.64)	(191.30, 178.22)	2645.89	0.05004883	NaN	NaN	NaN	
2674960579000	2666266126046	None	Fixation	(213.60, 181.69)	(191.50, 178.46)	2645.89	0.06665039	NaN	NaN	NaN	
2674977246000	2666282792768	None	Fixation	(213.28, 181.29)	(191.60, 178.42)	2645.89	0.08349609	NaN	NaN	NaN	
2674993912000	2666299458908	None	Fixation	(213.30, 181.03)	(191.72, 177.47)	2645.89	0.1000977	NaN	NaN	NaN	
2675010579000	2666316125350	None	Fixation	(213.37, 181.30)	(191.19, 178.15)	2645.89	0.1166992	NaN	NaN	NaN	
2675027245000	2666332792115	None	Fixation	(213.63, 181.19)	(191.09, 178.35)	2645.89	0.1333008	NaN	NaN	NaN	
2675043912000	2666349457957	None	Fixation	(213.80, 181.19)	(191.17, 177.96)	2645.89	0.1501465	NaN	NaN	NaN	
2675060578000	2666366124098	None	Saccade	(220.02, 181.06)	(185.87, 181.05)	2646.04	0.01660156	76.50972	2.550324	254.284	
2675077245000	2666382790511	None	Unknown	(219.67, 182.39)	(185.28, 180.77)	NaN	NaN	NaN	NaN	NaN	
2675093911000	2666399456367	None	Pursuit	(219.38, 181.87)	(185.41, 179.77)	2646.073	0.01660156	7.297127	0.2432376	137.9485	
2675110577000	2666416122083	None	Pursuit	(220.22, 181.59)	(184.92, 180.00)	2646.073	0.03344727	10.8283	0.3963527	201.4665	
2675127244000	2666432789177	None	Unknown	(220.46, 181.67)	(184.71, 179.94)	NaN	NaN	NaN	NaN	NaN	
2675143910000	2666449454672	None	Fixation	(220.04, 181.22)	(185.79, 179.47)	2646.124	0.01660156	NaN	NaN	NaN	
2675160577000	2666466121468	None	Fixation	(219.72, 181.35)	(185.63, 178.94)	2646.124	0.03344727	NaN	NaN	NaN	
2675177243000	2666482787296	None	Fixation	(219.94, 181.14)	(185.54, 178.89)	2646.124	0.05004883	NaN	NaN	NaN	
2675193910000	2666499454038	None	Fixation	(220.03, 181.17)	(184.26, 179.32)	2646.124	0.06665039	NaN	NaN	NaN	
2675210574000	2666516117795	None	Fixation	(219.94, 180.89)	(185.19, 178.66)	2646.124	0.08325195	NaN	NaN	NaN	
2675227241000	2666532784614	None	Fixation	(220.59, 181.03)	(185.45, 178.73)	2646.124	0.1000977	NaN	NaN	NaN	
2675243909000	2666549452408	None	Fixation	(219.97, 180.75)	(184.90, 179.68)	2646.124	0.1166992	NaN	NaN	NaN	
2675260576000	2666566119186	None	Fixation	(219.80, 180.96)	(184.83, 179.65)	2646.124	0.1333008	NaN	NaN	NaN	
2675277242000	2666582784974	None	Fixation	(219.99, 180.84)	(185.16, 179.49)	2646.124	0.1499023	NaN	NaN	NaN	
2675293909000	2666599451790	None	Fixation	(220.36, 180.83)	(185.41, 178.54)	2646.124	0.166748	NaN	NaN	NaN	
2675310575000	2666616117562	None	Fixation	(220.01, 180.97)	(184.95, 178.70)	2646.124	0.1833496	NaN	NaN	NaN	
2675327242000	2666632784372	None	Fixation	(220.29, 180.86)	(184.27, 179.00)	2646.124	0.1999512	NaN	NaN	NaN	
2675343908000	2666649450140	None	Fixation	(219.86, 180.78)	(182.37, 178.54)	2646.124	0.2165527	NaN	NaN	NaN	
2675360575000	2666666116954	None	Fixation	(220.16, 180.78)	(184.96, 178.73)	2646.124	0.2333984	NaN	NaN	NaN	
2675377242000	2666682783703	None	Fixation	(220.36, 180.73)	(183.02, 178.86)	2646.124	0.25	NaN	NaN	NaN	
2675393908000	2666699449827	None	Fixation	(220.03, 180.64)	(184.94, 180.03)	2646.124	0.2666016	NaN	NaN	NaN	
2675410575000	2666716116820	None	Fixation	(220.25, 180.52)	(184.80, 179.05)	2646.124	0.2834473	NaN	NaN	NaN	
2675427241000	2666732782104	None	Fixation	(220.31, 180.63)	(184.87, 178.33)	2646.124	0.3000488	NaN	NaN	NaN	
2675443908000	2666749448844	None	Fixation	(220.37, 180.59)	(185.06, 178.01)	2646.124	0.3166504	NaN	NaN	NaN	
2675460574000	2666766114645	None	Fixation	(220.35, 180.59)	(184.31, 179.91)	2646.124	0.333252	NaN	NaN	NaN	
2675477241000	2666782781437	None	Fixation	(220.77, 180.75)	(184.92, 178.25)	2646.124	0.3500977	NaN	NaN	NaN	
2675493907000	2666799447222	None	Fixation	(220.58, 180.63)	(184.29, 179.21)	2646.124	0.3666992	NaN	NaN	NaN	
2675510574000	2666816114037	None	Fixation	(220.33, 180.43)	(184.94, 178.74)	2646.124	0.3833008	NaN	NaN	NaN	
2675527240000	2666832779823	None	Fixation	(220.40, 180.57)	(184.53, 179.11)	2646.124	0.3999023	NaN	NaN	NaN	
2675543907000	2666849446611	None	Fixation	(220.86, 180.54)	(182.95, 178.57)	2646.124	0.416748	NaN	NaN	NaN	
2675560573000	2666866112397	None	Fixation	(220.61, 180.53)	(184.12, 178.54)	2646.124	0.4333496	NaN	NaN	NaN	
2675577240000	2666882779146	None	Fixation	(220.29, 180.39)	(184.44, 178.55)	2646.124	0.4499512	NaN	NaN	NaN	
2675593906000	2666899444981	None	Fixation	(220.57, 180.60)	(183.76, 178.77)	2646.124	0.4665527	NaN	NaN	NaN	
2675610573000	2666916111742	None	Fixation	(220.49, 180.52)	(183.23, 178.91)	2646.124	0.4833984	NaN	NaN	NaN	
2675627239000	2666932777565	None	Fixation	(220.23, 180.47)	(184.79, 180.00)	2646.124	0.5	NaN	NaN	NaN	
2675643906000	2666949444333	None	Fixation	(220.37, 180.59)	(184.82, 178.64)	2646.124	0.5166016	NaN	NaN	NaN	
2675660573000	2666966111114	None	Fixation	(220.46, 180.43)	(184.52, 179.33)	2646.124	0.5334473	NaN	NaN	NaN	
2675677239000	2666982777239	None	Fixation	(220.68, 180.65)	(185.21, 178.33)	2646.124	0.5500488	NaN	NaN	NaN	
2675693906000	2666999443690	None	Fixation	(220.51, 180.64)	(184.57, 179.22)	2646.124	0.5666504	NaN	NaN	NaN	
2675710572000	2667016109791	None	Fixation	(220.35, 180.43)	(183.43, 179.00)	2646.124	0.583252	NaN	NaN	NaN	
2675727239000	2667032776763	None	Fixation	(220.35, 180.60)	(184.96, 178.73)	2646.124	0.6000977	NaN	NaN	NaN	
2675743905000	2667049442060	None	Fixation	(220.57, 180.37)	(185.00, 178.62)	2646.124	0.6166992	NaN	NaN	NaN	
2675760571000	2667066107857	None	Fixation	(220.66, 180.61)	(184.18, 179.46)	2646.124	0.6333008	NaN	NaN	NaN	
2675777238000	2667082774958	None	Fixation	(220.34, 181.12)	(184.27, 179.08)	2646.124	0.6499023	NaN	NaN	NaN	
2675793905000	2667099441432	None	Fixation	(220.69, 180.93)	(184.66, 180.13)	2646.124	0.666748	NaN	NaN	NaN	
2675810570000	2667116106232	None	Fixation	(220.61, 180.98)	(184.06, 179.15)	2646.124	0.6833496	NaN	NaN	NaN	
2675827237000	2667132773024	None	Fixation	(220.76, 180.72)	(184.79, 178.76)	2646.124	0.6999512	NaN	NaN	NaN	
2675843904000	2667149439830	None	Fixation	(221.33, 180.89)	(183.59, 178.81)	2646.124	0.7165527	NaN	NaN	NaN	
2675860570000	2667166105588	None	Fixation	(220.69, 180.82)	(184.48, 178.31)	2646.124	0.7333984	NaN	NaN	NaN	
2675877237000	2667182772874	None	Fixation	(220.74, 180.79)	(184.67, 178.13)	2646.124	0.75	NaN	NaN	NaN	
2675893904000	2667199439316	None	Fixation	(221.30, 180.82)	(182.21, 178.49)	2646.124	0.7666016	NaN	NaN	NaN	
2675910570000	2667216104940	None	Fixation	(220.91, 180.78)	(184.04, 179.36)	2646.124	0.7832031	NaN	NaN	NaN	
2675927237000	2667232772121	None	Fixation	(220.90, 180.82)	(182.45, 178.73)	2646.124	0.8000488	NaN	NaN	NaN	
2675943903000	2667249437536	None	Fixation	(220.98, 180.77)	(183.13, 178.89)	2646.124	0.8166504	NaN	NaN	NaN	
2675960570000	2667266104312	None	Fixation	(220.99, 180.80)	(183.92, 179.04)	2646.124	0.833252	NaN	NaN	NaN	
2675977236000	2667282770500	None	Fixation	(220.94, 180.70)	(182.70, 178.70)	2646.124	0.8500977	NaN	NaN	NaN	
2675993903000	2667299437426	None	Fixation	(220.90, 180.66)	(184.08, 179.27)	2646.124	0.8666992	NaN	NaN	NaN	
2676010569000	2667316103140	None	Fixation	(220.74, 180.66)	(184.67, 178.25)	2646.124	0.8833008	NaN	NaN	NaN	
2676027236000	2667332769488	None	Fixation	(220.78, 180.67)	(184.41, 179.25)	2646.124	0.8999023	NaN	NaN	NaN	
2676043903000	2667349436263	None	Fixation	(220.54, 180.66)	(183.43, 178.86)	2646.124	0.916748	NaN	NaN	NaN	
2676060569000	2667366102125	None	Fixation	(220.65, 180.82)	(184.60, 179.87)	2646.124	0.9333496	NaN	NaN	NaN	
2676077235000	2667382767851	None	Fixation	(220.92, 180.73)	(184.37, 178.40)	2646.124	0.9499512	NaN	NaN	NaN	
2676093902000	2667399435058	None	Fixation	(220.99, 180.66)	(184.38, 179.10)	2646.124	0.9665527	NaN	NaN	NaN	
2676110569000	2667416101428	None	Fixation	(220.99, 180.61)	(184.33, 179.15)	2646.124	0.9833984	NaN	NaN	NaN	
2676127235000	2667432767224	None	Fixation	(220.62, 180.66)	(184.14, 179.22)	2646.124	1	NaN	NaN	NaN	
2676143902000	2667449434000	None	Fixation	(220.69, 180.33)	(184.53, 179.46)	2646.124	1.016602	NaN	NaN	NaN	
2676160568000	2667466099786	None	Fixation	(221.04, 180.51)	(184.42, 180.54)	2646.124	1.033203	NaN	NaN	NaN	
2676177235000	2667482766558	None	Fixation	(221.45, 180.04)	(184.65, 179.19)	2646.124	1.050049	NaN	NaN	NaN	
2676193901000	2667499432362	None	Fixation	(221.56, 179.60)	(184.25, 181.16)	2646.124	1.06665	NaN	NaN	NaN	
2676210566000	2667516097143	None	Fixation	(221.18, 179.36)	(184.34, 180.50)	2646.124	1.083252	NaN	NaN	NaN	
2676227234000	2667532766406	None	Fixation	(221.41, 179.06)	(184.86, 181.37)	2646.124	1.100098	NaN	NaN	NaN	
2676243899000	2667549429737	None	Fixation	(222.09, 178.54)	(183.45, 182.03)	2646.124	1.116699	NaN	NaN	NaN	
2676260565000	2667566095559	None	Fixation	(222.32, 178.04)	(184.88, 183.60)	2646.124	1.133301	NaN	NaN	NaN	
2676277234000	2667582764323	None	Saccade	(222.42, 177.35)	(184.89, 184.45)	2647.257	0.01660156	10.48814	0.3496048	192.6445	
2676293900000	2667599430129	None	Pursuit	(223.10, 176.81)	(184.27, 184.37)	2647.257	0.03344727	7.632272	0.4048042	231.1918	
2676310567000	2667616096887	None	Pursuit	(223.62, 176.11)	(184.68, 186.17)	2647.257	0.05004883	22.64538	1.056989	197.4144	
2676327233000	2667632762788	None	Fixation	(224.34, 175.51)	(184.90, 185.88)	2646.124	1.199951	NaN	NaN	NaN	
2676343900000	2667649429460	None	Saccade	(224.61, 174.78)	(184.70, 188.17)	2647.323	0.01660156	28.31959	0.9439864	197.9345	
2676360566000	2667666095296	None	Pursuit	(225.05, 174.18)	(184.48, 187.75)	2647.323	0.03344727	5.839324	0.789292	205.7822	
2676377233000	2667682762043	None	Fixation	(225.58, 173.32)	(184.24, 188.28)	2646.124	1.25	NaN	NaN	NaN	
2676393899000	2667699427839	None	Fixation	(226.20, 172.96)	(184.35, 189.69)	2646.124	1.266602	NaN	NaN	NaN	
2676410564000	2667716092613	None	Fixation	(226.52, 172.25)	(184.35, 191.16)	2646.124	1.283203	NaN	NaN	NaN	
2676427233000	2667732761448	None	Saccade	(227.29, 171.79)	(184.30, 190.96)	2647.407	0.0168457	2.509481	0.08364937	359.024	
2676443897000	2667749425194	None	Pursuit	(227.27, 171.07)	(184.31, 192.36)	2647.407	0.03344727	17.16028	0.4910854	194.8784	
2676460564000	2667766092550	None	Fixation	(227.76, 170.65)	(184.22, 192.93)	2646.124	1.333252	NaN	NaN	NaN	
2676477231000	2667782759070	None	Fixation	(228.23, 170.02)	(184.66, 193.50)	2646.124	1.350098	NaN	NaN	NaN	
2676493898000	2667799425581	None	Fixation	(228.95, 169.46)	(184.55, 194.38)	2646.124	1.366699	NaN	NaN	NaN	
2676510564000	2667816091339	None	Fixation	(228.95, 169.06)	(184.23, 195.80)	2646.124	1.383301	NaN	NaN	NaN	
2676527231000	2667832758147	None	Fixation	(229.70, 168.80)	(183.93, 195.42)	2646.124	1.399902	NaN	NaN	NaN	
2676543897000	2667849424738	None	Fixation	(229.81, 168.13)	(183.80, 197.14)	2646.124	1.416748	NaN	NaN	NaN	
2676560564000	2667866090716	None	Fixation	(230.11, 167.52)	(184.22, 197.27)	2646.124	1.43335	NaN	NaN	NaN	
2676577230000	2667882756495	None	Fixation	(230.74, 167.40)	(184.15, 197.89)	2646.124	1.449951	NaN	NaN	NaN	
2676593897000	2667899423331	None	Fixation	(230.93, 166.84)	(183.51, 198.56)	2646.124	1.466553	NaN	NaN	NaN	
2676610563000	2667916089070	None	Fixation	(231.39, 166.36)	(183.76, 199.42)	2646.124	1.483398	NaN	NaN	NaN	
2676627230000	2667932755946	None	Saccade	(231.67, 166.25)	(183.61, 201.23)	2647.607	0.01660156	22.23282	0.7410941	197.8055	
2676643896000	2667949421642	None	Pursuit	(232.18, 165.66)	(183.47, 201.86)	2647.607	0.03320313	7.955036	1.004428	199.8728	
2676660563000	2667966088451	None	Pursuit	(232.62, 165.41)	(183.27, 201.63)	2647.607	0.04980469	3.806633	0.925745	205.7903	
2676677230000	2667982755351	None	Fixation	(232.84, 164.93)	(183.81, 203.19)	2646.124	1.550049	NaN	NaN	NaN	
2676693896000	2667999421115	None	Fixation	(233.16, 165.04)	(183.56, 201.64)	2646.124	1.56665	NaN	NaN	NaN	
2676710561000	2668016085796	None	Saccade	(228.99, 172.08)	(181.34, 190.70)	2647.69	0.01660156	100.5883	4.574881	9.570371	
2676727227000	2668032751713	None	Saccade	(221.88, 181.48)	(182.12, 182.60)	2647.69	0.03344727	145.019	8.174123	15.07341	
2676743896000	2668049420412	None	Unknown	(220.66, 183.71)	(183.44, 180.16)	NaN	NaN	NaN	NaN	NaN	
2676760562000	2668066086666	None	Pursuit	(221.22, 183.25)	(183.48, 180.52)	2647.74	0.01660156	8.824045	0.2941349	217.9748	
2676777229000	2668082752962	None	Pursuit	(220.16, 182.79)	(182.75, 179.25)	2647.74	0.03320313	14.15265	0.4256227	138.3558	
2676793895000	2668099418757	None	Pursuit	(220.61, 181.94)	(183.27, 179.32)	2647.74	0.05004883	6.403959	0.3534525	1.74192	
2676810562000	2668116085519	None	Fixation	(220.88, 181.72)	(182.96, 179.12)	2647.79	0.01660156	NaN	NaN	NaN	
2676827228000	2668132751359	None	Fixation	(221.03, 181.65)	(181.51, 178.43)	2647.79	0.03320313	NaN	NaN	NaN	
2676843895000	2668149418112	None	Fixation	(220.39, 181.45)	(183.56, 178.93)	2647.79	0.04980469	NaN	NaN	NaN	
2676860561000	2668166083892	None	Fixation	(220.20, 180.96)	(184.01, 178.17)	2647.79	0.06665039	NaN	NaN	NaN	
2676877228000	2668182750842	None	Fixation	(220.84, 180.86)	(184.10, 179.69)	2647.79	0.08325195	NaN	NaN	NaN	
2676893894000	2668199416486	None	Fixation	(220.51, 181.30)	(183.71, 178.87)	2647.79	0.09985352	NaN	NaN	NaN	
2676910561000	2668216083286	None	Fixation	(220.58, 180.86)	(183.03, 179.30)	2647.79	0.1164551	NaN	NaN	NaN	
2676927227000	2668232749074	None	Fixation	(220.37, 180.72)	(184.03, 178.01)	2647.79	0.1333008	NaN	NaN	NaN	
2676943894000	2668249415844	None	Fixation	(220.28, 180.67)	(183.48, 179.24)	2647.79	0.1499023	NaN	NaN	NaN	
2676960560000	2668266081663	None	Fixation	(220.38, 180.82)	(184.01, 179.19)	2647.79	0.1665039	NaN	NaN	NaN	
2676977227000	2668282748799	None	Fixation	(220.66, 180.91)	(184.41, 178.20)	2647.79	0.1833496	NaN	NaN	NaN	
2676993893000	2668299414276	None	Fixation	(220.71, 180.73)	(184.33, 177.77)	2647.79	0.1999512	NaN	NaN	NaN	
2677010560000	2668316081067	None	Fixation	(220.71, 180.63)	(183.68, 178.72)	2647.79	0.2165527	NaN	NaN	NaN	
2677027226000	2668332746892	None	Fixation	(220.32, 180.83)	(184.49, 178.09)	2647.79	0.2331543	NaN	NaN	NaN	
2677043893000	2668349413613	None	Fixation	(220.63, 180.79)	(181.78, 178.61)	2647.79	0.25	NaN	NaN	NaN	
2677060559000	2668366079387	None	Fixation	(220.46, 180.71)	(184.30, 178.70)	2647.79	0.2666016	NaN	NaN	NaN	
2677077226000	2668382746241	None	Fixation	(220.73, 180.88)	(184.31, 178.54)	2647.79	0.2832031	NaN	NaN	NaN	
2677093893000	2668399412997	None	Fixation	(220.52, 180.80)	(182.92, 178.78)	2647.79	0.2998047	NaN	NaN	NaN	
2677110559000	2668416078727	None	Fixation	(220.18, 180.80)	(183.81, 178.92)	2647.79	0.3166504	NaN	NaN	NaN	
2677127226000	2668432745545	None	Fixation	(220.41, 180.83)	(183.48, 179.66)	2647.79	0.333252	NaN	NaN	NaN	
2677160559000	2668466078661	None	Blink	(217.41, 192.14)	(0.00, 0.00)	NaN	NaN	NaN	NaN	NaN	
2677177224000	2668482743110	None	Blink	(0.00, 0.00)	(0.00, 0.00)	NaN	NaN	NaN	NaN	NaN	
2677193891000	2668499409888	None	Blink	(0.00, 0.00)	(0.00, 0.00)	NaN	NaN	NaN	NaN	NaN	
2677210557000	2668516075987	None	Blink	(0.00, 0.00)	(0.00, 0.00)	NaN	NaN	NaN	NaN	NaN	
2677227224000	2668532742499	None	Blink	(0.00, 0.00)	(0.00, 0.00)	NaN	NaN	NaN	NaN	NaN	
2677243889000	2668549407268	None	Blink	(0.00, 0.00)	(0.00, 0.00)	NaN	NaN	NaN	NaN	NaN	
2677260556000	2668566074046	None	Blink	(0.00, 0.00)	(0.00, 0.00)	NaN	NaN	NaN	NaN	NaN	
2677277222000	2668582739867	None	Blink	(234.70, 192.78)	(0.00, 0.00)	NaN	NaN	NaN	NaN	NaN	
2677293889000	2668599406649	None	Blink	(218.56, 187.69)	(0.00, 0.00)	NaN	NaN	NaN	NaN	NaN	
2677310554000	2668616071411	None	Blink	(215.21, 184.00)	(183.03, 178.84)	NaN	NaN	NaN	NaN	NaN	
2677327220000	2668632737202	None	Blink	(217.62, 184.83)	(184.49, 179.52)	NaN	NaN	NaN	NaN	NaN	
2677343888000	2668649405101	None	Blink	(216.07, 183.63)	(189.30, 177.93)	NaN	NaN	NaN	NaN	NaN	
2677360555000	2668666071808	None	Blink	(215.53, 183.14)	(187.09, 178.54)	NaN	NaN	NaN	NaN	NaN	
2677360555000	2668666071594	None	Blink	(215.53, 183.14)	(187.09, 178.54)	NaN	NaN	NaN	NaN	NaN	
2677393886000	2668699402369	None	Blink	(217.27, 183.09)	(183.13, 178.07)	NaN	NaN	NaN	NaN	NaN	
2677393886000	2668699402236	None	Blink	(217.27, 183.09)	(183.13, 178.07)	NaN	NaN	NaN	NaN	NaN	
2677410554000	2668716069947	None	Blink	(217.08, 182.58)	(183.22, 177.91)	NaN	NaN	NaN	NaN	NaN	
2677427221000	2668732736741	None	Blink	(217.75, 182.67)	(185.23, 178.45)	NaN	NaN	NaN	NaN	NaN	
2677443887000	2668749402544	None	WinkRight	(218.50, 182.77)	(183.60, 177.74)	NaN	NaN	NaN	NaN	NaN	
2677460554000	2668766069517	None	WinkRight	(218.28, 182.99)	(185.88, 177.46)	NaN	NaN	NaN	NaN	NaN	
2677477221000	2668782736125	None	Fixation	(218.33, 182.48)	(183.52, 177.92)	2647.79	0.6831055	NaN	NaN	NaN	
2677493887000	2668799401905	None	Saccade	(218.03, 182.25)	(185.03, 178.00)	2648.473	0.0168457	4.596689	0.153223	114.625	
2677510553000	2668816067680	None	Fixation	(218.43, 182.41)	(183.96, 177.83)	2647.807	0.6999512	NaN	NaN	NaN	
2677527220000	2668832734482	None	Fixation	(218.74, 182.45)	(185.00, 178.16)	2648.507	0.01660156	NaN	NaN	NaN	
2677543887000	2668849401264	None	Fixation	(218.67, 182.33)	(185.48, 178.11)	2648.507	0.03344727	NaN	NaN	NaN	
2677560553000	2668866067058	None	Fixation	(218.46, 182.16)	(184.55, 178.53)	2648.507	0.05004883	NaN	NaN	NaN	
2677577219000	2668882732818	None	Fixation	(218.44, 182.48)	(184.96, 178.52)	2648.507	0.06665039	NaN	NaN	NaN	
2677593886000	2668899399664	None	Fixation	(219.20, 181.97)	(185.50, 177.65)	2648.507	0.08325195	NaN	NaN	NaN	
2677610553000	2668916067334	None	Fixation	(218.49, 182.18)	(184.88, 178.65)	2648.507	0.1000977	NaN	NaN	NaN	
2677627219000	2668932732231	None	Fixation	(219.15, 182.24)	(184.68, 178.61)	2648.507	0.1166992	NaN	NaN	NaN	
2677643886000	2668949399335	None	Fixation	(218.53, 182.28)	(184.41, 178.55)	2648.507	0.1333008	NaN	NaN	NaN	
2677660552000	2668966065102	None	Fixation	(218.78, 181.82)	(184.81, 177.78)	2648.507	0.1499023	NaN	NaN	NaN	
2677677219000	2668982731582	None	Fixation	(218.82, 181.95)	(185.51, 177.45)	2648.507	0.166748	NaN	NaN	NaN	
2677710552000	2669016064351	None	Fixation	(218.79, 181.64)	(184.85, 177.50)	2648.507	0.1999512	NaN	NaN	NaN	
2677710552000	2669016064136	None	Fixation	(218.79, 181.64)	(184.85, 177.50)	2648.507	0.1999512	NaN	NaN	NaN	
2677727219000	2669032731014	None	Fixation	(218.88, 181.99)	(184.64, 177.98)	2648.507	0.2165527	NaN	NaN	NaN	
2677743885000	2669049396719	None	Fixation	(218.68, 182.14)	(183.94, 178.08)	2648.507	0.2333984	NaN	NaN	NaN	
2677760552000	2669066063541	None	Fixation	(218.54, 181.89)	(185.10, 177.90)	2648.507	0.25	NaN	NaN	NaN	
2677777218000	2669082729302	None	Fixation	(218.97, 182.20)	(185.21, 177.88)	2648.507	0.2666016	NaN	NaN	NaN	
2677810550000	2669116061116	None	Fixation	(218.88, 181.52)	(184.85, 178.13)	2648.507	0.3000488	NaN	NaN	NaN	
2677810550000	2669116061383	None	Fixation	(218.88, 181.52)	(184.85, 178.13)	2648.507	0.3000488	NaN	NaN	NaN	
2677827217000	2669132727678	None	Fixation	(218.85, 181.70)	(185.15, 178.07)	2648.507	0.3166504	NaN	NaN	NaN	
2677843883000	2669149393473	None	Fixation	(219.21, 181.63)	(185.34, 177.89)	2648.507	0.333252	NaN	NaN	NaN	
2677860550000	2669166060254	None	Fixation	(219.26, 181.55)	(184.88, 178.00)	2648.507	0.3500977	NaN	NaN	NaN	
2677877216000	2669182726049	None	Fixation	(219.26, 181.70)	(184.99, 178.04)	2648.507	0.3666992	NaN	NaN	NaN	
2677910549000	2669216058943	None	Fixation	(219.23, 181.54)	(184.72, 178.35)	2648.507	0.3999023	NaN	NaN	NaN	
2677910549000	2669216058637	None	Fixation	(219.23, 181.54)	(184.72, 178.35)	2648.507	0.3999023	NaN	NaN	NaN	
2677927216000	2669232726630	None	Fixation	(219.20, 181.58)	(185.22, 178.29)	2648.507	0.416748	NaN	NaN	NaN	
2677943882000	2669249391168	None	Fixation	(219.30, 181.59)	(184.80, 178.35)	2648.507	0.4333496	NaN	NaN	NaN	
2677977215000	2669282724016	None	Fixation	(219.60, 181.62)	(184.76, 177.89)	2648.507	0.4665527	NaN	NaN	NaN	
2677977215000	2669282723753	None	Fixation	(219.60, 181.62)	(184.76, 177.89)	2648.507	0.4665527	NaN	NaN	NaN	
2678010548000	2669316056600	None	Fixation	(219.60, 181.50)	(185.05, 177.90)	2648.507	0.5	NaN	NaN	NaN	
2678010548000	2669316056360	None	Fixation	(219.60, 181.50)	(185.05, 177.90)	2648.507	0.5	NaN	NaN	NaN	
2678027215000	2669332723570	None	Fixation	(219.14, 181.34)	(184.53, 179.21)	2648.507	0.5166016	NaN	NaN	NaN	
2678043881000	2669349389243	None	Fixation	(219.73, 181.35)	(184.83, 177.98)	2648.507	0.5334473	NaN	NaN	NaN	
2678060548000	2669366055721	None	Fixation	(219.99, 181.22)	(184.20, 178.48)	2648.507	0.5500488	NaN	NaN	NaN	
2678077214000	2669382721500	None	Fixation	(219.56, 181.37)	(183.30, 178.44)	2648.507	0.5666504	NaN	NaN	NaN	
2678093881000	2669399388313	None	Fixation	(219.83, 181.35)	(184.07, 178.50)	2648.507	0.583252	NaN	NaN	NaN	
2678110548000	2669416055403	None	Fixation	(219.86, 181.25)	(184.37, 178.18)	2648.507	0.6000977	NaN	NaN	NaN	
2678127214000	2669432721155	None	Fixation	(219.68, 181.33)	(184.61, 179.06)	2648.507	0.6166992	NaN	NaN	NaN	
2678143881000	2669449387668	None	Fixation	(219.42, 181.25)	(184.86, 178.27)	2648.507	0.6333008	NaN	NaN	NaN	
2678160547000	2669466053816	None	Fixation	(219.27, 181.21)	(185.37, 178.08)	2648.507	0.6499023	NaN	NaN	NaN	
2678177214000	2669482720517	None	Fixation	(219.29, 181.11)	(185.40, 178.29)	2648.507	0.666748	NaN	NaN	NaN	
2678193880000	2669499386082	None	Fixation	(218.72, 181.61)	(184.73, 178.63)	2648.507	0.6833496	NaN	NaN	NaN	
2678210545000	2669516050822	None	Fixation	(218.12, 181.48)	(185.67, 179.12)	2648.507	0.6999512	NaN	NaN	NaN	
2678243880000	2669549385739	None	Fixation	(217.48, 181.92)	(186.87, 178.71)	2648.507	0.7333984	NaN	NaN	NaN	
2678243880000	2669549385385	None	Fixation	(217.48, 181.92)	(186.87, 178.71)	2648.507	0.7333984	NaN	NaN	NaN	
2678260546000	2669566051215	None	Fixation	(218.27, 181.52)	(186.13, 179.52)	2648.507	0.75	NaN	NaN	NaN	
2678293879000	2669599384057	None	Fixation	(217.08, 182.02)	(187.00, 178.79)	2648.507	0.7834473	NaN	NaN	NaN	
2678310546000	2669616050777	None	Fixation	(216.56, 181.94)	(187.47, 178.78)	2648.507	0.8000488	NaN	NaN	NaN	
2678310546000	2669616050550	None	Fixation	(216.56, 181.94)	(187.47, 178.78)	2648.507	0.8000488	NaN	NaN	NaN	
2678327212000	2669632716355	None	Fixation	(215.87, 182.16)	(188.96, 177.37)	2648.507	0.8166504	NaN	NaN	NaN	
2678343877000	2669649381158	None	Fixation	(215.05, 182.63)	(188.96, 177.82)	2648.507	0.833252	NaN	NaN	NaN	
2678377212000	2669682715923	None	Fixation	(213.64, 182.64)	(190.07, 177.58)	2648.507	0.8666992	NaN	NaN	NaN	
2678377212000	2669682715699	None	Fixation	(213.64, 182.64)	(190.07, 177.58)	2648.507	0.8666992	NaN	NaN	NaN	
2678410545000	2669716048576	None	Fixation	(212.31, 183.41)	(190.82, 177.17)	2648.507	0.8999023	NaN	NaN	NaN	
2678410545000	2669716048298	None	Fixation	(212.31, 183.41)	(190.82, 177.17)	2648.507	0.8999023	NaN	NaN	NaN	
2678427211000	2669732714118	None	Fixation	(211.57, 183.37)	(191.82, 177.06)	2648.507	0.916748	NaN	NaN	NaN	
2678443878000	2669749380856	None	Fixation	(211.00, 183.66)	(192.48, 176.74)	2648.507	0.9333496	NaN	NaN	NaN	
2678460545000	2669766047719	None	Fixation	(210.40, 183.55)	(193.42, 176.59)	2648.507	0.9499512	NaN	NaN	NaN	
2678493876000	2669799378464	None	Fixation	(209.04, 184.06)	(193.57, 175.50)	2648.507	0.9833984	NaN	NaN	NaN	
2678510541000	2669816043309	None	Fixation	(208.31, 184.11)	(194.75, 174.64)	2648.507	1	NaN	NaN	NaN	
2678510541000	2669816043039	None	Fixation	(208.31, 184.11)	(194.75, 174.64)	2648.507	1	NaN	NaN	NaN	
2678543874000	2669849375908	None	Fixation	(207.35, 184.52)	(195.17, 175.42)	2648.507	1.033447	NaN	NaN	NaN	
2678543874000	2669849375923	None	Fixation	(207.35, 184.52)	(195.17, 175.42)	2648.507	1.033447	NaN	NaN	NaN	
2678577209000	2669882710937	None	Fixation	(206.16, 184.84)	(195.89, 174.41)	2648.507	1.06665	NaN	NaN	NaN	
2678577209000	2669882710229	None	Fixation	(206.16, 184.84)	(195.89, 174.41)	2648.507	1.06665	NaN	NaN	NaN	
2678610542000	2669916043045	None	Fixation	(205.62, 185.14)	(196.36, 174.36)	2648.507	1.100098	NaN	NaN	NaN	
2678610542000	2669916042822	None	Fixation	(205.62, 185.14)	(196.36, 174.36)	2648.507	1.100098	NaN	NaN	NaN	
2678643875000	2669949375603	None	Fixation	(205.28, 185.52)	(197.19, 173.91)	2648.507	1.133301	NaN	NaN	NaN	
2678643875000	2669949375343	None	Fixation	(205.28, 185.52)	(197.19, 173.91)	2648.507	1.133301	NaN	NaN	NaN	
2678677206000	2669982706150	None	Fixation	(204.48, 186.12)	(197.41, 174.70)	2648.507	1.166748	NaN	NaN	NaN	
2678677206000	2669982705916	None	Fixation	(204.48, 186.12)	(197.41, 174.70)	2648.507	1.166748	NaN	NaN	NaN	
2678710540000	2670016039728	None	Saccade	(214.30, 186.55)	(189.12, 178.56)	2649.674	0.03320313	52.28761	4.02933	258.7574	
2678727208000	2670032707551	None	Unknown	(213.28, 185.40)	(189.66, 178.71)	NaN	NaN	NaN	NaN	NaN	
2678743874000	2670049373306	None	Pursuit	(214.35, 185.02)	(189.38, 179.36)	2649.723	0.0168457	13.99751	0.4665835	237.8936	
2678743874000	2670049373080	None	Pursuit	(214.35, 185.02)	(189.38, 179.36)	2649.723	0.0168457	13.99751	0.4665835	237.8936	
2678777207000	2670082705869	None	Unknown	(215.01, 184.28)	(189.14, 177.56)	NaN	NaN	NaN	NaN	NaN	
2678777207000	2670082705656	None	Unknown	(215.01, 184.28)	(189.14, 177.56)	NaN	NaN	NaN	NaN	NaN	
2678810541000	2670116039450	None	Fixation	(214.47, 183.72)	(189.34, 178.14)	2649.773	0.03344727	NaN	NaN	NaN	
2678810541000	2670116039242	None	Fixation	(214.47, 183.72)	(189.34, 178.14)	2649.773	0.03344727	NaN	NaN	NaN	
2678843874000	2670149372149	None	Fixation	(214.68, 183.49)	(189.68, 177.37)	2649.773	0.06665039	NaN	NaN	NaN	
2678860540000	2670166037833	None	Fixation	(214.92, 183.39)	(189.13, 178.03)	2649.773	0.08349609	NaN	NaN	NaN	
2678877207000	2670182704952	None	Saccade	(219.55, 181.23)	(186.05, 181.48)	2649.857	0.01660156	62.91959	2.09732	233.3834	
2678893873000	2670199370371	None	Pursuit	(218.96, 181.59)	(186.80, 180.30)	2649.857	0.03320313	17.23136	1.332966	238.7612	
2678910538000	2670216035469	None	Pursuit	(218.89, 181.67)	(186.50, 180.67)	2649.89	0.01660156	1.239019	0.04130062	32.44237	
2678910538000	2670216034950	None	Pursuit	(218.89, 181.67)	(186.50, 180.67)	2649.89	0.01660156	1.239019	0.04130062	32.44237	
2678943871000	2670249367745	None	Unknown	(219.80, 181.72)	(186.04, 180.73)	NaN	NaN	NaN	NaN	NaN	
2678943871000	2670249367906	None	Unknown	(219.80, 181.72)	(186.04, 180.73)	NaN	NaN	NaN	NaN	NaN	
2678977204000	2670282700371	None	Fixation	(219.62, 181.52)	(186.26, 180.30)	2649.94	0.03320313	NaN	NaN	NaN	
2678977204000	2670282700470	None	Fixation	(219.62, 181.52)	(186.26, 180.30)	2649.94	0.03320313	NaN	NaN	NaN	
2679010539000	2670316034944	None	Fixation	(219.47, 180.83)	(185.82, 180.60)	2649.94	0.06665039	NaN	NaN	NaN	
2679010539000	2670316034711	None	Fixation	(219.47, 180.83)	(185.82, 180.60)	2649.94	0.06665039	NaN	NaN	NaN	
2679043872000	2670349367526	None	Fixation	(219.45, 180.68)	(185.75, 180.44)	2649.94	0.09985352	NaN	NaN	NaN	
2679043872000	2670349367295	None	Fixation	(219.45, 180.68)	(185.75, 180.44)	2649.94	0.09985352	NaN	NaN	NaN	
2679077203000	2670382698155	None	Fixation	(220.00, 180.75)	(186.39, 180.20)	2649.94	0.1333008	NaN	NaN	NaN	
2679093871000	2670399366064	None	Fixation	(219.40, 180.52)	(186.03, 180.59)	2649.94	0.1499023	NaN	NaN	NaN	
2679110538000	2670416032964	None	Fixation	(219.51, 180.59)	(186.05, 179.79)	2649.94	0.166748	NaN	NaN	NaN	
2679110538000	2670416032775	None	Fixation	(219.51, 180.59)	(186.05, 179.79)	2649.94	0.166748	NaN	NaN	NaN	
2679143871000	2670449365269	None	Fixation	(219.58, 180.45)	(185.63, 180.23)	2649.94	0.1999512	NaN	NaN	NaN	
2679143871000	2670449365560	None	Fixation	(219.58, 180.45)	(185.63, 180.23)	2649.94	0.1999512	NaN	NaN	NaN	
2679177204000	2670482697962	None	Fixation	(219.68, 180.27)	(186.03, 179.79)	2649.94	0.2333984	NaN	NaN	NaN	
2679177204000	2670482697891	None	Fixation	(219.68, 180.27)	(186.03, 179.79)	2649.94	0.2333984	NaN	NaN	NaN	
2679210535000	2670516028383	None	Fixation	(219.61, 180.26)	(185.59, 180.92)	2649.94	0.2666016	NaN	NaN	NaN	
2679210535000	2670516028185	None	Fixation	(219.61, 180.26)	(185.59, 180.92)	2649.94	0.2666016	NaN	NaN	NaN	
2679243869000	2670549362041	None	Fixation	(219.85, 180.32)	(185.79, 179.84)	2649.94	0.3000488	NaN	NaN	NaN	
2679243869000	2670549361745	None	Fixation	(219.85, 180.32)	(185.79, 179.84)	2649.94	0.3000488	NaN	NaN	NaN	
2679277202000	2670582695415	None	Fixation	(219.97, 180.29)	(185.84, 180.15)	2649.94	0.333252	NaN	NaN	NaN	
2679293869000	2670599361325	None	Fixation	(220.45, 181.01)	(184.80, 179.87)	2649.94	0.3498535	NaN	NaN	NaN	
2679310533000	2670616025148	None	Fixation	(220.66, 181.76)	(183.55, 179.65)	2649.94	0.3666992	NaN	NaN	NaN	
2679327200000	2670632692413	None	Fixation	(220.91, 181.55)	(184.86, 181.01)	2649.94	0.3833008	NaN	NaN	NaN	
2679343868000	2670649360176	None	Fixation	(220.88, 181.45)	(184.17, 180.05)	2649.94	0.3999023	NaN	NaN	NaN	
2679343868000	2670649360032	None	Fixation	(220.88, 181.45)	(184.17, 180.05)	2649.94	0.3999023	NaN	NaN	NaN	
2679377201000	2670682692300	None	Fixation	(220.53, 181.33)	(184.53, 179.43)	2649.94	0.4333496	NaN	NaN	NaN	
2679377201000	2670682692043	None	Fixation	(220.53, 181.33)	(184.53, 179.43)	2649.94	0.4333496	NaN	NaN	NaN	
2679393868000	2670699358876	None	Fixation	(220.41, 181.23)	(184.22, 179.72)	2649.94	0.4499512	NaN	NaN	NaN	
2679410534000	2670716024671	None	Fixation	(220.14, 181.19)	(183.90, 179.45)	2649.94	0.4665527	NaN	NaN	NaN	
2679427201000	2670732691456	None	Fixation	(220.55, 181.04)	(184.16, 179.49)	2649.94	0.4833984	NaN	NaN	NaN	
2679443867000	2670749357215	None	Fixation	(220.64, 181.20)	(184.53, 179.38)	2649.94	0.5	NaN	NaN	NaN	
2679477200000	2670782690302	None	Fixation	(220.56, 180.71)	(182.33, 179.09)	2649.94	0.5332031	NaN	NaN	NaN	
2679493867000	2670799356795	None	Fixation	(220.68, 180.92)	(184.51, 178.84)	2649.94	0.5500488	NaN	NaN	NaN	
2679510532000	2670816021958	None	Fixation	(220.52, 181.00)	(184.06, 179.60)	2649.94	0.5666504	NaN	NaN	NaN	
2679510532000	2670816021476	None	Fixation	(220.52, 181.00)	(184.06, 179.60)	2649.94	0.5666504	NaN	NaN	NaN	
2679543867000	2670849356331	None	Fixation	(220.60, 180.77)	(184.14, 179.37)	2649.94	0.5998535	NaN	NaN	NaN	
2679543867000	2670849356295	None	Fixation	(220.60, 180.77)	(184.14, 179.37)	2649.94	0.5998535	NaN	NaN	NaN	
2679577200000	2670882689176	None	Fixation	(221.02, 180.76)	(185.04, 179.02)	2649.94	0.6333008	NaN	NaN	NaN	
2679577200000	2670882688957	None	Fixation	(221.02, 180.76)	(185.04, 179.02)	2649.94	0.6333008	NaN	NaN	NaN	
2679610533000	2670916021668	None	Fixation	(220.68, 180.60)	(184.76, 179.22)	2649.94	0.666748	NaN	NaN	NaN	
2679610533000	2670916021107	None	Fixation	(220.68, 180.60)	(184.76, 179.22)	2649.94	0.666748	NaN	NaN	NaN	
2679643866000	2670949354100	None	Fixation	(220.83, 180.72)	(183.02, 179.21)	2649.94	0.6999512	NaN	NaN	NaN	
2679643866000	2670949353689	None	Fixation	(220.83, 180.72)	(183.02, 179.21)	2649.94	0.6999512	NaN	NaN	NaN	
2679677199000	2670982686496	None	Fixation	(219.99, 181.42)	(184.44, 179.12)	2649.94	0.7333984	NaN	NaN	NaN	
2679693865000	2670999352366	None	Fixation	(220.51, 180.99)	(184.63, 179.48)	2649.94	0.75	NaN	NaN	NaN	
2679710532000	2671016019135	None	Fixation	(220.95, 181.05)	(184.63, 178.82)	2649.94	0.7666016	NaN	NaN	NaN	
2679710532000	2671016019103	None	Fixation	(220.95, 181.05)	(184.63, 178.82)	2649.94	0.7666016	NaN	NaN	NaN	
2679743865000	2671049351735	None	Fixation	(221.10, 180.77)	(185.09, 178.52)	2649.94	0.8000488	NaN	NaN	NaN	
2679760531000	2671066017463	None	Fixation	(220.73, 180.94)	(184.55, 179.26)	2649.94	0.8166504	NaN	NaN	NaN	
2679777198000	2671082684822	None	Fixation	(220.57, 180.85)	(184.56, 179.56)	2649.94	0.833252	NaN	NaN	NaN	
2679777198000	2671082683983	None	Fixation	(220.57, 180.85)	(184.56, 179.56)	2649.94	0.833252	NaN	NaN	NaN	
2679810531000	2671116016822	None	Fixation	(220.70, 180.79)	(184.89, 178.57)	2649.94	0.8666992	NaN	NaN	NaN	
2679827198000	2671132683589	None	Fixation	(220.39, 180.62)	(182.88, 178.85)	2649.94	0.8833008	NaN	NaN	NaN	
2679843862000	2671149347550	None	Fixation	(220.38, 180.54)	(183.54, 178.93)	2649.94	0.8999023	NaN	NaN	NaN	
2679860529000	2671166014178	None	Fixation	(221.21, 180.57)	(184.29, 178.96)	2649.94	0.916748	NaN	NaN	NaN	
2679877196000	2671182680992	None	Fixation	(220.61, 180.63)	(184.63, 178.41)	2649.94	0.9333496	NaN	NaN	NaN	
2679893863000	2671199347737	None	Fixation	(220.28, 180.67)	(184.60, 178.45)	2649.94	0.9499512	NaN	NaN	NaN	
2679910529000	2671216013570	None	Fixation	(219.19, 182.67)	(184.35, 176.96)	2649.94	0.9665527	NaN	NaN	NaN	
2679927196000	2671232680632	None	Fixation	(218.93, 181.78)	(185.61, 177.94)	2649.94	0.9833984	NaN	NaN	NaN	
2679943862000	2671249346200	None	Fixation	(219.28, 181.55)	(185.64, 177.21)	2649.94	1	NaN	NaN	NaN	
2679960529000	2671266012915	None	Fixation	(218.99, 181.60)	(183.15, 177.22)	2649.94	1.016602	NaN	NaN	NaN	
2679977195000	2671282678705	None	Fixation	(219.33, 181.55)	(185.27, 177.48)	2649.94	1.033203	NaN	NaN	NaN	
2679977195000	2671282678477	None	Fixation	(219.33, 181.55)	(185.27, 177.48)	2649.94	1.033203	NaN	NaN	NaN	
2680010527000	2671316010331	None	Fixation	(219.35, 181.50)	(184.81, 177.68)	2649.94	1.06665	NaN	NaN	NaN	
2680027194000	2671332677058	None	Fixation	(219.21, 181.54)	(185.48, 176.94)	2649.94	1.083252	NaN	NaN	NaN	
2680043862000	2671349345360	None	Fixation	(219.12, 181.62)	(184.88, 177.72)	2649.94	1.099854	NaN	NaN	NaN	
2680060529000	2671366011677	None	Fixation	(219.31, 181.92)	(184.79, 177.76)	2649.94	1.116699	NaN	NaN	NaN	
2680077194000	2671382677152	None	Fixation	(219.69, 182.29)	(185.05, 177.27)	2649.94	1.133301	NaN	NaN	NaN	
2680093860000	2671399342212	None	Fixation	(219.69, 182.73)	(184.43, 177.39)	2649.94	1.149902	NaN	NaN	NaN	
2680110527000	2671416009089	None	Fixation	(219.26, 183.13)	(184.44, 176.99)	2649.94	1.166748	NaN	NaN	NaN	
2680127196000	2671432677871	None	Fixation	(218.99, 183.67)	(184.08, 176.30)	2649.94	1.18335	NaN	NaN	NaN	
2680143862000	2671449343618	None	Fixation	(219.22, 184.30)	(183.76, 176.00)	2649.94	1.199951	NaN	NaN	NaN	
2680160528000	2671466009719	None	Fixation	(219.08, 184.53)	(183.92, 175.01)	2649.94	1.216553	NaN	NaN	NaN	
2680177195000	2671482676549	None	Fixation	(219.79, 185.33)	(182.07, 175.07)	2649.94	1.233398	NaN	NaN	NaN	
2680193861000	2671499342208	None	Fixation	(220.00, 185.76)	(181.60, 174.48)	2649.94	1.25	NaN	NaN	NaN	
2680210528000	2671516009059	None	Saccade	(220.19, 186.53)	(181.00, 174.20)	2651.19	0.01660156	8.203566	0.2734522	307.6267	
2680227194000	2671532674846	None	Saccade	(221.80, 187.72)	(180.13, 173.43)	2651.207	0.01660156	24.56928	0.818976	293.5452	
2680243861000	2671549341372	None	Pursuit	(222.20, 188.48)	(178.71, 173.34)	2651.207	0.03344727	10.65152	1.149641	301.1864	
2680260527000	2671566007184	None	Pursuit	(222.19, 189.23)	(178.05, 172.93)	2651.207	0.05004883	9.122405	1.376795	310.4027	
2680277194000	2671582673958	None	Pursuit	(222.53, 189.79)	(177.69, 172.50)	2651.207	0.06665039	8.130024	1.646656	311.3476	
2680293860000	2671599339708	None	Unknown	(222.71, 190.45)	(177.03, 172.05)	NaN	NaN	NaN	NaN	NaN	
2680310527000	2671616151289	None	Fixation	(222.84, 191.13)	(176.44, 171.38)	2651.29	0.0168457	NaN	NaN	NaN	
2680327193000	2671632672333	None	Fixation	(223.10, 191.69)	(176.01, 170.97)	2651.29	0.03344727	NaN	NaN	NaN	
2680343860000	2671649339640	None	Fixation	(223.13, 192.69)	(174.93, 170.09)	2651.29	0.05004883	NaN	NaN	NaN	
2680360526000	2671666004936	None	Fixation	(223.32, 193.20)	(175.00, 170.36)	2651.29	0.06689453	NaN	NaN	NaN	
2680377193000	2671682671679	None	Fixation	(223.30, 193.97)	(174.88, 169.41)	2651.29	0.08349609	NaN	NaN	NaN	
2680393859000	2671699337479	None	Fixation	(223.51, 194.35)	(174.26, 169.09)	2651.29	0.1000977	NaN	NaN	NaN	
2680410526000	2671716004499	None	Fixation	(223.77, 195.11)	(173.98, 168.50)	2651.29	0.1166992	NaN	NaN	NaN	
2680427192000	2671732670080	None	Fixation	(223.56, 195.79)	(173.88, 167.83)	2651.29	0.1335449	NaN	NaN	NaN	
2680443859000	2671749336914	None	Fixation	(223.66, 196.15)	(173.22, 167.83)	2651.29	0.1501465	NaN	NaN	NaN	
2680460525000	2671766002591	None	Fixation	(223.99, 196.91)	(172.71, 166.93)	2651.29	0.166748	NaN	NaN	NaN	
2680477192000	2671782669403	None	Fixation	(223.95, 197.56)	(172.79, 166.49)	2651.29	0.1833496	NaN	NaN	NaN	
2680493858000	2671799335255	None	Fixation	(223.77, 198.34)	(171.71, 166.48)	2651.29	0.2001953	NaN	NaN	NaN	
2680510523000	2671815999971	None	Fixation	(224.11, 198.79)	(171.78, 165.60)	2651.29	0.2167969	NaN	NaN	NaN	
2680527189000	2671832666122	None	Fixation	(223.84, 199.27)	(171.15, 165.58)	2651.29	0.2333984	NaN	NaN	NaN	
2680543856000	2671849332567	None	Fixation	(224.06, 199.75)	(170.65, 165.01)	2651.29	0.25	NaN	NaN	NaN	
2680560523000	2671865999325	None	Fixation	(224.04, 200.29)	(170.40, 164.53)	2651.29	0.2668457	NaN	NaN	NaN	
2680577191000	2671882667181	None	Fixation	(224.17, 200.75)	(170.08, 164.46)	2651.29	0.2834473	NaN	NaN	NaN	
2680593857000	2671899332975	None	Fixation	(224.17, 201.07)	(170.39, 164.01)	2651.29	0.3000488	NaN	NaN	NaN	
2680610523000	2671915998737	None	Fixation	(224.18, 201.50)	(169.53, 163.93)	2651.29	0.3166504	NaN	NaN	NaN	
2680627190000	2671932665474	None	Fixation	(224.12, 201.95)	(169.75, 163.57)	2651.29	0.3334961	NaN	NaN	NaN	
2680643856000	2671949332670	None	Fixation	(224.00, 202.19)	(169.75, 163.06)	2651.29	0.3500977	NaN	NaN	NaN	
2680660523000	2671965998083	None	Saccade	(224.69, 194.60)	(172.33, 168.53)	2651.64	0.01660156	93.76367	3.125456	169.9774	
2680677189000	2671982663878	None	Saccade	(223.47, 184.95)	(180.64, 178.18)	2651.64	0.03344727	119.6004	7.639409	161.2387	
2680677189000	2671982663907	None	Saccade	(223.47, 184.95)	(180.64, 178.18)	2651.64	0.03344727	119.6004	7.639409	161.2387	
2680710520000	2672015994443	None	Pursuit	(222.21, 183.94)	(181.48, 179.55)	2651.69	0.01660156	4.925591	0.1641864	70.31942	
2680727187000	2672032661208	None	Pursuit	(222.58, 182.49)	(181.40, 179.53)	2651.69	0.03320313	18.36776	0.5743061	165.8196	
2680743855000	2672049329043	None	Pursuit	(222.42, 183.08)	(182.50, 177.66)	2651.69	0.05004883	26.73167	1.251202	7.176987	
2680760522000	2672065995861	None	Fixation	(221.85, 182.66)	(181.58, 178.59)	2651.74	0.01660156	NaN	NaN	NaN	
2680777188000	2672082661635	None	Fixation	(222.25, 182.71)	(181.58, 177.87)	2651.74	0.03320313	NaN	NaN	NaN	
2680793855000	2672099328409	None	Fixation	(222.00, 182.68)	(183.38, 177.81)	2651.74	0.04980469	NaN	NaN	NaN	
2680810521000	2672115994224	None	Fixation	(222.42, 182.59)	(181.39, 177.97)	2651.74	0.06665039	NaN	NaN	NaN	
2680827188000	2672132661028	None	Fixation	(222.36, 182.49)	(182.40, 177.47)	2651.74	0.08325195	NaN	NaN	NaN	
2680843853000	2672149325840	None	Fixation	(222.26, 182.17)	(180.00, 177.90)	2651.74	0.09985352	NaN	NaN	NaN	
2680860519000	2672165991559	None	Fixation	(222.61, 182.37)	(181.62, 178.33)	2651.74	0.1164551	NaN	NaN	NaN	
2680860519000	2672165991567	None	Fixation	(222.61, 182.37)	(181.62, 178.33)	2651.74	0.1164551	NaN	NaN	NaN	
2680893854000	2672199326227	None	Fixation	(222.13, 182.09)	(180.48, 177.55)	2651.74	0.1499023	NaN	NaN	NaN	
2680910521000	2672215992911	None	Fixation	(222.10, 182.15)	(182.34, 179.10)	2651.74	0.1665039	NaN	NaN	NaN	
2680927187000	2672232658776	None	Fixation	(221.72, 182.15)	(182.15, 179.11)	2651.74	0.1833496	NaN	NaN	NaN	
2680943854000	2672249325560	None	Fixation	(221.97, 182.05)	(182.31, 177.69)	2651.74	0.1999512	NaN	NaN	NaN	
2680960520000	2672265991289	None	Fixation	(221.98, 182.23)	(182.72, 177.86)	2651.74	0.2165527	NaN	NaN	NaN	
2680960520000	2672265991290	None	Fixation	(221.98, 182.23)	(182.72, 177.86)	2651.74	0.2165527	NaN	NaN	NaN	
2680977187000	2672282658072	None	Fixation	(221.90, 182.17)	(182.46, 177.44)	2651.74	0.2331543	NaN	NaN	NaN	
2680993853000	2672299323874	None	Fixation	(221.74, 182.16)	(180.56, 177.89)	2651.74	0.25	NaN	NaN	NaN	
2681010520000	2672315990687	None	Fixation	(222.27, 182.27)	(182.11, 178.28)	2651.74	0.2666016	NaN	NaN	NaN	
2681027186000	2672332656438	None	Fixation	(221.97, 182.30)	(180.01, 178.19)	2651.74	0.2832031	NaN	NaN	NaN	
2681043853000	2672349323652	None	Fixation	(221.97, 182.16)	(182.14, 179.27)	2651.74	0.2998047	NaN	NaN	NaN	
2681060519000	2672365989231	None	Saccade	(221.01, 181.07)	(184.09, 178.76)	2652.04	0.0168457	24.77135	0.8257116	88.3723	
2681077186000	2672382655811	None	Pursuit	(220.47, 181.43)	(184.43, 179.03)	2652.04	0.03344727	5.348938	0.9426481	97.12188	
2681093852000	2672399321575	None	Pursuit	(221.04, 181.25)	(183.29, 179.12)	2652.04	0.05004883	14.0336	0.4751493	95.71703	
2681110519000	2672415988411	None	Fixation	(221.21, 181.23)	(183.89, 179.65)	2651.74	0.3664551	NaN	NaN	NaN	
2681127185000	2672432654246	None	Fixation	(221.06, 181.35)	(182.05, 178.93)	2651.74	0.3833008	NaN	NaN	NaN	
2681143852000	2672449321569	None	Fixation	(220.98, 181.41)	(184.13, 178.83)	2651.74	0.3999023	NaN	NaN	NaN	
2681160518000	2672465987188	None	Fixation	(220.70, 181.15)	(184.22, 178.66)	2651.74	0.4165039	NaN	NaN	NaN	
2681177185000	2672482653552	None	Fixation	(221.03, 181.13)	(181.35, 178.78)	2651.74	0.4333496	NaN	NaN	NaN	
2681193852000	2672499320428	None	Fixation	(220.89, 180.79)	(181.89, 178.86)	2651.74	0.4499512	NaN	NaN	NaN	
2681210516000	2672515984131	None	Saccade	(220.85, 181.14)	(184.12, 180.15)	2652.19	0.01660156	31.75537	1.058512	133.0706	
2681227183000	2672532651049	None	Fixation	(220.76, 180.99)	(183.57, 179.43)	2651.74	0.4831543	NaN	NaN	NaN	
2681243851000	2672549318713	None	Fixation	(220.74, 180.94)	(183.62, 179.35)	2651.74	0.5	NaN	NaN	NaN	
2681260517000	2672565984489	None	Fixation	(220.75, 180.94)	(183.74, 179.10)	2651.74	0.5166016	NaN	NaN	NaN	
2681277184000	2672582651343	None	Fixation	(220.83, 181.07)	(184.06, 179.98)	2651.74	0.5332031	NaN	NaN	NaN	
2681293851000	2672599318069	None	Fixation	(220.79, 180.86)	(184.13, 179.98)	2651.74	0.5498047	NaN	NaN	NaN	
2681310517000	2672615983881	None	Fixation	(220.75, 180.84)	(184.39, 178.56)	2651.74	0.5666504	NaN	NaN	NaN	
2681327184000	2672632650656	None	Fixation	(220.67, 180.55)	(184.28, 179.96)	2651.74	0.583252	NaN	NaN	NaN	
2681343849000	2672649315518	None	Fixation	(219.83, 181.16)	(184.77, 178.41)	2651.74	0.5998535	NaN	NaN	NaN	
2681360516000	2672665982223	None	Fixation	(220.22, 180.95)	(184.66, 179.24)	2651.74	0.6164551	NaN	NaN	NaN	
2681377182000	2672682648144	None	Fixation	(220.55, 181.00)	(184.32, 178.39)	2651.74	0.6333008	NaN	NaN	NaN	
2681393849000	2672699314877	None	Fixation	(220.06, 181.01)	(185.19, 177.74)	2651.74	0.6499023	NaN	NaN	NaN	
2681410514000	2672715979604	None	Fixation	(220.26, 180.88)	(183.89, 178.84)	2651.74	0.6665039	NaN	NaN	NaN	
2681427181000	2672732646418	None	Fixation	(220.21, 181.02)	(184.63, 178.27)	2651.74	0.6833496	NaN	NaN	NaN	
2681443845000	2672749310215	None	Fixation	(220.32, 180.83)	(184.70, 179.78)	2651.74	0.6999512	NaN	NaN	NaN	
2681460512000	2672765977050	None	Fixation	(220.34, 180.83)	(184.28, 178.46)	2651.74	0.7165527	NaN	NaN	NaN	
2681477180000	2672782645265	None	Fixation	(220.28, 180.75)	(184.69, 177.96)	2651.74	0.7331543	NaN	NaN	NaN	
2681493847000	2672799312201	None	Fixation	(220.57, 180.63)	(183.94, 178.59)	2651.74	0.75	NaN	NaN	NaN	
2681510513000	2672815977330	None	Fixation	(220.13, 180.89)	(184.42, 178.34)	2651.74	0.7666016	NaN	NaN	NaN	
2681527180000	2672832644132	None	Fixation	(220.45, 180.77)	(184.07, 178.58)	2651.74	0.7832031	NaN	NaN	NaN	
2681543846000	2672849310473	None	Fixation	(220.57, 180.75)	(184.60, 178.56)	2651.74	0.7998047	NaN	NaN	NaN	
2681560513000	2672865976775	None	Fixation	(220.46, 180.97)	(184.10, 178.91)	2651.74	0.8166504	NaN	NaN	NaN	
2681577179000	2672882642526	None	Fixation	(220.59, 180.66)	(184.61, 178.50)	2651.74	0.833252	NaN	NaN	NaN	
2681593846000	2672899309335	None	Fixation	(220.52, 180.75)	(183.33, 178.64)	2651.74	0.8498535	NaN	NaN	NaN	
2681610512000	2672915975201	None	Fixation	(220.55, 180.77)	(184.39, 178.00)	2651.74	0.8664551	NaN	NaN	NaN	
2681627184000	2672932646917	None	Fixation	(220.45, 180.76)	(184.59, 178.51)	2651.74	0.8833008	NaN	NaN	NaN	
2681643846000	2672949308666	None	Fixation	(220.80, 180.61)	(184.63, 178.29)	2651.74	0.8999023	NaN	NaN	NaN	
2681660512000	2672965974452	None	Fixation	(220.47, 180.84)	(184.01, 178.02)	2651.74	0.9165039	NaN	NaN	NaN	
2681677179000	2672982641262	None	Fixation	(220.82, 180.70)	(181.97, 178.03)	2651.74	0.9333496	NaN	NaN	NaN	
2681693845000	2672999307012	None	Fixation	(220.64, 180.68)	(184.44, 178.30)	2651.74	0.9499512	NaN	NaN	NaN	
2681710512000	2673015973792	None	Fixation	(220.54, 180.83)	(184.64, 178.24)	2651.74	0.9665527	NaN	NaN	NaN	
2681727178000	2673032639903	None	Fixation	(220.37, 180.82)	(184.83, 177.87)	2651.74	0.9831543	NaN	NaN	NaN	
2681743845000	2673049306403	None	Fixation	(220.60, 180.76)	(184.16, 178.36)	2651.74	1	NaN	NaN	NaN	
2681760511000	2673065972194	None	Fixation	(220.54, 180.83)	(184.42, 178.40)	2651.74	1.016602	NaN	NaN	NaN	
2681777178000	2673082639206	None	Fixation	(220.41, 180.85)	(184.46, 178.81)	2651.74	1.033203	NaN	NaN	NaN	
2681793844000	2673099304750	None	Fixation	(220.34, 180.78)	(184.58, 178.36)	2651.74	1.049805	NaN	NaN	NaN	
2681810511000	2673115971573	None	Fixation	(220.55, 180.81)	(184.41, 178.34)	2651.74	1.06665	NaN	NaN	NaN	
2681827177000	2673132637334	None	Fixation	(220.67, 180.88)	(184.43, 178.68)	2651.74	1.083252	NaN	NaN	NaN	
2681843844000	2673149304134	None	Fixation	(221.06, 180.95)	(184.14, 178.89)	2651.74	1.099854	NaN	NaN	NaN	
2681860510000	2673165969919	None	Fixation	(220.68, 180.74)	(182.49, 178.20)	2651.74	1.116455	NaN	NaN	NaN	
2681877175000	2673182635105	None	Fixation	(220.36, 180.73)	(183.62, 178.85)	2651.74	1.133301	NaN	NaN	NaN	
2681893842000	2673199301852	None	Fixation	(220.73, 180.79)	(184.64, 178.20)	2651.74	1.149902	NaN	NaN	NaN	
2681910510000	2673215969685	None	Fixation	(220.62, 180.99)	(184.49, 179.86)	2651.74	1.166504	NaN	NaN	NaN	
2681927177000	2673232636395	None	Fixation	(220.77, 180.68)	(184.81, 178.08)	2651.74	1.18335	NaN	NaN	NaN	
2681943843000	2673249301854	None	Fixation	(220.35, 180.69)	(182.00, 178.52)	2651.74	1.199951	NaN	NaN	NaN	
2681960510000	2673265968666	None	Saccade	(220.59, 180.66)	(182.43, 178.41)	2652.94	0.01660156	5.579019	0.1859673	88.12096	
2681977174000	2673282632487	None	Fixation	(220.53, 180.80)	(183.52, 178.92)	2651.74	1.233154	NaN	NaN	NaN	
2681993841000	2673299299247	None	Fixation	(220.64, 180.60)	(184.14, 178.35)	2651.74	1.25	NaN	NaN	NaN	
2682010509000	2673315966998	None	Fixation	(220.46, 180.69)	(181.40, 178.39)	2651.74	1.266602	NaN	NaN	NaN	
2682027176000	2673332633809	None	Fixation	(220.61, 180.73)	(184.86, 178.18)	2651.74	1.283203	NaN	NaN	NaN	
2682043842000	2673349299614	None	Fixation	(220.39, 180.75)	(182.19, 178.44)	2651.74	1.299805	NaN	NaN	NaN	
2682060509000	2673365966397	None	Saccade	(221.00, 180.62)	(184.63, 178.26)	2653.04	0.0168457	30.04362	1.001454	98.83326	
2682077174000	2673382631185	None	Pursuit	(220.94, 180.71)	(181.76, 178.30)	2653.04	0.03344727	35.28836	0.1865502	301.0434	
2682093840000	2673399296989	None	Pursuit	(220.60, 180.44)	(180.86, 178.27)	2653.04	0.05004883	11.03742	0.5495847	290.3412	
2682110507000	2673415963793	None	Pursuit	(220.68, 180.67)	(181.01, 178.28)	2653.04	0.06665039	1.77376	0.4904954	290.5688	
2682127174000	2673432630539	None	Pursuit	(220.84, 180.77)	(184.59, 179.06)	2653.04	0.08349609	45.14471	1.016773	117.535	
2682143840000	2673449296337	None	Pursuit	(220.56, 180.65)	(183.71, 179.32)	2653.04	0.1000977	11.27253	0.7210429	133.0941	
2682160507000	2673465963455	None	Pursuit	(220.52, 180.39)	(181.79, 178.66)	2653.04	0.1166992	25.06035	0.1897801	254.3207	
2682177173000	2673482629295	None	Pursuit	(220.27, 180.62)	(183.95, 178.89)	2653.04	0.1333008	26.69088	0.7414339	117.3201	
2682193840000	2673499295722	None	Fixation	(220.57, 180.27)	(181.82, 178.38)	2651.74	1.449951	NaN	NaN	NaN	
2682210506000	2673515961519	None	Fixation	(220.66, 180.48)	(184.39, 178.42)	2651.74	1.466553	NaN	NaN	NaN	
2682227173000	2673532628405	None	Saccade	(220.83, 180.22)	(187.58, 177.55)	2653.207	0.01660156	40.69	1.356333	87.62414	
2682243839000	2673549294086	None	Pursuit	(220.73, 180.22)	(184.38, 179.82)	2653.207	0.03344727	48.31351	0.5730821	193.5086	
2682260506000	2673565960876	None	Pursuit	(220.68, 180.37)	(181.18, 178.35)	2653.207	0.05004883	43.31261	1.317313	284.2937	
2682277172000	2673582626666	None	Pursuit	(220.91, 180.40)	(184.18, 178.49)	2653.207	0.06665039	36.90216	0.09159773	267.1695	
2682293839000	2673599293444	None	Pursuit	(220.89, 180.55)	(181.12, 178.43)	2653.207	0.08325195	37.6761	1.343803	282.8749	
2682310505000	2673615959620	None	Pursuit	(221.07, 180.45)	(184.28, 178.91)	2653.207	0.1000977	39.40508	0.2034853	205.7567	
2682327172000	2673632626043	None	Pursuit	(221.28, 180.60)	(180.72, 178.42)	2653.207	0.1166992	44.29275	1.507909	283.0135	
2682343838000	2673649291847	None	Pursuit	(220.67, 180.62)	(181.74, 178.80)	2653.207	0.1333008	13.4314	1.097804	275.0085	
2682360505000	2673665958622	None	Pursuit	(220.51, 180.92)	(184.08, 178.68)	2653.207	0.1499023	28.77009	0.1660485	244.1785	
2682377170000	2673682623385	None	Pursuit	(220.05, 181.13)	(183.95, 179.23)	2653.207	0.166748	6.955952	0.376816	221.9035	
2682393836000	2673699289185	None	Pursuit	(219.38, 181.37)	(184.28, 179.23)	2653.207	0.1833496	4.023414	0.3329155	201.2925	
2682410505000	2673715957997	None	Fixation	(218.92, 181.81)	(184.00, 178.44)	2651.74	1.666504	NaN	NaN	NaN	
2682427171000	2673732623785	None	Fixation	(218.05, 181.90)	(185.09, 177.85)	2651.74	1.683105	NaN	NaN	NaN	
2682443838000	2673749290568	None	Fixation	(217.70, 182.54)	(185.91, 177.26)	2651.74	1.699951	NaN	NaN	NaN	
2682460504000	2673765956351	None	Fixation	(217.05, 182.93)	(185.95, 177.08)	2651.74	1.716553	NaN	NaN	NaN	
2682477169000	2673782621168	None	Fixation	(216.30, 183.39)	(186.01, 177.16)	2651.74	1.733154	NaN	NaN	NaN	
2682493835000	2673799286947	None	Fixation	(215.37, 184.01)	(186.70, 176.20)	2651.74	1.75	NaN	NaN	NaN	
2682510504000	2673815955730	None	Fixation	(214.68, 184.51)	(187.26, 176.23)	2651.74	1.766602	NaN	NaN	NaN	
2682527170000	2673832621497	None	Saccade	(213.90, 185.38)	(187.95, 175.72)	2653.507	0.01660156	14.32411	0.4774704	28.77653	
2682543837000	2673849288635	None	Pursuit	(213.21, 186.11)	(188.35, 174.89)	2653.507	0.03320313	12.38829	0.8902984	29.63267	
2682560503000	2673865954075	None	Pursuit	(212.10, 186.49)	(189.20, 173.79)	2653.507	0.05004883	14.39082	1.332732	39.39447	
2682577170000	2673882620904	None	Saccade	(211.08, 186.85)	(189.86, 173.32)	2653.557	0.01660156	10.01492	0.3338307	67.59468	
2682593836000	2673899286658	None	Pursuit	(210.27, 187.28)	(189.77, 172.71)	2653.507	0.08325195	11.29267	2.136307	44.84997	
2682610501000	2673915951462	None	Pursuit	(209.56, 187.97)	(191.09, 171.84)	2653.507	0.09985352	12.08037	2.531762	42.97915	
2682627167000	2673932617257	None	Pursuit	(208.78, 188.10)	(190.95, 171.76)	2653.507	0.1166992	9.725754	2.830609	45.66888	
2682643836000	2673949286041	None	Fixation	(208.23, 188.47)	(191.60, 171.20)	2653.624	0.01660156	NaN	NaN	NaN	
2682660502000	2673965951859	None	Fixation	(207.38, 188.85)	(192.70, 171.02)	2653.64	0.01660156	NaN	NaN	NaN	
2682677169000	2673982618722	None	Fixation	(206.54, 189.32)	(192.76, 170.50)	2653.64	0.03320313	NaN	NaN	NaN	
2682693836000	2673999285406	None	Fixation	(205.85, 189.84)	(193.87, 170.19)	2653.64	0.05004883	NaN	NaN	NaN	
2682710502000	2674015951207	None	Fixation	(205.30, 190.25)	(193.75, 169.76)	2653.64	0.06665039	NaN	NaN	NaN	
2682727169000	2674032617975	None	Fixation	(204.31, 190.72)	(194.15, 169.28)	2653.64	0.08325195	NaN	NaN	NaN	
2682743832000	2674049280797	None	Fixation	(203.35, 191.06)	(195.20, 168.74)	2653.64	0.1000977	NaN	NaN	NaN	
2682760499000	2674065947607	None	Fixation	(203.49, 191.58)	(195.27, 168.53)	2653.64	0.1166992	NaN	NaN	NaN	
2682777167000	2674082615352	None	Fixation	(202.53, 191.83)	(195.59, 168.42)	2653.64	0.1333008	NaN	NaN	NaN	
2682793834000	2674099282133	None	Fixation	(201.96, 192.09)	(195.69, 167.85)	2653.64	0.1499023	NaN	NaN	NaN	
2682810500000	2674115948231	None	Fixation	(201.58, 192.45)	(196.28, 167.65)	2653.64	0.166748	NaN	NaN	NaN	
2682827167000	2674132614714	None	Fixation	(201.32, 192.77)	(196.46, 167.32)	2653.64	0.1833496	NaN	NaN	NaN	
2682843833000	2674149280511	None	Fixation	(201.53, 192.76)	(196.91, 166.47)	2653.64	0.1999512	NaN	NaN	NaN	
2682860500000	2674165947309	None	Saccade	(210.43, 188.71)	(190.31, 172.38)	2653.84	0.01660156	120.3783	4.012611	236.8321	
2682877166000	2674182613113	None	Saccade	(218.50, 185.83)	(186.06, 180.28)	2653.84	0.03344727	105.3712	7.518258	232.9742	
2682893833000	2674199279882	None	Unknown	(219.03, 185.50)	(182.84, 179.64)	NaN	NaN	NaN	NaN	NaN	
2682910499000	2674215945697	None	Pursuit	(219.42, 185.13)	(184.47, 180.72)	2653.89	0.01660156	6.65814	0.221938	213.2965	
2682927166000	2674232612476	None	Pursuit	(220.67, 184.76)	(183.46, 179.72)	2653.89	0.03320313	16.04673	0.7392189	232.6433	
2682943832000	2674249278590	None	Unknown	(220.04, 184.77)	(183.68, 178.79)	NaN	NaN	NaN	NaN	NaN	
2682960499000	2674265945265	None	Fixation	(219.31, 183.81)	(183.03, 178.24)	2653.94	0.01660156	NaN	NaN	NaN	
2682977165000	2674282611070	None	Fixation	(219.17, 183.49)	(184.81, 178.11)	2653.94	0.03320313	NaN	NaN	NaN	
2682993832000	2674299278002	None	Fixation	(219.55, 183.64)	(184.10, 178.91)	2653.94	0.05004883	NaN	NaN	NaN	
2683010498000	2674315943403	None	Fixation	(219.55, 183.30)	(184.24, 177.96)	2653.94	0.06665039	NaN	NaN	NaN	
2683027165000	2674332610227	None	Fixation	(219.53, 183.23)	(183.84, 177.78)	2653.94	0.08325195	NaN	NaN	NaN	
2683043831000	2674349275991	None	Fixation	(219.52, 183.06)	(184.06, 178.22)	2653.94	0.09985352	NaN	NaN	NaN	
2683060498000	2674365942804	None	Fixation	(219.55, 183.16)	(183.97, 178.40)	2653.94	0.1166992	NaN	NaN	NaN	
2683077165000	2674382609588	None	Fixation	(219.27, 183.19)	(184.18, 178.28)	2653.94	0.1333008	NaN	NaN	NaN	
2683093831000	2674399275383	None	Fixation	(219.79, 183.25)	(183.85, 178.31)	2653.94	0.1499023	NaN	NaN	NaN	
2683110498000	2674415942184	None	Fixation	(219.69, 183.08)	(184.06, 177.84)	2653.94	0.1665039	NaN	NaN	NaN	
2683127164000	2674432607940	None	Fixation	(219.50, 182.82)	(184.04, 178.22)	2653.94	0.1833496	NaN	NaN	NaN	
2683143831000	2674449274761	None	Fixation	(219.48, 182.79)	(184.44, 179.06)	2653.94	0.1999512	NaN	NaN	NaN	
2683160497000	2674465940545	None	Fixation	(219.38, 182.60)	(184.86, 177.58)	2653.94	0.2165527	NaN	NaN	NaN	
2683177164000	2674482607352	None	Fixation	(219.71, 182.66)	(184.39, 178.11)	2653.94	0.2331543	NaN	NaN	NaN	
2683193830000	2674499273105	None	Fixation	(219.73, 182.87)	(184.56, 177.85)	2653.94	0.25	NaN	NaN	NaN	
2683210495000	2674515937886	None	Fixation	(219.74, 182.72)	(184.21, 177.98)	2653.94	0.2666016	NaN	NaN	NaN	
2683227161000	2674532603673	None	Fixation	(219.36, 182.52)	(184.66, 177.69)	2653.94	0.2832031	NaN	NaN	NaN	
2683243830000	2674549272493	None	Fixation	(219.51, 182.63)	(184.50, 178.18)	2653.94	0.3000488	NaN	NaN	NaN	
2683260496000	2674565938270	None	Fixation	(219.74, 182.80)	(184.38, 177.48)	2653.94	0.3166504	NaN	NaN	NaN	
2683277163000	2674582605060	None	Fixation	(219.55, 182.73)	(184.23, 178.02)	2653.94	0.333252	NaN	NaN	NaN	
2683293829000	2674599270845	None	Fixation	(219.85, 182.80)	(184.82, 177.88)	2653.94	0.3498535	NaN	NaN	NaN	
2683310496000	2674615938573	None	Fixation	(219.69, 182.63)	(183.86, 178.41)	2653.94	0.3666992	NaN	NaN	NaN	
2683327162000	2674632603446	None	Fixation	(219.75, 182.91)	(184.27, 177.80)	2653.94	0.3833008	NaN	NaN	NaN	
2683343829000	2674649270223	None	Fixation	(220.44, 181.69)	(184.76, 179.18)	2653.94	0.3999023	NaN	NaN	NaN	
2683360495000	2674665936007	None	Fixation	(219.78, 182.13)	(185.47, 178.38)	2653.94	0.4165039	NaN	NaN	NaN	
2683377162000	2674682603098	None	Fixation	(219.90, 181.82)	(183.84, 179.43)	2653.94	0.4333496	NaN	NaN	NaN	
2683393828000	2674699268602	None	Fixation	(220.18, 181.73)	(185.41, 178.99)	2653.94	0.4499512	NaN	NaN	NaN	
2683410495000	2674715935386	None	Fixation	(220.24, 181.74)	(185.40, 178.90)	2653.94	0.4665527	NaN	NaN	NaN	
2683427161000	2674732601203	None	Fixation	(220.66, 181.61)	(183.32, 178.90)	2653.94	0.4831543	NaN	NaN	NaN	
2683443828000	2674749267953	None	Fixation	(220.06, 181.57)	(184.23, 179.15)	2653.94	0.5	NaN	NaN	NaN	
2683460495000	2674765935127	None	Fixation	(220.07, 181.61)	(184.71, 178.66)	2653.94	0.5166016	NaN	NaN	NaN	
2683477160000	2674782599912	None	Fixation	(219.97, 181.44)	(182.88, 178.85)	2653.94	0.5332031	NaN	NaN	NaN	
2683493827000	2674799266574	None	Fixation	(220.35, 181.44)	(183.46, 179.03)	2653.94	0.5500488	NaN	NaN	NaN	
2683510491000	2674815930402	None	Fixation	(220.46, 181.48)	(184.25, 179.34)	2653.94	0.5666504	NaN	NaN	NaN	
2683527158000	2674832596910	None	Fixation	(220.14, 181.29)	(184.40, 179.64)	2653.94	0.583252	NaN	NaN	NaN	
2683543826000	2674849264963	None	Fixation	(220.10, 181.20)	(184.05, 179.12)	2653.94	0.5998535	NaN	NaN	NaN	
2683560493000	2674865931867	None	Fixation	(220.18, 181.23)	(184.43, 179.12)	2653.94	0.6166992	NaN	NaN	NaN	
2683577160000	2674882598611	None	Fixation	(220.05, 181.07)	(184.02, 179.13)	2653.94	0.6333008	NaN	NaN	NaN	
2683593826000	2674899264053	None	Fixation	(220.42, 180.99)	(184.10, 179.26)	2653.94	0.6499023	NaN	NaN	NaN	
2683610492000	2674915929873	None	Fixation	(220.29, 181.12)	(182.10, 178.36)	2653.94	0.6665039	NaN	NaN	NaN	
2683627159000	2674932597076	None	Fixation	(220.16, 181.05)	(184.83, 179.91)	2653.94	0.6833496	NaN	NaN	NaN	
2683643825000	2674949262442	None	Fixation	(219.98, 181.14)	(184.64, 178.55)	2653.94	0.6999512	NaN	NaN	NaN	
2683660492000	2674965929232	None	Fixation	(220.13, 181.10)	(184.52, 179.29)	2653.94	0.7165527	NaN	NaN	NaN	
2683677158000	2674982595193	None	Fixation	(220.29, 180.96)	(184.18, 178.52)	2653.94	0.7331543	NaN	NaN	NaN	
2683693825000	2674999262383	None	Fixation	(220.48, 180.91)	(184.68, 178.20)	2653.94	0.75	NaN	NaN	NaN	
2683710491000	2675015927869	None	Fixation	(220.42, 181.09)	(184.38, 178.71)	2653.94	0.7666016	NaN	NaN	NaN	
2683727158000	2675032594673	None	Fixation	(220.25, 180.95)	(184.63, 178.55)	2653.94	0.7832031	NaN	NaN	NaN	
2683743825000	2675049261204	None	Fixation	(220.59, 180.88)	(184.68, 178.56)	2653.94	0.8000488	NaN	NaN	NaN	
2683760491000	2675065926998	None	Fixation	(220.69, 180.85)	(184.58, 179.75)	2653.94	0.8166504	NaN	NaN	NaN	
2683777157000	2675082592762	None	Fixation	(220.26, 180.83)	(184.53, 179.65)	2653.94	0.833252	NaN	NaN	NaN	
2683793824000	2675099259538	None	Fixation	(220.32, 180.77)	(184.47, 178.66)	2653.94	0.8498535	NaN	NaN	NaN	
2683810489000	2675115924348	None	Fixation	(220.41, 180.83)	(184.61, 179.71)	2653.94	0.8666992	NaN	NaN	NaN	
2683827155000	2675132590125	None	Fixation	(220.36, 181.04)	(184.59, 178.32)	2653.94	0.8833008	NaN	NaN	NaN	
2683843824000	2675149258926	None	Fixation	(220.33, 180.83)	(184.45, 178.48)	2653.94	0.8999023	NaN	NaN	NaN	
2683860490000	2675165924726	None	Fixation	(220.54, 180.94)	(184.66, 179.77)	2653.94	0.9165039	NaN	NaN	NaN	
2683877157000	2675182591504	None	Fixation	(220.41, 180.92)	(182.68, 178.65)	2653.94	0.9333496	NaN	NaN	NaN	
2683893823000	2675199257292	None	Fixation	(220.58, 180.89)	(182.46, 178.62)	2653.94	0.9499512	NaN	NaN	NaN	
2683910490000	2675215924074	None	Fixation	(220.78, 180.96)	(182.58, 178.73)	2653.94	0.9665527	NaN	NaN	NaN	
2683927156000	2675232589868	None	Fixation	(220.88, 180.82)	(183.70, 179.18)	2653.94	0.9831543	NaN	NaN	NaN	
2683943823000	2675249257110	None	Fixation	(220.77, 180.96)	(184.24, 178.40)	2653.94	1	NaN	NaN	NaN	
2683960489000	2675265922751	None	Fixation	(221.06, 180.84)	(182.73, 178.78)	2653.94	1.016602	NaN	NaN	NaN	
2683977154000	2675282587239	None	Fixation	(220.71, 180.90)	(184.97, 178.41)	2653.94	1.033203	NaN	NaN	NaN	
2683993820000	2675299253018	None	Fixation	(220.81, 180.94)	(183.71, 178.79)	2653.94	1.049805	NaN	NaN	NaN	
2684010489000	2675315921834	None	Fixation	(221.12, 180.92)	(183.73, 179.02)	2653.94	1.06665	NaN	NaN	NaN	
2684027155000	2675332587591	None	Fixation	(220.99, 180.77)	(184.84, 178.58)	2653.94	1.083252	NaN	NaN	NaN	
2684043822000	2675349254423	None	Fixation	(220.77, 180.80)	(183.73, 178.84)	2653.94	1.099854	NaN	NaN	NaN	
2684060488000	2675365920187	None	Fixation	(221.14, 180.95)	(183.67, 178.61)	2653.94	1.116699	NaN	NaN	NaN	
2684077155000	2675382586985	None	Fixation	(221.09, 180.90)	(184.47, 178.79)	2653.94	1.133301	NaN	NaN	NaN	
2684093821000	2675399252785	None	Fixation	(220.82, 180.86)	(184.00, 179.17)	2653.94	1.149902	NaN	NaN	NaN	
2684110488000	2675415919556	None	Fixation	(220.85, 180.79)	(183.72, 179.10)	2653.94	1.166504	NaN	NaN	NaN	
2684127154000	2675432585406	None	Fixation	(221.23, 180.81)	(183.63, 179.24)	2653.94	1.18335	NaN	NaN	NaN	
2684143820000	2675449251148	None	Fixation	(220.79, 180.88)	(184.44, 180.09)	2653.94	1.199951	NaN	NaN	NaN	
2684160487000	2675465917959	None	Fixation	(220.61, 180.98)	(183.47, 179.52)	2653.94	1.216553	NaN	NaN	NaN	
2684177153000	2675482583704	None	Fixation	(220.87, 180.84)	(183.85, 179.16)	2653.94	1.233154	NaN	NaN	NaN	
2684193820000	2675499250532	None	Fixation	(220.50, 180.77)	(184.35, 178.69)	2653.94	1.25	NaN	NaN	NaN	
2684210487000	2675515917295	None	Fixation	(220.79, 180.77)	(184.27, 180.29)	2653.94	1.266602	NaN	NaN	NaN	
2684227154000	2675532584095	None	Fixation	(220.48, 180.71)	(183.97, 179.48)	2653.94	1.283203	NaN	NaN	NaN	
2684243818000	2675549247882	None	Fixation	(220.66, 180.72)	(184.48, 178.86)	2653.94	1.299805	NaN	NaN	NaN	
2684260485000	2675565914703	None	Fixation	(221.15, 180.93)	(183.73, 179.63)	2653.94	1.31665	NaN	NaN	NaN	
2684277153000	2675582582473	None	Fixation	(220.94, 180.64)	(183.97, 179.55)	2653.94	1.333252	NaN	NaN	NaN	
2684293819000	2675599248362	None	Fixation	(221.40, 180.49)	(181.80, 179.21)	2653.94	1.349854	NaN	NaN	NaN	
2684310486000	2675615915436	None	Fixation	(220.89, 180.57)	(184.06, 180.55)	2653.94	1.366699	NaN	NaN	NaN	
2684327153000	2675632582309	None	Fixation	(221.20, 180.37)	(181.69, 179.29)	2653.94	1.383301	NaN	NaN	NaN	
2684343819000	2675649247640	None	Fixation	(221.43, 180.19)	(184.11, 179.13)	2653.94	1.399902	NaN	NaN	NaN	
2684360486000	2675665914416	None	Fixation	(221.37, 180.26)	(183.84, 179.73)	2653.94	1.416504	NaN	NaN	NaN	
2684377152000	2675682580210	None	Fixation	(221.12, 180.10)	(184.04, 180.68)	2653.94	1.43335	NaN	NaN	NaN	
2684393819000	2675699247019	None	Fixation	(221.45, 180.33)	(184.04, 179.38)	2653.94	1.449951	NaN	NaN	NaN	
2684410485000	2675715912804	None	Fixation	(221.58, 179.96)	(184.19, 179.03)	2653.94	1.466553	NaN	NaN	NaN	
2684427152000	2675732579577	None	Fixation	(221.52, 180.00)	(183.91, 179.38)	2653.94	1.483154	NaN	NaN	NaN	
2684443818000	2675749245380	None	Fixation	(221.95, 179.88)	(183.93, 179.99)	2653.94	1.5	NaN	NaN	NaN	
2684460485000	2675765912158	None	Fixation	(222.19, 180.02)	(182.82, 180.46)	2653.94	1.516602	NaN	NaN	NaN	
2684477151000	2675782578345	None	Fixation	(222.75, 179.82)	(182.83, 180.19)	2653.94	1.533203	NaN	NaN	NaN	
2684493818000	2675799245075	None	Fixation	(222.89, 180.23)	(182.59, 180.09)	2653.94	1.549805	NaN	NaN	NaN	
2684510484000	2675815910992	None	Fixation	(223.55, 180.37)	(180.21, 180.28)	2653.94	1.56665	NaN	NaN	NaN	
2684527151000	2675832577325	None	Fixation	(223.87, 180.43)	(180.81, 180.93)	2653.94	1.583252	NaN	NaN	NaN	
2684543817000	2675849243105	None	Fixation	(224.27, 180.77)	(180.39, 180.33)	2653.94	1.599854	NaN	NaN	NaN	
2684560484000	2675865910180	None	Fixation	(224.75, 181.26)	(178.80, 180.39)	2653.94	1.616699	NaN	NaN	NaN	
2684577151000	2675882577018	None	Fixation	(225.40, 181.51)	(179.41, 179.51)	2653.94	1.633301	NaN	NaN	NaN	
2684593817000	2675899242487	None	Fixation	(225.88, 181.98)	(178.53, 179.41)	2653.94	1.649902	NaN	NaN	NaN	
2684610482000	2675915907271	None	Fixation	(226.23, 182.51)	(177.54, 179.87)	2653.94	1.666504	NaN	NaN	NaN	
2684627148000	2675932573054	None	Fixation	(226.88, 182.99)	(176.63, 179.71)	2653.94	1.68335	NaN	NaN	NaN	
2684643817000	2675949241864	None	Fixation	(227.17, 183.20)	(176.33, 179.59)	2653.94	1.699951	NaN	NaN	NaN	
2684660483000	2675965907673	None	Fixation	(227.54, 183.74)	(175.75, 180.32)	2653.94	1.716553	NaN	NaN	NaN	
2684677150000	2675982574458	None	Saccade	(228.21, 185.59)	(173.65, 177.97)	2655.657	0.01660156	38.81675	1.293892	331.2883	
2684693816000	2675999240262	None	Saccade	(229.17, 185.86)	(173.45, 178.43)	2655.673	0.0168457	12.28293	0.409431	272.4142	
2684710481000	2676015905008	None	Pursuit	(229.39, 186.30)	(173.31, 177.71)	2655.673	0.03344727	6.118753	0.5659082	288.0341	
2684727147000	2676032570807	None	Pursuit	(230.01, 186.57)	(172.90, 177.29)	2655.673	0.05004883	8.331862	0.8420121	285.544	
2684743816000	2676049239947	None	Unknown	(230.43, 186.92)	(172.07, 177.38)	NaN	NaN	NaN	NaN	NaN	
2684760482000	2676065905872	None	Fixation	(231.05, 187.32)	(171.30, 178.14)	2655.74	0.0168457	NaN	NaN	NaN	
2684777149000	2676082572482	None	Fixation	(231.32, 187.35)	(170.66, 177.20)	2655.74	0.03344727	NaN	NaN	NaN	
2684793815000	2676099238042	None	Fixation	(231.89, 187.93)	(169.71, 176.77)	2655.74	0.05004883	NaN	NaN	NaN	
2684810482000	2676115904753	None	Fixation	(232.40, 188.28)	(169.66, 176.64)	2655.74	0.06689453	NaN	NaN	NaN	
2684827148000	2676132570576	None	Saccade	(232.97, 188.60)	(166.09, 176.45)	2655.807	0.01660156	43.94392	1.464797	286.1164	
2684843815000	2676149237356	None	Pursuit	(233.33, 188.79)	(167.78, 176.96)	2655.807	0.03320313	21.71138	0.7814975	273.3202	
2684860481000	2676165903214	None	Pursuit	(234.09, 189.18)	(167.24, 177.22)	2655.807	0.04980469	7.385729	1.02046	269.52	
2684877148000	2676182570226	None	Fixation	(234.32, 189.32)	(166.92, 176.46)	2655.74	0.1335449	NaN	NaN	NaN	
2684893814000	2676199235728	None	Fixation	(234.56, 189.67)	(166.99, 176.26)	2655.74	0.1501465	NaN	NaN	NaN	
2684910480000	2676215901628	None	Fixation	(235.44, 189.91)	(166.80, 175.90)	2655.74	0.166748	NaN	NaN	NaN	
2684927146000	2676232567287	None	Fixation	(235.31, 190.04)	(165.90, 177.30)	2655.74	0.1833496	NaN	NaN	NaN	
2684943814000	2676249235076	None	Fixation	(235.47, 190.41)	(165.63, 177.14)	2655.74	0.2001953	NaN	NaN	NaN	
2684960481000	2676265901883	None	Fixation	(234.30, 187.75)	(168.35, 178.04)	2655.74	0.2167969	NaN	NaN	NaN	
2684977147000	2676282567643	None	Saccade	(226.01, 184.44)	(178.87, 180.46)	2655.957	0.01660156	109.804	4.423736	107.3678	
2684993814000	2676299234438	None	Saccade	(221.26, 183.31)	(184.25, 181.81)	2655.957	0.03320313	68.17522	6.696006	116.3469	
2685010479000	2676315899217	None	Pursuit	(219.38, 182.25)	(185.15, 181.90)	2655.99	0.0168457	26.55173	0.8850578	106.4467	
2685027146000	2676332566472	None	Pursuit	(219.24, 182.06)	(185.39, 181.11)	2655.99	0.03344727	2.863488	0.9734227	108.6744	
2685043810000	2676349229816	None	Pursuit	(219.52, 181.17)	(186.26, 179.87)	2655.99	0.05004883	11.48178	1.129473	127.8598	
2685060477000	2676365896623	None	Unknown	(220.22, 181.18)	(185.16, 180.25)	NaN	NaN	NaN	NaN	NaN	
2685077146000	2676382565442	None	Fixation	(220.09, 181.03)	(184.60, 179.76)	2656.057	0.01660156	NaN	NaN	NaN	
2685093812000	2676399231207	None	Fixation	(219.92, 180.83)	(184.82, 180.20)	2656.057	0.03320313	NaN	NaN	NaN	
2685110478000	2676415896988	None	Fixation	(220.10, 180.77)	(184.97, 179.07)	2656.057	0.04980469	NaN	NaN	NaN	
2685127145000	2676432564074	None	Fixation	(219.97, 180.75)	(184.82, 179.55)	2656.057	0.06665039	NaN	NaN	NaN	
2685143811000	2676449229878	None	Fixation	(220.00, 180.52)	(184.95, 179.17)	2656.057	0.08325195	NaN	NaN	NaN	
2685160478000	2676465896717	None	Fixation	(219.81, 180.63)	(185.37, 179.45)	2656.057	0.09985352	NaN	NaN	NaN	
2685177144000	2676482562137	None	Fixation	(220.02, 180.71)	(184.75, 179.43)	2656.057	0.1164551	NaN	NaN	NaN	
2685193811000	2676499229048	None	Fixation	(220.00, 180.55)	(184.95, 179.90)	2656.057	0.1333008	NaN	NaN	NaN	
2685210477000	2676515894726	None	Fixation	(220.41, 180.70)	(185.10, 179.02)	2656.057	0.1499023	NaN	NaN	NaN	
2685227144000	2676532561528	None	Fixation	(220.14, 180.61)	(185.00, 179.11)	2656.057	0.1665039	NaN	NaN	NaN	
2685243810000	2676549227312	None	Fixation	(220.28, 180.72)	(184.90, 178.96)	2656.057	0.1831055	NaN	NaN	NaN	
2685260477000	2676565894113	None	Fixation	(220.04, 180.58)	(185.17, 179.06)	2656.057	0.1999512	NaN	NaN	NaN	
2685277143000	2676582559915	None	Fixation	(220.28, 180.76)	(184.65, 179.54)	2656.057	0.2165527	NaN	NaN	NaN	
2685293810000	2676599226679	None	Fixation	(220.40, 180.78)	(182.80, 179.28)	2656.057	0.2331543	NaN	NaN	NaN	
2685310477000	2676615893456	None	Fixation	(220.37, 180.89)	(184.84, 179.27)	2656.057	0.25	NaN	NaN	NaN	
2685327143000	2676632559279	None	Fixation	(220.31, 180.67)	(185.06, 178.96)	2656.057	0.2666016	NaN	NaN	NaN	
2685343810000	2676649226061	None	Fixation	(220.15, 180.79)	(184.50, 179.42)	2656.057	0.2832031	NaN	NaN	NaN	
2685360476000	2676665891873	None	Fixation	(220.16, 180.81)	(184.89, 179.38)	2656.057	0.2998047	NaN	NaN	NaN	
2685377143000	2676682558636	None	Fixation	(220.18, 180.86)	(185.14, 179.13)	2656.057	0.3166504	NaN	NaN	NaN	
2685393809000	2676699224548	None	Fixation	(220.38, 180.82)	(184.85, 179.10)	2656.057	0.333252	NaN	NaN	NaN	
2685410476000	2676715891200	None	Fixation	(220.19, 180.77)	(184.64, 180.07)	2656.057	0.3498535	NaN	NaN	NaN	
2685427142000	2676732557012	None	Fixation	(220.42, 180.65)	(184.94, 179.23)	2656.057	0.3664551	NaN	NaN	NaN	
2685443809000	2676749223793	None	Fixation	(220.29, 180.67)	(183.27, 179.67)	2656.057	0.3833008	NaN	NaN	NaN	
2685460475000	2676765889594	None	Fixation	(220.71, 180.73)	(183.08, 179.57)	2656.057	0.3999023	NaN	NaN	NaN	
2685477140000	2676782554413	None	Fixation	(220.24, 180.82)	(184.79, 179.47)	2656.057	0.4165039	NaN	NaN	NaN	
2685493806000	2676799220184	None	Fixation	(220.61, 180.69)	(184.79, 179.20)	2656.057	0.4331055	NaN	NaN	NaN	
2685510474000	2676815887939	None	Fixation	(220.62, 180.78)	(184.61, 179.67)	2656.057	0.4499512	NaN	NaN	NaN	
2685527140000	2676832553769	None	Fixation	(220.23, 181.28)	(184.21, 179.52)	2656.057	0.4665527	NaN	NaN	NaN	
2685543807000	2676849220553	None	Fixation	(220.10, 180.90)	(185.14, 179.26)	2656.057	0.4831543	NaN	NaN	NaN	
2685560473000	2676865886341	None	Fixation	(220.50, 180.85)	(185.01, 180.48)	2656.057	0.4997559	NaN	NaN	NaN	
2685577140000	2676882553111	None	Fixation	(220.39, 180.69)	(185.01, 179.11)	2656.057	0.5166016	NaN	NaN	NaN	
2685593806000	2676899219365	None	Fixation	(220.09, 180.87)	(184.87, 179.16)	2656.057	0.5332031	NaN	NaN	NaN	
2685610473000	2676915886094	None	Fixation	(220.43, 180.81)	(184.66, 179.85)	2656.057	0.5498047	NaN	NaN	NaN	
2685627139000	2676932551533	None	Fixation	(220.20, 180.83)	(185.19, 179.04)	2656.057	0.5666504	NaN	NaN	NaN	
2685643806000	2676949218289	None	Fixation	(220.62, 180.87)	(184.94, 179.11)	2656.057	0.583252	NaN	NaN	NaN	
2685660472000	2676965884087	None	Fixation	(220.34, 180.84)	(183.27, 179.23)	2656.057	0.5998535	NaN	NaN	NaN	
2685677139000	2676982550870	None	Fixation	(220.34, 180.91)	(185.04, 179.22)	2656.057	0.6164551	NaN	NaN	NaN	
2685693805000	2676999216736	None	Fixation	(220.07, 180.75)	(182.71, 179.20)	2656.057	0.6333008	NaN	NaN	NaN	
2685710472000	2677015883423	None	Fixation	(220.54, 180.83)	(184.65, 179.39)	2656.057	0.6499023	NaN	NaN	NaN	
2685727138000	2677032549224	None	Fixation	(220.40, 180.61)	(185.11, 178.75)	2656.057	0.6665039	NaN	NaN	NaN	
2685743805000	2677049216048	None	Fixation	(220.14, 180.65)	(184.80, 178.99)	2656.057	0.6831055	NaN	NaN	NaN	
2685760472000	2677065882818	None	Fixation	(220.64, 180.63)	(184.31, 179.27)	2656.057	0.6999512	NaN	NaN	NaN	
2685777138000	2677082548606	None	Saccade	(220.71, 180.68)	(189.02, 178.13)	2656.757	0.01660156	59.55519	1.985173	89.28791	
2685793805000	2677099215442	None	Saccade	(220.57, 180.70)	(184.70, 179.34)	2656.757	0.03320313	55.17727	0.1602155	112.6935	
2685810470000	2677115880167	None	Fixation	(220.19, 180.57)	(182.67, 178.63)	2656.057	0.7497559	NaN	NaN	NaN	
2685827137000	2677132546980	None	Pursuit	(220.12, 180.72)	(184.75, 179.15)	2656.807	0.0168457	26.48198	0.8827327	117.005	
2685843803000	2677149212777	None	Pursuit	(220.79, 180.67)	(184.98, 178.95)	2656.807	0.03344727	3.775827	0.9597598	110.8059	
2685860470000	2677165879569	None	Fixation	(220.28, 180.72)	(183.00, 179.08)	2656.057	0.7998047	NaN	NaN	NaN	
2685877136000	2677182545373	None	Fixation	(220.12, 180.64)	(184.86, 178.78)	2656.057	0.8166504	NaN	NaN	NaN	
2685893803000	2677199212222	None	Fixation	(220.48, 180.91)	(185.25, 179.08)	2656.057	0.833252	NaN	NaN	NaN	
2685910469000	2677215878052	None	Fixation	(220.69, 180.86)	(185.00, 178.24)	2656.057	0.8498535	NaN	NaN	NaN	
2685927136000	2677232544726	None	Fixation	(220.40, 180.96)	(185.40, 178.45)	2656.057	0.8664551	NaN	NaN	NaN	
2685943802000	2677249210508	None	Fixation	(220.33, 180.66)	(185.18, 178.42)	2656.057	0.8833008	NaN	NaN	NaN	
2685960469000	2677265877304	None	Fixation	(220.49, 180.85)	(182.51, 178.80)	2656.057	0.8999023	NaN	NaN	NaN	
2685977135000	2677282543469	None	Fixation	(220.26, 180.97)	(184.96, 178.49)	2656.057	0.9165039	NaN	NaN	NaN	
2685993802000	2677299209952	None	Fixation	(220.49, 180.80)	(184.77, 178.82)	2656.057	0.9331055	NaN	NaN	NaN	
2686010468000	2677315875633	None	Fixation	(220.53, 180.62)	(185.04, 179.82)	2656.057	0.9499512	NaN	NaN	NaN	
2686027135000	2677332542796	None	Fixation	(220.70, 180.80)	(184.69, 178.73)	2656.057	0.9665527	NaN	NaN	NaN	
2686043801000	2677349208633	None	Fixation	(220.54, 180.64)	(184.90, 180.03)	2656.057	0.9831543	NaN	NaN	NaN	
2686060468000	2677365875406	None	Fixation	(220.45, 180.71)	(184.75, 178.88)	2656.057	0.9997559	NaN	NaN	NaN	
2686077135000	2677382541839	None	Fixation	(220.44, 180.83)	(185.00, 178.72)	2656.057	1.016602	NaN	NaN	NaN	
2686093801000	2677399207641	None	Fixation	(220.48, 180.85)	(184.04, 179.38)	2656.057	1.033203	NaN	NaN	NaN	
2686110468000	2677415874400	None	Fixation	(220.78, 180.80)	(184.70, 178.70)	2656.057	1.049805	NaN	NaN	NaN	
2686127134000	2677432540224	None	Fixation	(220.54, 180.79)	(184.55, 178.84)	2656.057	1.06665	NaN	NaN	NaN	
2686143801000	2677449206983	None	Fixation	(220.60, 180.88)	(184.61, 178.55)	2656.057	1.083252	NaN	NaN	NaN	
2686160467000	2677465872796	None	Fixation	(220.71, 180.86)	(182.29, 178.67)	2656.057	1.099854	NaN	NaN	NaN	
2686177132000	2677482537554	None	Fixation	(220.36, 180.88)	(184.45, 179.19)	2656.057	1.116455	NaN	NaN	NaN	
2686193800000	2677499205410	None	Fixation	(220.52, 180.95)	(184.24, 179.11)	2656.057	1.133301	NaN	NaN	NaN	
2686210465000	2677515870158	None	Fixation	(220.45, 180.98)	(184.95, 180.37)	2656.057	1.149902	NaN	NaN	NaN	
2686227133000	2677532537958	None	Fixation	(220.72, 180.99)	(184.05, 179.16)	2656.057	1.166504	NaN	NaN	NaN	
2686243800000	2677549204737	None	Fixation	(220.73, 180.90)	(185.02, 178.75)	2656.057	1.183105	NaN	NaN	NaN	
2686260466000	2677565870603	None	Fixation	(220.32, 181.24)	(185.28, 178.54)	2656.057	1.199951	NaN	NaN	NaN	
2686277133000	2677582537314	None	Fixation	(219.75, 181.46)	(185.23, 178.85)	2656.057	1.216553	NaN	NaN	NaN	
2686293799000	2677599203128	None	Fixation	(218.88, 181.56)	(183.93, 178.88)	2656.057	1.233154	NaN	NaN	NaN	
2686310466000	2677615869928	None	Fixation	(218.06, 182.14)	(185.89, 179.08)	2656.057	1.249756	NaN	NaN	NaN	
2686327132000	2677632535707	None	Fixation	(217.34, 182.63)	(186.95, 177.48)	2656.057	1.266602	NaN	NaN	NaN	
2686343799000	2677649202509	None	Saccade	(216.98, 182.97)	(187.35, 177.38)	2657.323	0.01660156	5.086244	0.1695414	88.96329	
2686360465000	2677665868259	None	Pursuit	(216.08, 183.39)	(187.10, 177.24)	2657.323	0.03320313	3.507638	0.1144835	45.50962	
2686377132000	2677682535074	None	Fixation	(215.42, 183.94)	(188.21, 177.51)	2656.057	1.31665	NaN	NaN	NaN	
2686393799000	2677699201887	None	Fixation	(214.78, 184.77)	(188.21, 176.67)	2656.057	1.333252	NaN	NaN	NaN	
2686410465000	2677715867623	None	Saccade	(214.18, 185.36)	(188.29, 175.68)	2657.39	0.01660156	10.32826	0.3442752	32.19424	
2686427131000	2677732533602	None	Pursuit	(213.35, 186.03)	(188.67, 174.70)	2657.39	0.03320313	13.1427	0.7813848	35.43063	
2686443798000	2677749200221	None	Pursuit	(213.12, 186.84)	(188.82, 174.36)	2657.39	0.05004883	10.30186	1.087377	25.73173	
2686460465000	2677765867015	None	Fixation	(212.42, 187.49)	(189.31, 173.00)	2657.374	0.08325195	NaN	NaN	NaN	
2686477131000	2677782532795	None	Saccade	(211.51, 188.19)	(189.06, 172.88)	2657.457	0.01660156	14.13197	0.4710657	39.39129	
2686493798000	2677799199609	None	Fixation	(211.68, 188.96)	(188.76, 172.08)	2657.374	0.1164551	NaN	NaN	NaN	
2686510464000	2677815865375	None	Saccade	(212.62, 190.28)	(187.64, 170.67)	2657.49	0.0168457	19.9925	0.7363791	322.9727	
2686527131000	2677832532277	None	Unknown	(211.54, 190.51)	(187.67, 170.48)	NaN	NaN	NaN	NaN	NaN	
2686543797000	2677849197957	None	Fixation	(211.43, 190.77)	(187.89, 170.10)	2657.523	0.01660156	NaN	NaN	NaN	
2686560463000	2677865863868	None	Fixation	(210.87, 191.40)	(188.06, 169.54)	2657.523	0.03320313	NaN	NaN	NaN	
2686577128000	2677882528636	None	Fixation	(210.69, 191.91)	(188.68, 168.26)	2657.523	0.05004883	NaN	NaN	NaN	
2686593794000	2677899194332	None	Fixation	(210.00, 192.41)	(187.78, 167.74)	2657.523	0.06665039	NaN	NaN	NaN	
2686610462000	2677915862133	None	Fixation	(209.65, 192.98)	(188.48, 167.59)	2657.523	0.08325195	NaN	NaN	NaN	
2686627129000	2677932528919	None	Fixation	(209.09, 193.43)	(188.45, 166.57)	2657.523	0.1000977	NaN	NaN	NaN	
2686643795000	2677949194713	None	Fixation	(208.89, 193.95)	(188.17, 166.06)	2657.523	0.1166992	NaN	NaN	NaN	
2686660462000	2677965862185	None	Fixation	(208.10, 194.45)	(188.63, 165.53)	2657.523	0.1333008	NaN	NaN	NaN	
2686677128000	2677982527302	None	Fixation	(207.78, 195.12)	(189.01, 164.79)	2657.523	0.1499023	NaN	NaN	NaN	
2686693795000	2677999194057	None	Fixation	(206.98, 195.63)	(189.04, 164.38)	2657.523	0.166748	NaN	NaN	NaN	
2686710460000	2678015859235	None	Fixation	(207.04, 195.98)	(188.68, 163.90)	2657.523	0.1833496	NaN	NaN	NaN	
2686727126000	2678032525043	None	Fixation	(206.41, 196.81)	(188.62, 163.54)	2657.523	0.1999512	NaN	NaN	NaN	
2686743794000	2678049192873	None	Fixation	(205.91, 197.20)	(189.11, 162.82)	2657.523	0.2165527	NaN	NaN	NaN	
2686760461000	2678065859558	None	Fixation	(205.14, 197.02)	(189.00, 162.51)	2657.523	0.2333984	NaN	NaN	NaN	
2686777127000	2678082525021	None	Fixation	(205.19, 197.93)	(189.02, 161.91)	2657.523	0.25	NaN	NaN	NaN	
2686793794000	2678099191830	None	Fixation	(204.80, 198.62)	(189.17, 161.86)	2657.523	0.2666016	NaN	NaN	NaN	
2686810460000	2678115857683	None	Fixation	(204.42, 199.40)	(189.49, 161.54)	2657.523	0.2832031	NaN	NaN	NaN	
2686827127000	2678132524516	None	Fixation	(204.31, 199.88)	(189.47, 161.00)	2657.523	0.3000488	NaN	NaN	NaN	
2686843794000	2678149191271	None	Saccade	(209.20, 192.44)	(189.34, 167.43)	2657.823	0.01660156	109.5015	3.650052	197.2548	
2686877127000	2678182524007	None	Unknown	(212.92, 187.40)	(186.30, 175.25)	NaN	NaN	NaN	NaN	NaN	
2686893793000	2678199189786	None	Pursuit	(214.60, 187.35)	(187.50, 176.65)	2657.874	0.01660156	20.75717	0.6919057	255.2472	
2686910460000	2678215856948	None	Pursuit	(216.48, 186.54)	(186.16, 176.34)	2657.874	0.03320313	25.12911	1.502944	243.4606	
2686910460000	2678215856351	None	Pursuit	(216.48, 186.54)	(186.16, 176.34)	2657.874	0.03320313	25.12911	1.502944	243.4606	
2686927126000	2678232522185	None	Unknown	(215.68, 186.20)	(186.69, 176.15)	NaN	NaN	NaN	NaN	NaN	
2686943791000	2678249186942	None	Saccade	(215.85, 185.84)	(187.13, 174.96)	2657.923	0.0168457	4.937227	0.1645742	191.9769	
2686960457000	2678265852783	None	Fixation	(216.76, 185.99)	(185.86, 176.49)	2657.923	0.03344727	NaN	NaN	NaN	
2686977126000	2678282521513	None	Fixation	(217.17, 185.81)	(186.51, 175.19)	2657.957	0.01660156	NaN	NaN	NaN	
2686993792000	2678299187314	None	Fixation	(216.98, 185.65)	(186.80, 174.91)	2657.957	0.03320313	NaN	NaN	NaN	
2687010458000	2678315853760	None	Fixation	(216.54, 185.24)	(186.60, 174.45)	2657.957	0.05004883	NaN	NaN	NaN	
2687027125000	2678332520000	None	Fixation	(216.56, 185.46)	(185.32, 175.45)	2657.957	0.06665039	NaN	NaN	NaN	
2687043792000	2678349186692	None	Fixation	(216.85, 185.32)	(185.84, 175.29)	2657.957	0.08325195	NaN	NaN	NaN	
2687060458000	2678365852872	None	Fixation	(217.68, 185.17)	(185.57, 175.35)	2657.957	0.09985352	NaN	NaN	NaN	
2687077123000	2678382517227	None	Saccade	(221.42, 181.14)	(185.15, 179.46)	2658.057	0.0168457	67.61349	2.253783	204.423	
2687110458000	2678415852085	None	Pursuit	(220.40, 182.03)	(182.68, 179.09)	2658.09	0.01660156	2.364355	0.07881183	275.3365	
2687110458000	2678415851828	None	Pursuit	(220.40, 182.03)	(182.68, 179.09)	2658.09	0.01660156	2.364355	0.07881183	275.3365	
2687143791000	2678449184734	None	Unknown	(221.60, 182.15)	(184.70, 178.64)	NaN	NaN	NaN	NaN	NaN	
2687143791000	2678449184496	None	Unknown	(221.60, 182.15)	(184.70, 178.64)	NaN	NaN	NaN	NaN	NaN	
2687160457000	2678465850234	None	Fixation	(221.21, 181.72)	(185.14, 178.23)	2658.14	0.01660156	NaN	NaN	NaN	
2687177124000	2678482517025	None	Fixation	(220.55, 181.44)	(184.05, 179.53)	2658.14	0.03320313	NaN	NaN	NaN	
2687210457000	2678515849893	None	Fixation	(220.39, 181.10)	(184.05, 179.17)	2658.14	0.06665039	NaN	NaN	NaN	
2687227124000	2678532516556	None	Fixation	(220.74, 181.33)	(182.26, 178.53)	2658.14	0.08325195	NaN	NaN	NaN	
2687227124000	2678532516393	None	Fixation	(220.74, 181.33)	(182.26, 178.53)	2658.14	0.08325195	NaN	NaN	NaN	
2687243790000	2678549182165	None	Fixation	(220.70, 181.39)	(184.45, 178.68)	2658.14	0.09985352	NaN	NaN	NaN	
2687277121000	2678582513014	None	Fixation	(220.85, 181.29)	(184.50, 177.96)	2658.14	0.1333008	NaN	NaN	NaN	
2687277121000	2678582512810	None	Fixation	(220.85, 181.29)	(184.50, 177.96)	2658.14	0.1333008	NaN	NaN	NaN	
2687310456000	2678615847570	None	Fixation	(220.93, 181.43)	(183.97, 179.01)	2658.14	0.1665039	NaN	NaN	NaN	
2687327123000	2678632514307	None	Blink	(218.37, 186.81)	(186.44, 184.49)	NaN	NaN	NaN	NaN	NaN	
2687343786000	2678649177521	None	Blink	(0.00, 0.00)	(0.00, 0.00)	NaN	NaN	NaN	NaN	NaN	
2687360453000	2678665843966	None	Blink	(0.00, 0.00)	(0.00, 0.00)	NaN	NaN	NaN	NaN	NaN	
2687377121000	2678682511956	None	Blink	(0.00, 0.00)	(0.00, 0.00)	NaN	NaN	NaN	NaN	NaN	
2687393788000	2678699178522	None	Blink	(0.00, 0.00)	(0.00, 0.00)	NaN	NaN	NaN	NaN	NaN	
2687410454000	2678715844384	None	Blink	(0.00, 0.00)	(0.00, 0.00)	NaN	NaN	NaN	NaN	NaN	
2687427121000	2678732511119	None	Blink	(0.00, 0.00)	(0.00, 0.00)	NaN	NaN	NaN	NaN	NaN	
2687443787000	2678749177005	None	Blink	(230.95, 188.10)	(0.00, 0.00)	NaN	NaN	NaN	NaN	NaN	
2687460454000	2678765844098	None	Blink	(214.18, 181.69)	(179.44, 183.55)	NaN	NaN	NaN	NaN	NaN	
2687477118000	2678782507524	None	Blink	(218.11, 182.90)	(188.13, 180.93)	NaN	NaN	NaN	NaN	NaN	
2687493785000	2678799174244	None	Blink	(218.56, 182.58)	(184.72, 181.17)	NaN	NaN	NaN	NaN	NaN	
2687510453000	2678815842053	None	Blink	(218.94, 182.66)	(186.01, 180.60)	NaN	NaN	NaN	NaN	NaN	
2687527120000	2678832508806	None	Blink	(219.00, 182.01)	(186.18, 180.57)	NaN	NaN	NaN	NaN	NaN	
2687543786000	2678849174645	None	Blink	(218.86, 182.26)	(183.37, 180.10)	NaN	NaN	NaN	NaN	NaN	
2687543786000	2678849174391	None	Blink	(218.86, 182.26)	(183.37, 180.10)	NaN	NaN	NaN	NaN	NaN	
2687577119000	2678882507266	None	Blink	(219.41, 181.46)	(185.25, 180.32)	NaN	NaN	NaN	NaN	NaN	
2687577119000	2678882507039	None	Blink	(219.41, 181.46)	(185.25, 180.32)	NaN	NaN	NaN	NaN	NaN	
2687610452000	2678915839856	None	WinkRight	(219.93, 181.41)	(184.63, 179.27)	NaN	NaN	NaN	NaN	NaN	
2687610452000	2678915839542	None	WinkRight	(219.93, 181.41)	(184.63, 179.27)	NaN	NaN	NaN	NaN	NaN	
2687643786000	2678949173361	None	Fixation	(220.49, 181.28)	(185.51, 179.57)	2658.14	0.5	NaN	NaN	NaN	
2687643786000	2678949173442	None	Fixation	(220.49, 181.28)	(185.51, 179.57)	2658.14	0.5	NaN	NaN	NaN	
2687677119000	2678982506314	None	Fixation	(220.19, 181.38)	(185.52, 180.39)	2658.14	0.5332031	NaN	NaN	NaN	
2687693785000	2678999171719	None	Fixation	(219.93, 181.00)	(185.38, 179.51)	2658.14	0.5500488	NaN	NaN	NaN	
2687710452000	2679015838555	None	Fixation	(219.97, 181.22)	(187.16, 178.91)	2658.14	0.5666504	NaN	NaN	NaN	
2687710452000	2679015838388	None	Fixation	(219.97, 181.22)	(187.16, 178.91)	2658.14	0.5666504	NaN	NaN	NaN	
2687743783000	2679049169532	None	Fixation	(220.13, 181.38)	(185.54, 179.39)	2658.14	0.5998535	NaN	NaN	NaN	
2687760449000	2679065835403	None	Fixation	(218.34, 181.41)	(187.09, 178.76)	2658.14	0.6166992	NaN	NaN	NaN	
2687777118000	2679082503958	None	Fixation	(218.80, 181.59)	(186.54, 179.37)	2658.14	0.6333008	NaN	NaN	NaN	
2687777118000	2679082503459	None	Fixation	(218.80, 181.59)	(186.54, 179.37)	2658.14	0.6333008	NaN	NaN	NaN	
2687810451000	2679115836727	None	Saccade	(219.05, 181.65)	(183.40, 178.86)	2658.79	0.01660156	23.50975	0.7836584	305.8867	
2687810451000	2679115836091	None	Saccade	(219.05, 181.65)	(183.40, 178.86)	2658.79	0.01660156	23.50975	0.7836584	305.8867	
2687843782000	2679149166864	None	Fixation	(219.08, 181.49)	(185.10, 179.63)	2658.14	0.6999512	NaN	NaN	NaN	
2687860448000	2679165832923	None	Saccade	(219.07, 181.53)	(187.02, 181.03)	2658.84	0.01660156	29.20595	0.9735317	139.0287	
2687877117000	2679182501427	None	Pursuit	(218.81, 181.64)	(186.23, 179.68)	2658.84	0.03320313	19.16855	0.4636813	105.7198	
2687893783000	2679199167282	None	Fixation	(219.62, 181.86)	(186.16, 179.87)	2658.14	0.75	NaN	NaN	NaN	
2687910450000	2679215834024	None	Fixation	(218.66, 181.61)	(184.20, 179.80)	2658.14	0.7666016	NaN	NaN	NaN	
2687910450000	2679215833795	None	Fixation	(218.66, 181.61)	(184.20, 179.80)	2658.14	0.7666016	NaN	NaN	NaN	
2687943783000	2679249166603	None	Fixation	(218.75, 181.34)	(186.59, 179.16)	2658.14	0.8000488	NaN	NaN	NaN	
2687943783000	2679249166374	None	Fixation	(218.75, 181.34)	(186.59, 179.16)	2658.14	0.8000488	NaN	NaN	NaN	
2687977116000	2679282499184	None	Saccade	(219.04, 181.25)	(183.26, 178.39)	2658.957	0.01660156	21.77506	0.7258353	320.7615	
2687977116000	2679282499025	None	Saccade	(219.04, 181.25)	(183.26, 178.39)	2658.957	0.01660156	21.77506	0.7258353	320.7615	
2688010449000	2679315831783	None	Fixation	(218.87, 181.31)	(185.04, 179.24)	2658.14	0.8666992	NaN	NaN	NaN	
2688027115000	2679332497875	None	Fixation	(218.88, 181.42)	(184.17, 178.63)	2658.14	0.8833008	NaN	NaN	NaN	
2688043782000	2679349164567	None	Fixation	(218.80, 181.30)	(186.15, 178.82)	2658.14	0.8999023	NaN	NaN	NaN	
2688043782000	2679349164130	None	Fixation	(218.80, 181.30)	(186.15, 178.82)	2658.14	0.8999023	NaN	NaN	NaN	
2688077114000	2679382495927	None	Fixation	(219.23, 181.57)	(185.98, 179.62)	2658.14	0.9333496	NaN	NaN	NaN	
2688093781000	2679399162950	None	Fixation	(218.96, 181.40)	(185.21, 179.08)	2658.14	0.9499512	NaN	NaN	NaN	
2688110447000	2679415828547	None	Fixation	(218.94, 181.70)	(186.38, 178.86)	2658.14	0.9665527	NaN	NaN	NaN	
2688127114000	2679432495289	None	Fixation	(218.67, 181.35)	(186.40, 178.47)	2658.14	0.9831543	NaN	NaN	NaN	
2688143780000	2679449161523	None	Fixation	(218.94, 181.45)	(185.95, 179.15)	2658.14	1	NaN	NaN	NaN	
2688143780000	2679449160874	None	Fixation	(218.94, 181.45)	(185.95, 179.15)	2658.14	1	NaN	NaN	NaN	
2688177113000	2679482493701	None	Fixation	(218.67, 181.57)	(186.39, 180.08)	2658.14	1.033203	NaN	NaN	NaN	
2688193780000	2679499160526	None	Fixation	(219.20, 181.42)	(185.10, 179.17)	2658.14	1.050049	NaN	NaN	NaN	
2688210445000	2679515825320	None	Fixation	(219.25, 181.43)	(185.49, 179.41)	2658.14	1.06665	NaN	NaN	NaN	
2688210445000	2679515825124	None	Fixation	(219.25, 181.43)	(185.49, 179.41)	2658.14	1.06665	NaN	NaN	NaN	
2688243779000	2679549158867	None	Fixation	(219.51, 181.26)	(184.93, 179.25)	2658.14	1.099854	NaN	NaN	NaN	
2688243779000	2679549158618	None	Fixation	(219.51, 181.26)	(184.93, 179.25)	2658.14	1.099854	NaN	NaN	NaN	
2688277112000	2679582491431	None	Fixation	(220.03, 180.91)	(185.06, 178.94)	2658.14	1.133301	NaN	NaN	NaN	
2688293779000	2679599158205	None	Fixation	(220.58, 180.50)	(184.14, 180.23)	2658.14	1.149902	NaN	NaN	NaN	
2688310445000	2679615824036	None	Fixation	(221.28, 180.26)	(183.44, 180.36)	2658.14	1.166504	NaN	NaN	NaN	
2688327112000	2679632490789	None	Fixation	(221.91, 179.98)	(183.89, 180.29)	2658.14	1.18335	NaN	NaN	NaN	
2688343779000	2679649157567	None	Fixation	(222.46, 179.92)	(183.01, 181.51)	2658.14	1.199951	NaN	NaN	NaN	
2688360445000	2679665823372	None	Fixation	(223.29, 179.68)	(182.45, 181.81)	2658.14	1.216553	NaN	NaN	NaN	
2688377112000	2679682490202	None	Fixation	(223.72, 179.53)	(182.17, 181.84)	2658.14	1.233154	NaN	NaN	NaN	
2688393779000	2679699156943	None	Fixation	(224.17, 179.26)	(182.21, 182.12)	2658.14	1.25	NaN	NaN	NaN	
2688410445000	2679715822769	None	Fixation	(224.71, 179.10)	(181.23, 183.10)	2658.14	1.266602	NaN	NaN	NaN	
2688427112000	2679732489563	None	Fixation	(225.78, 178.88)	(180.89, 182.78)	2658.14	1.283203	NaN	NaN	NaN	
2688443779000	2679749156590	None	Fixation	(226.19, 178.66)	(180.45, 184.09)	2658.14	1.300049	NaN	NaN	NaN	
2688460445000	2679765822442	None	Fixation	(226.71, 178.37)	(179.50, 184.26)	2658.14	1.31665	NaN	NaN	NaN	
2688477110000	2679782486909	None	Fixation	(227.08, 178.23)	(179.45, 185.06)	2658.14	1.333252	NaN	NaN	NaN	
2688493776000	2679799152750	None	Fixation	(228.01, 178.16)	(178.91, 184.71)	2658.14	1.349854	NaN	NaN	NaN	
2688510445000	2679815821795	None	Fixation	(228.13, 178.27)	(178.95, 185.13)	2658.14	1.366699	NaN	NaN	NaN	
2688527111000	2679832487645	None	Fixation	(228.98, 178.00)	(178.12, 185.85)	2658.14	1.383301	NaN	NaN	NaN	
2688543778000	2679849154067	None	Fixation	(229.43, 177.40)	(177.61, 186.34)	2658.14	1.399902	NaN	NaN	NaN	
2688560444000	2679865819887	None	Fixation	(230.25, 177.53)	(176.75, 186.59)	2658.14	1.416504	NaN	NaN	NaN	
2688577111000	2679882486694	None	Fixation	(230.78, 177.29)	(176.83, 186.70)	2658.14	1.43335	NaN	NaN	NaN	
2688577111000	2679882486418	None	Fixation	(230.78, 177.29)	(176.83, 186.70)	2658.14	1.43335	NaN	NaN	NaN	
2688610444000	2679915819232	None	Fixation	(232.08, 177.04)	(175.66, 187.76)	2658.14	1.466553	NaN	NaN	NaN	
2688627110000	2679932485055	None	Fixation	(232.76, 176.91)	(175.50, 188.69)	2658.14	1.483154	NaN	NaN	NaN	
2688643777000	2679949152655	None	Fixation	(232.93, 176.73)	(175.02, 188.66)	2658.14	1.5	NaN	NaN	NaN	
2688660443000	2679965817575	None	Fixation	(233.55, 176.64)	(174.55, 189.44)	2658.14	1.516602	NaN	NaN	NaN	
2688677108000	2679982482406	None	Fixation	(234.60, 176.70)	(173.74, 189.93)	2658.14	1.533203	NaN	NaN	NaN	
2688693776000	2679999150173	None	Fixation	(235.05, 176.46)	(173.12, 189.99)	2658.14	1.550049	NaN	NaN	NaN	
2688710443000	2680015816997	None	Fixation	(235.45, 176.30)	(173.22, 190.39)	2658.14	1.56665	NaN	NaN	NaN	
2688727109000	2680032482785	None	Fixation	(235.73, 176.15)	(173.67, 190.47)	2658.14	1.583252	NaN	NaN	NaN	
2688743776000	2680049149566	None	Fixation	(236.21, 175.97)	(172.42, 191.77)	2658.14	1.599854	NaN	NaN	NaN	
2688760442000	2680065815337	None	Fixation	(236.96, 175.90)	(172.34, 192.41)	2658.14	1.616699	NaN	NaN	NaN	
2688777109000	2680082482222	None	Fixation	(236.98, 175.81)	(171.69, 191.46)	2658.14	1.633301	NaN	NaN	NaN	
2688793775000	2680099147893	None	Fixation	(237.44, 175.64)	(171.37, 191.78)	2658.14	1.649902	NaN	NaN	NaN	
2688810442000	2680115815047	None	Fixation	(237.70, 175.43)	(171.26, 193.49)	2658.14	1.666504	NaN	NaN	NaN	
2688827108000	2680132480792	None	Fixation	(238.53, 175.29)	(170.33, 192.95)	2658.14	1.68335	NaN	NaN	NaN	
2688843775000	2680149147546	None	Fixation	(238.84, 175.08)	(170.86, 194.09)	2658.14	1.699951	NaN	NaN	NaN	
2688860442000	2680165814112	None	Fixation	(239.22, 174.99)	(170.07, 193.58)	2658.14	1.716553	NaN	NaN	NaN	
2688877108000	2680182479899	None	Fixation	(239.34, 174.87)	(169.79, 193.50)	2658.14	1.733154	NaN	NaN	NaN	
2688893775000	2680199147027	None	Fixation	(239.62, 174.87)	(169.39, 193.91)	2658.14	1.75	NaN	NaN	NaN	
2688910440000	2680215811488	None	Fixation	(240.03, 174.59)	(169.95, 194.01)	2658.14	1.766602	NaN	NaN	NaN	
2688927107000	2680232478295	None	Fixation	(240.41, 174.59)	(169.25, 194.09)	2658.14	1.783203	NaN	NaN	NaN	
2688943771000	2680249142237	None	Saccade	(235.57, 176.36)	(171.66, 189.85)	2659.923	0.01660156	63.45792	2.115264	49.72332	
2688960438000	2680265808837	None	WinkRight	(224.20, 179.42)	(182.25, 185.16)	NaN	NaN	NaN	NaN	NaN	
2688977106000	2680282476635	None	WinkRight	(219.94, 182.00)	(185.28, 184.59)	NaN	NaN	NaN	NaN	NaN	
2688993773000	2680299143473	None	WinkRight	(220.94, 181.12)	(184.81, 184.20)	NaN	NaN	NaN	NaN	NaN	
2689010439000	2680315809256	None	WinkRight	(219.87, 180.95)	(185.39, 181.73)	NaN	NaN	NaN	NaN	NaN	
2689027106000	2680332476018	None	WinkRight	(220.31, 180.03)	(185.65, 181.40)	NaN	NaN	NaN	NaN	NaN	
2689043772000	2680349141857	None	WinkRight	(220.60, 179.60)	(184.62, 181.41)	NaN	NaN	NaN	NaN	NaN	
2689060439000	2680365808588	None	WinkRight	(220.77, 179.59)	(184.59, 181.29)	NaN	NaN	NaN	NaN	NaN	
2689077105000	2680382474635	None	Saccade	(220.42, 179.66)	(184.97, 180.78)	2659.923	0.1501465	190.6624	8.45598	62.74371	
2689093772000	2680399141167	None	Unknown	(220.08, 179.24)	(184.52, 180.83)	NaN	NaN	NaN	NaN	NaN	
2689110437000	2680415805935	None	Pursuit	(220.19, 179.01)	(184.60, 180.54)	2660.09	0.01660156	3.113476	0.1037825	191.9894	
2689127103000	2680432471736	None	Pursuit	(220.71, 179.06)	(183.98, 180.36)	2660.09	0.03320313	6.547651	0.2707756	241.5515	
2689143771000	2680449139600	None	Unknown	(220.23, 179.08)	(184.24, 180.44)	NaN	NaN	NaN	NaN	NaN	
2689160438000	2680465806852	None	Fixation	(220.27, 179.17)	(184.73, 180.54)	2660.14	0.01660156	NaN	NaN	NaN	
2689177105000	2680482473184	None	Fixation	(220.62, 179.02)	(184.44, 180.60)	2660.14	0.03320313	NaN	NaN	NaN	
2689193771000	2680499138942	None	Fixation	(220.04, 179.00)	(185.36, 180.59)	2660.14	0.04980469	NaN	NaN	NaN	
2689210438000	2680515805729	None	Fixation	(219.87, 180.04)	(184.66, 180.37)	2660.14	0.06665039	NaN	NaN	NaN	
2689227104000	2680532471534	None	Fixation	(220.09, 180.76)	(184.78, 178.92)	2660.14	0.08325195	NaN	NaN	NaN	
2689243771000	2680549138309	None	Fixation	(220.27, 180.49)	(184.80, 180.11)	2660.14	0.09985352	NaN	NaN	NaN	
2689260437000	2680565804060	None	Fixation	(219.87, 180.55)	(184.63, 179.89)	2660.14	0.1166992	NaN	NaN	NaN	
2689277104000	2680582470876	None	Fixation	(219.85, 180.47)	(184.17, 179.74)	2660.14	0.1333008	NaN	NaN	NaN	
2689293770000	2680599136869	None	Fixation	(219.56, 180.35)	(184.45, 179.44)	2660.14	0.1499023	NaN	NaN	NaN	
2689310437000	2680615803825	None	Fixation	(219.93, 180.42)	(184.49, 178.76)	2660.14	0.1665039	NaN	NaN	NaN	
2689327103000	2680632469235	None	Fixation	(219.79, 180.21)	(184.88, 178.57)	2660.14	0.1833496	NaN	NaN	NaN	
2689343770000	2680649136044	None	Fixation	(219.97, 180.32)	(184.80, 178.39)	2660.14	0.1999512	NaN	NaN	NaN	
2689360436000	2680665801824	None	Fixation	(220.04, 180.35)	(182.33, 178.83)	2660.14	0.2165527	NaN	NaN	NaN	
2689377103000	2680682468617	None	Fixation	(220.07, 180.23)	(184.38, 179.73)	2660.14	0.2331543	NaN	NaN	NaN	
2689393769000	2680699134452	None	Fixation	(220.35, 180.36)	(182.79, 178.88)	2660.14	0.25	NaN	NaN	NaN	
2689410436000	2680715801284	None	Fixation	(220.31, 180.24)	(184.46, 178.41)	2660.14	0.2666016	NaN	NaN	NaN	
2689410436000	2680715801251	None	Fixation	(220.31, 180.24)	(184.46, 178.41)	2660.14	0.2666016	NaN	NaN	NaN	
2689443769000	2680749133808	None	Fixation	(220.02, 180.35)	(184.81, 178.16)	2660.14	0.2998047	NaN	NaN	NaN	
2689460435000	2680765799583	None	Fixation	(219.99, 180.40)	(184.36, 179.07)	2660.14	0.3166504	NaN	NaN	NaN	
2689477102000	2680782466471	None	Fixation	(220.58, 180.31)	(183.95, 179.44)	2660.14	0.333252	NaN	NaN	NaN	
2689493768000	2680799132369	None	Fixation	(220.67, 180.29)	(183.72, 179.22)	2660.14	0.3498535	NaN	NaN	NaN	
2689510435000	2680815799297	None	Fixation	(220.56, 180.49)	(184.12, 178.99)	2660.14	0.3666992	NaN	NaN	NaN	
2689510435000	2680815798928	None	Fixation	(220.56, 180.49)	(184.12, 178.99)	2660.14	0.3666992	NaN	NaN	NaN	
2689527101000	2680832465528	None	Fixation	(219.96, 181.51)	(183.17, 177.87)	2660.14	0.3833008	NaN	NaN	NaN	
2689543768000	2680849131852	None	Fixation	(220.73, 181.23)	(184.35, 178.12)	2660.14	0.3999023	NaN	NaN	NaN	
2689577101000	2680882464159	None	Fixation	(220.69, 181.02)	(183.40, 178.27)	2660.14	0.4333496	NaN	NaN	NaN	
2689593767000	2680899129903	None	Fixation	(220.46, 180.97)	(184.02, 177.48)	2660.14	0.4499512	NaN	NaN	NaN	
2689610434000	2680915796842	None	Fixation	(220.70, 180.92)	(184.17, 177.48)	2660.14	0.4665527	NaN	NaN	NaN	
2689610434000	2680915796759	None	Fixation	(220.70, 180.92)	(184.17, 177.48)	2660.14	0.4665527	NaN	NaN	NaN	
2689627101000	2680932463491	None	Fixation	(220.73, 181.00)	(184.19, 177.61)	2660.14	0.4831543	NaN	NaN	NaN	
2689643767000	2680949129667	None	Fixation	(220.04, 180.99)	(184.25, 177.17)	2660.14	0.5	NaN	NaN	NaN	
2689677099000	2680982461339	None	Fixation	(220.35, 181.11)	(183.78, 177.99)	2660.14	0.5332031	NaN	NaN	NaN	
2689677099000	2680982461113	None	Fixation	(220.35, 181.11)	(183.78, 177.99)	2660.14	0.5332031	NaN	NaN	NaN	
2689693766000	2680999127651	None	Fixation	(220.36, 180.99)	(183.92, 178.06)	2660.14	0.5498047	NaN	NaN	NaN	
2689710430000	2681015791495	None	Fixation	(220.23, 180.91)	(184.17, 177.30)	2660.14	0.5666504	NaN	NaN	NaN	
2689727097000	2681032458233	None	Fixation	(220.38, 180.97)	(184.25, 177.31)	2660.14	0.583252	NaN	NaN	NaN	
2689743764000	2681049125028	None	Fixation	(220.45, 180.89)	(183.78, 178.03)	2660.14	0.5998535	NaN	NaN	NaN	
2689760431000	2681065791819	None	Fixation	(220.17, 180.88)	(184.43, 177.26)	2660.14	0.6166992	NaN	NaN	NaN	
2689777097000	2681082457652	None	Fixation	(220.37, 181.03)	(184.38, 177.41)	2660.14	0.6333008	NaN	NaN	NaN	
2689793764000	2681099124444	None	Fixation	(220.24, 181.00)	(184.23, 177.27)	2660.14	0.6499023	NaN	NaN	NaN	
2689810428000	2681115788217	None	Fixation	(220.43, 180.76)	(184.28, 178.61)	2660.14	0.6665039	NaN	NaN	NaN	
2689827095000	2681132454990	None	Fixation	(220.43, 180.82)	(184.21, 177.45)	2660.14	0.6833496	NaN	NaN	NaN	
2689843763000	2681149122787	None	Fixation	(220.40, 181.01)	(184.28, 177.29)	2660.14	0.6999512	NaN	NaN	NaN	
2689860430000	2681165789542	None	Fixation	(220.42, 180.77)	(184.45, 177.36)	2660.14	0.7165527	NaN	NaN	NaN	
2689877096000	2681182455741	None	Fixation	(220.28, 180.82)	(184.07, 178.59)	2660.14	0.7331543	NaN	NaN	NaN	
2689893763000	2681199122223	None	Fixation	(220.12, 180.86)	(184.36, 177.29)	2660.14	0.75	NaN	NaN	NaN	
2689910429000	2681215788024	None	Fixation	(220.19, 180.98)	(184.51, 177.35)	2660.14	0.7666016	NaN	NaN	NaN	
2689927096000	2681232454749	None	Fixation	(220.19, 180.78)	(181.69, 177.10)	2660.14	0.7832031	NaN	NaN	NaN	
2689943760000	2681249118948	None	Fixation	(220.55, 180.79)	(184.31, 177.44)	2660.14	0.7998047	NaN	NaN	NaN	
2689960427000	2681265785297	None	Fixation	(220.15, 180.84)	(184.43, 177.27)	2660.14	0.8166504	NaN	NaN	NaN	
2689977095000	2681282453101	None	Fixation	(220.47, 180.90)	(183.68, 177.81)	2660.14	0.833252	NaN	NaN	NaN	
2689993762000	2681299119881	None	Fixation	(220.43, 180.83)	(184.42, 178.69)	2660.14	0.8498535	NaN	NaN	NaN	
2690010427000	2681315784716	None	Fixation	(220.71, 180.89)	(184.19, 178.41)	2660.14	0.8666992	NaN	NaN	NaN	
2690027093000	2681332450456	None	Fixation	(220.24, 180.65)	(184.67, 177.29)	2660.14	0.8833008	NaN	NaN	NaN	
2690043762000	2681349119262	None	Fixation	(220.17, 180.78)	(183.97, 177.33)	2660.14	0.8999023	NaN	NaN	NaN	
2690060428000	2681365785554	None	Fixation	(220.73, 180.88)	(182.36, 177.54)	2660.14	0.9165039	NaN	NaN	NaN	
2690077095000	2681382452249	None	Fixation	(220.54, 180.87)	(184.16, 177.36)	2660.14	0.9333496	NaN	NaN	NaN	
2690093761000	2681399117624	None	Fixation	(220.52, 180.75)	(182.46, 177.60)	2660.14	0.9499512	NaN	NaN	NaN	
2690110428000	2681415784569	None	Fixation	(220.35, 180.76)	(182.25, 177.68)	2660.14	0.9665527	NaN	NaN	NaN	
2690127094000	2681432450168	None	Saccade	(220.32, 180.97)	(188.08, 176.78)	2661.107	0.01660156	72.56805	2.418935	94.25686	
2690143761000	2681449117053	None	Fixation	(220.20, 180.78)	(184.43, 177.20)	2660.14	1	NaN	NaN	NaN	
2690160427000	2681465782778	None	Pursuit	(220.20, 180.76)	(184.63, 177.22)	2661.14	0.01660156	2.46016	0.08200534	106.0959	
2690177094000	2681482449648	None	Pursuit	(219.99, 180.80)	(184.67, 177.11)	2661.14	0.03320313	1.381465	0.1054635	81.49382	
2690193760000	2681499115370	None	Pursuit	(220.38, 180.87)	(184.22, 177.48)	2661.14	0.04980469	7.174361	0.1421002	231.1831	
2690210427000	2681515782255	None	Fixation	(220.65, 180.96)	(184.21, 177.29)	2660.14	1.06665	NaN	NaN	NaN	
2690227093000	2681532447947	None	Fixation	(220.45, 180.83)	(182.34, 177.58)	2660.14	1.083252	NaN	NaN	NaN	
2690243760000	2681549114757	None	Fixation	(220.57, 181.15)	(184.28, 177.29)	2660.14	1.099854	NaN	NaN	NaN	
2690260426000	2681565780517	None	Fixation	(220.36, 181.00)	(183.97, 177.63)	2660.14	1.116699	NaN	NaN	NaN	
2690277093000	2681582447327	None	Fixation	(221.32, 180.97)	(184.42, 177.39)	2660.14	1.133301	NaN	NaN	NaN	
2690293760000	2681599114124	None	Fixation	(220.79, 180.81)	(184.18, 177.35)	2660.14	1.149902	NaN	NaN	NaN	
2690310426000	2681615779962	None	Fixation	(221.05, 180.86)	(183.91, 178.37)	2660.14	1.166504	NaN	NaN	NaN	
2690327092000	2681632445678	None	Fixation	(221.52, 180.83)	(183.55, 179.04)	2660.14	1.18335	NaN	NaN	NaN	
2690343759000	2681649112512	None	Fixation	(220.92, 180.71)	(181.87, 178.41)	2660.14	1.199951	NaN	NaN	NaN	
2690360425000	2681665778331	None	Fixation	(221.22, 180.66)	(183.85, 179.86)	2660.14	1.216553	NaN	NaN	NaN	
2690377092000	2681682445332	None	Fixation	(220.84, 180.36)	(183.71, 178.97)	2660.14	1.233154	NaN	NaN	NaN	
2690393758000	2681699111236	None	Fixation	(220.99, 180.66)	(181.96, 178.58)	2660.14	1.25	NaN	NaN	NaN	
2690410425000	2681715777721	None	Fixation	(220.85, 180.77)	(183.60, 178.79)	2660.14	1.266602	NaN	NaN	NaN	
2690427092000	2681732444461	None	Fixation	(221.23, 180.77)	(183.92, 178.03)	2660.14	1.283203	NaN	NaN	NaN	
2690443758000	2681749110314	None	Fixation	(221.02, 180.90)	(183.04, 178.47)	2660.14	1.299805	NaN	NaN	NaN	
2690460425000	2681765777031	None	Fixation	(221.09, 181.24)	(183.18, 178.23)	2660.14	1.31665	NaN	NaN	NaN	
2690477090000	2681782441848	None	Fixation	(220.66, 181.84)	(183.34, 178.31)	2660.14	1.333252	NaN	NaN	NaN	
2690493757000	2681799108605	None	Fixation	(220.32, 181.77)	(184.05, 177.52)	2660.14	1.349854	NaN	NaN	NaN	
2690510423000	2681815774408	None	Fixation	(220.38, 182.26)	(183.99, 177.39)	2660.14	1.366455	NaN	NaN	NaN	
2690527090000	2681832441206	None	Fixation	(219.86, 183.05)	(184.13, 176.77)	2660.14	1.383301	NaN	NaN	NaN	
2690543756000	2681849106982	None	Fixation	(219.99, 183.61)	(183.90, 176.59)	2660.14	1.399902	NaN	NaN	NaN	
2690560422000	2681865773288	None	Fixation	(219.31, 184.28)	(183.28, 176.27)	2660.14	1.416504	NaN	NaN	NaN	
2690577089000	2681882439568	None	Fixation	(218.53, 184.88)	(183.39, 175.91)	2660.14	1.43335	NaN	NaN	NaN	
2690593756000	2681899106345	None	Fixation	(218.71, 185.82)	(183.19, 175.18)	2660.14	1.449951	NaN	NaN	NaN	
2690610422000	2681915772210	None	Fixation	(218.54, 186.71)	(183.22, 173.90)	2660.14	1.466553	NaN	NaN	NaN	
2690627089000	2681932439366	None	Saccade	(218.18, 187.81)	(182.58, 173.19)	2661.607	0.01660156	14.1974	0.4732466	4.992961	
2690643755000	2681949104768	None	Pursuit	(217.68, 188.43)	(182.37, 172.71)	2661.607	0.03344727	9.830943	0.7879724	13.56626	
2690660422000	2681965771519	None	Saccade	(217.87, 189.58)	(182.93, 171.25)	2661.64	0.01660156	19.31032	0.6436774	33.88966	
2690677088000	2681982437382	None	Pursuit	(217.40, 190.54)	(182.26, 171.16)	2661.607	0.06665039	13.11584	1.63882	3.460667	
2690693755000	2681999104108	None	Fixation	(217.37, 191.20)	(181.25, 170.28)	2661.673	0.01660156	NaN	NaN	NaN	
2690710420000	2682015768993	None	Fixation	(216.75, 191.89)	(182.47, 169.25)	2661.69	0.0168457	NaN	NaN	NaN	
2690727086000	2682032434696	None	Fixation	(216.74, 192.80)	(181.63, 168.67)	2661.69	0.03344727	NaN	NaN	NaN	
2690743755000	2682049103490	None	Fixation	(216.74, 193.45)	(181.04, 168.49)	2661.69	0.05004883	NaN	NaN	NaN	
2690760421000	2682065769300	None	Saccade	(216.38, 194.46)	(179.68, 167.22)	2661.74	0.01660156	22.89798	0.763266	325.8569	
2690777088000	2682082436369	None	Pursuit	(216.48, 195.35)	(179.00, 166.59)	2661.74	0.03344727	11.3992	1.143239	325.8265	
2690793754000	2682099101854	None	Pursuit	(215.89, 195.95)	(179.93, 166.16)	2661.74	0.05004883	12.6031	1.056916	347.3834	
2690810419000	2682115766646	None	Fixation	(216.03, 196.89)	(179.84, 165.41)	2661.69	0.1166992	NaN	NaN	NaN	
2690827085000	2682132432470	None	Fixation	(215.85, 197.58)	(179.64, 164.57)	2661.69	0.1335449	NaN	NaN	NaN	
2690843754000	2682149101239	None	Fixation	(215.65, 198.07)	(179.36, 163.99)	2661.69	0.1501465	NaN	NaN	NaN	
2690860420000	2682165767022	None	Fixation	(215.58, 198.94)	(178.56, 163.42)	2661.69	0.166748	NaN	NaN	NaN	
2690877087000	2682182433812	None	Fixation	(215.00, 199.56)	(178.78, 162.77)	2661.69	0.1833496	NaN	NaN	NaN	
2690893753000	2682199099631	None	Fixation	(214.80, 200.42)	(178.47, 162.24)	2661.69	0.2001953	NaN	NaN	NaN	
2690910418000	2682215764414	None	Fixation	(214.69, 201.30)	(178.48, 161.76)	2661.69	0.2167969	NaN	NaN	NaN	
2690927084000	2682232430418	None	Fixation	(214.45, 201.82)	(178.02, 161.52)	2661.69	0.2333984	NaN	NaN	NaN	
2690943753000	2682249098995	None	Fixation	(214.26, 202.45)	(176.85, 160.49)	2661.69	0.25	NaN	NaN	NaN	
2690960419000	2682265764789	None	Fixation	(214.12, 203.01)	(177.23, 160.29)	2661.69	0.2668457	NaN	NaN	NaN	
2690977086000	2682282431598	None	Fixation	(213.90, 203.69)	(177.49, 160.08)	2661.69	0.2834473	NaN	NaN	NaN	
2690993752000	2682299097337	None	Fixation	(213.64, 204.08)	(177.53, 159.49)	2661.69	0.3000488	NaN	NaN	NaN	
2691010419000	2682315764472	None	Fixation	(213.82, 204.80)	(177.19, 159.13)	2661.69	0.3166504	NaN	NaN	NaN	
2691027085000	2682332429934	None	Fixation	(213.59, 205.46)	(177.39, 158.65)	2661.69	0.3334961	NaN	NaN	NaN	
2691043750000	2682349094727	None	Fixation	(213.28, 205.90)	(177.24, 158.89)	2661.69	0.3500977	NaN	NaN	NaN	
2691060416000	2682365760519	None	Fixation	(213.38, 206.75)	(176.63, 157.98)	2661.69	0.3666992	NaN	NaN	NaN	
2691077084000	2682382428308	None	Fixation	(213.01, 207.04)	(176.70, 157.77)	2661.69	0.3835449	NaN	NaN	NaN	
2691093751000	2682399095097	None	Fixation	(212.96, 207.30)	(176.36, 157.23)	2661.69	0.4001465	NaN	NaN	NaN	
2691110418000	2682415761909	None	Saccade	(215.09, 203.42)	(177.22, 160.11)	2662.09	0.01660156	54.481	1.816033	195.7569	
2691127085000	2682432428670	None	Saccade	(221.08, 189.78)	(180.00, 171.85)	2662.09	0.03320313	183.2129	7.917698	185.7607	
2691143751000	2682449094486	None	Saccade	(221.50, 183.65)	(182.78, 179.80)	2662.09	0.05004883	75.63943	10.31107	182.0323	
2691160417000	2682465760256	None	Unknown	(220.99, 185.05)	(181.65, 178.67)	NaN	NaN	NaN	NaN	NaN	
2691177084000	2682482427071	None	Pursuit	(221.82, 183.72)	(183.69, 178.11)	2662.157	0.01660156	19.2729	0.6424301	198.8564	
2691193750000	2682499092827	None	Pursuit	(221.82, 183.82)	(182.37, 177.99)	2662.157	0.03320313	1.298178	0.6061619	201.0237	
2691210415000	2682515757636	None	Unknown	(221.56, 183.90)	(182.67, 177.11)	NaN	NaN	NaN	NaN	NaN	
2691227084000	2682532426459	None	Fixation	(220.73, 183.68)	(181.73, 177.01)	2662.207	0.01660156	NaN	NaN	NaN	
2691243750000	2682549092221	None	Fixation	(221.45, 183.50)	(180.60, 177.22)	2662.207	0.03320313	NaN	NaN	NaN	
2691260417000	2682565759007	None	Fixation	(221.35, 183.27)	(182.23, 176.94)	2662.207	0.04980469	NaN	NaN	NaN	
2691277080000	2682582422297	None	Fixation	(221.41, 183.57)	(182.59, 176.64)	2662.207	0.06665039	NaN	NaN	NaN	
2691293749000	2682599090595	None	Fixation	(221.29, 183.41)	(182.64, 177.44)	2662.207	0.08325195	NaN	NaN	NaN	
2691310415000	2682615756378	None	Fixation	(220.99, 183.46)	(182.31, 177.50)	2662.207	0.09985352	NaN	NaN	NaN	
2691327082000	2682632423182	None	Fixation	(221.73, 183.38)	(182.27, 176.90)	2662.207	0.1166992	NaN	NaN	NaN	
2691343748000	2682649089002	None	Fixation	(221.24, 183.12)	(181.71, 176.28)	2662.207	0.1333008	NaN	NaN	NaN	
2691360415000	2682665755764	None	Fixation	(221.00, 183.13)	(183.49, 176.03)	2662.207	0.1499023	NaN	NaN	NaN	
2691377079000	2682682419550	None	Saccade	(220.35, 181.33)	(184.82, 178.97)	2662.357	0.01660156	39.66739	1.322247	168.637	
2691393746000	2682699086341	None	Pursuit	(220.14, 181.41)	(184.54, 179.00)	2662.357	0.03344727	3.385113	1.292407	173.4079	
2691410414000	2682715754149	None	Pursuit	(220.54, 181.54)	(184.21, 178.84)	2662.357	0.05004883	4.533608	1.188496	178.4822	
2691427081000	2682732420911	None	Fixation	(220.17, 181.43)	(184.71, 178.70)	2662.207	0.2165527	NaN	NaN	NaN	
2691443745000	2682749084764	None	Fixation	(220.05, 181.10)	(185.31, 178.36)	2662.207	0.2331543	NaN	NaN	NaN	
2691460414000	2682765753517	None	Fixation	(219.96, 181.06)	(185.04, 178.39)	2662.207	0.25	NaN	NaN	NaN	
2691477078000	2682782417319	None	Fixation	(220.61, 181.23)	(184.56, 179.03)	2662.207	0.2666016	NaN	NaN	NaN	
2691493745000	2682799084090	None	Fixation	(220.16, 181.09)	(183.18, 178.80)	2662.207	0.2832031	NaN	NaN	NaN	
2691510411000	2682815749872	None	Fixation	(220.12, 181.16)	(184.58, 179.03)	2662.207	0.2998047	NaN	NaN	NaN	
2691527080000	2682832418653	None	Fixation	(219.93, 181.11)	(184.62, 178.99)	2662.207	0.3166504	NaN	NaN	NaN	
2691543744000	2682849082707	None	Fixation	(219.99, 180.89)	(184.76, 179.08)	2662.207	0.333252	NaN	NaN	NaN	
2691560411000	2682865749607	None	Fixation	(220.18, 180.98)	(185.35, 178.38)	2662.207	0.3498535	NaN	NaN	NaN	
2691577079000	2682882417046	None	Fixation	(220.20, 180.78)	(185.02, 179.33)	2662.207	0.3666992	NaN	NaN	NaN	
2691593746000	2682899084297	None	Fixation	(220.21, 180.66)	(184.96, 179.15)	2662.207	0.3833008	NaN	NaN	NaN	
2691610413000	2682915750649	None	Fixation	(220.38, 181.04)	(184.84, 178.77)	2662.207	0.3999023	NaN	NaN	NaN	
2691627079000	2682932416409	None	Fixation	(220.34, 180.99)	(185.21, 178.94)	2662.207	0.4165039	NaN	NaN	NaN	
2691643746000	2682949083397	None	Fixation	(220.02, 180.94)	(184.30, 179.34)	2662.207	0.4333496	NaN	NaN	NaN	
2691660412000	2682965749016	None	Fixation	(219.97, 180.97)	(184.85, 179.50)	2662.207	0.4499512	NaN	NaN	NaN	
2691677079000	2682982415801	None	Fixation	(220.21, 180.90)	(184.70, 179.49)	2662.207	0.4665527	NaN	NaN	NaN	
2691693745000	2682999081613	None	Fixation	(220.27, 180.90)	(182.93, 178.97)	2662.207	0.4831543	NaN	NaN	NaN	
2691710412000	2683015748631	None	Fixation	(220.33, 180.73)	(184.57, 178.89)	2662.207	0.5	NaN	NaN	NaN	
2691727078000	2683032414155	None	Fixation	(220.44, 180.93)	(184.92, 178.77)	2662.207	0.5166016	NaN	NaN	NaN	
2691743743000	2683049078974	None	Fixation	(220.31, 180.69)	(184.51, 179.37)	2662.207	0.5332031	NaN	NaN	NaN	
2691760409000	2683065744764	None	Fixation	(220.45, 180.69)	(184.68, 178.93)	2662.207	0.5498047	NaN	NaN	NaN	
2691777078000	2683082413558	None	Fixation	(220.34, 180.69)	(184.61, 179.42)	2662.207	0.5666504	NaN	NaN	NaN	
2691793744000	2683099079343	None	Fixation	(220.43, 180.67)	(184.33, 179.81)	2662.207	0.583252	NaN	NaN	NaN	
2691810411000	2683115746165	None	Fixation	(220.28, 180.63)	(184.86, 178.73)	2662.207	0.5998535	NaN	NaN	NaN	
2691827077000	2683132411909	None	Fixation	(220.42, 180.83)	(185.08, 178.67)	2662.207	0.6166992	NaN	NaN	NaN	
2691843744000	2683149078736	None	Fixation	(220.14, 180.73)	(183.98, 179.42)	2662.207	0.6333008	NaN	NaN	NaN	
2691860410000	2683165744459	None	Fixation	(220.44, 180.62)	(184.74, 179.14)	2662.207	0.6499023	NaN	NaN	NaN	
2691877077000	2683182411282	None	Fixation	(220.34, 180.59)	(182.71, 178.85)	2662.207	0.6665039	NaN	NaN	NaN	
2691893743000	2683199077088	None	Fixation	(220.29, 181.12)	(184.25, 178.67)	2662.207	0.6833496	NaN	NaN	NaN	
2691910410000	2683215743872	None	Fixation	(219.39, 180.96)	(184.76, 179.37)	2662.207	0.6999512	NaN	NaN	NaN	
2691927076000	2683232409650	None	Fixation	(220.28, 181.05)	(184.59, 179.24)	2662.207	0.7165527	NaN	NaN	NaN	
2691943743000	2683249076455	None	Fixation	(220.45, 181.13)	(185.14, 178.43)	2662.207	0.7331543	NaN	NaN	NaN	
2691960409000	2683265742643	None	Fixation	(219.63, 181.13)	(185.48, 178.29)	2662.207	0.75	NaN	NaN	NaN	
2691977076000	2683282409198	None	Fixation	(219.76, 181.08)	(185.00, 178.30)	2662.207	0.7666016	NaN	NaN	NaN	
2691993743000	2683299076473	None	Fixation	(219.90, 181.11)	(184.71, 178.87)	2662.207	0.7832031	NaN	NaN	NaN	
2692010409000	2683315742026	None	Fixation	(219.57, 181.22)	(184.29, 178.89)	2662.207	0.7998047	NaN	NaN	NaN	
2692027075000	2683332407814	None	Fixation	(219.49, 181.15)	(185.16, 178.28)	2662.207	0.8166504	NaN	NaN	NaN	
2692043741000	2683349073194	None	Fixation	(219.48, 180.92)	(184.74, 178.36)	2662.207	0.833252	NaN	NaN	NaN	
2692060408000	2683365740012	None	Fixation	(219.54, 181.11)	(184.69, 179.43)	2662.207	0.8498535	NaN	NaN	NaN	
2692077074000	2683382405806	None	Fixation	(219.32, 180.99)	(184.53, 178.89)	2662.207	0.8664551	NaN	NaN	NaN	
2692093741000	2683399072608	None	Fixation	(219.74, 181.04)	(185.26, 178.25)	2662.207	0.8833008	NaN	NaN	NaN	
2692110407000	2683415738902	None	Fixation	(219.53, 181.16)	(185.36, 179.78)	2662.207	0.8999023	NaN	NaN	NaN	
2692127074000	2683432405162	None	Fixation	(219.49, 181.23)	(184.78, 179.08)	2662.207	0.9165039	NaN	NaN	NaN	
2692143740000	2683449070948	None	Fixation	(219.61, 181.03)	(184.62, 179.08)	2662.207	0.9333496	NaN	NaN	NaN	
2692160407000	2683465737742	None	Fixation	(219.83, 181.13)	(185.29, 178.55)	2662.207	0.9499512	NaN	NaN	NaN	
2692177073000	2683482403558	None	Fixation	(219.68, 181.14)	(185.13, 178.25)	2662.207	0.9665527	NaN	NaN	NaN	
2692193740000	2683499070351	None	Fixation	(219.98, 180.97)	(185.36, 178.35)	2662.207	0.9831543	NaN	NaN	NaN	
2692210406000	2683515736134	None	Fixation	(219.79, 181.03)	(184.70, 179.08)	2662.207	1	NaN	NaN	NaN	
2692227073000	2683532402924	None	Fixation	(219.48, 181.10)	(184.76, 179.04)	2662.207	1.016602	NaN	NaN	NaN	
2692243739000	2683549068697	None	Fixation	(219.63, 181.30)	(184.65, 178.88)	2662.207	1.033203	NaN	NaN	NaN	
2692260406000	2683565735496	None	Fixation	(219.45, 181.13)	(184.56, 178.93)	2662.207	1.049805	NaN	NaN	NaN	
2692277072000	2683582401389	None	Fixation	(219.58, 181.10)	(184.79, 179.21)	2662.207	1.06665	NaN	NaN	NaN	
2692293739000	2683599068093	None	Fixation	(219.65, 181.16)	(185.04, 179.34)	2662.207	1.083252	NaN	NaN	NaN	
2692310405000	2683615733849	None	Fixation	(219.85, 181.03)	(185.63, 178.59)	2662.207	1.099854	NaN	NaN	NaN	
2692327072000	2683632401031	None	Fixation	(220.08, 181.03)	(185.24, 179.38)	2662.207	1.116455	NaN	NaN	NaN	
2692343738000	2683649066460	None	Fixation	(219.35, 180.92)	(184.71, 179.14)	2662.207	1.133301	NaN	NaN	NaN	
2692360405000	2683665733238	None	Fixation	(219.39, 180.97)	(185.80, 179.48)	2662.207	1.149902	NaN	NaN	NaN	
2692377071000	2683682399074	None	Fixation	(218.77, 180.59)	(186.58, 179.45)	2662.207	1.166504	NaN	NaN	NaN	
2692393738000	2683699066087	None	Fixation	(218.31, 180.36)	(187.58, 179.41)	2662.207	1.18335	NaN	NaN	NaN	
2692410405000	2683715732623	None	Fixation	(217.60, 180.22)	(187.17, 180.32)	2662.207	1.199951	NaN	NaN	NaN	
2692427071000	2683732398447	None	Fixation	(217.33, 180.27)	(188.03, 180.51)	2662.207	1.216553	NaN	NaN	NaN	
2692443738000	2683749065228	None	Fixation	(216.53, 179.51)	(189.48, 180.28)	2662.207	1.233154	NaN	NaN	NaN	
2692460404000	2683765730990	None	Fixation	(216.26, 179.27)	(189.19, 181.13)	2662.207	1.25	NaN	NaN	NaN	
2692477071000	2683782397786	None	Saccade	(215.68, 178.79)	(190.83, 181.30)	2663.457	0.01660156	20.31407	0.6771357	108.9943	
2692493737000	2683799063580	None	Fixation	(215.46, 178.29)	(190.92, 182.19)	2662.207	1.283203	NaN	NaN	NaN	
2692510404000	2683815730373	None	Saccade	(214.88, 178.11)	(192.23, 182.29)	2663.49	0.01660156	16.16897	0.5389657	107.3917	
2692527070000	2683832396164	None	Fixation	(214.52, 177.55)	(192.42, 182.49)	2662.207	1.31665	NaN	NaN	NaN	
2692543737000	2683849062957	None	Fixation	(214.02, 177.05)	(193.12, 183.42)	2662.207	1.333252	NaN	NaN	NaN	
2692560404000	2683865729747	None	Fixation	(214.01, 176.56)	(193.35, 183.51)	2662.207	1.349854	NaN	NaN	NaN	
2692577070000	2683882395537	None	Fixation	(213.64, 176.19)	(194.33, 183.86)	2662.207	1.366455	NaN	NaN	NaN	
2692593737000	2683899062337	None	Fixation	(214.17, 175.77)	(194.12, 184.39)	2662.207	1.383301	NaN	NaN	NaN	
2692610404000	2683915729132	None	Fixation	(213.81, 175.27)	(193.63, 184.69)	2662.207	1.399902	NaN	NaN	NaN	
2692627070000	2683932394924	None	Fixation	(213.69, 174.75)	(194.50, 185.55)	2662.207	1.416504	NaN	NaN	NaN	
2692643737000	2683949062087	None	Fixation	(213.48, 174.35)	(195.20, 185.68)	2662.207	1.43335	NaN	NaN	NaN	
2692660403000	2683965727792	None	Fixation	(213.50, 174.02)	(195.90, 185.89)	2662.207	1.449951	NaN	NaN	NaN	
2692677070000	2683982394285	None	Fixation	(213.01, 173.65)	(196.36, 186.19)	2662.207	1.466553	NaN	NaN	NaN	
2692693736000	2683999060305	None	Fixation	(212.41, 172.91)	(197.16, 186.57)	2662.207	1.483154	NaN	NaN	NaN	
2692710403000	2684015726863	None	Fixation	(212.34, 172.69)	(198.06, 187.10)	2662.207	1.5	NaN	NaN	NaN	
2692727069000	2684032392654	None	Fixation	(212.09, 172.37)	(198.55, 187.47)	2662.207	1.516602	NaN	NaN	NaN	
2692743736000	2684049059460	None	Fixation	(211.68, 171.67)	(198.89, 188.22)	2662.207	1.533203	NaN	NaN	NaN	
2692760402000	2684065725260	None	Fixation	(211.75, 171.43)	(199.66, 188.12)	2662.207	1.549805	NaN	NaN	NaN	
2692777069000	2684082391996	None	Fixation	(211.19, 171.10)	(199.97, 188.58)	2662.207	1.56665	NaN	NaN	NaN	
2692793735000	2684099057829	None	Fixation	(211.16, 170.66)	(200.40, 189.14)	2662.207	1.583252	NaN	NaN	NaN	
2692810402000	2684115724648	None	Fixation	(211.02, 170.36)	(201.13, 189.41)	2662.207	1.599854	NaN	NaN	NaN	
2692827068000	2684132390386	None	Fixation	(210.61, 169.79)	(201.01, 190.39)	2662.207	1.616455	NaN	NaN	NaN	
2692843733000	2684149055558	None	Fixation	(210.56, 169.74)	(200.95, 190.71)	2662.207	1.633301	NaN	NaN	NaN	
2692860402000	2684165724007	None	Fixation	(210.09, 169.51)	(202.23, 190.59)	2662.207	1.649902	NaN	NaN	NaN	
2692877067000	2684182388778	None	Fixation	(209.95, 169.04)	(202.24, 191.33)	2662.207	1.666504	NaN	NaN	NaN	
2692893734000	2684199055600	None	Fixation	(209.80, 168.79)	(202.79, 191.39)	2662.207	1.68335	NaN	NaN	NaN	
2692910400000	2684215721369	None	Fixation	(209.87, 168.71)	(203.12, 191.71)	2662.207	1.699951	NaN	NaN	NaN	
2692927067000	2684232388198	None	Fixation	(209.99, 168.68)	(202.35, 191.96)	2662.207	1.716553	NaN	NaN	NaN	
2692943734000	2684249055299	None	Saccade	(215.11, 175.77)	(193.34, 185.07)	2663.923	0.01660156	107.5765	4.64918	315.7732	
2692960400000	2684265721075	None	Saccade	(217.94, 182.90)	(186.71, 181.77)	2663.923	0.03344727	94.35875	7.654648	316.9243	
2692977066000	2684282387016	None	Unknown	(217.26, 182.56)	(188.01, 181.72)	NaN	NaN	NaN	NaN	NaN	
2692993733000	2684299053880	None	Pursuit	(217.74, 181.91)	(184.58, 181.36)	2663.973	0.01660156	9.807489	0.3269163	203.4241	
2693010397000	2684315717136	None	Pursuit	(218.17, 181.61)	(185.23, 181.13)	2663.973	0.03320313	6.491737	0.5367497	210.6602	
2693027064000	2684332383911	None	Pursuit	(217.75, 180.82)	(187.78, 180.45)	2663.973	0.05004883	32.36917	0.5282097	2.566541	
2693043732000	2684349051724	None	Pursuit	(217.68, 180.84)	(186.76, 180.15)	2663.973	0.06665039	13.08233	0.8219064	334.2489	
2693060399000	2684365718492	None	Fixation	(218.37, 180.58)	(187.30, 180.41)	2664.023	0.03320313	NaN	NaN	NaN	
2693077065000	2684382384294	None	Fixation	(218.40, 180.43)	(186.75, 180.27)	2664.023	0.04980469	NaN	NaN	NaN	
2693093732000	2684399051382	None	Fixation	(218.08, 180.13)	(187.00, 180.10)	2664.023	0.06665039	NaN	NaN	NaN	
2693110397000	2684415716959	None	Fixation	(218.00, 180.28)	(187.28, 180.94)	2664.023	0.08325195	NaN	NaN	NaN	
2693127064000	2684432383119	None	Fixation	(218.27, 180.03)	(187.08, 179.96)	2664.023	0.09985352	NaN	NaN	NaN	
2693143731000	2684449049460	None	Fixation	(218.99, 180.14)	(187.34, 179.68)	2664.023	0.1166992	NaN	NaN	NaN	
2693160398000	2684465716557	None	Fixation	(218.28, 179.93)	(186.77, 180.22)	2664.023	0.1333008	NaN	NaN	NaN	
2693177065000	2684482383410	None	Fixation	(218.19, 179.84)	(186.68, 180.02)	2664.023	0.1499023	NaN	NaN	NaN	
2693193731000	2684499049186	None	Fixation	(218.62, 180.08)	(187.19, 179.63)	2664.023	0.1665039	NaN	NaN	NaN	
2693210397000	2684515714645	None	Fixation	(219.07, 180.92)	(186.13, 178.51)	2664.023	0.1833496	NaN	NaN	NaN	
2693227064000	2684532381423	None	Saccade	(219.99, 181.46)	(183.27, 179.04)	2664.207	0.01660156	35.85485	1.195162	272.4863	
2693243730000	2684549047181	None	Pursuit	(219.82, 181.22)	(184.53, 179.06)	2664.207	0.03320313	15.49138	0.6960717	264.1555	
2693260397000	2684565714006	None	Pursuit	(219.83, 181.12)	(185.18, 178.38)	2664.207	0.04980469	11.57339	0.3927602	290.5096	
2693277064000	2684582380801	None	Fixation	(219.91, 181.11)	(183.35, 178.99)	2664.023	0.25	NaN	NaN	NaN	
2693293730000	2684599046586	None	Fixation	(220.06, 180.96)	(184.56, 179.21)	2664.023	0.2666016	NaN	NaN	NaN	
2693310396000	2684615712337	None	Fixation	(219.68, 181.11)	(184.45, 179.18)	2664.023	0.2832031	NaN	NaN	NaN	
2693327063000	2684632379186	None	Fixation	(219.56, 180.78)	(184.85, 179.92)	2664.023	0.2998047	NaN	NaN	NaN	
2693343730000	2684649045950	None	Fixation	(220.18, 180.93)	(185.09, 178.44)	2664.023	0.3166504	NaN	NaN	NaN	
2693360396000	2684665712074	None	Fixation	(219.80, 180.56)	(182.86, 178.52)	2664.023	0.333252	NaN	NaN	NaN	
2693377063000	2684682378537	None	Fixation	(219.90, 180.80)	(185.05, 178.64)	2664.023	0.3498535	NaN	NaN	NaN	
2693393729000	2684699044653	None	Fixation	(219.87, 180.85)	(183.81, 178.48)	2664.023	0.3666992	NaN	NaN	NaN	
2693410396000	2684715711151	None	Fixation	(219.95, 180.81)	(184.95, 178.56)	2664.023	0.3833008	NaN	NaN	NaN	
2693427062000	2684732376924	None	Fixation	(219.71, 180.87)	(184.85, 178.65)	2664.023	0.3999023	NaN	NaN	NaN	
2693443729000	2684749043735	None	Fixation	(220.15, 180.73)	(185.11, 177.87)	2664.023	0.4165039	NaN	NaN	NaN	
2693460395000	2684765709503	None	Fixation	(219.95, 180.64)	(184.54, 179.65)	2664.023	0.4333496	NaN	NaN	NaN	
2693477062000	2684782376289	None	Fixation	(220.22, 180.65)	(184.68, 178.83)	2664.023	0.4499512	NaN	NaN	NaN	
2693493728000	2684799042079	None	Fixation	(220.34, 180.51)	(184.26, 179.35)	2664.023	0.4665527	NaN	NaN	NaN	
2693510395000	2684815708857	None	Fixation	(220.21, 180.58)	(184.61, 178.54)	2664.023	0.4831543	NaN	NaN	NaN	
2693527061000	2684832374732	None	Fixation	(220.52, 180.65)	(184.85, 178.66)	2664.023	0.5	NaN	NaN	NaN	
2693543728000	2684849041444	None	Fixation	(220.60, 180.74)	(182.82, 178.55)	2664.023	0.5166016	NaN	NaN	NaN	
2693560394000	2684865707258	None	Fixation	(220.29, 180.80)	(184.17, 178.70)	2664.023	0.5332031	NaN	NaN	NaN	
2693577061000	2684882374333	None	Fixation	(220.32, 180.85)	(184.34, 178.78)	2664.023	0.5498047	NaN	NaN	NaN	
2693593727000	2684899040232	None	Fixation	(220.35, 180.80)	(184.29, 178.40)	2664.023	0.5666504	NaN	NaN	NaN	
2693610394000	2684915706617	None	Fixation	(220.72, 180.95)	(184.75, 178.89)	2664.023	0.583252	NaN	NaN	NaN	
2693627061000	2684932373407	None	Fixation	(220.33, 181.09)	(183.46, 178.80)	2664.023	0.5998535	NaN	NaN	NaN	
2693643727000	2684949039790	None	Fixation	(219.66, 181.66)	(184.68, 178.88)	2664.023	0.6166992	NaN	NaN	NaN	
2693660394000	2684965706000	None	Fixation	(219.74, 181.58)	(185.26, 178.35)	2664.023	0.6333008	NaN	NaN	NaN	
2693677058000	2684982369834	None	Fixation	(219.49, 181.35)	(185.38, 179.70)	2664.023	0.6499023	NaN	NaN	NaN	
2693693727000	2684999038646	None	Fixation	(219.58, 181.60)	(184.77, 179.12)	2664.023	0.6665039	NaN	NaN	NaN	
2693710392000	2685015703706	None	Fixation	(219.62, 181.57)	(184.56, 179.15)	2664.023	0.6833496	NaN	NaN	NaN	
2693727059000	2685032370177	None	Fixation	(219.73, 181.54)	(183.11, 178.78)	2664.023	0.6999512	NaN	NaN	NaN	
2693743725000	2685049035956	None	Fixation	(219.79, 181.47)	(185.55, 178.97)	2664.023	0.7165527	NaN	NaN	NaN	
2693760392000	2685065702751	None	Fixation	(219.41, 181.54)	(185.14, 179.29)	2664.023	0.7331543	NaN	NaN	NaN	
2693777056000	2685082366542	None	Fixation	(219.62, 181.33)	(183.17, 178.66)	2664.023	0.75	NaN	NaN	NaN	
2693793725000	2685099035355	None	Fixation	(219.65, 181.42)	(185.10, 178.98)	2664.023	0.7666016	NaN	NaN	NaN	
2693810391000	2685115701112	None	Fixation	(219.47, 181.40)	(183.44, 178.77)	2664.023	0.7832031	NaN	NaN	NaN	
2693827058000	2685132367944	None	Fixation	(219.71, 181.49)	(182.75, 178.75)	2664.023	0.7998047	NaN	NaN	NaN	
2693843724000	2685149033926	None	Fixation	(219.95, 181.34)	(184.85, 179.56)	2664.023	0.8166504	NaN	NaN	NaN	
2693860391000	2685165700539	None	Fixation	(219.51, 181.33)	(183.38, 178.96)	2664.023	0.833252	NaN	NaN	NaN	
2693877057000	2685182387204	None	Fixation	(219.61, 181.41)	(185.44, 178.97)	2664.023	0.8498535	NaN	NaN	NaN	
2693893724000	2685199033084	None	Fixation	(219.59, 181.41)	(185.49, 179.12)	2664.023	0.8664551	NaN	NaN	NaN	
2693910389000	2685215697885	None	Fixation	(219.17, 181.34)	(185.51, 179.55)	2664.023	0.8833008	NaN	NaN	NaN	
2693927056000	2685232364671	None	Fixation	(219.06, 181.39)	(185.54, 178.64)	2664.023	0.8999023	NaN	NaN	NaN	
2693943720000	2685249028478	None	Fixation	(218.83, 181.61)	(185.21, 179.45)	2664.023	0.9165039	NaN	NaN	NaN	
2693960387000	2685265695245	None	Fixation	(219.01, 181.47)	(185.53, 179.45)	2664.023	0.9333496	NaN	NaN	NaN	
2693977055000	2685282363047	None	Fixation	(219.17, 181.41)	(185.59, 178.90)	2664.023	0.9499512	NaN	NaN	NaN	
2693993722000	2685299029906	None	Fixation	(218.73, 181.37)	(186.12, 178.62)	2664.023	0.9665527	NaN	NaN	NaN	
2694010388000	2685315696120	None	Fixation	(218.91, 181.23)	(185.81, 178.83)	2664.023	0.9831543	NaN	NaN	NaN	
2694027055000	2685332362432	None	Fixation	(218.95, 181.12)	(186.01, 178.59)	2664.023	1	NaN	NaN	NaN	
2694043719000	2685349026217	None	Fixation	(219.00, 181.11)	(185.99, 179.08)	2664.023	1.016602	NaN	NaN	NaN	
2694060386000	2685365692994	None	Fixation	(219.15, 181.05)	(186.29, 178.70)	2664.023	1.033203	NaN	NaN	NaN	
2694077052000	2685382358837	None	Fixation	(218.80, 181.09)	(186.11, 178.78)	2664.023	1.049805	NaN	NaN	NaN	
2694093720000	2685399026582	None	Fixation	(219.00, 181.05)	(185.63, 179.39)	2664.023	1.06665	NaN	NaN	NaN	
2694110387000	2685415693382	None	Fixation	(218.97, 181.16)	(185.98, 179.94)	2664.023	1.083252	NaN	NaN	NaN	
2694127054000	2685432360150	None	Fixation	(218.94, 181.27)	(186.29, 180.12)	2664.023	1.099854	NaN	NaN	NaN	
2694143721000	2685449026958	None	Fixation	(218.72, 181.12)	(185.65, 179.02)	2664.023	1.116455	NaN	NaN	NaN	
2694160387000	2685465692776	None	Fixation	(218.91, 180.90)	(185.96, 178.79)	2664.023	1.133301	NaN	NaN	NaN	
2694177054000	2685482359537	None	Fixation	(219.15, 180.85)	(184.92, 178.89)	2664.023	1.149902	NaN	NaN	NaN	
2694193720000	2685499025332	None	Fixation	(219.06, 181.00)	(186.18, 178.37)	2664.023	1.166504	NaN	NaN	NaN	
2694210387000	2685515692134	None	Fixation	(218.95, 180.92)	(185.89, 178.40)	2664.023	1.18335	NaN	NaN	NaN	
2694227053000	2685532357930	None	Fixation	(218.90, 180.77)	(185.26, 179.07)	2664.023	1.199951	NaN	NaN	NaN	
2694243720000	2685549024700	None	Fixation	(218.98, 180.70)	(186.05, 178.11)	2664.023	1.216553	NaN	NaN	NaN	
2694260386000	2685565690519	None	Fixation	(219.41, 180.84)	(185.81, 178.59)	2664.023	1.233154	NaN	NaN	NaN	
2694277053000	2685582357377	None	Fixation	(219.60, 180.85)	(185.96, 178.34)	2664.023	1.25	NaN	NaN	NaN	
2694293719000	2685599023089	None	Fixation	(219.30, 180.92)	(185.64, 178.33)	2664.023	1.266602	NaN	NaN	NaN	
2694310386000	2685615689878	None	Fixation	(219.40, 181.10)	(185.51, 178.65)	2664.023	1.283203	NaN	NaN	NaN	
2694327052000	2685632355696	None	Fixation	(219.73, 181.29)	(185.06, 178.55)	2664.023	1.299805	NaN	NaN	NaN	
2694343719000	2685649022464	None	Fixation	(219.77, 181.48)	(183.32, 178.19)	2664.023	1.31665	NaN	NaN	NaN	
2694360385000	2685665688288	None	Fixation	(219.68, 181.86)	(184.58, 177.97)	2664.023	1.333252	NaN	NaN	NaN	
2694377052000	2685682355032	None	Fixation	(220.09, 182.22)	(184.27, 177.96)	2664.023	1.349854	NaN	NaN	NaN	
2694393718000	2685699020925	None	Fixation	(220.15, 182.75)	(183.80, 178.25)	2664.023	1.366455	NaN	NaN	NaN	
2694410385000	2685715687610	None	Fixation	(219.94, 183.16)	(183.74, 176.36)	2664.023	1.383301	NaN	NaN	NaN	
2694427051000	2685732353908	None	Fixation	(220.69, 183.76)	(182.83, 177.39)	2664.023	1.399902	NaN	NaN	NaN	
2694443718000	2685749020206	None	Saccade	(220.61, 184.40)	(179.87, 175.96)	2665.423	0.01660156	40.30798	1.3436	308.7719	
2694460385000	2685765687370	None	Pursuit	(221.33, 184.98)	(181.15, 175.57)	2665.423	0.03344727	16.44254	1.012067	330.3434	
2694477051000	2685782353288	None	Pursuit	(221.10, 185.53)	(180.53, 175.57)	2665.423	0.05004883	7.677215	1.20191	321.4196	
2694493718000	2685799020086	None	Pursuit	(221.63, 186.27)	(180.02, 174.53)	2665.423	0.06665039	14.1364	1.639724	328.5356	
2694510384000	2685815685397	None	Fixation	(222.40, 187.15)	(178.77, 174.33)	2664.023	1.483154	NaN	NaN	NaN	
2694527051000	2685832352239	None	Saccade	(223.47, 188.27)	(177.76, 173.53)	2665.507	0.0168457	18.9454	0.6315134	312.1953	
2694543715000	2685849015977	None	Pursuit	(224.05, 189.08)	(177.09, 172.98)	2665.507	0.03344727	12.32134	1.039639	306.4665	
2694560382000	2685865682757	None	Pursuit	(224.31, 189.68)	(176.27, 172.76)	2665.507	0.05004883	7.996126	1.296921	309.9027	
2694577050000	2685882350554	None	Pursuit	(224.85, 190.44)	(175.12, 172.52)	2665.507	0.06665039	11.4509	1.678405	310.397	
2694593717000	2685899017396	None	Pursuit	(224.96, 190.94)	(174.28, 172.26)	2665.507	0.08349609	10.88794	2.027994	307.709	
2694610383000	2685915683122	None	Fixation	(226.34, 191.52)	(174.28, 171.70)	2665.59	0.01660156	NaN	NaN	NaN	
2694627050000	2685932349941	None	Fixation	(225.88, 192.14)	(173.50, 171.63)	2665.59	0.03320313	NaN	NaN	NaN	
2694643713000	2685949012725	None	Fixation	(226.10, 192.92)	(172.71, 171.14)	2665.59	0.04980469	NaN	NaN	NaN	
2694660380000	2685965679569	None	Fixation	(226.22, 193.28)	(172.20, 170.40)	2665.59	0.06665039	NaN	NaN	NaN	
2694677048000	2685982347652	None	Fixation	(227.18, 193.97)	(172.12, 169.97)	2665.59	0.08325195	NaN	NaN	NaN	
2694693715000	2685999014109	None	Fixation	(226.55, 194.25)	(171.82, 169.46)	2665.59	0.09985352	NaN	NaN	NaN	
2694710381000	2686015680222	None	Fixation	(226.94, 195.09)	(170.69, 169.10)	2665.59	0.1166992	NaN	NaN	NaN	
2694727048000	2686032347020	None	Fixation	(227.15, 195.38)	(170.44, 168.74)	2665.59	0.1333008	NaN	NaN	NaN	
2694743714000	2686049012767	None	Fixation	(227.28, 195.95)	(170.01, 168.83)	2665.59	0.1499023	NaN	NaN	NaN	
2694760381000	2686065679560	None	Fixation	(227.46, 196.64)	(169.35, 168.03)	2665.59	0.1665039	NaN	NaN	NaN	
2694777047000	2686082345393	None	Fixation	(227.80, 197.10)	(168.17, 167.79)	2665.59	0.1833496	NaN	NaN	NaN	
2694793714000	2686099012112	None	Fixation	(227.87, 197.49)	(168.71, 167.65)	2665.59	0.1999512	NaN	NaN	NaN	
2694810380000	2686115678031	None	Fixation	(228.05, 197.94)	(167.78, 167.76)	2665.59	0.2165527	NaN	NaN	NaN	
2694827047000	2686132344754	None	Fixation	(228.25, 198.47)	(167.57, 167.09)	2665.59	0.2331543	NaN	NaN	NaN	
2694843713000	2686149010460	None	Fixation	(228.40, 198.86)	(167.51, 166.90)	2665.59	0.25	NaN	NaN	NaN	
2694860380000	2686165677017	None	Fixation	(228.76, 199.17)	(166.99, 166.60)	2665.59	0.2666016	NaN	NaN	NaN	
2694877046000	2686182342829	None	Fixation	(228.54, 199.58)	(167.20, 166.41)	2665.59	0.2832031	NaN	NaN	NaN	
2694893713000	2686199009599	None	Saccade	(226.90, 192.38)	(171.26, 170.92)	2665.873	0.01660156	90.93449	3.03115	152.5508	
2694910379000	2686215675376	None	Saccade	(220.51, 187.15)	(179.46, 176.37)	2665.873	0.03344727	101.556	6.475943	138.1108	
2694927046000	2686232342225	None	Unknown	(216.76, 185.65)	(186.54, 178.78)	NaN	NaN	NaN	NaN	NaN	
2694943712000	2686249007985	None	Pursuit	(217.75, 185.40)	(185.42, 178.28)	2665.923	0.01660156	12.67437	0.422479	242.8199	
2694960379000	2686265674771	None	Pursuit	(217.58, 184.49)	(184.38, 177.40)	2665.923	0.03344727	11.45802	0.5844722	202.087	
2694977046000	2686282341541	None	Pursuit	(217.49, 184.42)	(186.54, 175.48)	2665.923	0.05004883	1.315783	0.5889575	197.8253	
2694993712000	2686299007318	None	Pursuit	(217.47, 184.16)	(185.32, 176.63)	2665.923	0.06665039	20.64335	1.011978	343.4953	
2695010379000	2686315674540	None	Fixation	(217.49, 184.15)	(184.56, 176.26)	2665.99	0.01660156	NaN	NaN	NaN	
2695027045000	2686332340760	None	Fixation	(217.78, 183.90)	(185.60, 175.70)	2665.99	0.03344727	NaN	NaN	NaN	
2695043712000	2686349007290	None	Fixation	(217.51, 183.80)	(185.98, 176.46)	2665.99	0.05004883	NaN	NaN	NaN	
2695060378000	2686365672940	None	Fixation	(218.19, 183.82)	(185.44, 176.01)	2665.99	0.06665039	NaN	NaN	NaN	
2695077045000	2686382339659	None	Fixation	(217.36, 183.60)	(184.99, 175.81)	2665.99	0.08325195	NaN	NaN	NaN	
2695093711000	2686399005321	None	Fixation	(217.32, 183.47)	(185.35, 175.79)	2665.99	0.1000977	NaN	NaN	NaN	
2695110376000	2686415670536	None	Fixation	(217.41, 183.43)	(182.75, 175.18)	2665.99	0.1166992	NaN	NaN	NaN	
2695127042000	2686432335704	None	Fixation	(217.51, 183.58)	(185.57, 175.47)	2665.99	0.1333008	NaN	NaN	NaN	
2695143711000	2686449004686	None	Fixation	(217.42, 183.46)	(185.79, 176.55)	2665.99	0.1499023	NaN	NaN	NaN	
2695160377000	2686465670639	None	Fixation	(217.18, 183.34)	(185.39, 176.56)	2665.99	0.166748	NaN	NaN	NaN	
2695177044000	2686482337068	None	Fixation	(217.45, 183.41)	(185.58, 176.09)	2665.99	0.1833496	NaN	NaN	NaN	
2695193710000	2686499002860	None	Fixation	(217.65, 183.18)	(185.41, 176.13)	2665.99	0.1999512	NaN	NaN	NaN	
2695227043000	2686532335658	None	Unknown	(219.83, 180.49)	(185.19, 180.06)	NaN	NaN	NaN	NaN	NaN	
2695227043000	2686532335480	None	Unknown	(219.83, 180.49)	(185.19, 180.06)	NaN	NaN	NaN	NaN	NaN	
2695243710000	2686549002251	None	Pursuit	(219.75, 180.42)	(184.63, 179.80)	2666.223	0.01660156	1.351109	0.04503695	117.6959	
2695260376000	2686565668035	None	Pursuit	(220.28, 180.37)	(184.98, 179.52)	2666.223	0.03320313	6.564855	0.1906369	241.3465	
2695277043000	2686582334819	None	Unknown	(220.53, 180.48)	(184.38, 179.44)	NaN	NaN	NaN	NaN	NaN	
2695293710000	2686599001622	None	Fixation	(220.48, 180.13)	(184.80, 179.24)	2666.273	0.01660156	NaN	NaN	NaN	
2695310376000	2686615667405	None	Fixation	(219.87, 179.97)	(184.97, 178.97)	2666.273	0.03320313	NaN	NaN	NaN	
2695327042000	2686632333455	None	Fixation	(220.41, 180.26)	(185.02, 178.88)	2666.273	0.04980469	NaN	NaN	NaN	
2695343709000	2686649000000	None	Fixation	(220.09, 180.36)	(185.10, 179.23)	2666.273	0.06665039	NaN	NaN	NaN	
2695360375000	2686665665830	None	Fixation	(220.15, 180.18)	(185.52, 180.29)	2666.273	0.08325195	NaN	NaN	NaN	
2695377042000	2686682332563	None	Fixation	(220.06, 180.31)	(185.30, 178.52)	2666.273	0.09985352	NaN	NaN	NaN	
2695393709000	2686698999367	None	Fixation	(219.93, 180.07)	(184.77, 179.86)	2666.273	0.1164551	NaN	NaN	NaN	
2695410375000	2686715665144	None	Fixation	(220.18, 180.40)	(185.58, 178.58)	2666.273	0.1333008	NaN	NaN	NaN	
2695427042000	2686732331985	None	Saccade	(220.05, 180.51)	(182.51, 178.42)	2666.407	0.01660156	37.71946	1.257315	285.8935	
2695443707000	2686748996828	None	Fixation	(220.56, 180.42)	(185.60, 178.34)	2666.273	0.1665039	NaN	NaN	NaN	
2695460374000	2686765663585	None	Fixation	(220.10, 180.32)	(184.86, 179.20)	2666.273	0.1831055	NaN	NaN	NaN	
2695477040000	2686782329352	None	Fixation	(220.38, 180.52)	(185.43, 178.47)	2666.273	0.1999512	NaN	NaN	NaN	
2695510373000	2686815662485	None	Fixation	(220.28, 180.86)	(183.91, 179.26)	2666.273	0.2331543	NaN	NaN	NaN	
2695510373000	2686815661958	None	Fixation	(220.28, 180.86)	(183.91, 179.26)	2666.273	0.2331543	NaN	NaN	NaN	
2695527040000	2686832328720	None	Fixation	(220.37, 180.89)	(182.81, 178.57)	2666.273	0.25	NaN	NaN	NaN	
2695543706000	2686848994582	None	Fixation	(220.19, 180.95)	(184.04, 179.20)	2666.273	0.2666016	NaN	NaN	NaN	
2695560373000	2686865661284	None	Fixation	(220.15, 180.91)	(184.75, 179.82)	2666.273	0.2832031	NaN	NaN	NaN	
2695577040000	2686882328079	None	Fixation	(220.32, 180.97)	(184.53, 178.53)	2666.273	0.2998047	NaN	NaN	NaN	
2695593706000	2686898993880	None	Fixation	(219.94, 181.23)	(184.73, 178.37)	2666.273	0.3166504	NaN	NaN	NaN	
2695610372000	2686915659679	None	Fixation	(220.03, 181.05)	(184.96, 179.78)	2666.273	0.333252	NaN	NaN	NaN	
2695627039000	2686932326910	None	Fixation	(219.85, 181.05)	(185.03, 179.74)	2666.273	0.3498535	NaN	NaN	NaN	
2695643705000	2686948992701	None	Fixation	(220.06, 180.97)	(183.98, 178.49)	2666.273	0.3664551	NaN	NaN	NaN	
2695660372000	2686965659721	None	Fixation	(219.96, 180.95)	(184.66, 178.78)	2666.273	0.3833008	NaN	NaN	NaN	
2695677038000	2686982325188	None	Fixation	(219.73, 180.95)	(183.99, 178.49)	2666.273	0.3999023	NaN	NaN	NaN	
2695693705000	2686998991644	None	Fixation	(220.05, 181.08)	(184.95, 177.80)	2666.273	0.4165039	NaN	NaN	NaN	
2695710371000	2687015657413	None	Fixation	(219.96, 180.83)	(185.06, 178.30)	2666.273	0.4331055	NaN	NaN	NaN	
2695727038000	2687032324236	None	Fixation	(219.98, 180.82)	(184.28, 178.45)	2666.273	0.4499512	NaN	NaN	NaN	
2695743703000	2687048989000	None	Fixation	(219.88, 180.92)	(184.68, 178.43)	2666.273	0.4665527	NaN	NaN	NaN	
2695760369000	2687065655140	None	Fixation	(219.99, 180.85)	(184.24, 178.32)	2666.273	0.4831543	NaN	NaN	NaN	
2695777037000	2687082322918	None	Fixation	(219.95, 180.92)	(184.45, 178.63)	2666.273	0.5	NaN	NaN	NaN	
2695793704000	2687098989434	None	Fixation	(219.77, 180.97)	(184.60, 178.24)	2666.273	0.5166016	NaN	NaN	NaN	
2695810370000	2687115655285	None	Fixation	(219.80, 180.95)	(184.35, 178.03)	2666.273	0.5332031	NaN	NaN	NaN	
2695827037000	2687132321954	None	Fixation	(220.41, 181.05)	(184.82, 178.01)	2666.273	0.5498047	NaN	NaN	NaN	
2695843704000	2687148988739	None	Fixation	(219.79, 181.10)	(184.54, 178.55)	2666.273	0.5666504	NaN	NaN	NaN	
2695877035000	2687182319913	None	Fixation	(219.79, 181.17)	(184.14, 178.08)	2666.273	0.5998535	NaN	NaN	NaN	
2695877035000	2687182319321	None	Fixation	(219.79, 181.17)	(184.14, 178.08)	2666.273	0.5998535	NaN	NaN	NaN	
2695910370000	2687215654117	None	Fixation	(219.58, 181.27)	(184.72, 178.70)	2666.273	0.6333008	NaN	NaN	NaN	
2695910370000	2687215653901	None	Fixation	(219.58, 181.27)	(184.72, 178.70)	2666.273	0.6333008	NaN	NaN	NaN	
2695943703000	2687248986737	None	Fixation	(219.90, 181.49)	(185.02, 178.13)	2666.273	0.6665039	NaN	NaN	NaN	
2695943703000	2687248986505	None	Fixation	(219.90, 181.49)	(185.02, 178.13)	2666.273	0.6665039	NaN	NaN	NaN	
2695977036000	2687282319665	None	Fixation	(219.70, 181.28)	(185.20, 177.85)	2666.273	0.6999512	NaN	NaN	NaN	
2695993702000	2687298985059	None	Fixation	(219.77, 181.22)	(184.87, 177.99)	2666.273	0.7165527	NaN	NaN	NaN	
2696010369000	2687315651956	None	Fixation	(219.71, 180.69)	(184.25, 178.98)	2666.273	0.7331543	NaN	NaN	NaN	
2696010369000	2687315652050	None	Fixation	(219.71, 180.69)	(184.25, 178.98)	2666.273	0.7331543	NaN	NaN	NaN	
2696043702000	2687348984548	None	Fixation	(219.22, 180.83)	(185.21, 179.12)	2666.273	0.7666016	NaN	NaN	NaN	
2696043702000	2687348984247	None	Fixation	(219.22, 180.83)	(185.21, 179.12)	2666.273	0.7666016	NaN	NaN	NaN	
2696060368000	2687365650140	None	Fixation	(219.37, 180.86)	(184.96, 179.41)	2666.273	0.7832031	NaN	NaN	NaN	
2696077035000	2687382316836	None	Fixation	(219.25, 180.77)	(185.44, 178.77)	2666.273	0.7998047	NaN	NaN	NaN	
2696093701000	2687398982630	None	Fixation	(219.48, 180.89)	(185.11, 178.32)	2666.273	0.8166504	NaN	NaN	NaN	
2696110368000	2687415649417	None	Fixation	(219.82, 180.88)	(185.51, 178.61)	2666.273	0.833252	NaN	NaN	NaN	
2696143699000	2687448980233	None	Fixation	(219.67, 180.82)	(182.70, 178.52)	2666.273	0.8664551	NaN	NaN	NaN	
2696143699000	2687448980009	None	Fixation	(219.67, 180.82)	(182.70, 178.52)	2666.273	0.8664551	NaN	NaN	NaN	
2696177034000	2687482314835	None	Saccade	(219.52, 180.94)	(185.65, 180.19)	2667.157	0.01660156	21.96917	0.7323057	181.282	
2696177034000	2687482314593	None	Saccade	(219.52, 180.94)	(185.65, 180.19)	2667.157	0.01660156	21.96917	0.7323057	181.282	
2696193700000	2687498980744	None	Pursuit	(219.37, 180.93)	(185.50, 178.39)	2667.157	0.03320313	22.22934	0.09123205	89.37201	
2696210365000	2687515645168	None	Pursuit	(219.56, 180.99)	(183.65, 178.52)	2667.157	0.04980469	22.88035	0.6729345	280.412	
2696227034000	2687532314634	None	Fixation	(219.54, 180.87)	(185.10, 179.34)	2666.273	0.9499512	NaN	NaN	NaN	
2696243698000	2687548977773	None	Fixation	(219.45, 180.99)	(184.81, 178.76)	2666.273	0.9665527	NaN	NaN	NaN	
2696260367000	2687565646583	None	Fixation	(219.49, 180.87)	(185.00, 179.05)	2666.273	0.9831543	NaN	NaN	NaN	
2696277033000	2687582312391	None	Fixation	(219.48, 180.73)	(185.00, 179.38)	2666.273	1	NaN	NaN	NaN	
2696310366000	2687615645173	None	Fixation	(219.60, 180.96)	(184.35, 178.84)	2666.273	1.033203	NaN	NaN	NaN	
2696310366000	2687615644908	None	Fixation	(219.60, 180.96)	(184.35, 178.84)	2666.273	1.033203	NaN	NaN	NaN	
2696327033000	2687632311747	None	Fixation	(219.86, 180.68)	(185.17, 178.93)	2666.273	1.049805	NaN	NaN	NaN	
2696343696000	2687648974536	None	Fixation	(219.58, 180.89)	(185.06, 178.80)	2666.273	1.06665	NaN	NaN	NaN	
2696360363000	2687665641665	None	Fixation	(219.59, 180.86)	(185.66, 178.54)	2666.273	1.083252	NaN	NaN	NaN	
2696377031000	2687682309540	None	Fixation	(219.64, 180.87)	(185.41, 178.71)	2666.273	1.099854	NaN	NaN	NaN	
2696410364000	2687715642463	None	Fixation	(219.52, 180.79)	(184.80, 178.89)	2666.273	1.133301	NaN	NaN	NaN	
2696410364000	2687715642156	None	Fixation	(219.52, 180.79)	(184.80, 178.89)	2666.273	1.133301	NaN	NaN	NaN	
2696443695000	2687748972478	None	Fixation	(219.61, 180.78)	(184.79, 178.32)	2666.273	1.166504	NaN	NaN	NaN	
2696443695000	2687748972248	None	Fixation	(219.61, 180.78)	(184.79, 178.32)	2666.273	1.166504	NaN	NaN	NaN	
2696477030000	2687782307056	None	Fixation	(219.58, 180.83)	(185.08, 178.42)	2666.273	1.199951	NaN	NaN	NaN	
2696493697000	2687798973881	None	Fixation	(219.77, 180.79)	(185.01, 178.42)	2666.273	1.216553	NaN	NaN	NaN	
2696510363000	2687815639757	None	Fixation	(219.64, 180.76)	(184.73, 179.12)	2666.273	1.233154	NaN	NaN	NaN	
2696510363000	2687815639403	None	Fixation	(219.64, 180.76)	(184.73, 179.12)	2666.273	1.233154	NaN	NaN	NaN	
2696543696000	2687848972361	None	Fixation	(219.67, 180.88)	(185.09, 178.23)	2666.273	1.266602	NaN	NaN	NaN	
2696543696000	2687848972042	None	Fixation	(219.67, 180.88)	(185.09, 178.23)	2666.273	1.266602	NaN	NaN	NaN	
2696560363000	2687865638908	None	Fixation	(219.93, 180.67)	(183.19, 179.09)	2666.273	1.283203	NaN	NaN	NaN	
2696577029000	2687882304594	None	Fixation	(220.69, 181.00)	(182.56, 179.00)	2666.273	1.299805	NaN	NaN	NaN	
2696610362000	2687915637877	None	Fixation	(220.69, 180.92)	(183.06, 178.80)	2666.273	1.333252	NaN	NaN	NaN	
2696610362000	2687915637167	None	Fixation	(220.69, 180.92)	(183.06, 178.80)	2666.273	1.333252	NaN	NaN	NaN	
2696643695000	2687948969989	None	Fixation	(220.44, 180.82)	(184.34, 178.52)	2666.273	1.366455	NaN	NaN	NaN	
2696643695000	2687948969976	None	Fixation	(220.44, 180.82)	(184.34, 178.52)	2666.273	1.366455	NaN	NaN	NaN	
2696677029000	2687982303932	None	Fixation	(220.52, 180.86)	(183.79, 179.16)	2666.273	1.399902	NaN	NaN	NaN	
2696693695000	2687998969401	None	Fixation	(220.72, 180.80)	(184.36, 178.74)	2666.273	1.416504	NaN	NaN	NaN	
2696710362000	2688015636390	None	Fixation	(220.75, 180.89)	(184.31, 178.63)	2666.273	1.433105	NaN	NaN	NaN	
2696710362000	2688015635894	None	Fixation	(220.75, 180.89)	(184.31, 178.63)	2666.273	1.433105	NaN	NaN	NaN	
2696743695000	2688048968715	None	Fixation	(220.39, 180.91)	(183.42, 179.02)	2666.273	1.466553	NaN	NaN	NaN	
2696743695000	2688048968599	None	Fixation	(220.39, 180.91)	(183.42, 179.02)	2666.273	1.466553	NaN	NaN	NaN	
2696777029000	2688082302347	None	Saccade	(220.68, 180.86)	(184.61, 178.92)	2667.757	0.0168457	44.03253	1.467751	112.2517	
2696777029000	2688082302105	None	Saccade	(220.68, 180.86)	(184.61, 178.92)	2667.757	0.0168457	44.03253	1.467751	112.2517	
2696810360000	2688115633044	None	Pursuit	(220.94, 181.10)	(184.21, 178.34)	2667.757	0.05004883	5.400166	1.282297	102.9195	
2696810360000	2688115632747	None	Pursuit	(220.94, 181.10)	(184.21, 178.34)	2667.757	0.05004883	5.400166	1.282297	102.9195	
2696843693000	2688148966228	None	Fixation	(220.51, 180.96)	(184.20, 179.55)	2666.273	1.56665	NaN	NaN	NaN	
2696843693000	2688148965305	None	Fixation	(220.51, 180.96)	(184.20, 179.55)	2666.273	1.56665	NaN	NaN	NaN	
2696877028000	2688182300170	None	Fixation	(220.59, 180.87)	(184.71, 178.68)	2666.273	1.599854	NaN	NaN	NaN	
2696893694000	2688198965899	None	Fixation	(220.54, 180.80)	(184.71, 180.08)	2666.273	1.616455	NaN	NaN	NaN	
2696910361000	2688215632712	None	Fixation	(220.64, 180.90)	(184.64, 180.73)	2666.273	1.633301	NaN	NaN	NaN	
2696910361000	2688215632422	None	Fixation	(220.64, 180.90)	(184.64, 180.73)	2666.273	1.633301	NaN	NaN	NaN	
2696943694000	2688248965640	None	Fixation	(220.37, 180.68)	(184.62, 179.02)	2666.273	1.666504	NaN	NaN	NaN	
2696943694000	2688248965481	None	Fixation	(220.37, 180.68)	(184.62, 179.02)	2666.273	1.666504	NaN	NaN	NaN	
2696960360000	2688265630820	None	Fixation	(220.65, 180.64)	(182.69, 179.06)	2666.273	1.683105	NaN	NaN	NaN	
2696977027000	2688282297637	None	Fixation	(220.47, 180.70)	(184.86, 179.09)	2666.273	1.699951	NaN	NaN	NaN	
2696993693000	2688298963404	None	Fixation	(220.30, 180.77)	(184.42, 180.32)	2666.273	1.716553	NaN	NaN	NaN	
2697010358000	2688315628176	None	Fixation	(220.66, 180.82)	(184.43, 179.19)	2666.273	1.733154	NaN	NaN	NaN	
2697043693000	2688348963466	None	Fixation	(220.48, 180.76)	(184.85, 178.50)	2666.273	1.766602	NaN	NaN	NaN	
2697043693000	2688348962827	None	Fixation	(220.48, 180.76)	(184.85, 178.50)	2666.273	1.766602	NaN	NaN	NaN	
2697077025000	2688382294651	None	Fixation	(220.79, 180.73)	(184.95, 178.85)	2666.273	1.799805	NaN	NaN	NaN	
2697093692000	2688398961736	None	Fixation	(220.73, 180.56)	(184.50, 179.37)	2666.273	1.81665	NaN	NaN	NaN	
2697110359000	2688415628490	None	Fixation	(220.56, 180.56)	(184.00, 179.57)	2666.273	1.833252	NaN	NaN	NaN	
2697110359000	2688415628219	None	Fixation	(220.56, 180.56)	(184.00, 179.57)	2666.273	1.833252	NaN	NaN	NaN	
2697143690000	2688448959171	None	Fixation	(220.23, 180.92)	(182.68, 178.75)	2666.273	1.866455	NaN	NaN	NaN	
2697143690000	2688448958573	None	Fixation	(220.23, 180.92)	(182.68, 178.75)	2666.273	1.866455	NaN	NaN	NaN	
2697177025000	2688482293332	None	Fixation	(220.22, 180.79)	(181.73, 178.86)	2666.273	1.899902	NaN	NaN	NaN	
2697193692000	2688498960192	None	Fixation	(220.35, 180.85)	(182.31, 179.00)	2666.273	1.916504	NaN	NaN	NaN	
2697210358000	2688515625948	None	Fixation	(220.51, 180.84)	(181.72, 178.41)	2666.273	1.933105	NaN	NaN	NaN	
2697210358000	2688515625781	None	Fixation	(220.51, 180.84)	(181.72, 178.41)	2666.273	1.933105	NaN	NaN	NaN	
2697243690000	2688548957549	None	Pursuit	(220.32, 180.64)	(184.01, 178.31)	2668.207	0.03344727	11.23004	0.9405897	100.5389	
2697243690000	2688548957514	None	Pursuit	(220.32, 180.64)	(184.01, 178.31)	2668.207	0.03344727	11.23004	0.9405897	100.5389	
2697277023000	2688582290377	None	Fixation	(220.76, 180.66)	(184.27, 178.48)	2666.273	1.999756	NaN	NaN	NaN	
2697293690000	2688598956868	None	Fixation	(220.18, 180.68)	(182.92, 178.72)	2666.273	2.016602	NaN	NaN	NaN	
2697310356000	2688615622664	None	Fixation	(220.23, 180.52)	(183.26, 178.82)	2666.273	2.033203	NaN	NaN	NaN	
2697327023000	2688632289465	None	Fixation	(220.19, 180.58)	(184.78, 178.29)	2666.273	2.049805	NaN	NaN	NaN	
2697343689000	2688648955224	None	Fixation	(219.89, 180.44)	(185.27, 180.24)	2666.273	2.06665	NaN	NaN	NaN	
2697343689000	2688648955342	None	Fixation	(219.89, 180.44)	(185.27, 180.24)	2666.273	2.06665	NaN	NaN	NaN	
2697377022000	2688682288033	None	Fixation	(219.38, 180.66)	(185.97, 178.68)	2666.273	2.099854	NaN	NaN	NaN	
2697393689000	2688698955020	None	Fixation	(218.86, 180.71)	(186.53, 178.55)	2666.273	2.116455	NaN	NaN	NaN	
2697410355000	2688715620622	None	Fixation	(218.44, 180.71)	(186.94, 178.61)	2666.273	2.133301	NaN	NaN	NaN	
2697427022000	2688732288122	None	Fixation	(217.68, 180.52)	(187.53, 180.08)	2666.273	2.149902	NaN	NaN	NaN	
2697443686000	2688748951385	None	Fixation	(217.17, 180.37)	(187.76, 179.51)	2666.273	2.166504	NaN	NaN	NaN	
2697460353000	2688765617783	None	Fixation	(216.36, 180.43)	(188.99, 178.48)	2666.273	2.183105	NaN	NaN	NaN	
2697477021000	2688782286012	None	Fixation	(215.59, 180.42)	(189.24, 179.66)	2666.273	2.199951	NaN	NaN	NaN	
2697493688000	2688798952629	None	Fixation	(214.81, 180.44)	(189.15, 178.93)	2666.273	2.216553	NaN	NaN	NaN	
2697510354000	2688815618194	None	Fixation	(213.95, 180.36)	(191.16, 178.78)	2666.273	2.233154	NaN	NaN	NaN	
2697527021000	2688832285017	None	Saccade	(213.00, 180.41)	(192.70, 179.26)	2668.507	0.01660156	19.79633	0.6598778	120.0524	
2697543688000	2688848951839	None	Saccade	(211.62, 180.29)	(192.97, 179.44)	2668.523	0.0168457	16.98699	0.5662329	82.09065	
2697560354000	2688865617595	None	Pursuit	(210.92, 180.45)	(194.17, 178.88)	2668.523	0.03344727	8.829524	0.8507912	75.88302	
2697577020000	2688882283466	None	Pursuit	(210.11, 180.27)	(194.10, 178.88)	2668.523	0.05004883	10.30293	1.187373	79.77416	
2697593687000	2688898950170	None	Fixation	(209.40, 180.39)	(195.67, 178.40)	2668.573	0.0168457	NaN	NaN	NaN	
2697610354000	2688915617016	None	Saccade	(208.69, 180.37)	(196.35, 177.78)	2668.59	0.01660156	11.39707	0.3799025	60.50936	
2697627020000	2688932282729	None	Pursuit	(207.90, 180.35)	(197.51, 177.81)	2668.59	0.03320313	14.21286	0.792219	85.06628	
2697643687000	2688948949522	None	Fixation	(207.38, 180.28)	(197.27, 178.09)	2668.59	0.04980469	NaN	NaN	NaN	
2697660353000	2688965615302	None	Fixation	(206.53, 180.51)	(198.49, 177.77)	2668.59	0.06665039	NaN	NaN	NaN	
2697677020000	2688982282129	None	Fixation	(205.43, 180.56)	(199.26, 177.70)	2668.59	0.08325195	NaN	NaN	NaN	
2697693686000	2688998947897	None	Fixation	(205.25, 180.50)	(200.13, 177.45)	2668.59	0.09985352	NaN	NaN	NaN	
2697710353000	2689015614720	None	Fixation	(204.65, 180.49)	(200.38, 177.39)	2668.59	0.1164551	NaN	NaN	NaN	
2697727019000	2689032280452	None	Fixation	(203.99, 180.51)	(200.19, 178.15)	2668.59	0.1333008	NaN	NaN	NaN	
2697743686000	2689048947284	None	Fixation	(203.58, 180.62)	(201.72, 177.35)	2668.59	0.1499023	NaN	NaN	NaN	
2697760352000	2689065613134	None	Fixation	(202.90, 180.51)	(201.94, 177.23)	2668.59	0.1665039	NaN	NaN	NaN	
2697777019000	2689082279866	None	Fixation	(201.49, 180.86)	(202.05, 177.55)	2668.59	0.1831055	NaN	NaN	NaN	
2697793684000	2689098944901	None	Fixation	(201.59, 180.30)	(202.87, 177.21)	2668.59	0.1999512	NaN	NaN	NaN	
2697810352000	2689115613044	None	Fixation	(201.13, 180.38)	(203.68, 176.97)	2668.59	0.2165527	NaN	NaN	NaN	
2697827018000	2689132278309	None	Fixation	(200.42, 180.61)	(204.08, 177.17)	2668.59	0.2331543	NaN	NaN	NaN	
2697843685000	2689148945060	None	Fixation	(200.47, 180.57)	(204.10, 177.13)	2668.59	0.25	NaN	NaN	NaN	
2697860351000	2689165610815	None	Fixation	(199.78, 180.50)	(204.53, 177.13)	2668.59	0.2666016	NaN	NaN	NaN	
2697877018000	2689182277665	None	Fixation	(199.47, 180.21)	(205.15, 176.79)	2668.59	0.2832031	NaN	NaN	NaN	
2697893685000	2689198944405	None	Fixation	(198.90, 180.46)	(205.59, 177.06)	2668.59	0.2998047	NaN	NaN	NaN	
2697910351000	2689215610211	None	Fixation	(198.75, 180.42)	(205.46, 177.29)	2668.59	0.3166504	NaN	NaN	NaN	
2697927017000	2689232275981	None	Fixation	(198.54, 180.60)	(205.95, 177.20)	2668.59	0.333252	NaN	NaN	NaN	
2697943684000	2689248942871	None	Fixation	(199.21, 180.65)	(205.29, 176.89)	2668.59	0.3498535	NaN	NaN	NaN	
2697960350000	2689265608610	None	Saccade	(203.82, 179.90)	(201.44, 178.91)	2668.94	0.01660156	57.42852	1.914284	251.5424	
2697977015000	2689282273414	None	Saccade	(210.39, 181.53)	(194.56, 180.36)	2668.94	0.03344727	83.28996	4.627557	263.2694	
2697993682000	2689298940181	None	Unknown	(213.19, 182.50)	(189.53, 180.86)	NaN	NaN	NaN	NaN	NaN	
2698010349000	2689315607026	None	Pursuit	(213.64, 181.74)	(191.52, 181.50)	2668.99	0.01660156	10.84927	0.3616423	197.7755	
2698027016000	2689332273771	None	Pursuit	(214.54, 181.77)	(189.84, 180.42)	2668.99	0.03320313	11.12061	0.6311666	228.6682	
2698043682000	2689348939657	None	Pursuit	(214.72, 181.37)	(190.63, 179.83)	2668.99	0.05004883	5.373195	0.7805378	220.594	
2698060349000	2689365606351	None	Unknown	(214.45, 180.98)	(191.17, 181.11)	NaN	NaN	NaN	NaN	NaN	
2698077015000	2689382272353	None	Fixation	(214.31, 180.73)	(191.24, 178.77)	2669.057	0.01660156	NaN	NaN	NaN	
2698093682000	2689398939325	None	Fixation	(214.55, 180.49)	(190.36, 179.66)	2669.057	0.03344727	NaN	NaN	NaN	
2698110347000	2689415604083	None	Fixation	(214.71, 180.53)	(190.21, 178.80)	2669.057	0.05004883	NaN	NaN	NaN	
2698127014000	2689432270747	None	Fixation	(216.06, 180.51)	(189.39, 179.78)	2669.057	0.06665039	NaN	NaN	NaN	
2698143680000	2689448936654	None	Saccade	(219.01, 180.82)	(183.73, 180.24)	2669.123	0.01660156	36.43225	2.325007	270.7487	
2698160347000	2689465603530	None	Saccade	(218.27, 180.40)	(190.00, 179.28)	2669.123	0.03344727	77.9351	0.3253247	63.30237	
2698160347000	2689465603263	None	Saccade	(218.27, 180.40)	(190.00, 179.28)	2669.123	0.03344727	77.9351	0.3253247	63.30237	
2698193680000	2689498935655	None	Pursuit	(219.16, 180.36)	(185.84, 180.22)	2669.173	0.01660156	18.21965	0.6073217	259.7572	
2698210344000	2689515599482	None	Pursuit	(218.86, 180.48)	(186.58, 179.66)	2669.173	0.03320313	11.46423	0.2546341	281.3189	
2698227011000	2689532266332	None	Pursuit	(218.77, 180.24)	(186.28, 180.98)	2669.173	0.05004883	16.68084	0.6663021	227.3562	
2698243679000	2689548934049	None	Fixation	(218.98, 180.11)	(186.45, 180.87)	2669.19	0.05004883	NaN	NaN	NaN	
2698260346000	2689565600849	None	Fixation	(219.25, 179.91)	(183.59, 179.25)	2669.19	0.06665039	NaN	NaN	NaN	
2698260346000	2689565601410	None	Fixation	(219.25, 179.91)	(183.59, 179.25)	2669.19	0.06665039	NaN	NaN	NaN	
2698277010000	2689582265094	None	Saccade	(218.83, 179.95)	(186.30, 180.95)	2669.257	0.01660156	39.22544	1.307515	135.0611	
2698310345000	2689615599231	None	Pursuit	(219.06, 180.08)	(186.50, 179.37)	2669.257	0.05004883	4.672828	1.192949	105.2776	
2698310345000	2689615599275	None	Pursuit	(219.06, 180.08)	(186.50, 179.37)	2669.257	0.05004883	4.672828	1.192949	105.2776	
2698327012000	2689632265992	None	Pursuit	(219.19, 179.91)	(185.59, 179.97)	2669.257	0.06665039	13.45154	0.8688484	122.7834	
2698360343000	2689665596598	None	Pursuit	(218.97, 179.85)	(186.48, 179.21)	2669.257	0.1000977	42.0261	1.184767	102.1746	
2698377011000	2689682264424	None	Pursuit	(219.84, 181.38)	(184.98, 178.38)	2669.257	0.1166992	21.09424	0.6723403	70.87743	
2698377011000	2689682264440	None	Pursuit	(219.84, 181.38)	(184.98, 178.38)	2669.257	0.1166992	21.09424	0.6723403	70.87743	
2698393678000	2689698931170	None	Pursuit	(220.15, 180.74)	(182.20, 178.56)	2669.257	0.1333008	34.31084	0.6386572	309.4246	
2698427011000	2689732263769	None	Pursuit	(219.91, 180.86)	(184.83, 179.90)	2669.257	0.166748	18.75319	0.5724757	130.5854	
2698443678000	2689748930575	None	Pursuit	(219.95, 180.67)	(185.01, 180.41)	2669.257	0.1833496	6.633985	0.7501981	142.1091	
2698460344000	2689765597041	None	Pursuit	(219.94, 180.75)	(185.64, 178.11)	2669.257	0.1999512	29.31643	0.96139	73.75668	
2698460344000	2689765596349	None	Pursuit	(219.94, 180.75)	(185.64, 178.11)	2669.257	0.1999512	29.31643	0.96139	73.75668	
2698477011000	2689782263150	None	Fixation	(219.94, 180.75)	(185.33, 178.42)	2669.19	0.2834473	NaN	NaN	NaN	
2698493677000	2689798928996	None	Fixation	(219.64, 180.81)	(185.05, 178.77)	2669.19	0.3000488	NaN	NaN	NaN	
2698510343000	2689815594781	None	Fixation	(219.81, 180.68)	(185.03, 179.07)	2669.19	0.3166504	NaN	NaN	NaN	
2698527010000	2689832261725	None	Fixation	(220.21, 180.81)	(184.95, 178.58)	2669.19	0.333252	NaN	NaN	NaN	
2698543677000	2689848928732	None	Fixation	(220.07, 180.66)	(182.43, 178.79)	2669.19	0.3500977	NaN	NaN	NaN	
2698560343000	2689865594195	None	Fixation	(219.65, 180.61)	(185.53, 178.37)	2669.19	0.3666992	NaN	NaN	NaN	
2698577007000	2689882257936	None	Fixation	(219.66, 180.58)	(185.40, 178.53)	2669.19	0.3833008	NaN	NaN	NaN	
2698593674000	2689898924691	None	Fixation	(219.95, 180.41)	(184.69, 179.30)	2669.19	0.3999023	NaN	NaN	NaN	
2698610343000	2689915593597	None	Blink	(219.50, 182.33)	(185.53, 180.97)	NaN	NaN	NaN	NaN	NaN	
2698627009000	2689932259269	None	Blink	(213.58, 186.80)	(184.71, 187.16)	NaN	NaN	NaN	NaN	NaN	
2698643676000	2689948926085	None	Blink	(0.00, 0.00)	(0.00, 0.00)	NaN	NaN	NaN	NaN	NaN	
2698660342000	2689965591856	None	Blink	(0.00, 0.00)	(0.00, 0.00)	NaN	NaN	NaN	NaN	NaN	
2698677007000	2689982257118	None	Blink	(0.00, 0.00)	(0.00, 0.00)	NaN	NaN	NaN	NaN	NaN	
2698693675000	2689998924418	None	Blink	(0.00, 0.00)	(0.00, 0.00)	NaN	NaN	NaN	NaN	NaN	
2698710342000	2690015591325	None	Blink	(0.00, 0.00)	(0.00, 0.00)	NaN	NaN	NaN	NaN	NaN	
2698727008000	2690032257020	None	Blink	(220.33, 184.75)	(164.07, 192.57)	NaN	NaN	NaN	NaN	NaN	
2698743675000	2690048923871	None	Blink	(215.52, 182.56)	(184.01, 183.39)	NaN	NaN	NaN	NaN	NaN	
2698760341000	2690065589723	None	Blink	(215.07, 182.53)	(184.20, 181.05)	NaN	NaN	NaN	NaN	NaN	
2698777008000	2690082256479	None	Blink	(217.04, 182.99)	(187.38, 179.41)	NaN	NaN	NaN	NaN	NaN	
2698793674000	2690098922212	None	Blink	(217.20, 182.54)	(185.00, 179.65)	NaN	NaN	NaN	NaN	NaN	
2698810341000	2690115589079	None	Blink	(219.19, 182.40)	(184.07, 179.82)	NaN	NaN	NaN	NaN	NaN	
2698827007000	2690132255258	None	Blink	(218.17, 182.02)	(188.50, 178.50)	NaN	NaN	NaN	NaN	NaN	
2698843674000	2690148921601	None	Blink	(218.23, 181.96)	(184.24, 179.73)	NaN	NaN	NaN	NaN	NaN	
2698860340000	2690165587355	None	Blink	(218.79, 181.66)	(185.08, 179.19)	NaN	NaN	NaN	NaN	NaN	
2698877005000	2690182252204	None	Blink	(218.73, 181.71)	(185.32, 179.47)	NaN	NaN	NaN	NaN	NaN	
2698893672000	2690198918941	None	WinkRight	(219.46, 181.75)	(184.89, 179.54)	NaN	NaN	NaN	NaN	NaN	
2698910340000	2690215586863	None	Saccade	(219.87, 181.77)	(185.47, 180.45)	2669.59	0.3168945	17.07505	0.5691685	158.9739	
2698927007000	2690232253533	None	Fixation	(219.15, 181.54)	(184.10, 179.19)	2669.19	0.7333984	NaN	NaN	NaN	
2698943671000	2690248917352	None	Fixation	(219.52, 181.44)	(185.44, 179.44)	2669.19	0.75	NaN	NaN	NaN	
2698960338000	2690265584141	None	Fixation	(219.03, 181.48)	(185.82, 178.63)	2669.19	0.7666016	NaN	NaN	NaN	
2698977006000	2690282251962	None	Fixation	(218.95, 181.45)	(184.94, 179.64)	2669.19	0.7834473	NaN	NaN	NaN	
2698993673000	2690298918692	None	Fixation	(218.99, 181.33)	(185.58, 178.93)	2669.19	0.8000488	NaN	NaN	NaN	
2699010339000	2690315584524	None	Fixation	(218.86, 181.06)	(185.67, 179.01)	2669.19	0.8166504	NaN	NaN	NaN	
2699027006000	2690332251683	None	Fixation	(217.71, 180.91)	(186.88, 179.87)	2669.19	0.833252	NaN	NaN	NaN	
2699043671000	2690348916158	None	Fixation	(218.13, 180.96)	(186.52, 179.80)	2669.19	0.8500977	NaN	NaN	NaN	
2699060338000	2690365582888	None	Fixation	(218.64, 181.16)	(184.83, 179.52)	2669.19	0.8666992	NaN	NaN	NaN	
2699077004000	2690382248715	None	Fixation	(218.41, 181.30)	(184.68, 179.43)	2669.19	0.8833008	NaN	NaN	NaN	
2699093671000	2690398915465	None	Fixation	(219.01, 181.35)	(186.91, 180.02)	2669.19	0.8999023	NaN	NaN	NaN	
2699110337000	2690415581262	None	Fixation	(219.10, 181.14)	(186.83, 179.94)	2669.19	0.916748	NaN	NaN	NaN	
2699127004000	2690432248056	None	Fixation	(218.30, 180.96)	(187.47, 179.36)	2669.19	0.9333496	NaN	NaN	NaN	
2699143670000	2690448913846	None	Fixation	(218.54, 180.98)	(187.07, 180.30)	2669.19	0.9499512	NaN	NaN	NaN	
2699160337000	2690465581011	None	Fixation	(218.14, 180.94)	(184.69, 179.11)	2669.19	0.9667969	NaN	NaN	NaN	
2699177003000	2690482246478	None	Fixation	(218.25, 180.61)	(186.89, 180.50)	2669.19	0.9833984	NaN	NaN	NaN	
2699193670000	2690498913227	None	Fixation	(217.66, 180.68)	(187.08, 180.58)	2669.19	1	NaN	NaN	NaN	
2699210336000	2690515579043	None	Saccade	(218.63, 180.55)	(183.61, 179.11)	2670.19	0.01660156	46.32471	1.544157	306.0704	
2699227003000	2690532245813	None	Pursuit	(218.70, 180.49)	(187.02, 178.82)	2670.19	0.03344727	42.04609	0.723106	11.09259	
2699243669000	2690548912057	None	Pursuit	(218.70, 180.71)	(186.63, 179.11)	2670.19	0.05004883	6.032106	0.6307701	355.8949	
2699260336000	2690565578394	None	Pursuit	(218.43, 180.62)	(188.12, 178.72)	2670.19	0.06665039	19.01771	0.8772616	42.12325	
2699277002000	2690582244226	None	Pursuit	(218.80, 180.81)	(186.24, 179.20)	2670.19	0.08325195	23.83262	0.6621106	341.8974	
2699293669000	2690598910987	None	Fixation	(218.77, 181.27)	(186.44, 180.69)	2669.19	1.100098	NaN	NaN	NaN	
2699310335000	2690615576877	None	Fixation	(218.66, 180.99)	(186.15, 180.43)	2669.19	1.116699	NaN	NaN	NaN	
2699327002000	2690632243582	None	Fixation	(218.84, 180.71)	(186.57, 179.19)	2669.19	1.133301	NaN	NaN	NaN	
2699343668000	2690648909355	None	Fixation	(218.65, 181.02)	(186.38, 179.79)	2669.19	1.149902	NaN	NaN	NaN	
2699360335000	2690665576206	None	Fixation	(218.25, 181.17)	(187.20, 179.28)	2669.19	1.166748	NaN	NaN	NaN	
2699377000000	2690682240982	None	Fixation	(218.75, 181.10)	(186.30, 179.32)	2669.19	1.18335	NaN	NaN	NaN	
2699393666000	2690698906747	None	Fixation	(218.73, 181.19)	(186.67, 179.41)	2669.19	1.199951	NaN	NaN	NaN	
2699410335000	2690715575609	None	Fixation	(218.35, 181.10)	(186.00, 179.10)	2669.19	1.216797	NaN	NaN	NaN	
2699427001000	2690732241324	None	Fixation	(218.85, 180.99)	(183.83, 179.28)	2669.19	1.233398	NaN	NaN	NaN	
2699443668000	2690748908158	None	Fixation	(218.57, 180.76)	(186.51, 179.22)	2669.19	1.25	NaN	NaN	NaN	
2699460334000	2690765573942	None	Fixation	(218.81, 180.83)	(186.33, 178.91)	2669.19	1.266602	NaN	NaN	NaN	
2699477001000	2690782240724	None	Fixation	(218.95, 180.50)	(186.05, 180.53)	2669.19	1.283447	NaN	NaN	NaN	
2699493667000	2690798906920	None	Fixation	(218.95, 180.87)	(186.06, 180.32)	2669.19	1.300049	NaN	NaN	NaN	
2699510334000	2690815573309	None	Fixation	(218.80, 180.58)	(185.99, 179.52)	2669.19	1.31665	NaN	NaN	NaN	
2699527000000	2690832239057	None	Fixation	(218.92, 180.67)	(185.95, 179.26)	2669.19	1.333252	NaN	NaN	NaN	
2699543667000	2690848905863	None	Saccade	(218.73, 180.51)	(183.00, 179.04)	2670.523	0.0168457	36.3413	1.211377	287.1365	
2699560333000	2690865571669	None	Fixation	(218.77, 180.45)	(185.78, 179.02)	2669.19	1.366699	NaN	NaN	NaN	
2699576999000	2690882237486	None	Fixation	(218.83, 180.61)	(185.35, 179.50)	2669.19	1.383301	NaN	NaN	NaN	
2699593666000	2690898904274	None	Fixation	(219.18, 180.66)	(185.86, 178.52)	2669.19	1.399902	NaN	NaN	NaN	
2699610333000	2690915571078	None	Fixation	(218.97, 180.43)	(185.91, 178.65)	2669.19	1.416748	NaN	NaN	NaN	
2699626999000	2690932236847	None	Fixation	(219.03, 180.47)	(185.92, 178.63)	2669.19	1.43335	NaN	NaN	NaN	
2699643666000	2690948903637	None	Fixation	(218.83, 180.48)	(185.93, 178.80)	2669.19	1.449951	NaN	NaN	NaN	
2699660332000	2690965569401	None	Fixation	(218.44, 180.24)	(186.09, 179.30)	2669.19	1.466797	NaN	NaN	NaN	
2699676999000	2690982236316	None	Fixation	(218.54, 180.13)	(186.64, 179.91)	2669.19	1.483398	NaN	NaN	NaN	
2699693665000	2690998902026	None	Fixation	(218.22, 179.87)	(187.18, 180.98)	2669.19	1.5	NaN	NaN	NaN	
2699710332000	2691015569053	None	Fixation	(217.59, 179.50)	(185.27, 180.02)	2669.19	1.516602	NaN	NaN	NaN	
2699726998000	2691032234583	None	Fixation	(217.46, 179.26)	(188.31, 180.49)	2669.19	1.533447	NaN	NaN	NaN	
2699743665000	2691048901400	None	Saccade	(217.12, 178.77)	(188.96, 180.54)	2670.723	0.01660156	7.976691	0.2658897	107.3708	
2699760331000	2691065567209	None	Pursuit	(216.78, 178.22)	(189.68, 182.68)	2670.723	0.03320313	27.8439	1.060465	161.0704	
2699776998000	2691082233991	None	Pursuit	(216.46, 177.81)	(190.33, 182.40)	2670.723	0.04980469	8.707654	1.14043	146.494	
2699793664000	2691098900176	None	Pursuit	(216.11, 177.55)	(191.22, 182.51)	2670.723	0.06665039	11.04694	1.452301	137.7692	
2699810331000	2691115566560	None	Pursuit	(215.71, 176.96)	(191.31, 184.00)	2670.723	0.08325195	18.38578	1.89396	152.4884	
2699826997000	2691132232384	None	Fixation	(215.39, 176.54)	(191.63, 184.30)	2669.19	1.633301	NaN	NaN	NaN	
2699843664000	2691148899161	None	Saccade	(214.95, 175.78)	(193.10, 185.28)	2670.823	0.01660156	21.71496	0.7238321	136.833	
2699860330000	2691165565396	None	Pursuit	(214.48, 175.23)	(193.47, 185.42)	2670.823	0.03344727	4.858917	0.8823239	134.4413	
2699876996000	2691182230911	None	Pursuit	(214.15, 174.78)	(194.69, 186.28)	2670.823	0.05004883	18.37447	1.49407	135.9394	
2699893663000	2691198897523	None	Fixation	(213.92, 174.26)	(192.84, 185.82)	2669.19	1.699951	NaN	NaN	NaN	
2699910329000	2691215563328	None	Saccade	(213.41, 173.62)	(196.18, 187.19)	2670.89	0.0168457	44.42985	1.480995	125.4076	
2699926996000	2691232230122	None	Pursuit	(212.93, 173.26)	(196.90, 188.37)	2670.89	0.03344727	16.95286	1.966513	135.1268	
2699943660000	2691248893901	None	Pursuit	(212.62, 172.70)	(197.47, 188.27)	2670.89	0.05004883	7.128489	2.148767	130.8763	
2699960327000	2691265561311	None	Pursuit	(212.56, 172.37)	(198.58, 189.96)	2670.89	0.06665039	24.88504	2.902774	138.8148	
2699976995000	2691282228494	None	Pursuit	(212.08, 171.73)	(199.06, 189.16)	2670.89	0.08349609	11.55238	2.896468	131.2011	
2699993662000	2691298895270	None	Fixation	(212.02, 171.30)	(199.32, 190.01)	2669.19	1.800049	NaN	NaN	NaN	
2700010328000	2691315561179	None	Fixation	(211.26, 170.82)	(198.51, 190.79)	2669.19	1.81665	NaN	NaN	NaN	
2700026995000	2691332227880	None	Fixation	(211.26, 170.36)	(200.57, 191.10)	2669.19	1.833252	NaN	NaN	NaN	
2700043661000	2691348893680	None	Saccade	(211.04, 170.14)	(201.58, 191.30)	2671.023	0.0168457	12.65461	0.4218204	113.8213	
2700060328000	2691365560441	None	Pursuit	(210.86, 169.63)	(201.46, 191.94)	2671.023	0.03344727	8.114674	0.5019974	146.4248	
2700076995000	2691382227262	None	Pursuit	(210.36, 169.05)	(201.56, 193.03)	2671.023	0.05004883	13.44978	0.8897402	165.8118	
2700093661000	2691398893030	None	Fixation	(210.75, 169.09)	(202.01, 192.97)	2669.19	1.899902	NaN	NaN	NaN	
2700110327000	2691415558834	None	Fixation	(210.38, 168.80)	(202.36, 192.75)	2669.19	1.916748	NaN	NaN	NaN	
2700126994000	2691432225623	None	Fixation	(210.15, 168.17)	(202.70, 194.33)	2669.19	1.93335	NaN	NaN	NaN	
2700143660000	2691448891641	None	Fixation	(209.99, 168.10)	(203.21, 194.17)	2669.19	1.949951	NaN	NaN	NaN	
2700160327000	2691465558208	None	Fixation	(210.16, 167.86)	(203.53, 194.57)	2669.19	1.966553	NaN	NaN	NaN	
2700176993000	2691482224023	None	Fixation	(209.93, 167.56)	(203.38, 194.69)	2669.19	1.983398	NaN	NaN	NaN	
2700193660000	2691498890790	None	Fixation	(210.11, 167.31)	(203.23, 194.77)	2669.19	2	NaN	NaN	NaN	
2700210326000	2691515556569	None	Fixation	(210.71, 167.66)	(202.66, 193.34)	2669.19	2.016602	NaN	NaN	NaN	
2700226993000	2691532224685	None	Saccade	(214.89, 176.16)	(191.98, 185.31)	2671.207	0.0168457	116.5109	5.47704	320.4003	
2700243658000	2691548888577	None	Saccade	(216.51, 183.08)	(187.01, 182.01)	2671.207	0.03344727	87.47259	7.919313	322.656	
2700260324000	2691565553988	None	Unknown	(217.04, 181.50)	(185.02, 180.24)	NaN	NaN	NaN	NaN	NaN	
2700276993000	2691582222769	None	Pursuit	(217.07, 181.49)	(187.20, 180.11)	2671.257	0.01660156	0.5051079	0.01683693	229.4909	
2700293659000	2691598888549	None	Pursuit	(216.81, 180.58)	(184.66, 180.59)	2671.257	0.03344727	11.62713	0.3912355	153.2681	
2700310326000	2691615555348	None	Pursuit	(216.76, 179.86)	(188.65, 179.54)	2671.257	0.05004883	50.74746	1.514573	92.18845	
2700326992000	2691632221165	None	Pursuit	(216.98, 179.90)	(188.25, 180.51)	2671.257	0.06665039	12.88077	1.327859	107.8581	
2700343659000	2691648887939	None	Pursuit	(217.40, 179.82)	(185.94, 179.31)	2671.257	0.08325195	32.02697	0.5351108	57.66827	
2700360325000	2691665554085	None	Pursuit	(217.03, 179.71)	(187.49, 179.94)	2671.257	0.1000977	20.55934	1.01759	96.17798	
2700376992000	2691682220719	None	Pursuit	(217.01, 179.35)	(184.41, 179.07)	2671.257	0.1166992	39.31746	0.5413308	345.4963	
2700393658000	2691698886296	None	Pursuit	(216.86, 179.34)	(187.81, 180.23)	2671.257	0.1333008	44.15665	1.142436	102.8465	
2700410325000	2691715553107	None	Fixation	(217.37, 179.28)	(186.06, 179.43)	2671.307	0.09985352	NaN	NaN	NaN	
2700426991000	2691732218918	None	Saccade	(216.95, 179.06)	(188.14, 178.73)	2671.406	0.0168457	27.00603	0.9002009	84.37885	
2700443658000	2691748885712	None	Pursuit	(217.21, 178.93)	(187.98, 179.07)	2671.406	0.03344727	4.569623	0.8028535	92.28085	
2700460324000	2691765551467	None	Fixation	(217.17, 178.91)	(185.79, 179.51)	2671.307	0.1499023	NaN	NaN	NaN	
2700476989000	2691782216282	None	Fixation	(217.30, 179.11)	(187.79, 179.38)	2671.307	0.166748	NaN	NaN	NaN	
2700493655000	2691798882063	None	Fixation	(216.92, 178.94)	(188.12, 178.92)	2671.307	0.1833496	NaN	NaN	NaN	
2700510324000	2691815550867	None	Fixation	(218.30, 180.26)	(186.30, 180.06)	2671.307	0.1999512	NaN	NaN	NaN	
2700526990000	2691832216639	None	Saccade	(218.67, 181.15)	(183.44, 178.90)	2671.507	0.01660156	38.04434	1.268145	305.1346	
2700543657000	2691848883473	None	Pursuit	(218.95, 180.87)	(185.84, 178.27)	2671.507	0.03344727	30.52092	0.7596111	358.4794	
2700560323000	2691865549221	None	Pursuit	(218.43, 180.76)	(183.09, 178.46)	2671.507	0.05004883	33.87174	1.471592	309.5163	
2700576990000	2691882216243	None	Pursuit	(218.98, 180.82)	(185.58, 178.33)	2671.507	0.06665039	30.71558	0.7707373	350.5415	
2700593656000	2691898881836	None	Fixation	(219.09, 180.69)	(184.98, 179.38)	2671.307	0.2832031	NaN	NaN	NaN	
2700610323000	2691915548634	None	Fixation	(218.61, 180.80)	(185.34, 178.26)	2671.307	0.3000488	NaN	NaN	NaN	
2700626989000	2691932214423	None	Fixation	(218.60, 180.66)	(184.28, 178.72)	2671.307	0.3166504	NaN	NaN	NaN	
2700643656000	2691948881475	None	Fixation	(218.79, 180.83)	(185.86, 178.30)	2671.307	0.333252	NaN	NaN	NaN	
2700660322000	2691965547033	None	Fixation	(219.08, 180.74)	(184.89, 179.42)	2671.307	0.3498535	NaN	NaN	NaN	
2700676989000	2691982213783	None	Fixation	(218.86, 180.91)	(183.50, 179.01)	2671.307	0.3666992	NaN	NaN	NaN	
2700693656000	2691998880571	None	Fixation	(218.81, 180.79)	(183.85, 179.13)	2671.307	0.3833008	NaN	NaN	NaN	
2700710322000	2692015546361	None	Fixation	(218.82, 180.90)	(185.04, 179.61)	2671.307	0.3999023	NaN	NaN	NaN	
2700726989000	2692032213176	None	Fixation	(219.19, 180.88)	(184.72, 179.18)	2671.307	0.416748	NaN	NaN	NaN	
2700743654000	2692048877939	None	Fixation	(218.98, 180.82)	(185.21, 179.78)	2671.307	0.4333496	NaN	NaN	NaN	
2700760320000	2692065543751	None	Fixation	(218.93, 181.03)	(183.09, 178.65)	2671.307	0.4499512	NaN	NaN	NaN	
2700776988000	2692082211870	None	Fixation	(219.04, 180.65)	(182.88, 178.67)	2671.307	0.4665527	NaN	NaN	NaN	
2700793655000	2692098878332	None	Fixation	(219.17, 180.91)	(184.65, 179.21)	2671.307	0.4833984	NaN	NaN	NaN	
2700810321000	2692115544117	None	Fixation	(219.06, 180.84)	(184.88, 178.88)	2671.307	0.5	NaN	NaN	NaN	
2700826988000	2692132210922	None	Fixation	(219.32, 180.72)	(184.36, 179.41)	2671.307	0.5166016	NaN	NaN	NaN	
2700843654000	2692148876724	None	Fixation	(219.08, 180.70)	(182.77, 178.62)	2671.307	0.5332031	NaN	NaN	NaN	
2700860321000	2692165543519	None	Fixation	(219.58, 180.86)	(185.06, 179.49)	2671.307	0.5500488	NaN	NaN	NaN	
2700876987000	2692182209309	None	Fixation	(218.97, 180.87)	(184.97, 179.41)	2671.307	0.5666504	NaN	NaN	NaN	
2700893654000	2692198876115	None	Fixation	(219.09, 180.78)	(185.42, 178.26)	2671.307	0.583252	NaN	NaN	NaN	
2700910320000	2692215541894	None	Fixation	(219.23, 180.99)	(185.39, 178.23)	2671.307	0.5998535	NaN	NaN	NaN	
2700926987000	2692232208692	None	Fixation	(219.20, 180.90)	(185.12, 178.21)	2671.307	0.6166992	NaN	NaN	NaN	
2700943653000	2692248874478	None	Fixation	(219.26, 180.77)	(185.02, 178.46)	2671.307	0.6333008	NaN	NaN	NaN	
2700960320000	2692265541582	None	Fixation	(219.06, 180.55)	(183.01, 178.47)	2671.307	0.6499023	NaN	NaN	NaN	
2700976986000	2692282207450	None	Fixation	(219.48, 180.74)	(184.73, 179.38)	2671.307	0.666748	NaN	NaN	NaN	
2700993653000	2692298873850	None	Fixation	(218.87, 181.10)	(185.69, 177.98)	2671.307	0.6833496	NaN	NaN	NaN	
2701010319000	2692315539974	None	Fixation	(219.20, 181.22)	(184.12, 179.30)	2671.307	0.6999512	NaN	NaN	NaN	
2701026986000	2692332206775	None	Fixation	(219.57, 181.00)	(185.27, 178.54)	2671.307	0.7165527	NaN	NaN	NaN	
2701043652000	2692348872232	None	Fixation	(219.36, 181.26)	(185.43, 178.13)	2671.307	0.7333984	NaN	NaN	NaN	
2701060319000	2692365539053	None	Fixation	(219.41, 180.83)	(184.45, 179.09)	2671.307	0.75	NaN	NaN	NaN	
2701076985000	2692382204825	None	Fixation	(219.48, 180.87)	(185.19, 178.12)	2671.307	0.7666016	NaN	NaN	NaN	
2701093652000	2692398871626	None	Fixation	(219.26, 180.57)	(184.65, 179.16)	2671.307	0.7832031	NaN	NaN	NaN	
2701110318000	2692415537397	None	Fixation	(219.47, 180.86)	(185.25, 177.88)	2671.307	0.8000488	NaN	NaN	NaN	
2701126985000	2692432204209	None	Fixation	(219.32, 180.73)	(184.72, 179.33)	2671.307	0.8166504	NaN	NaN	NaN	
2701143650000	2692448868998	None	Fixation	(219.35, 180.75)	(185.43, 177.88)	2671.307	0.833252	NaN	NaN	NaN	
2701160318000	2692465536777	None	Fixation	(219.66, 180.85)	(185.17, 179.73)	2671.307	0.8498535	NaN	NaN	NaN	
2701176985000	2692482203923	None	Fixation	(218.90, 181.04)	(185.26, 178.35)	2671.307	0.8666992	NaN	NaN	NaN	
2701193651000	2692498869388	None	Fixation	(219.35, 180.68)	(184.26, 178.89)	2671.307	0.8833008	NaN	NaN	NaN	
2701210316000	2692515534179	None	Fixation	(219.54, 180.61)	(185.12, 178.16)	2671.307	0.8999023	NaN	NaN	NaN	
2701226984000	2692532201979	None	Fixation	(219.60, 180.92)	(184.82, 178.78)	2671.307	0.916748	NaN	NaN	NaN	
2701243649000	2692548866774	None	Fixation	(219.50, 180.70)	(184.81, 178.10)	2671.307	0.9333496	NaN	NaN	NaN	
2701260317000	2692565534541	None	Fixation	(219.13, 180.80)	(185.01, 177.92)	2671.307	0.9499512	NaN	NaN	NaN	
2701276984000	2692582201350	None	Fixation	(219.44, 180.80)	(185.46, 177.60)	2671.307	0.9665527	NaN	NaN	NaN	
2701293650000	2692598867154	None	Fixation	(219.46, 180.73)	(185.07, 179.56)	2671.307	0.9833984	NaN	NaN	NaN	
2701310315000	2692615531912	None	Fixation	(219.44, 180.87)	(185.06, 177.95)	2671.307	1	NaN	NaN	NaN	
2701326981000	2692632197727	None	Fixation	(219.20, 180.42)	(185.02, 178.78)	2671.307	1.016602	NaN	NaN	NaN	
2701343648000	2692648864523	None	Saccade	(219.33, 180.82)	(182.41, 178.03)	2672.323	0.01660156	33.42781	1.11426	299.0629	
2701360314000	2692665530311	None	Fixation	(219.21, 180.67)	(184.53, 178.72)	2671.307	1.050049	NaN	NaN	NaN	
2701376983000	2692682199077	None	Fixation	(218.97, 180.73)	(185.39, 179.56)	2671.307	1.06665	NaN	NaN	NaN	
2701393649000	2692698864897	None	Fixation	(218.93, 180.68)	(184.52, 178.74)	2671.307	1.083252	NaN	NaN	NaN	
2701410314000	2692715530180	None	Fixation	(219.16, 180.91)	(184.90, 179.13)	2671.307	1.099854	NaN	NaN	NaN	
2701426982000	2692732197494	None	Fixation	(218.65, 180.64)	(185.60, 178.36)	2671.307	1.116699	NaN	NaN	NaN	
2701443649000	2692748864264	None	Fixation	(218.75, 180.66)	(184.63, 178.57)	2671.307	1.133301	NaN	NaN	NaN	
2701460315000	2692765530076	None	Fixation	(218.93, 180.91)	(184.31, 178.44)	2671.307	1.149902	NaN	NaN	NaN	
2701476980000	2692782194852	None	Fixation	(218.88, 180.81)	(185.41, 179.22)	2671.307	1.166748	NaN	NaN	NaN	
2701493648000	2692798862643	None	Fixation	(218.83, 180.87)	(184.09, 178.43)	2671.307	1.18335	NaN	NaN	NaN	
2701510315000	2692815529436	None	Fixation	(218.90, 180.77)	(185.77, 177.78)	2671.307	1.199951	NaN	NaN	NaN	
2701526981000	2692832195232	None	Fixation	(218.77, 180.93)	(185.75, 178.03)	2671.307	1.216553	NaN	NaN	NaN	
2701543648000	2692848862340	None	Fixation	(218.95, 180.92)	(184.71, 178.57)	2671.307	1.233398	NaN	NaN	NaN	
2701560314000	2692865527837	None	Fixation	(219.00, 180.83)	(185.52, 178.35)	2671.307	1.25	NaN	NaN	NaN	
2701576979000	2692882192600	None	Fixation	(219.03, 180.72)	(184.75, 178.77)	2671.307	1.266602	NaN	NaN	NaN	
2701593645000	2692898858429	None	Fixation	(219.22, 180.86)	(185.20, 178.84)	2671.307	1.283203	NaN	NaN	NaN	
2701610314000	2692915527169	None	Fixation	(219.09, 183.43)	(183.94, 176.35)	2671.307	1.300049	NaN	NaN	NaN	
2701626980000	2692932193059	None	Fixation	(219.12, 182.44)	(183.19, 178.09)	2671.307	1.31665	NaN	NaN	NaN	
2701643647000	2692948859786	None	Fixation	(219.15, 182.17)	(182.86, 177.76)	2671.307	1.333252	NaN	NaN	NaN	
2701660313000	2692965525578	None	Fixation	(219.18, 181.71)	(184.41, 178.95)	2671.307	1.349854	NaN	NaN	NaN	
2701676980000	2692982192373	None	Fixation	(219.61, 181.24)	(184.72, 179.02)	2671.307	1.366699	NaN	NaN	NaN	
2701693647000	2692998859446	None	Fixation	(219.41, 180.60)	(184.99, 179.66)	2671.307	1.383301	NaN	NaN	NaN	
2701710313000	2693015524969	None	Fixation	(220.17, 180.33)	(184.87, 180.18)	2671.307	1.399902	NaN	NaN	NaN	
2701726980000	2693032191750	None	Fixation	(219.97, 179.84)	(185.71, 180.15)	2671.307	1.416748	NaN	NaN	NaN	
2701743646000	2693048857567	None	Fixation	(220.33, 179.19)	(185.43, 180.91)	2671.307	1.43335	NaN	NaN	NaN	
2701760312000	2693065523343	None	Fixation	(220.71, 178.80)	(184.50, 182.47)	2671.307	1.449951	NaN	NaN	NaN	
2701776978000	2693082189134	None	Fixation	(221.26, 178.40)	(185.39, 182.55)	2671.307	1.466553	NaN	NaN	NaN	
2701793645000	2693098856293	None	Fixation	(221.03, 177.92)	(184.88, 183.13)	2671.307	1.483398	NaN	NaN	NaN	
2701810309000	2693115519718	None	Fixation	(221.78, 177.51)	(184.23, 184.10)	2671.307	1.5	NaN	NaN	NaN	
2701826976000	2693132186769	None	Fixation	(221.62, 176.65)	(185.55, 184.36)	2671.307	1.516602	NaN	NaN	NaN	
2701843644000	2693148854598	None	Fixation	(222.57, 176.22)	(185.62, 184.95)	2671.307	1.533203	NaN	NaN	NaN	
2701860311000	2693165521354	None	Saccade	(223.98, 174.59)	(185.02, 187.81)	2672.84	0.0168457	26.42828	1.196975	206.2861	
2701876977000	2693182187205	None	Pursuit	(224.89, 173.16)	(185.60, 191.56)	2672.84	0.03344727	20.86731	1.572524	204.1273	
2701893644000	2693198853672	None	Pursuit	(225.03, 172.37)	(185.26, 190.85)	2672.84	0.05004883	9.885544	1.872528	199.5749	
2701910310000	2693215519470	None	Pursuit	(224.86, 171.67)	(185.17, 191.86)	2672.84	0.06665039	8.840511	2.085797	193.6766	
2701926977000	2693232186259	None	Pursuit	(225.53, 171.47)	(185.68, 191.64)	2672.84	0.08349609	6.767022	2.742308	192.4502	
2701943643000	2693248852070	None	Fixation	(225.83, 171.14)	(185.06, 192.64)	2672.923	0.01660156	NaN	NaN	NaN	
2701960310000	2693265518882	None	Fixation	(226.41, 170.54)	(185.87, 194.20)	2672.923	0.03320313	NaN	NaN	NaN	
2701976976000	2693282184653	None	Fixation	(226.64, 169.82)	(185.47, 193.78)	2672.923	0.04980469	NaN	NaN	NaN	
2701993643000	2693298851475	None	Fixation	(226.59, 169.33)	(186.94, 193.37)	2672.923	0.06665039	NaN	NaN	NaN	
2702010309000	2693315517237	None	Fixation	(226.79, 168.77)	(185.82, 195.95)	2672.923	0.08325195	NaN	NaN	NaN	
2702026976000	2693332184040	None	Saccade	(227.50, 168.41)	(186.01, 196.46)	2673.007	0.01660156	6.706101	0.2235367	172.6648	
2702043642000	2693348849814	None	Pursuit	(227.55, 168.21)	(185.91, 196.97)	2673.007	0.03344727	6.312511	0.4168696	188.3017	
2702060309000	2693365516613	None	Pursuit	(227.64, 167.78)	(187.35, 195.46)	2673.007	0.05004883	25.65437	0.6573631	85.07859	
2702076975000	2693382182849	None	Fixation	(228.17, 167.24)	(185.99, 196.55)	2672.923	0.1499023	NaN	NaN	NaN	
2702093642000	2693398849234	None	Fixation	(228.13, 166.74)	(186.33, 197.43)	2672.923	0.1665039	NaN	NaN	NaN	
2702110308000	2693415515417	None	Fixation	(228.83, 166.52)	(185.93, 198.35)	2672.923	0.1833496	NaN	NaN	NaN	
2702126975000	2693432181807	None	Saccade	(228.69, 166.08)	(185.67, 198.71)	2673.107	0.01660156	5.464664	0.1821555	229.3025	
2702143642000	2693448848561	None	Fixation	(228.81, 166.03)	(186.13, 200.25)	2672.923	0.2165527	NaN	NaN	NaN	
2702160308000	2693465514350	None	Fixation	(228.70, 166.78)	(185.66, 196.88)	2672.923	0.2331543	NaN	NaN	NaN	
2702176973000	2693482179541	None	Saccade	(224.34, 175.38)	(183.34, 184.70)	2673.156	0.0168457	118.6937	5.08107	8.047435	
2702193640000	2693498845992	None	Saccade	(219.89, 182.57)	(183.13, 179.79)	2673.156	0.03344727	103.9334	7.414209	16.15131	
2702210307000	2693515512755	None	Pursuit	(221.11, 181.68)	(184.76, 179.15)	2673.19	0.01660156	21.52821	0.7176069	81.63281	
2702226973000	2693532178529	None	Pursuit	(220.60, 182.23)	(183.79, 178.17)	2673.207	0.01660156	9.214251	0.3071417	29.67438	
2702243640000	2693548845333	None	Pursuit	(219.75, 181.67)	(183.84, 178.27)	2673.207	0.03344727	12.56001	0.5577198	77.47997	
2702260306000	2693565511125	None	Unknown	(220.28, 181.08)	(184.03, 178.73)	NaN	NaN	NaN	NaN	NaN	
2702276973000	2693582177958	None	Fixation	(220.66, 180.99)	(184.53, 177.94)	2673.257	0.01660156	NaN	NaN	NaN	
2702293639000	2693598843747	None	Fixation	(220.54, 181.12)	(184.61, 177.57)	2673.257	0.03344727	NaN	NaN	NaN	
2702310306000	2693615510507	None	Fixation	(220.06, 180.97)	(184.00, 178.13)	2673.257	0.05004883	NaN	NaN	NaN	
2702326972000	2693632176341	None	Fixation	(220.04, 180.47)	(184.20, 178.22)	2673.257	0.06665039	NaN	NaN	NaN	
2702343639000	2693648843414	None	Fixation	(220.41, 180.47)	(183.99, 177.96)	2673.257	0.08325195	NaN	NaN	NaN	
2702360305000	2693665508873	None	Fixation	(220.46, 180.74)	(184.39, 177.66)	2673.257	0.1000977	NaN	NaN	NaN	
2702376972000	2693682175703	None	Fixation	(220.56, 180.38)	(184.06, 179.36)	2673.257	0.1166992	NaN	NaN	NaN	
2702393638000	2693698841481	None	Fixation	(220.32, 180.36)	(184.16, 177.82)	2673.257	0.1333008	NaN	NaN	NaN	
2702410305000	2693715508267	None	Fixation	(220.14, 180.22)	(183.49, 179.06)	2673.257	0.1499023	NaN	NaN	NaN	
2702426971000	2693732174060	None	Fixation	(220.60, 180.40)	(184.42, 177.75)	2673.257	0.166748	NaN	NaN	NaN	
2702443638000	2693748840849	None	Fixation	(220.42, 180.49)	(183.08, 178.53)	2673.257	0.1833496	NaN	NaN	NaN	
2702460304000	2693765506648	None	Fixation	(219.75, 181.10)	(182.87, 177.71)	2673.257	0.1999512	NaN	NaN	NaN	
2702476971000	2693782173454	None	Fixation	(219.32, 180.97)	(184.60, 177.75)	2673.257	0.2165527	NaN	NaN	NaN	
2702493637000	2693798839230	None	Fixation	(219.83, 181.07)	(184.10, 178.73)	2673.257	0.2333984	NaN	NaN	NaN	
2702510304000	2693815506037	None	Fixation	(219.43, 180.77)	(184.94, 179.30)	2673.257	0.25	NaN	NaN	NaN	
2702526970000	2693832171860	None	Fixation	(219.53, 180.78)	(183.32, 178.35)	2673.257	0.2666016	NaN	NaN	NaN	
2702543637000	2693848838614	None	Fixation	(219.25, 180.71)	(183.17, 178.20)	2673.257	0.2834473	NaN	NaN	NaN	
2702560303000	2693865504478	None	Fixation	(219.37, 180.66)	(184.35, 178.49)	2673.257	0.3000488	NaN	NaN	NaN	
2702576970000	2693882171211	None	Fixation	(219.49, 180.65)	(184.78, 177.81)	2673.257	0.3166504	NaN	NaN	NaN	
2702593636000	2693898837044	None	Fixation	(219.26, 180.65)	(184.69, 178.19)	2673.257	0.333252	NaN	NaN	NaN	
2702610303000	2693915503826	None	Fixation	(219.47, 180.66)	(184.93, 178.66)	2673.257	0.3500977	NaN	NaN	NaN	
2702626970000	2693932170648	None	Fixation	(219.37, 180.78)	(184.89, 179.24)	2673.257	0.3666992	NaN	NaN	NaN	
2702643636000	2693948836402	None	Fixation	(219.11, 180.54)	(184.69, 178.29)	2673.257	0.3833008	NaN	NaN	NaN	
2702660303000	2693965503176	None	Fixation	(219.17, 180.67)	(185.70, 177.28)	2673.257	0.3999023	NaN	NaN	NaN	
2702676969000	2693982168971	None	Fixation	(219.55, 180.61)	(183.37, 178.39)	2673.257	0.416748	NaN	NaN	NaN	
2702693636000	2693998835762	None	Fixation	(219.46, 180.49)	(184.93, 177.73)	2673.257	0.4333496	NaN	NaN	NaN	
2702710301000	2694015500576	None	Fixation	(219.44, 180.58)	(185.03, 177.67)	2673.257	0.4499512	NaN	NaN	NaN	
2702726968000	2694032167434	None	Fixation	(219.32, 180.55)	(184.57, 178.38)	2673.257	0.4665527	NaN	NaN	NaN	
2702743634000	2694048833126	None	Fixation	(219.18, 180.53)	(184.62, 178.45)	2673.257	0.4833984	NaN	NaN	NaN	
2702760301000	2694065499926	None	Fixation	(219.23, 180.63)	(185.19, 177.88)	2673.257	0.5	NaN	NaN	NaN	
2702776967000	2694082165714	None	Fixation	(218.93, 180.83)	(184.94, 178.67)	2673.257	0.5166016	NaN	NaN	NaN	
2702793634000	2694098832951	None	Fixation	(219.14, 180.83)	(184.76, 179.51)	2673.257	0.5334473	NaN	NaN	NaN	
2702810300000	2694115498641	None	Fixation	(219.67, 180.86)	(185.03, 179.32)	2673.257	0.5500488	NaN	NaN	NaN	
2702826967000	2694132165176	None	Fixation	(219.19, 180.62)	(185.06, 178.22)	2673.257	0.5666504	NaN	NaN	NaN	
2702843631000	2694148828884	None	Fixation	(219.32, 180.57)	(185.25, 178.75)	2673.257	0.583252	NaN	NaN	NaN	
2702860298000	2694165495709	None	Fixation	(219.04, 180.61)	(184.20, 178.53)	2673.257	0.6000977	NaN	NaN	NaN	
2702876966000	2694182163476	None	Fixation	(219.43, 180.71)	(184.03, 178.32)	2673.257	0.6166992	NaN	NaN	NaN	
2702893633000	2694198830292	None	Fixation	(219.12, 180.75)	(184.82, 179.63)	2673.257	0.6333008	NaN	NaN	NaN	
2702910299000	2694215496479	None	Fixation	(219.12, 180.64)	(185.17, 178.35)	2673.257	0.6499023	NaN	NaN	NaN	
2702926966000	2694232163179	None	Fixation	(219.14, 180.88)	(184.95, 178.75)	2673.257	0.666748	NaN	NaN	NaN	
2702943632000	2694248828663	None	Fixation	(219.01, 180.84)	(185.15, 178.82)	2673.257	0.6833496	NaN	NaN	NaN	
2702960299000	2694265495446	None	Fixation	(219.08, 180.73)	(185.22, 178.81)	2673.257	0.6999512	NaN	NaN	NaN	
2702976965000	2694282161236	None	Fixation	(219.34, 180.83)	(185.35, 178.69)	2673.257	0.7165527	NaN	NaN	NaN	
2702993632000	2694298829592	None	Fixation	(219.31, 180.94)	(184.84, 178.10)	2673.257	0.7333984	NaN	NaN	NaN	
2703010298000	2694315493834	None	Fixation	(219.29, 180.60)	(184.82, 179.20)	2673.257	0.75	NaN	NaN	NaN	
2703026965000	2694332160640	None	Fixation	(219.50, 180.90)	(184.52, 178.81)	2673.257	0.7666016	NaN	NaN	NaN	
2703043631000	2694348826414	None	Fixation	(218.69, 182.84)	(184.56, 176.81)	2673.257	0.7834473	NaN	NaN	NaN	
2703060298000	2694365493290	None	Fixation	(218.85, 181.79)	(184.81, 178.14)	2673.257	0.8000488	NaN	NaN	NaN	
2703076962000	2694382157036	None	Fixation	(218.91, 181.63)	(185.05, 178.03)	2673.257	0.8166504	NaN	NaN	NaN	
2703093629000	2694398823808	None	Fixation	(218.71, 181.72)	(184.89, 179.33)	2673.257	0.833252	NaN	NaN	NaN	
2703110298000	2694415492575	None	Fixation	(219.27, 181.40)	(185.22, 179.60)	2673.257	0.8500977	NaN	NaN	NaN	
2703126964000	2694432158387	None	Fixation	(219.20, 181.64)	(184.84, 178.75)	2673.257	0.8666992	NaN	NaN	NaN	
2703143631000	2694448825188	None	Fixation	(219.28, 181.48)	(184.73, 178.76)	2673.257	0.8833008	NaN	NaN	NaN	
2703160297000	2694465491187	None	Fixation	(219.27, 181.36)	(182.95, 178.00)	2673.257	0.8999023	NaN	NaN	NaN	
2703176964000	2694482157743	None	Fixation	(219.15, 181.65)	(184.90, 178.06)	2673.257	0.916748	NaN	NaN	NaN	
2703193630000	2694498823990	None	Fixation	(219.17, 181.48)	(184.44, 177.93)	2673.257	0.9333496	NaN	NaN	NaN	
2703210297000	2694515490602	None	Fixation	(219.09, 181.66)	(184.36, 178.14)	2673.257	0.9499512	NaN	NaN	NaN	
2703226963000	2694532156154	None	Fixation	(219.10, 181.34)	(184.92, 177.77)	2673.257	0.9665527	NaN	NaN	NaN	
2703243630000	2694548823270	None	Fixation	(219.21, 181.72)	(184.22, 178.79)	2673.257	0.9833984	NaN	NaN	NaN	
2703260296000	2694565488742	None	Fixation	(219.17, 181.43)	(185.01, 177.57)	2673.257	1	NaN	NaN	NaN	
2703276961000	2694582153549	None	Fixation	(219.07, 181.22)	(183.80, 178.15)	2673.257	1.016602	NaN	NaN	NaN	
2703293627000	2694598819310	None	Fixation	(219.22, 181.43)	(184.59, 178.31)	2673.257	1.033203	NaN	NaN	NaN	
2703310296000	2694615488109	None	Fixation	(219.00, 181.30)	(184.54, 177.81)	2673.257	1.050049	NaN	NaN	NaN	
2703326962000	2694632153906	None	Fixation	(218.98, 181.45)	(184.61, 177.66)	2673.257	1.06665	NaN	NaN	NaN	
2703343629000	2694648820677	None	Fixation	(219.39, 181.45)	(183.61, 178.23)	2673.257	1.083252	NaN	NaN	NaN	
2703360295000	2694665486497	None	Fixation	(219.96, 181.39)	(184.24, 179.03)	2673.257	1.100098	NaN	NaN	NaN	
2703376962000	2694682153270	None	Fixation	(219.92, 181.66)	(183.94, 177.73)	2673.257	1.116699	NaN	NaN	NaN	
2703393628000	2694698819089	None	Fixation	(220.12, 181.51)	(183.52, 177.94)	2673.257	1.133301	NaN	NaN	NaN	
2703410295000	2694715485838	None	Fixation	(220.60, 181.74)	(182.58, 177.77)	2673.257	1.149902	NaN	NaN	NaN	
2703426961000	2694732151664	None	Fixation	(221.66, 181.97)	(182.09, 179.03)	2673.257	1.166748	NaN	NaN	NaN	
2703443628000	2694748818841	None	Fixation	(222.01, 181.96)	(181.64, 178.08)	2673.257	1.18335	NaN	NaN	NaN	
2703460294000	2694765484561	None	Fixation	(222.72, 182.17)	(181.23, 178.18)	2673.257	1.199951	NaN	NaN	NaN	
2703476959000	2694782149031	None	Fixation	(223.15, 182.14)	(180.50, 178.05)	2673.257	1.216553	NaN	NaN	NaN	
2703493625000	2694798814816	None	Fixation	(223.48, 182.30)	(179.44, 178.67)	2673.257	1.233398	NaN	NaN	NaN	
2703510292000	2694815481614	None	Fixation	(224.40, 182.41)	(178.30, 178.66)	2673.257	1.25	NaN	NaN	NaN	
2703526960000	2694832149426	None	Fixation	(224.53, 182.65)	(178.74, 178.63)	2673.257	1.266602	NaN	NaN	NaN	
2703543625000	2694848814230	None	Fixation	(225.22, 182.81)	(178.73, 178.78)	2673.257	1.283203	NaN	NaN	NaN	
2703560292000	2694865481001	None	Fixation	(225.64, 182.79)	(178.40, 178.62)	2673.257	1.300049	NaN	NaN	NaN	
2703576960000	2694882148768	None	Fixation	(226.03, 182.94)	(175.46, 178.99)	2673.257	1.31665	NaN	NaN	NaN	
2703593626000	2694898814579	None	Saccade	(226.89, 183.00)	(175.38, 179.00)	2674.573	0.01660156	0.9539438	0.03179812	276.1957	
2703610291000	2694915479375	None	Pursuit	(227.21, 183.14)	(174.48, 179.13)	2674.573	0.03344727	11.16987	0.4041197	275.0027	
2703626958000	2694932146192	None	Pursuit	(227.93, 183.17)	(175.54, 180.50)	2674.573	0.05004883	21.30765	0.6194351	189.8781	
2703643623000	2694948810976	None	Fixation	(228.69, 183.23)	(175.28, 179.40)	2673.257	1.383301	NaN	NaN	NaN	
2703660292000	2694965479786	None	Saccade	(230.74, 183.54)	(173.46, 180.27)	2674.64	0.01660156	25.46255	0.8487515	265.632	
2703676956000	2694982143574	None	Saccade	(231.53, 183.47)	(170.97, 181.27)	2674.656	0.0168457	33.05026	1.101675	261.0483	
2703693623000	2694998810381	None	Pursuit	(232.00, 183.43)	(171.04, 180.93)	2674.64	0.05004883	5.827231	1.358382	260.4565	
2703710291000	2695015478180	None	Pursuit	(233.16, 183.55)	(170.19, 181.10)	2674.64	0.06665039	14.41052	1.838326	261.1733	
2703726958000	2695032145394	None	Unknown	(233.44, 183.65)	(170.86, 180.82)	NaN	NaN	NaN	NaN	NaN	
2703743625000	2695048811727	None	Fixation	(234.02, 183.92)	(169.83, 180.68)	2674.723	0.0168457	NaN	NaN	NaN	
2703760292000	2695065478536	None	Fixation	(234.00, 183.82)	(170.44, 180.50)	2674.723	0.03344727	NaN	NaN	NaN	
2703776955000	2695082141313	None	Fixation	(234.71, 183.95)	(169.32, 181.06)	2674.723	0.05004883	NaN	NaN	NaN	
2703793624000	2695098810114	None	Fixation	(235.10, 184.12)	(168.09, 181.57)	2674.723	0.06665039	NaN	NaN	NaN	
2703810290000	2695115475916	None	Fixation	(235.50, 184.40)	(168.82, 181.33)	2674.723	0.08349609	NaN	NaN	NaN	
2703826957000	2695132142705	None	Fixation	(235.56, 184.09)	(168.08, 181.30)	2674.723	0.1000977	NaN	NaN	NaN	
2703843623000	2695148808482	None	Fixation	(235.84, 184.43)	(167.40, 181.85)	2674.723	0.1166992	NaN	NaN	NaN	
2703860290000	2695165475681	None	Fixation	(234.93, 184.14)	(168.58, 182.21)	2674.723	0.1335449	NaN	NaN	NaN	
2703876955000	2695182140114	None	Saccade	(224.61, 182.81)	(179.79, 179.54)	2674.857	0.01660156	127.9149	4.724741	86.95945	
2703893621000	2695198805877	None	Saccade	(218.45, 184.18)	(185.67, 181.12)	2674.857	0.03320313	77.62766	7.02015	88.11325	
2703910289000	2695215473637	None	Unknown	(219.52, 183.12)	(184.77, 180.46)	NaN	NaN	NaN	NaN	NaN	
2703926956000	2695232140494	None	Pursuit	(218.73, 182.63)	(186.01, 179.10)	2674.906	0.0168457	11.43733	0.3812443	108.7019	
2703943622000	2695248806243	None	Pursuit	(218.59, 182.21)	(186.25, 178.47)	2674.906	0.03344727	5.409374	0.5323499	121.2397	
2703960289000	2695265473055	None	Unknown	(219.44, 181.47)	(184.48, 178.41)	NaN	NaN	NaN	NaN	NaN	
2703976955000	2695282138844	None	Fixation	(219.82, 181.33)	(185.50, 177.79)	2674.957	0.01660156	NaN	NaN	NaN	
2703993622000	2695298805660	None	Fixation	(219.01, 181.22)	(184.77, 178.35)	2674.957	0.03344727	NaN	NaN	NaN	
2704010287000	2695315470814	None	Fixation	(219.58, 181.20)	(185.10, 177.72)	2674.957	0.05004883	NaN	NaN	NaN	
2704026953000	2695332136669	None	Fixation	(219.69, 180.93)	(184.92, 178.06)	2674.957	0.06665039	NaN	NaN	NaN	
2704043620000	2695348802995	None	Fixation	(219.36, 180.87)	(184.95, 177.97)	2674.957	0.08325195	NaN	NaN	NaN	
2704060286000	2695365469415	None	Fixation	(219.16, 180.78)	(185.41, 177.65)	2674.957	0.1000977	NaN	NaN	NaN	
2704076954000	2695382136621	None	Fixation	(219.28, 180.93)	(185.54, 177.23)	2674.957	0.1166992	NaN	NaN	NaN	
2704093621000	2695398803386	None	Fixation	(219.40, 180.89)	(186.51, 177.06)	2674.957	0.1333008	NaN	NaN	NaN	
2704110288000	2695415470186	None	Fixation	(219.28, 180.75)	(184.82, 178.02)	2674.957	0.1501465	NaN	NaN	NaN	
2704126954000	2695432135979	None	Fixation	(219.31, 180.78)	(185.27, 178.08)	2674.957	0.166748	NaN	NaN	NaN	
2704143621000	2695448802746	None	Fixation	(219.23, 180.99)	(184.87, 178.00)	2674.957	0.1833496	NaN	NaN	NaN	
2704160287000	2695465468944	None	Fixation	(219.34, 181.01)	(185.05, 177.36)	2674.957	0.1999512	NaN	NaN	NaN	
2704176954000	2695482135678	None	Fixation	(219.19, 181.02)	(184.64, 177.49)	2674.957	0.2167969	NaN	NaN	NaN	
2704210285000	2695515466381	None	Fixation	(219.13, 180.98)	(184.39, 178.14)	2674.957	0.25	NaN	NaN	NaN	
2704210285000	2695515466009	None	Fixation	(219.13, 180.98)	(184.39, 178.14)	2674.957	0.25	NaN	NaN	NaN	
2704226951000	2695532131793	None	Fixation	(219.15, 180.89)	(185.35, 177.64)	2674.957	0.2666016	NaN	NaN	NaN	
2704243620000	2695548800582	None	Fixation	(219.16, 180.87)	(185.39, 179.05)	2674.957	0.2834473	NaN	NaN	NaN	
2704260286000	2695565466343	None	Fixation	(219.24, 180.93)	(183.72, 178.01)	2674.957	0.3000488	NaN	NaN	NaN	
2704276953000	2695582133646	None	Fixation	(219.15, 181.03)	(185.48, 177.30)	2674.957	0.3166504	NaN	NaN	NaN	
2704293619000	2695598799265	None	Fixation	(219.00, 180.91)	(185.06, 179.07)	2674.957	0.333252	NaN	NaN	NaN	
2704310286000	2695615465746	None	Fixation	(219.18, 180.84)	(185.12, 178.58)	2674.957	0.3500977	NaN	NaN	NaN	
2704326952000	2695632131510	None	Fixation	(219.34, 180.90)	(184.34, 178.23)	2674.957	0.3666992	NaN	NaN	NaN	
2704343619000	2695648798383	None	Fixation	(220.70, 180.62)	(184.31, 179.80)	2674.957	0.3833008	NaN	NaN	NaN	
2704360285000	2695665464207	None	Fixation	(220.04, 181.05)	(184.07, 178.64)	2674.957	0.4001465	NaN	NaN	NaN	
2704376952000	2695682130863	None	Fixation	(219.88, 180.80)	(182.30, 178.07)	2674.957	0.416748	NaN	NaN	NaN	
2704393618000	2695698796952	None	Fixation	(220.02, 180.89)	(184.61, 179.74)	2674.957	0.4333496	NaN	NaN	NaN	
2704410285000	2695715463486	None	Fixation	(219.86, 180.96)	(184.45, 178.18)	2674.957	0.4499512	NaN	NaN	NaN	
2704426951000	2695732129335	None	Fixation	(220.01, 180.81)	(184.36, 178.89)	2674.957	0.4667969	NaN	NaN	NaN	
2704443618000	2695748796442	None	Fixation	(219.97, 180.87)	(184.36, 179.10)	2674.957	0.4833984	NaN	NaN	NaN	
2704460284000	2695765461870	None	Fixation	(219.84, 180.67)	(184.65, 177.79)	2674.957	0.5	NaN	NaN	NaN	
2704476951000	2695782128678	None	Fixation	(219.86, 180.84)	(184.98, 177.78)	2674.957	0.5166016	NaN	NaN	NaN	
2704493617000	2695798794455	None	Fixation	(220.07, 180.87)	(184.53, 177.93)	2674.957	0.5334473	NaN	NaN	NaN	
2704510282000	2695815459219	None	Fixation	(220.06, 180.74)	(184.48, 177.92)	2674.957	0.5500488	NaN	NaN	NaN	
2704543617000	2695848794056	None	Fixation	(220.01, 180.84)	(184.83, 177.97)	2674.957	0.583252	NaN	NaN	NaN	
2704543617000	2695848793887	None	Fixation	(220.01, 180.84)	(184.83, 177.97)	2674.957	0.583252	NaN	NaN	NaN	
2704576950000	2695882127388	None	Fixation	(218.98, 181.22)	(184.76, 177.82)	2674.957	0.6166992	NaN	NaN	NaN	
2704576950000	2695882126398	None	Fixation	(218.98, 181.22)	(184.76, 177.82)	2674.957	0.6166992	NaN	NaN	NaN	
2704593616000	2695898792215	None	Fixation	(219.51, 180.87)	(185.37, 177.99)	2674.957	0.6333008	NaN	NaN	NaN	
2704610282000	2695915457983	None	Fixation	(219.20, 181.04)	(184.13, 178.33)	2674.957	0.6501465	NaN	NaN	NaN	
2704626949000	2695932124804	None	Fixation	(219.15, 180.83)	(185.06, 178.30)	2674.957	0.666748	NaN	NaN	NaN	
2704643615000	2695948790566	None	Fixation	(219.17, 180.94)	(184.62, 178.48)	2674.957	0.6833496	NaN	NaN	NaN	
2704676948000	2695982123590	None	Fixation	(219.21, 180.63)	(184.96, 178.12)	2674.957	0.7167969	NaN	NaN	NaN	
2704676948000	2695982123232	None	Fixation	(219.21, 180.63)	(184.96, 178.12)	2674.957	0.7167969	NaN	NaN	NaN	
2704710281000	2696015456303	None	Fixation	(219.25, 180.83)	(184.97, 178.32)	2674.957	0.75	NaN	NaN	NaN	
2704710281000	2696015456268	None	Fixation	(219.25, 180.83)	(184.97, 178.32)	2674.957	0.75	NaN	NaN	NaN	
2704726948000	2696032122833	None	Fixation	(219.25, 180.83)	(184.95, 178.49)	2674.957	0.7666016	NaN	NaN	NaN	
2704743614000	2696048788340	None	Fixation	(219.47, 180.93)	(185.26, 177.53)	2674.957	0.7834473	NaN	NaN	NaN	
2704776947000	2696082121235	None	Fixation	(219.42, 180.71)	(184.96, 178.34)	2674.957	0.8166504	NaN	NaN	NaN	
2704776947000	2696082121090	None	Fixation	(219.42, 180.71)	(184.96, 178.34)	2674.957	0.8166504	NaN	NaN	NaN	
2704793614000	2696098787743	None	Fixation	(219.37, 180.74)	(185.07, 178.20)	2674.957	0.833252	NaN	NaN	NaN	
2704810280000	2696115453528	None	Fixation	(219.48, 180.93)	(185.03, 178.24)	2674.957	0.8500977	NaN	NaN	NaN	
2704843612000	2696148785347	None	Fixation	(219.39, 180.78)	(184.85, 178.60)	2674.957	0.8833008	NaN	NaN	NaN	
2704843612000	2696148785176	None	Fixation	(219.39, 180.78)	(184.85, 178.60)	2674.957	0.8833008	NaN	NaN	NaN	
2704860279000	2696165452288	None	Fixation	(219.35, 180.45)	(184.77, 178.33)	2674.957	0.8999023	NaN	NaN	NaN	
2704876946000	2696182118688	None	Fixation	(219.22, 180.61)	(184.55, 178.61)	2674.957	0.916748	NaN	NaN	NaN	
2704910279000	2696215451577	None	Fixation	(219.36, 180.61)	(185.15, 178.02)	2674.957	0.9499512	NaN	NaN	NaN	
2704910279000	2696215451266	None	Fixation	(219.36, 180.61)	(185.15, 178.02)	2674.957	0.9499512	NaN	NaN	NaN	
2704926946000	2696232118106	None	Fixation	(219.29, 180.57)	(184.93, 178.21)	2674.957	0.9667969	NaN	NaN	NaN	
2704943612000	2696248783846	None	Fixation	(219.46, 180.69)	(183.71, 178.71)	2674.957	0.9833984	NaN	NaN	NaN	
2704960279000	2696265450738	None	Fixation	(219.12, 180.75)	(184.39, 178.17)	2674.957	1	NaN	NaN	NaN	
2704976945000	2696282116514	None	Fixation	(219.36, 180.44)	(184.79, 178.64)	2674.957	1.016602	NaN	NaN	NaN	
2705010279000	2696315450424	None	Fixation	(219.37, 180.61)	(184.71, 178.41)	2674.957	1.050049	NaN	NaN	NaN	
2705010279000	2696315450094	None	Fixation	(219.37, 180.61)	(184.71, 178.41)	2674.957	1.050049	NaN	NaN	NaN	
2705043612000	2696348783204	None	Fixation	(219.14, 180.39)	(185.07, 178.09)	2674.957	1.083252	NaN	NaN	NaN	
2705043612000	2696348782686	None	Fixation	(219.14, 180.39)	(185.07, 178.09)	2674.957	1.083252	NaN	NaN	NaN	
2705060279000	2696365449450	None	Fixation	(219.12, 180.51)	(185.16, 177.57)	2674.957	1.100098	NaN	NaN	NaN	
2705093612000	2696398782216	None	Fixation	(219.08, 180.57)	(185.35, 178.18)	2674.957	1.133301	NaN	NaN	NaN	
2705110279000	2696415449019	None	Fixation	(219.27, 180.67)	(186.00, 177.69)	2674.957	1.149902	NaN	NaN	NaN	
2705110279000	2696415448801	None	Fixation	(219.27, 180.67)	(186.00, 177.69)	2674.957	1.149902	NaN	NaN	NaN	
2705143612000	2696448781590	None	Fixation	(219.17, 180.64)	(184.97, 178.47)	2674.957	1.18335	NaN	NaN	NaN	
2705143612000	2696448781463	None	Fixation	(219.17, 180.64)	(184.97, 178.47)	2674.957	1.18335	NaN	NaN	NaN	
2705160278000	2696465447240	None	Fixation	(219.26, 180.27)	(185.26, 178.77)	2674.957	1.199951	NaN	NaN	NaN	
2705176943000	2696482111966	None	Fixation	(219.17, 180.43)	(185.83, 177.83)	2674.957	1.216797	NaN	NaN	NaN	
2705193609000	2696498777831	None	Fixation	(219.11, 180.38)	(185.22, 178.70)	2674.957	1.233398	NaN	NaN	NaN	
2705210276000	2696515444650	None	Fixation	(218.98, 180.47)	(185.46, 177.89)	2674.957	1.25	NaN	NaN	NaN	
2705243611000	2696548779400	None	Fixation	(219.12, 180.28)	(184.87, 178.92)	2674.957	1.283447	NaN	NaN	NaN	
2705243611000	2696548779139	None	Fixation	(219.12, 180.28)	(184.87, 178.92)	2674.957	1.283447	NaN	NaN	NaN	
2705276944000	2696582112432	None	Fixation	(219.27, 180.29)	(185.22, 178.13)	2674.957	1.31665	NaN	NaN	NaN	
2705293610000	2696598777708	None	Fixation	(219.28, 180.23)	(184.69, 179.16)	2674.957	1.333252	NaN	NaN	NaN	
2705310277000	2696615444582	None	Fixation	(219.34, 180.37)	(185.47, 178.34)	2674.957	1.350098	NaN	NaN	NaN	
2705310277000	2696615444293	None	Fixation	(219.34, 180.37)	(185.47, 178.34)	2674.957	1.350098	NaN	NaN	NaN	
2705343610000	2696648777129	None	Fixation	(219.27, 180.52)	(184.37, 178.70)	2674.957	1.383301	NaN	NaN	NaN	
2705343610000	2696648776926	None	Fixation	(219.27, 180.52)	(184.37, 178.70)	2674.957	1.383301	NaN	NaN	NaN	
2705376943000	2696682110214	None	Fixation	(219.49, 180.63)	(184.93, 179.67)	2674.957	1.416748	NaN	NaN	NaN	
2705376943000	2696682109884	None	Fixation	(219.49, 180.63)	(184.93, 179.67)	2674.957	1.416748	NaN	NaN	NaN	
2705410276000	2696715442662	None	Fixation	(219.46, 180.51)	(185.33, 178.15)	2674.957	1.449951	NaN	NaN	NaN	
2705410276000	2696715442690	None	Fixation	(219.46, 180.51)	(185.33, 178.15)	2674.957	1.449951	NaN	NaN	NaN	
2705443609000	2696748775290	None	Fixation	(219.61, 180.40)	(184.41, 179.07)	2674.957	1.483398	NaN	NaN	NaN	
2705443609000	2696748774682	None	Fixation	(219.61, 180.40)	(184.41, 179.07)	2674.957	1.483398	NaN	NaN	NaN	
2705460276000	2696765441515	None	Fixation	(219.91, 180.49)	(182.49, 178.44)	2674.957	1.5	NaN	NaN	NaN	
2705493607000	2696798772277	None	Fixation	(219.57, 180.44)	(185.07, 179.70)	2674.957	1.533447	NaN	NaN	NaN	
2705510275000	2696815440115	None	Fixation	(219.42, 180.56)	(185.45, 178.16)	2674.957	1.550049	NaN	NaN	NaN	
2705510275000	2696815440094	None	Fixation	(219.42, 180.56)	(185.45, 178.16)	2674.957	1.550049	NaN	NaN	NaN	
2705543606000	2696848770932	None	Fixation	(219.61, 180.63)	(182.88, 178.65)	2674.957	1.583252	NaN	NaN	NaN	
2705543606000	2696848770550	None	Fixation	(219.61, 180.63)	(182.88, 178.65)	2674.957	1.583252	NaN	NaN	NaN	
2705576941000	2696882105682	None	Fixation	(219.42, 180.34)	(185.48, 178.58)	2674.957	1.616699	NaN	NaN	NaN	
2705576941000	2696882105089	None	Fixation	(219.42, 180.34)	(185.48, 178.58)	2674.957	1.616699	NaN	NaN	NaN	
2705610274000	2696915437816	None	Fixation	(219.52, 180.32)	(184.82, 178.92)	2674.957	1.649902	NaN	NaN	NaN	
2705610274000	2696915437579	None	Fixation	(219.52, 180.32)	(184.82, 178.92)	2674.957	1.649902	NaN	NaN	NaN	
2705643606000	2696948769433	None	Fixation	(219.34, 180.66)	(184.12, 178.94)	2674.957	1.68335	NaN	NaN	NaN	
2705643606000	2696948769171	None	Fixation	(219.34, 180.66)	(184.12, 178.94)	2674.957	1.68335	NaN	NaN	NaN	
2705676939000	2696982102203	None	Fixation	(219.43, 180.30)	(184.64, 179.16)	2674.957	1.716797	NaN	NaN	NaN	
2705693606000	2696998768757	None	Fixation	(219.68, 180.48)	(185.08, 178.53)	2674.957	1.733398	NaN	NaN	NaN	
2705710270000	2697015432681	None	Fixation	(219.57, 180.50)	(185.16, 179.96)	2674.957	1.75	NaN	NaN	NaN	
2705710270000	2697015432445	None	Fixation	(219.57, 180.50)	(185.16, 179.96)	2674.957	1.75	NaN	NaN	NaN	
2705743606000	2697048768254	None	Fixation	(219.74, 180.59)	(184.73, 179.21)	2674.957	1.783447	NaN	NaN	NaN	
2705743606000	2697048768491	None	Fixation	(219.74, 180.59)	(184.73, 179.21)	2674.957	1.783447	NaN	NaN	NaN	
2705760272000	2697065433823	None	Fixation	(220.10, 180.87)	(183.17, 178.99)	2674.957	1.800049	NaN	NaN	NaN	
2705776938000	2697082099527	None	Fixation	(220.08, 180.95)	(184.95, 178.86)	2674.957	1.81665	NaN	NaN	NaN	
2705810271000	2697115432369	None	Fixation	(220.19, 180.49)	(184.40, 180.09)	2674.957	1.850098	NaN	NaN	NaN	
2705826938000	2697132099111	None	Fixation	(220.24, 180.70)	(184.83, 178.29)	2674.957	1.866699	NaN	NaN	NaN	
2705843604000	2697148764975	None	Fixation	(220.35, 180.91)	(184.07, 178.85)	2674.957	1.883301	NaN	NaN	NaN	
2705843604000	2697148765255	None	Fixation	(220.35, 180.91)	(184.07, 178.85)	2674.957	1.883301	NaN	NaN	NaN	
2705876937000	2697182097534	None	Fixation	(220.11, 180.84)	(184.98, 178.19)	2674.957	1.916748	NaN	NaN	NaN	
2705893604000	2697198764316	None	Fixation	(220.24, 180.96)	(184.44, 179.14)	2674.957	1.93335	NaN	NaN	NaN	
2705910270000	2697215430395	None	Fixation	(220.52, 181.06)	(184.64, 178.74)	2674.957	1.949951	NaN	NaN	NaN	
2705926937000	2697232096864	None	Fixation	(220.27, 180.92)	(185.07, 178.31)	2674.957	1.966797	NaN	NaN	NaN	
2705943603000	2697248762696	None	Fixation	(220.12, 180.96)	(184.27, 179.25)	2674.957	1.983398	NaN	NaN	NaN	
2705943603000	2697248763032	None	Fixation	(220.12, 180.96)	(184.27, 179.25)	2674.957	1.983398	NaN	NaN	NaN	
2705976937000	2697282096537	None	Fixation	(219.91, 180.99)	(182.99, 179.00)	2674.957	2.016602	NaN	NaN	NaN	
2705976937000	2697282096056	None	Fixation	(219.91, 180.99)	(182.99, 179.00)	2674.957	2.016602	NaN	NaN	NaN	
2706010269000	2697315427903	None	Fixation	(220.07, 181.09)	(184.52, 179.52)	2674.957	2.050049	NaN	NaN	NaN	
2706010269000	2697315427663	None	Fixation	(220.07, 181.09)	(184.52, 179.52)	2674.957	2.050049	NaN	NaN	NaN	
2706043603000	2697348761505	None	Fixation	(220.00, 181.05)	(184.69, 179.69)	2674.957	2.083252	NaN	NaN	NaN	
2706060269000	2697365427218	None	Fixation	(219.81, 181.09)	(184.50, 178.53)	2674.957	2.100098	NaN	NaN	NaN	
2706076935000	2697382093071	None	Fixation	(220.17, 181.06)	(183.51, 179.11)	2674.957	2.116699	NaN	NaN	NaN	
2706093602000	2697398759811	None	Fixation	(219.88, 181.05)	(184.40, 180.12)	2674.957	2.133301	NaN	NaN	NaN	
2706110269000	2697415427026	None	Fixation	(220.07, 180.91)	(184.47, 179.18)	2674.957	2.149902	NaN	NaN	NaN	
2706110269000	2697415426777	None	Fixation	(220.07, 180.91)	(184.47, 179.18)	2674.957	2.149902	NaN	NaN	NaN	
2706143600000	2697448757214	None	Fixation	(219.90, 180.91)	(184.01, 179.12)	2674.957	2.18335	NaN	NaN	NaN	
2706160266000	2697465422983	None	Fixation	(219.91, 180.91)	(182.55, 179.12)	2674.957	2.199951	NaN	NaN	NaN	
2706176935000	2697482091798	None	Fixation	(220.13, 181.07)	(185.02, 178.59)	2674.957	2.216797	NaN	NaN	NaN	
2706176935000	2697482091580	None	Fixation	(220.13, 181.07)	(185.02, 178.59)	2674.957	2.216797	NaN	NaN	NaN	
2706210268000	2697515424974	None	Fixation	(219.91, 181.09)	(184.29, 179.29)	2674.957	2.25	NaN	NaN	NaN	
2706210268000	2697515424166	None	Fixation	(219.91, 181.09)	(184.29, 179.29)	2674.957	2.25	NaN	NaN	NaN	
2706243601000	2697548757012	None	Fixation	(220.15, 181.16)	(184.49, 178.98)	2674.957	2.283447	NaN	NaN	NaN	
2706243601000	2697548756765	None	Fixation	(220.15, 181.16)	(184.49, 178.98)	2674.957	2.283447	NaN	NaN	NaN	
2706276932000	2697582087608	None	Fixation	(220.54, 181.05)	(183.98, 179.56)	2674.957	2.31665	NaN	NaN	NaN	
2706293600000	2697598755347	None	Fixation	(220.31, 180.92)	(183.85, 178.85)	2674.957	2.333252	NaN	NaN	NaN	
2706310267000	2697615422177	None	Fixation	(220.43, 180.93)	(184.34, 178.80)	2674.957	2.350098	NaN	NaN	NaN	
2706310267000	2697615421932	None	Fixation	(220.43, 180.93)	(184.34, 178.80)	2674.957	2.350098	NaN	NaN	NaN	
2706343597000	2697648751756	None	Fixation	(220.18, 181.14)	(184.90, 178.61)	2674.957	2.383301	NaN	NaN	NaN	
2706343597000	2697648751547	None	Fixation	(220.18, 181.14)	(184.90, 178.61)	2674.957	2.383301	NaN	NaN	NaN	
2706376930000	2697682084378	None	Fixation	(219.85, 181.01)	(184.59, 178.39)	2674.957	2.416748	NaN	NaN	NaN	
2706376930000	2697682084105	None	Fixation	(219.85, 181.01)	(184.59, 178.39)	2674.957	2.416748	NaN	NaN	NaN	
2706410263000	2697715416915	None	Fixation	(220.17, 180.88)	(184.41, 178.27)	2674.957	2.449951	NaN	NaN	NaN	
2706426931000	2697732085054	None	Fixation	(220.22, 181.01)	(185.25, 178.27)	2674.957	2.466797	NaN	NaN	NaN	
2706443598000	2697748751503	None	Fixation	(220.37, 180.84)	(183.60, 179.51)	2674.957	2.483398	NaN	NaN	NaN	
2706460264000	2697765417318	None	Fixation	(220.08, 181.19)	(184.66, 178.15)	2674.957	2.5	NaN	NaN	NaN	
2706476931000	2697782084116	None	Fixation	(219.65, 180.88)	(184.42, 179.74)	2674.957	2.516602	NaN	NaN	NaN	
2706493598000	2697798750884	None	Fixation	(220.19, 181.03)	(182.05, 178.57)	2674.957	2.533447	NaN	NaN	NaN	
2706510262000	2697815414763	None	Fixation	(219.92, 180.90)	(184.37, 179.70)	2674.957	2.550049	NaN	NaN	NaN	
2706526929000	2697832081460	None	Fixation	(219.84, 180.90)	(184.44, 179.99)	2674.957	2.56665	NaN	NaN	NaN	
2706543597000	2697848749312	None	Fixation	(220.09, 180.89)	(182.30, 178.70)	2674.957	2.583252	NaN	NaN	NaN	
2706560264000	2697865416058	None	Fixation	(220.11, 180.82)	(182.18, 178.80)	2674.957	2.600098	NaN	NaN	NaN	
2706576930000	2697882081953	None	Saccade	(219.86, 180.99)	(184.99, 178.53)	2677.557	0.01660156	34.62299	1.154099	97.603	
2706593596000	2697898747660	None	Fixation	(220.04, 180.92)	(184.13, 179.29)	2674.957	2.633301	NaN	NaN	NaN	
2706610263000	2697915414449	None	Fixation	(220.12, 180.84)	(184.29, 179.15)	2674.957	2.649902	NaN	NaN	NaN	
2706626930000	2697932081231	None	Fixation	(219.75, 180.90)	(182.52, 178.76)	2674.957	2.666748	NaN	NaN	NaN	
2706643595000	2697948746042	None	Fixation	(220.10, 181.01)	(184.87, 180.05)	2674.957	2.68335	NaN	NaN	NaN	
2706660262000	2697965414147	None	Fixation	(219.85, 180.84)	(182.81, 178.57)	2674.957	2.699951	NaN	NaN	NaN	
2706676928000	2697982078655	None	Fixation	(219.78, 180.79)	(184.70, 180.06)	2674.957	2.716553	NaN	NaN	NaN	
2706693595000	2697998745957	None	Fixation	(220.10, 180.81)	(182.66, 179.01)	2674.957	2.733398	NaN	NaN	NaN	
2706710261000	2698015411218	None	Fixation	(219.79, 180.72)	(184.93, 179.84)	2674.957	2.75	NaN	NaN	NaN	
2706726928000	2698032078282	None	Fixation	(219.49, 180.93)	(183.72, 179.25)	2674.957	2.766602	NaN	NaN	NaN	
2706743594000	2698048744197	None	Fixation	(219.09, 180.93)	(185.55, 179.04)	2674.957	2.783447	NaN	NaN	NaN	
2706760261000	2698065410621	None	Fixation	(219.03, 181.05)	(186.10, 178.64)	2674.957	2.800049	NaN	NaN	NaN	
2706776927000	2698082076460	None	Fixation	(218.54, 181.21)	(186.34, 180.02)	2674.957	2.81665	NaN	NaN	NaN	
2706793594000	2698098743203	None	Fixation	(218.11, 181.46)	(186.32, 179.19)	2674.957	2.833252	NaN	NaN	NaN	
2706810258000	2698115407256	None	Fixation	(217.45, 181.62)	(187.32, 179.89)	2674.957	2.850098	NaN	NaN	NaN	
2706826925000	2698132073854	None	Fixation	(216.54, 182.04)	(185.73, 178.01)	2674.957	2.866699	NaN	NaN	NaN	
2706843593000	2698148741622	None	Fixation	(216.12, 182.26)	(188.17, 178.65)	2674.957	2.883301	NaN	NaN	NaN	
2706860260000	2698165408356	None	Fixation	(215.12, 182.49)	(188.56, 177.96)	2674.957	2.899902	NaN	NaN	NaN	
2706876926000	2698182074172	None	Saccade	(214.35, 182.89)	(189.23, 177.21)	2677.856	0.0168457	12.50533	0.4168444	54.8518	
2706893593000	2698198740920	None	Pursuit	(213.41, 183.21)	(190.02, 177.63)	2677.856	0.03344727	10.97902	0.6146972	90.26063	
2706910259000	2698215407016	None	Saccade	(212.66, 183.79)	(191.17, 176.39)	2677.89	0.01660156	11.5706	0.3856867	38.96594	
2706926926000	2698232073620	None	Pursuit	(211.54, 184.33)	(191.19, 176.50)	2677.89	0.03320313	15.3655	0.8924929	46.19948	
2706943591000	2698248738411	None	Pursuit	(210.66, 184.88)	(191.90, 176.05)	2677.89	0.05004883	12.69899	1.3157	45.7313	
2706960257000	2698265404138	None	Saccade	(207.76, 187.75)	(192.33, 172.77)	2677.94	0.01660156	40.73565	1.357855	20.57244	
2706960257000	2698265404180	None	Saccade	(207.76, 187.75)	(192.33, 172.77)	2677.94	0.01660156	40.73565	1.357855	20.57244	
2706976926000	2698282072936	None	Pursuit	(206.71, 187.65)	(194.17, 173.57)	2677.89	0.08325195	13.07999	3.293355	43.51713	
2707010257000	2698315403530	None	Pursuit	(205.40, 188.28)	(194.51, 171.87)	2677.89	0.1166992	10.66908	3.885126	44.67513	
2707010257000	2698315403544	None	Pursuit	(205.40, 188.28)	(194.51, 171.87)	2677.89	0.1166992	10.66908	3.885126	44.67513	
2707026923000	2698332069405	None	Unknown	(204.72, 188.18)	(195.65, 171.62)	NaN	NaN	NaN	NaN	NaN	
2707043592000	2698348738073	None	Fixation	(204.03, 188.84)	(196.00, 171.62)	2678.023	0.01660156	NaN	NaN	NaN	
2707076924000	2698382069649	None	Fixation	(202.25, 189.22)	(197.24, 170.44)	2678.023	0.05004883	NaN	NaN	NaN	
2707076924000	2698382069757	None	Fixation	(202.25, 189.22)	(197.24, 170.44)	2678.023	0.05004883	NaN	NaN	NaN	
2707093591000	2698398736434	None	Fixation	(201.63, 189.69)	(198.22, 169.46)	2678.023	0.06665039	NaN	NaN	NaN	
2707110258000	2698415403270	None	Fixation	(200.71, 190.05)	(198.15, 169.53)	2678.023	0.08325195	NaN	NaN	NaN	
2707126924000	2698432069031	None	Fixation	(200.30, 190.35)	(198.84, 168.74)	2678.023	0.1000977	NaN	NaN	NaN	
2707143591000	2698448735856	None	Fixation	(199.24, 190.17)	(199.21, 168.50)	2678.023	0.1166992	NaN	NaN	NaN	
2707160257000	2698465401684	None	Fixation	(198.87, 190.76)	(199.48, 168.68)	2678.023	0.1333008	NaN	NaN	NaN	
2707176924000	2698482068544	None	Fixation	(198.99, 190.95)	(200.18, 167.83)	2678.023	0.1499023	NaN	NaN	NaN	
2707193590000	2698498734211	None	Fixation	(197.75, 191.10)	(200.08, 168.06)	2678.023	0.166748	NaN	NaN	NaN	
2707210257000	2698515401045	None	Fixation	(197.30, 191.56)	(199.96, 167.50)	2678.023	0.1833496	NaN	NaN	NaN	
2707226923000	2698532067137	None	Fixation	(196.32, 191.21)	(200.61, 167.26)	2678.023	0.1999512	NaN	NaN	NaN	
2707243590000	2698548734801	None	Fixation	(196.62, 191.94)	(201.24, 166.57)	2678.023	0.2167969	NaN	NaN	NaN	
2707260256000	2698565399388	None	Fixation	(195.92, 192.16)	(201.44, 166.43)	2678.023	0.2333984	NaN	NaN	NaN	
2707276923000	2698582066255	None	Fixation	(195.09, 192.36)	(202.02, 166.75)	2678.023	0.25	NaN	NaN	NaN	
2707293589000	2698598731979	None	Fixation	(194.95, 192.67)	(202.15, 166.14)	2678.023	0.2666016	NaN	NaN	NaN	
2707310256000	2698615398815	None	Fixation	(194.37, 193.03)	(202.47, 165.99)	2678.023	0.2834473	NaN	NaN	NaN	
2707326922000	2698632064649	None	Fixation	(193.79, 193.03)	(202.68, 165.80)	2678.023	0.3000488	NaN	NaN	NaN	
2707343589000	2698648731372	None	Fixation	(193.28, 193.70)	(203.31, 165.58)	2678.023	0.3166504	NaN	NaN	NaN	
2707360255000	2698665397193	None	Fixation	(192.64, 194.02)	(203.65, 165.63)	2678.023	0.333252	NaN	NaN	NaN	
2707376922000	2698682063962	None	Fixation	(192.11, 194.32)	(203.87, 165.40)	2678.023	0.3500977	NaN	NaN	NaN	
2707393588000	2698698729798	None	Fixation	(191.77, 194.50)	(203.87, 165.29)	2678.023	0.3666992	NaN	NaN	NaN	
2707410255000	2698715396552	None	Fixation	(191.40, 194.73)	(204.61, 164.89)	2678.023	0.3833008	NaN	NaN	NaN	
2707426921000	2698732062351	None	Blink	(190.86, 195.62)	(204.73, 165.84)	NaN	NaN	NaN	NaN	NaN	
2707443588000	2698748729838	None	Blink	(192.93, 194.47)	(203.79, 169.61)	NaN	NaN	NaN	NaN	NaN	
2707460254000	2698765395386	None	Blink	(201.41, 194.36)	(0.00, 0.00)	NaN	NaN	NaN	NaN	NaN	
2707476921000	2698782062463	None	Blink	(0.00, 0.00)	(0.00, 0.00)	NaN	NaN	NaN	NaN	NaN	
2707493588000	2698798728504	None	Blink	(0.00, 0.00)	(0.00, 0.00)	NaN	NaN	NaN	NaN	NaN	
2707510252000	2698815392296	None	Blink	(0.00, 0.00)	(0.00, 0.00)	NaN	NaN	NaN	NaN	NaN	
2707526919000	2698832059082	None	Blink	(231.96, 185.38)	(163.41, 179.43)	NaN	NaN	NaN	NaN	NaN	
2707543585000	2698848724905	None	Blink	(223.80, 184.83)	(179.33, 187.76)	NaN	NaN	NaN	NaN	NaN	
2707560252000	2698865391714	None	Blink	(219.37, 183.48)	(182.42, 184.90)	NaN	NaN	NaN	NaN	NaN	
2707576918000	2698882057564	None	Blink	(216.55, 184.93)	(188.26, 180.49)	NaN	NaN	NaN	NaN	NaN	
2707593585000	2698898724285	None	Blink	(216.39, 185.01)	(187.38, 180.24)	NaN	NaN	NaN	NaN	NaN	
2707610251000	2698915390087	None	Blink	(215.99, 184.38)	(186.32, 179.28)	NaN	NaN	NaN	NaN	NaN	
2707626918000	2698932056965	None	Blink	(216.57, 184.14)	(187.06, 179.29)	NaN	NaN	NaN	NaN	NaN	
2707643586000	2698948724693	None	Blink	(216.39, 183.75)	(186.88, 178.97)	NaN	NaN	NaN	NaN	NaN	
2707660253000	2698965391433	None	Blink	(216.80, 183.77)	(186.86, 178.54)	NaN	NaN	NaN	NaN	NaN	
2707676916000	2698982054404	None	WinkRight	(216.31, 183.65)	(187.07, 178.40)	NaN	NaN	NaN	NaN	NaN	
2707693583000	2698998721323	None	Saccade	(216.51, 183.11)	(188.42, 176.70)	2678.406	0.2834473	340.3885	11.34628	239.5172	
2707710251000	2699015389215	None	Saccade	(216.11, 183.09)	(186.01, 177.82)	2678.406	0.3000488	4.858431	11.20329	239.9816	
2707726918000	2699032055663	None	Unknown	(216.12, 182.82)	(187.15, 177.33)	NaN	NaN	NaN	NaN	NaN	
2707743584000	2699048721432	None	Pursuit	(216.24, 182.64)	(187.04, 177.71)	2678.723	0.0168457	2.69957	0.08998565	199.9723	
2707760251000	2699065388247	None	Unknown	(216.18, 182.71)	(187.45, 177.72)	NaN	NaN	NaN	NaN	NaN	
2707776917000	2699082054118	None	Fixation	(216.75, 182.17)	(187.08, 177.61)	2678.757	0.01660156	NaN	NaN	NaN	
2707793584000	2699098720798	None	Fixation	(216.58, 182.26)	(187.11, 177.60)	2678.757	0.03320313	NaN	NaN	NaN	
2707810250000	2699115386901	None	Fixation	(216.80, 181.84)	(187.09, 177.78)	2678.757	0.05004883	NaN	NaN	NaN	
2707826917000	2699132053488	None	Fixation	(218.51, 180.50)	(186.42, 179.61)	2678.757	0.06665039	NaN	NaN	NaN	
2707843583000	2699148719289	None	Blink	(217.58, 183.24)	(187.89, 182.07)	NaN	NaN	NaN	NaN	NaN	
2707860250000	2699165386054	None	Blink	(0.00, 0.00)	(0.00, 0.00)	NaN	NaN	NaN	NaN	NaN	
2707876916000	2699182051799	None	Blink	(0.00, 0.00)	(0.00, 0.00)	NaN	NaN	NaN	NaN	NaN	
2707893583000	2699198718580	None	Blink	(0.00, 0.00)	(0.00, 0.00)	NaN	NaN	NaN	NaN	NaN	
2707910249000	2699215384409	None	Blink	(0.00, 0.00)	(0.00, 0.00)	NaN	NaN	NaN	NaN	NaN	
2707926916000	2699232051148	None	Blink	(0.00, 0.00)	(0.00, 0.00)	NaN	NaN	NaN	NaN	NaN	
2707943582000	2699248717047	None	Blink	(0.00, 0.00)	(0.00, 0.00)	NaN	NaN	NaN	NaN	NaN	
2707960249000	2699265383780	None	Blink	(0.00, 0.00)	(0.00, 0.00)	NaN	NaN	NaN	NaN	NaN	
2707976915000	2699282049664	None	Blink	(223.35, 187.13)	(160.65, 179.97)	NaN	NaN	NaN	NaN	NaN	
2707993582000	2699298716399	None	Blink	(217.92, 184.02)	(192.46, 178.25)	NaN	NaN	NaN	NaN	NaN	
2708010249000	2699315383146	None	Blink	(216.64, 183.47)	(186.96, 180.14)	NaN	NaN	NaN	NaN	NaN	
2708026915000	2699332048946	None	Blink	(218.15, 183.01)	(184.83, 180.23)	NaN	NaN	NaN	NaN	NaN	
2708043582000	2699348715749	None	Blink	(217.93, 182.84)	(185.47, 179.67)	NaN	NaN	NaN	NaN	NaN	
2708060248000	2699365381513	None	Blink	(218.11, 182.55)	(183.21, 179.44)	NaN	NaN	NaN	NaN	NaN	
2708076914000	2699382047337	None	Blink	(218.33, 182.72)	(184.27, 179.41)	NaN	NaN	NaN	NaN	NaN	
2708093581000	2699398714086	None	Blink	(219.13, 182.15)	(182.07, 178.94)	NaN	NaN	NaN	NaN	NaN	
2708110246000	2699415378908	None	WinkRight	(218.55, 181.83)	(185.52, 180.09)	NaN	NaN	NaN	NaN	NaN	
2708126912000	2699432044709	None	Saccade	(219.19, 181.85)	(183.98, 179.14)	2678.823	0.3000488	30.50077	1.016693	293.7258	
2708143581000	2699448713474	None	Pursuit	(219.30, 181.69)	(183.28, 178.66)	2678.823	0.3166504	10.53269	1.345079	299.814	
2708160247000	2699465379267	None	Pursuit	(218.81, 181.42)	(184.41, 178.38)	2678.823	0.333252	14.31385	0.9656463	314.3964	
2708176914000	2699482046163	None	Fixation	(219.31, 181.44)	(185.13, 179.26)	2678.757	0.4165039	NaN	NaN	NaN	
2708193580000	2699498711839	None	Fixation	(219.34, 181.14)	(183.74, 179.17)	2678.757	0.4333496	NaN	NaN	NaN	
2708210247000	2699515379023	None	Fixation	(219.27, 181.21)	(184.96, 179.68)	2678.757	0.4499512	NaN	NaN	NaN	
2708226913000	2699532044523	None	Fixation	(219.41, 181.40)	(184.56, 178.98)	2678.757	0.4665527	NaN	NaN	NaN	
2708243580000	2699548711249	None	Fixation	(219.48, 181.27)	(185.07, 178.70)	2678.757	0.4833984	NaN	NaN	NaN	
2708260246000	2699565377047	None	Fixation	(219.37, 181.37)	(185.09, 179.08)	2678.757	0.5	NaN	NaN	NaN	
2708276913000	2699582043858	None	Fixation	(219.71, 181.24)	(185.18, 178.91)	2678.757	0.5166016	NaN	NaN	NaN	
2708293579000	2699598709609	None	Fixation	(219.91, 181.21)	(184.76, 178.86)	2678.757	0.5332031	NaN	NaN	NaN	
2708310246000	2699615376445	None	Fixation	(219.72, 181.25)	(184.84, 179.67)	2678.757	0.5500488	NaN	NaN	NaN	
2708326912000	2699632042208	None	Fixation	(218.35, 180.74)	(185.61, 179.84)	2678.757	0.5666504	NaN	NaN	NaN	
2708343577000	2699648707035	None	Fixation	(219.14, 181.23)	(185.94, 179.38)	2678.757	0.583252	NaN	NaN	NaN	
2708360243000	2699665373160	None	Fixation	(219.32, 181.17)	(185.82, 180.07)	2678.757	0.5998535	NaN	NaN	NaN	
2708376912000	2699682041626	None	Fixation	(219.01, 181.39)	(185.49, 179.41)	2678.757	0.6166992	NaN	NaN	NaN	
2708393578000	2699698707385	None	Fixation	(218.55, 181.45)	(186.04, 178.74)	2678.757	0.6333008	NaN	NaN	NaN	
2708410245000	2699715374484	None	Fixation	(218.91, 181.09)	(186.06, 178.93)	2678.757	0.6499023	NaN	NaN	NaN	
2708426911000	2699732040676	None	Fixation	(219.10, 180.88)	(186.14, 178.58)	2678.757	0.6665039	NaN	NaN	NaN	
2708443578000	2699748706785	None	Fixation	(219.19, 180.96)	(184.70, 179.41)	2678.757	0.6833496	NaN	NaN	NaN	
2708460244000	2699765372577	None	Fixation	(218.73, 180.55)	(185.70, 179.35)	2678.757	0.6999512	NaN	NaN	NaN	
2708476909000	2699782037351	None	Fixation	(219.12, 180.84)	(184.07, 178.82)	2678.757	0.7165527	NaN	NaN	NaN	
2708493576000	2699798704153	None	Fixation	(219.09, 181.05)	(185.59, 178.71)	2678.757	0.7331543	NaN	NaN	NaN	
2708510244000	2699815372046	None	Fixation	(219.11, 180.63)	(185.34, 179.44)	2678.757	0.75	NaN	NaN	NaN	
2708526911000	2699832038751	None	Fixation	(219.18, 180.79)	(185.95, 178.77)	2678.757	0.7666016	NaN	NaN	NaN	
2708543577000	2699848704545	None	Fixation	(219.04, 180.68)	(185.71, 179.38)	2678.757	0.7832031	NaN	NaN	NaN	
2708560244000	2699865371545	None	Fixation	(219.06, 180.64)	(185.89, 178.75)	2678.757	0.8000488	NaN	NaN	NaN	
2708576910000	2699882037133	None	Fixation	(219.51, 180.62)	(183.82, 178.93)	2678.757	0.8166504	NaN	NaN	NaN	
2708593577000	2699898703944	None	Fixation	(219.13, 180.72)	(185.86, 178.77)	2678.757	0.833252	NaN	NaN	NaN	
2708610243000	2699915369759	None	Fixation	(219.03, 180.68)	(185.57, 179.07)	2678.757	0.8498535	NaN	NaN	NaN	
2708626910000	2699932036545	None	Fixation	(219.40, 180.60)	(185.87, 178.43)	2678.757	0.8666992	NaN	NaN	NaN	
2708643576000	2699948702294	None	Fixation	(219.11, 180.68)	(185.60, 179.44)	2678.757	0.8833008	NaN	NaN	NaN	
2708660243000	2699965369121	None	Fixation	(219.15, 180.92)	(185.52, 179.27)	2678.757	0.8999023	NaN	NaN	NaN	
2708676907000	2699982032973	None	Fixation	(219.23, 180.56)	(185.86, 178.59)	2678.757	0.9165039	NaN	NaN	NaN	
2708693576000	2699998701703	None	Fixation	(219.53, 180.85)	(185.64, 178.99)	2678.757	0.9333496	NaN	NaN	NaN	
2708710242000	2700015367485	None	Fixation	(219.42, 180.53)	(184.14, 178.96)	2678.757	0.9499512	NaN	NaN	NaN	
2708726909000	2700032034293	None	Fixation	(219.66, 180.66)	(185.32, 179.43)	2678.757	0.9665527	NaN	NaN	NaN	
2708743572000	2700048697053	None	Fixation	(219.32, 180.45)	(184.29, 178.46)	2678.757	0.9831543	NaN	NaN	NaN	
2708760239000	2700065363891	None	Fixation	(219.19, 180.40)	(184.06, 178.67)	2678.757	1	NaN	NaN	NaN	
2708776908000	2700082032666	None	Fixation	(219.44, 180.30)	(184.68, 178.77)	2678.757	1.016602	NaN	NaN	NaN	
2708793574000	2700098698462	None	Fixation	(219.76, 180.40)	(185.82, 178.66)	2678.757	1.033203	NaN	NaN	NaN	
2708810238000	2700115362447	None	Fixation	(219.24, 180.43)	(186.02, 178.34)	2678.757	1.050049	NaN	NaN	NaN	
2708826905000	2700132029069	None	Fixation	(219.00, 180.60)	(185.15, 179.29)	2678.757	1.06665	NaN	NaN	NaN	
2708843573000	2700148697110	None	Fixation	(219.23, 180.35)	(184.93, 179.48)	2678.757	1.083252	NaN	NaN	NaN	
2708860240000	2700165363611	None	Fixation	(219.30, 180.34)	(184.60, 178.88)	2678.757	1.099854	NaN	NaN	NaN	
2708876906000	2700182029491	None	Fixation	(219.16, 180.46)	(185.84, 178.82)	2678.757	1.116699	NaN	NaN	NaN	
2708893573000	2700198696468	None	Fixation	(219.52, 180.47)	(183.95, 178.75)	2678.757	1.133301	NaN	NaN	NaN	
2708910239000	2700215362028	None	Fixation	(219.82, 180.60)	(185.45, 178.76)	2678.757	1.149902	NaN	NaN	NaN	
2708926906000	2700232028797	None	Fixation	(220.50, 182.23)	(183.85, 178.66)	2678.757	1.166504	NaN	NaN	NaN	
2708943570000	2700248692641	None	Fixation	(220.11, 181.32)	(184.57, 178.16)	2678.757	1.18335	NaN	NaN	NaN	
2708960239000	2700265361401	None	Fixation	(220.47, 181.25)	(183.97, 179.52)	2678.757	1.199951	NaN	NaN	NaN	
2708976904000	2700282026205	None	Fixation	(221.01, 181.39)	(184.06, 178.53)	2678.757	1.216553	NaN	NaN	NaN	
2708993570000	2700298691980	None	Fixation	(220.49, 181.31)	(184.23, 178.22)	2678.757	1.233154	NaN	NaN	NaN	
2709010237000	2700315358800	None	Fixation	(220.70, 181.38)	(182.43, 178.35)	2678.757	1.25	NaN	NaN	NaN	
2709026905000	2700332026586	None	Fixation	(220.70, 181.32)	(183.17, 178.67)	2678.757	1.266602	NaN	NaN	NaN	
2709043570000	2700348691365	None	Fixation	(220.77, 181.28)	(182.03, 178.52)	2678.757	1.283203	NaN	NaN	NaN	
2709060237000	2700365358215	None	Fixation	(220.54, 181.34)	(183.38, 179.19)	2678.757	1.300049	NaN	NaN	NaN	
2709076905000	2700382026305	None	Fixation	(220.53, 181.15)	(181.84, 178.60)	2678.757	1.31665	NaN	NaN	NaN	
2709093571000	2700398691770	None	Fixation	(220.51, 181.45)	(184.04, 179.17)	2678.757	1.333252	NaN	NaN	NaN	
2709110237000	2700415357538	None	Fixation	(220.61, 181.34)	(184.02, 178.42)	2678.757	1.349854	NaN	NaN	NaN	
2709126904000	2700432024670	None	Fixation	(220.40, 181.24)	(183.88, 179.02)	2678.757	1.366699	NaN	NaN	NaN	
2709143571000	2700448691478	None	Fixation	(220.54, 181.32)	(184.31, 178.17)	2678.757	1.383301	NaN	NaN	NaN	
2709160237000	2700465356927	None	Fixation	(220.45, 181.42)	(183.22, 178.57)	2678.757	1.399902	NaN	NaN	NaN	
2709176904000	2700482023713	None	Fixation	(219.97, 180.97)	(184.12, 179.55)	2678.757	1.416504	NaN	NaN	NaN	
2709193570000	2700498689555	None	Fixation	(219.91, 180.69)	(183.89, 179.32)	2678.757	1.43335	NaN	NaN	NaN	
2709210237000	2700515356325	None	Fixation	(220.04, 180.41)	(185.01, 180.23)	2678.757	1.449951	NaN	NaN	NaN	
2709226904000	2700532023117	None	Fixation	(220.03, 180.09)	(185.76, 180.97)	2678.757	1.466553	NaN	NaN	NaN	
2709243570000	2700548688929	None	Fixation	(219.57, 179.37)	(185.73, 181.11)	2678.757	1.483154	NaN	NaN	NaN	
2709260237000	2700565355689	None	Fixation	(219.64, 179.06)	(186.23, 181.24)	2678.757	1.5	NaN	NaN	NaN	
2709276904000	2700582022856	None	Fixation	(219.62, 178.46)	(186.10, 181.68)	2678.757	1.516602	NaN	NaN	NaN	
2709293570000	2700598688564	None	Fixation	(219.14, 177.96)	(187.67, 182.67)	2678.757	1.533203	NaN	NaN	NaN	
2709310235000	2700615353464	None	Saccade	(219.17, 177.38)	(188.60, 183.15)	2680.29	0.0168457	12.89862	0.429954	130.0638	
2709326901000	2700632018890	None	Pursuit	(218.92, 176.66)	(187.77, 183.70)	2680.29	0.03344727	12.27114	0.4260761	187.1494	
2709343568000	2700648685660	None	Pursuit	(218.72, 176.07)	(188.94, 184.36)	2680.29	0.05004883	16.45158	0.8677544	156.1451	
2709360234000	2700665351854	None	Fixation	(218.46, 175.47)	(189.97, 185.10)	2678.757	1.599854	NaN	NaN	NaN	
2709376903000	2700682020245	None	Saccade	(218.81, 174.87)	(189.93, 186.18)	2680.356	0.0168457	13.25318	0.4417728	195.3959	
2709393569000	2700698686402	None	Pursuit	(218.67, 174.27)	(191.08, 186.68)	2680.356	0.03344727	15.5738	0.7942204	157.8606	
2709410236000	2700715353167	None	Fixation	(218.56, 173.54)	(190.71, 187.21)	2678.757	1.649902	NaN	NaN	NaN	
2709426902000	2700732018979	None	Fixation	(218.34, 173.20)	(191.67, 187.80)	2678.757	1.666504	NaN	NaN	NaN	
2709443569000	2700748685434	None	Fixation	(218.14, 172.64)	(191.99, 188.86)	2678.757	1.68335	NaN	NaN	NaN	
2709460235000	2700765351195	None	Fixation	(218.41, 172.03)	(192.33, 189.08)	2678.757	1.699951	NaN	NaN	NaN	
2709476900000	2700782016008	None	Fixation	(218.33, 171.41)	(191.73, 189.68)	2678.757	1.716553	NaN	NaN	NaN	
2709493566000	2700798681814	None	Fixation	(218.14, 171.09)	(193.00, 190.19)	2678.757	1.733154	NaN	NaN	NaN	
2709510235000	2700815350957	None	Fixation	(218.30, 170.58)	(192.46, 190.96)	2678.757	1.75	NaN	NaN	NaN	
2709526901000	2700832016381	None	Fixation	(218.09, 170.09)	(193.44, 191.36)	2678.757	1.766602	NaN	NaN	NaN	
2709543568000	2700848683205	None	Fixation	(218.45, 169.60)	(193.50, 191.81)	2678.757	1.783203	NaN	NaN	NaN	
2709560235000	2700865349986	None	Fixation	(217.95, 169.12)	(194.13, 192.62)	2678.757	1.800049	NaN	NaN	NaN	
2709576901000	2700882015795	None	Fixation	(218.15, 168.93)	(193.93, 192.98)	2678.757	1.81665	NaN	NaN	NaN	
2709593568000	2700898682579	None	Fixation	(217.65, 168.29)	(194.63, 194.08)	2678.757	1.833252	NaN	NaN	NaN	
2709610234000	2700915348405	None	Fixation	(218.32, 168.02)	(194.80, 194.05)	2678.757	1.849854	NaN	NaN	NaN	
2709626901000	2700932015170	None	Fixation	(218.36, 167.61)	(194.77, 194.59)	2678.757	1.866699	NaN	NaN	NaN	
2709643567000	2700948681267	None	Fixation	(218.11, 167.09)	(194.95, 194.75)	2678.757	1.883301	NaN	NaN	NaN	
2709660234000	2700965348368	None	Fixation	(218.22, 166.87)	(195.60, 195.20)	2678.757	1.899902	NaN	NaN	NaN	
2709676900000	2700982013532	None	Fixation	(218.17, 166.50)	(194.99, 195.84)	2678.757	1.916504	NaN	NaN	NaN	
2709693567000	2700998680326	None	Fixation	(218.25, 166.32)	(195.93, 196.01)	2678.757	1.93335	NaN	NaN	NaN	
2709710233000	2701015346449	None	Fixation	(218.20, 166.04)	(196.58, 196.06)	2678.757	1.949951	NaN	NaN	NaN	
2709726900000	2701032012914	None	Fixation	(218.25, 165.87)	(195.24, 196.49)	2678.757	1.966553	NaN	NaN	NaN	
2709743564000	2701048676722	None	Fixation	(218.13, 165.61)	(195.49, 196.77)	2678.757	1.983154	NaN	NaN	NaN	
2709760231000	2701065343512	None	Fixation	(218.16, 165.55)	(196.56, 197.53)	2678.757	2	NaN	NaN	NaN	
2709776898000	2701082010316	None	Fixation	(217.82, 164.98)	(196.15, 197.72)	2678.757	2.016602	NaN	NaN	NaN	
2709793565000	2701098677099	None	Fixation	(218.34, 164.93)	(196.78, 198.25)	2678.757	2.033203	NaN	NaN	NaN	
2709810231000	2701115342906	None	Fixation	(217.39, 164.67)	(196.69, 198.66)	2678.757	2.050049	NaN	NaN	NaN	
2709826898000	2701132009688	None	Fixation	(217.91, 164.66)	(196.92, 198.52)	2678.757	2.06665	NaN	NaN	NaN	
2709843562000	2701148673495	None	Fixation	(218.01, 164.73)	(195.91, 198.12)	2678.757	2.083252	NaN	NaN	NaN	
2709860229000	2701165340282	None	Fixation	(218.21, 164.55)	(196.69, 198.23)	2678.757	2.099854	NaN	NaN	NaN	
2709876897000	2701182008493	None	Fixation	(218.01, 164.90)	(197.11, 197.39)	2678.757	2.116699	NaN	NaN	NaN	
2709893564000	2701198674853	None	Saccade	(219.74, 174.69)	(188.12, 186.46)	2680.873	0.01660156	122.2561	5.80001	335.2737	
2709910230000	2701215340676	None	Saccade	(218.53, 184.20)	(183.68, 181.35)	2680.873	0.03320313	117.8472	8.575331	339.2629	
2709926897000	2701232007458	None	Unknown	(219.08, 182.83)	(185.69, 181.14)	NaN	NaN	NaN	NaN	NaN	
2709943563000	2701248673251	None	Pursuit	(219.90, 182.74)	(184.26, 179.46)	2680.923	0.0168457	10.07659	0.3358863	250.4409	
2709960230000	2701265340046	None	Pursuit	(218.57, 181.73)	(182.44, 179.19)	2680.923	0.03344727	20.54663	0.4991092	141.8051	
2709976896000	2701282005873	None	Pursuit	(219.29, 181.48)	(182.75, 179.31)	2680.923	0.05004883	4.101379	1.42315	314.9385	
2709993563000	2701298672666	None	Pursuit	(219.60, 181.37)	(184.99, 179.47)	2680.923	0.06665039	27.62171	0.7449712	350.1422	
2710010229000	2701315338429	None	Fixation	(219.02, 181.48)	(184.73, 179.65)	2680.973	0.03344727	NaN	NaN	NaN	
2710026896000	2701332005670	None	Fixation	(219.13, 181.08)	(184.53, 179.55)	2680.973	0.05004883	NaN	NaN	NaN	
2710043562000	2701348671540	None	Fixation	(219.38, 180.70)	(184.26, 179.72)	2680.973	0.06665039	NaN	NaN	NaN	
2710060229000	2701365337838	None	Fixation	(219.34, 180.97)	(184.88, 178.74)	2680.973	0.08325195	NaN	NaN	NaN	
2710076895000	2701382004226	None	Fixation	(219.53, 180.92)	(184.63, 179.39)	2680.973	0.1000977	NaN	NaN	NaN	
2710093562000	2701398670407	None	Fixation	(219.26, 180.57)	(184.46, 179.91)	2680.973	0.1166992	NaN	NaN	NaN	
2710110228000	2701415336216	None	Fixation	(219.00, 180.26)	(184.61, 179.98)	2680.973	0.1333008	NaN	NaN	NaN	
2710126895000	2701432003322	None	Fixation	(219.74, 180.71)	(184.98, 179.09)	2680.973	0.1501465	NaN	NaN	NaN	
2710143562000	2701448669811	None	Fixation	(219.40, 180.84)	(184.37, 179.06)	2680.973	0.166748	NaN	NaN	NaN	
2710160228000	2701465335591	None	Fixation	(219.68, 180.88)	(184.96, 179.07)	2680.973	0.1833496	NaN	NaN	NaN	
2710176895000	2701482002372	None	Fixation	(219.21, 180.79)	(183.59, 179.21)	2680.973	0.1999512	NaN	NaN	NaN	
2710193561000	2701498668159	None	Fixation	(219.52, 180.82)	(185.19, 178.72)	2680.973	0.2167969	NaN	NaN	NaN	
2710210228000	2701515334963	None	Fixation	(219.38, 181.07)	(184.42, 179.16)	2680.973	0.2333984	NaN	NaN	NaN	
2710226894000	2701532000757	None	Fixation	(219.41, 181.14)	(184.66, 179.37)	2680.973	0.25	NaN	NaN	NaN	
2710243561000	2701548667551	None	Fixation	(219.52, 181.02)	(184.75, 179.96)	2680.973	0.2666016	NaN	NaN	NaN	
2710260227000	2701565333364	None	Fixation	(219.26, 181.10)	(184.93, 179.23)	2680.973	0.2834473	NaN	NaN	NaN	
2710276894000	2701582000161	None	Fixation	(219.44, 181.16)	(185.56, 179.71)	2680.973	0.3000488	NaN	NaN	NaN	
2710293560000	2701598665928	None	Fixation	(219.44, 181.17)	(184.87, 179.59)	2680.973	0.3166504	NaN	NaN	NaN	
2710310227000	2701615332712	None	Fixation	(219.58, 181.25)	(184.96, 179.70)	2680.973	0.333252	NaN	NaN	NaN	
2710326893000	2701631999631	None	Fixation	(219.66, 181.33)	(185.23, 179.55)	2680.973	0.3500977	NaN	NaN	NaN	
2710343560000	2701648665332	None	Fixation	(219.66, 181.42)	(184.17, 180.47)	2680.973	0.3666992	NaN	NaN	NaN	
2710360226000	2701665331561	None	Fixation	(219.62, 181.27)	(184.08, 180.38)	2680.973	0.3833008	NaN	NaN	NaN	
2710376893000	2701681998322	None	Fixation	(219.72, 181.37)	(184.44, 180.57)	2680.973	0.4001465	NaN	NaN	NaN	
2710393559000	2701698664080	None	Fixation	(219.86, 181.38)	(185.17, 180.31)	2680.973	0.416748	NaN	NaN	NaN	
2710410226000	2701715330524	None	Fixation	(219.68, 181.57)	(184.88, 180.02)	2680.973	0.4333496	NaN	NaN	NaN	
2710426892000	2701731996315	None	Fixation	(219.64, 181.63)	(184.32, 180.73)	2680.973	0.4499512	NaN	NaN	NaN	
2710443559000	2701748663083	None	Fixation	(219.39, 181.62)	(184.70, 180.47)	2680.973	0.4667969	NaN	NaN	NaN	
2710460225000	2701765328884	None	Fixation	(219.39, 181.54)	(184.78, 180.13)	2680.973	0.4833984	NaN	NaN	NaN	
2710476892000	2701781995690	None	Fixation	(219.60, 181.58)	(183.03, 180.32)	2680.973	0.5	NaN	NaN	NaN	
2710493558000	2701798652508	None	Fixation	(219.43, 181.61)	(184.82, 180.67)	2680.973	0.5166016	NaN	NaN	NaN	
2711343548000	2702648632993	None	Fixation	(219.76, 182.40)	(184.58, 180.72)	2682.24	0.1000977	NaN	NaN	NaN	
2711343548000	2702648633021	None	Fixation	(219.76, 182.40)	(184.58, 180.72)	2682.24	0.1000977	NaN	NaN	NaN	
2711343548000	2702648633213	None	Fixation	(219.76, 182.40)	(184.58, 180.72)	2682.24	0.1000977	NaN	NaN	NaN	
2711343548000	2702648633062	None	Fixation	(219.76, 182.40)	(184.58, 180.72)	2682.24	0.1000977	NaN	NaN	NaN	
2711343548000	2702648633003	None	Fixation	(219.76, 182.40)	(184.58, 180.72)	2682.24	0.1000977	NaN	NaN	NaN	
2711343548000	2702648632977	None	Fixation	(219.76, 182.40)	(184.58, 180.72)	2682.24	0.1000977	NaN	NaN	NaN	
2711343548000	2702648632971	None	Fixation	(219.76, 182.40)	(184.58, 180.72)	2682.24	0.1000977	NaN	NaN	NaN	
2711343548000	2702648632968	None	Fixation	(219.76, 182.40)	(184.58, 180.72)	2682.24	0.1000977	NaN	NaN	NaN	
2711343548000	2702648633031	None	Fixation	(219.76, 182.40)	(184.58, 180.72)	2682.24	0.1000977	NaN	NaN	NaN	
2711343548000	2702648632972	None	Fixation	(219.76, 182.40)	(184.58, 180.72)	2682.24	0.1000977	NaN	NaN	NaN	
2711343548000	2702648633053	None	Fixation	(219.76, 182.40)	(184.58, 180.72)	2682.24	0.1000977	NaN	NaN	NaN	
2711343548000	2702648632967	None	Fixation	(219.76, 182.40)	(184.58, 180.72)	2682.24	0.1000977	NaN	NaN	NaN	
2711343548000	2702648632980	None	Fixation	(219.76, 182.40)	(184.58, 180.72)	2682.24	0.1000977	NaN	NaN	NaN	
2711343548000	2702648632960	None	Fixation	(219.76, 182.40)	(184.58, 180.72)	2682.24	0.1000977	NaN	NaN	NaN	
2711343548000	2702648632972	None	Fixation	(219.76, 182.40)	(184.58, 180.72)	2682.24	0.1000977	NaN	NaN	NaN	
2711343548000	2702648633183	None	Fixation	(219.76, 182.40)	(184.58, 180.72)	2682.24	0.1000977	NaN	NaN	NaN	
2711343548000	2702648633265	None	Fixation	(219.76, 182.40)	(184.58, 180.72)	2682.24	0.1000977	NaN	NaN	NaN	
2712010208000	2703315292788	None	Fixation	(208.50, 179.24)	(198.47, 181.95)	2682.99	0.0168457	NaN	NaN	NaN	
2712010208000	2703315292748	None	Fixation	(208.50, 179.24)	(198.47, 181.95)	2682.99	0.0168457	NaN	NaN	NaN	
2712010208000	2703315292762	None	Fixation	(208.50, 179.24)	(198.47, 181.95)	2682.99	0.0168457	NaN	NaN	NaN	
2712010208000	2703315292992	None	Fixation	(208.50, 179.24)	(198.47, 181.95)	2682.99	0.0168457	NaN	NaN	NaN	
2712010208000	2703315292752	None	Fixation	(208.50, 179.24)	(198.47, 181.95)	2682.99	0.0168457	NaN	NaN	NaN	
2712010208000	2703315292760	None	Fixation	(208.50, 179.24)	(198.47, 181.95)	2682.99	0.0168457	NaN	NaN	NaN	
2712010208000	2703315292896	None	Fixation	(208.50, 179.24)	(198.47, 181.95)	2682.99	0.0168457	NaN	NaN	NaN	
2712010208000	2703315292748	None	Fixation	(208.50, 179.24)	(198.47, 181.95)	2682.99	0.0168457	NaN	NaN	NaN	
2712010208000	2703315292747	None	Fixation	(208.50, 179.24)	(198.47, 181.95)	2682.99	0.0168457	NaN	NaN	NaN	
2712010208000	2703315292875	None	Fixation	(208.50, 179.24)	(198.47, 181.95)	2682.99	0.0168457	NaN	NaN	NaN	
2712010208000	2703315292727	None	Fixation	(208.50, 179.24)	(198.47, 181.95)	2682.99	0.0168457	NaN	NaN	NaN	
2712010208000	2703315293008	None	Fixation	(208.50, 179.24)	(198.47, 181.95)	2682.99	0.0168457	NaN	NaN	NaN	
2712010208000	2703315292893	None	Fixation	(208.50, 179.24)	(198.47, 181.95)	2682.99	0.0168457	NaN	NaN	NaN	
2712010208000	2703315292747	None	Fixation	(208.50, 179.24)	(198.47, 181.95)	2682.99	0.0168457	NaN	NaN	NaN	
2712010208000	2703315292744	None	Fixation	(208.50, 179.24)	(198.47, 181.95)	2682.99	0.0168457	NaN	NaN	NaN	
2712010208000	2703315292748	None	Fixation	(208.50, 179.24)	(198.47, 181.95)	2682.99	0.0168457	NaN	NaN	NaN	
2712010208000	2703315292878	None	Fixation	(208.50, 179.24)	(198.47, 181.95)	2682.99	0.0168457	NaN	NaN	NaN	
2712010208000	2703315292733	None	Fixation	(208.50, 179.24)	(198.47, 181.95)	2682.99	0.0168457	NaN	NaN	NaN	
2712010208000	2703315292717	None	Fixation	(208.50, 179.24)	(198.47, 181.95)	2682.99	0.0168457	NaN	NaN	NaN	
2712026875000	2703331959593	None	Fixation	(207.98, 178.68)	(198.83, 181.94)	2682.99	0.03344727	NaN	NaN	NaN	
2712026875000	2703331959688	None	Fixation	(207.98, 178.68)	(198.83, 181.94)	2682.99	0.03344727	NaN	NaN	NaN	
2712043539000	2703348623394	None	Fixation	(207.74, 178.35)	(198.34, 182.33)	2682.99	0.05004883	NaN	NaN	NaN	
2712043539000	2703348623376	None	Fixation	(207.74, 178.35)	(198.34, 182.33)	2682.99	0.05004883	NaN	NaN	NaN	
2712043539000	2703348623366	None	Fixation	(207.74, 178.35)	(198.34, 182.33)	2682.99	0.05004883	NaN	NaN	NaN	
2712060206000	2703365290197	None	Fixation	(207.87, 178.35)	(198.52, 181.85)	2682.99	0.06665039	NaN	NaN	NaN	
2712060206000	2703365290212	None	Fixation	(207.87, 178.35)	(198.52, 181.85)	2682.99	0.06665039	NaN	NaN	NaN	
2712076874000	2703381958252	None	Fixation	(208.24, 178.64)	(198.67, 181.54)	2682.99	0.08349609	NaN	NaN	NaN	
2712093541000	2703398625274	None	Fixation	(207.79, 178.49)	(198.51, 181.70)	2682.99	0.1000977	NaN	NaN	NaN	
2712110207000	2703415290636	None	Fixation	(208.13, 178.04)	(198.11, 182.01)	2682.99	0.1166992	NaN	NaN	NaN	
2712126874000	2703431957344	None	Fixation	(208.09, 178.24)	(198.66, 181.74)	2682.99	0.1333008	NaN	NaN	NaN	
2712160205000	2703465288269	None	Fixation	(208.30, 178.17)	(198.77, 181.73)	2682.99	0.166748	NaN	NaN	NaN	
2712160205000	2703465288119	None	Fixation	(208.30, 178.17)	(198.77, 181.73)	2682.99	0.166748	NaN	NaN	NaN	
2712176873000	2703481955953	None	Fixation	(208.13, 178.19)	(198.79, 181.95)	2682.99	0.1833496	NaN	NaN	NaN	
2712193540000	2703498622659	None	Fixation	(208.01, 178.43)	(198.63, 182.20)	2682.99	0.2001953	NaN	NaN	NaN	
2712210205000	2703515287328	None	Saccade	(206.55, 182.66)	(196.46, 176.78)	2683.19	0.01660156	54.9734	2.393768	178.6199	
2712226871000	2703531953467	None	Saccade	(199.92, 198.55)	(192.85, 166.07)	2683.19	0.03320313	211.8428	8.891003	181.0905	
2712243538000	2703548620119	None	Saccade	(195.10, 212.81)	(191.04, 156.46)	2683.19	0.04980469	185.0883	15.05496	182.0822	
2712260204000	2703565285893	None	Unknown	(195.38, 213.62)	(191.77, 155.06)	NaN	NaN	NaN	NaN	NaN	
2712276871000	2703581952615	None	Pursuit	(194.98, 214.23)	(190.67, 154.83)	2683.257	0.01660156	9.039528	0.3013176	20.25402	
2712293539000	2703598620403	None	Pursuit	(194.14, 213.54)	(190.66, 155.48)	2683.257	0.03320313	13.29944	0.5086522	80.31325	
2712310204000	2703615285567	None	Unknown	(194.68, 213.00)	(191.11, 154.13)	NaN	NaN	NaN	NaN	NaN	
2712326870000	2703631951128	None	Fixation	(195.45, 212.83)	(190.43, 153.41)	2683.306	0.0168457	NaN	NaN	NaN	
2712343538000	2703648618660	None	Fixation	(194.71, 212.86)	(191.21, 153.86)	2683.306	0.03344727	NaN	NaN	NaN	
2712360205000	2703665285805	None	Fixation	(194.60, 212.64)	(191.09, 154.69)	2683.306	0.05004883	NaN	NaN	NaN	
2712376872000	2703681953020	None	Fixation	(194.70, 212.76)	(191.08, 154.03)	2683.306	0.06665039	NaN	NaN	NaN	
2712393538000	2703698618052	None	Fixation	(195.03, 212.57)	(191.20, 153.43)	2683.306	0.08349609	NaN	NaN	NaN	
2712410205000	2703715284947	None	Fixation	(194.78, 212.45)	(191.18, 153.40)	2683.306	0.1000977	NaN	NaN	NaN	
2712426871000	2703731950970	None	Fixation	(194.59, 212.49)	(191.00, 153.81)	2683.306	0.1166992	NaN	NaN	NaN	
2712443538000	2703748617714	None	Fixation	(194.89, 212.04)	(190.94, 153.90)	2683.306	0.1335449	NaN	NaN	NaN	
2712460204000	2703765283696	None	Fixation	(195.03, 212.34)	(190.72, 153.70)	2683.306	0.1501465	NaN	NaN	NaN	
2712476869000	2703781948241	None	Fixation	(195.01, 212.23)	(190.94, 153.47)	2683.306	0.166748	NaN	NaN	NaN	
2712493535000	2703798613848	None	Fixation	(195.03, 211.83)	(190.97, 153.84)	2683.306	0.1833496	NaN	NaN	NaN	
2712510204000	2703815282615	None	Fixation	(195.04, 212.01)	(190.87, 153.97)	2683.306	0.2001953	NaN	NaN	NaN	
2712526870000	2703831949010	None	Fixation	(195.17, 212.05)	(191.09, 154.22)	2683.306	0.2167969	NaN	NaN	NaN	
2712543537000	2703848615573	None	Fixation	(195.19, 212.27)	(191.15, 153.78)	2683.306	0.2333984	NaN	NaN	NaN	
2712560203000	2703865281250	None	Saccade	(195.53, 208.20)	(192.90, 156.28)	2683.54	0.01660156	50.24115	1.674705	171.8671	
2712576870000	2703881947785	None	Saccade	(194.94, 194.70)	(202.42, 167.44)	2683.54	0.03344727	166.2199	7.204717	159.3623	
2712593536000	2703898613594	None	Saccade	(195.08, 192.46)	(203.21, 172.32)	2683.556	0.03344727	60.84774	7.81621	160.288	
2712610203000	2703915280661	None	Pursuit	(194.90, 193.12)	(202.55, 171.93)	2683.59	0.01660156	8.446255	0.2815418	2.51336	
2712626869000	2703931946404	None	Pursuit	(195.07, 191.30)	(204.46, 171.18)	2683.59	0.03320313	22.49182	0.4751014	166.4709	
2712643536000	2703948613079	None	Pursuit	(195.10, 191.58)	(204.48, 169.96)	2683.606	0.03344727	14.92707	1.127986	57.43567	
2712660202000	2703965279213	None	Fixation	(194.02, 191.84)	(204.08, 169.93)	2683.64	0.01660156	NaN	NaN	NaN	
2712676867000	2703981943681	None	Fixation	(194.50, 191.38)	(203.77, 170.42)	2683.64	0.03320313	NaN	NaN	NaN	
2712693534000	2703998610347	None	Fixation	(195.39, 191.05)	(204.00, 170.92)	2683.64	0.05004883	NaN	NaN	NaN	
2712710202000	2704015278797	None	Fixation	(195.07, 191.11)	(204.38, 170.19)	2683.64	0.06665039	NaN	NaN	NaN	
2712726868000	2704031944279	None	Fixation	(194.77, 191.03)	(204.46, 169.77)	2683.64	0.08325195	NaN	NaN	NaN	
2712743533000	2704048609046	None	Fixation	(195.26, 190.76)	(203.95, 170.11)	2683.64	0.09985352	NaN	NaN	NaN	
2712760200000	2704065275680	None	Fixation	(194.79, 190.85)	(204.05, 170.54)	2683.64	0.1166992	NaN	NaN	NaN	
2712776868000	2704081943624	None	Fixation	(195.27, 190.82)	(203.88, 170.11)	2683.64	0.1333008	NaN	NaN	NaN	
2712793534000	2704098609268	None	Fixation	(194.78, 191.05)	(203.68, 169.66)	2683.64	0.1499023	NaN	NaN	NaN	
2712810201000	2704115276059	None	Fixation	(194.95, 190.66)	(205.05, 169.10)	2683.64	0.1665039	NaN	NaN	NaN	
2712826867000	2704131941981	None	Fixation	(195.04, 190.69)	(203.86, 169.97)	2683.64	0.1833496	NaN	NaN	NaN	
2712843534000	2704148608609	None	Saccade	(193.52, 189.57)	(206.99, 171.83)	2683.823	0.01660156	44.67818	1.489273	133.7136	
2712860200000	2704165274470	None	Pursuit	(193.51, 190.25)	(206.52, 171.37)	2683.823	0.03320313	8.057663	1.229732	130.7867	
2712876865000	2704181939513	None	Pursuit	(193.98, 190.28)	(205.68, 171.24)	2683.823	0.04980469	10.39213	0.9094961	137.9471	
2712893532000	2704198605877	None	Fixation	(193.56, 190.13)	(206.47, 171.25)	2683.64	0.25	NaN	NaN	NaN	
2712910198000	2704215271837	None	Fixation	(193.96, 190.17)	(206.17, 171.41)	2683.64	0.2666016	NaN	NaN	NaN	
2712926867000	2704231940545	None	Fixation	(193.86, 189.98)	(206.04, 170.95)	2683.64	0.2832031	NaN	NaN	NaN	
2712943533000	2704248606642	None	Fixation	(194.02, 189.79)	(205.57, 170.87)	2683.64	0.3000488	NaN	NaN	NaN	
2712960200000	2704265273212	None	Fixation	(194.02, 189.83)	(205.69, 170.84)	2683.64	0.3166504	NaN	NaN	NaN	
2712976865000	2704281938242	None	Fixation	(194.21, 189.77)	(205.46, 171.07)	2683.64	0.333252	NaN	NaN	NaN	
2712993532000	2704298604726	None	Fixation	(194.61, 189.45)	(205.83, 171.16)	2683.64	0.3498535	NaN	NaN	NaN	
2713010198000	2704315270486	None	Fixation	(194.82, 189.63)	(205.47, 170.71)	2683.64	0.3666992	NaN	NaN	NaN	
2713026865000	2704331937554	None	Fixation	(194.42, 189.73)	(205.36, 170.64)	2683.64	0.3833008	NaN	NaN	NaN	
2713043531000	2704348603096	None	Fixation	(194.76, 189.64)	(205.14, 171.04)	2683.64	0.3999023	NaN	NaN	NaN	
2713076864000	2704381936838	None	Fixation	(195.03, 189.61)	(205.25, 170.69)	2683.64	0.4333496	NaN	NaN	NaN	
2713093531000	2704398602708	None	Fixation	(195.12, 189.67)	(205.60, 170.70)	2683.64	0.4499512	NaN	NaN	NaN	
2713093531000	2704398602421	None	Fixation	(195.12, 189.67)	(205.60, 170.70)	2683.64	0.4499512	NaN	NaN	NaN	
2713110197000	2704415268247	None	Fixation	(194.95, 189.81)	(204.85, 170.66)	2683.64	0.4665527	NaN	NaN	NaN	
2713143530000	2704448601116	None	WinkLeft	(184.39, 195.92)	(212.66, 168.61)	NaN	NaN	NaN	NaN	NaN	
2713143530000	2704448600955	None	WinkLeft	(184.39, 195.92)	(212.66, 168.61)	NaN	NaN	NaN	NaN	NaN	
2713160197000	2704465267741	None	WinkLeft	(181.46, 197.83)	(216.66, 168.90)	NaN	NaN	NaN	NaN	NaN	
2713176863000	2704481933561	None	WinkLeft	(182.89, 196.97)	(214.64, 167.81)	NaN	NaN	NaN	NaN	NaN	
2713193530000	2704498600636	None	WinkLeft	(181.64, 197.22)	(215.84, 167.32)	NaN	NaN	NaN	NaN	NaN	
2713210196000	2704515266055	None	WinkLeft	(181.23, 196.50)	(215.64, 166.61)	NaN	NaN	NaN	NaN	NaN	
2713226863000	2704531932866	None	WinkLeft	(181.21, 195.89)	(215.65, 166.00)	NaN	NaN	NaN	NaN	NaN	
2713243529000	2704548598970	None	WinkLeft	(181.29, 195.44)	(216.11, 165.68)	NaN	NaN	NaN	NaN	NaN	
2713260196000	2704565265467	None	Saccade	(181.47, 195.66)	(216.12, 165.49)	2684.123	0.1335449	149.0077	4.966925	68.96333	
2713276862000	2704581931613	None	Unknown	(180.95, 195.31)	(214.72, 164.91)	NaN	NaN	NaN	NaN	NaN	
2713293529000	2704598598016	None	Pursuit	(181.08, 195.24)	(215.73, 165.51)	2684.273	0.01660156	1.717152	0.05723841	230.2008	
2713310196000	2704615264813	None	Pursuit	(180.55, 194.97)	(215.70, 164.85)	2684.273	0.03320313	7.375676	0.217173	116.471	
2713326862000	2704631930643	None	Unknown	(180.86, 194.89)	(216.28, 165.25)	NaN	NaN	NaN	NaN	NaN	
2713343529000	2704648597668	None	Fixation	(180.88, 195.00)	(216.11, 165.14)	2684.323	0.01660156	NaN	NaN	NaN	
2713360195000	2704665263161	None	Fixation	(180.73, 195.04)	(215.95, 165.44)	2684.323	0.03320313	NaN	NaN	NaN	
2713376860000	2704681927988	None	Saccade	(185.29, 191.31)	(213.66, 168.48)	2684.356	0.01660156	72.54913	2.418304	223.8286	
2713410195000	2704715262720	None	Saccade	(211.74, 183.77)	(195.64, 185.36)	2684.356	0.05004883	102.6352	13.52912	242.7571	
2713410195000	2704715262483	None	Saccade	(211.74, 183.77)	(195.64, 185.36)	2684.356	0.05004883	102.6352	13.52912	242.7571	
2713443529000	2704748596371	None	Pursuit	(214.11, 182.56)	(193.56, 186.84)	2684.423	0.01660156	30.69107	1.023036	244.1947	
2713443529000	2704748596319	None	Pursuit	(214.11, 182.56)	(193.56, 186.84)	2684.423	0.01660156	30.69107	1.023036	244.1947	
2713476862000	2704781929212	None	Pursuit	(212.76, 181.29)	(194.73, 184.68)	2684.423	0.05004883	13.79122	0.8711328	197.7341	
2713493528000	2704798594851	None	Fixation	(212.87, 181.32)	(194.41, 184.13)	2684.473	0.01660156	NaN	NaN	NaN	
2713510195000	2704815261414	None	Fixation	(213.40, 181.16)	(194.26, 183.98)	2684.49	0.0168457	NaN	NaN	NaN	
2713510195000	2704815262137	None	Fixation	(213.40, 181.16)	(194.26, 183.98)	2684.49	0.0168457	NaN	NaN	NaN	
2713526861000	2704831927131	None	Saccade	(213.38, 180.65)	(191.35, 183.83)	2684.507	0.01660156	35.87037	1.195679	286.0403	
2713543528000	2704848593978	None	Fixation	(213.31, 180.51)	(194.02, 183.90)	2684.49	0.05004883	NaN	NaN	NaN	
2713560194000	2704865259904	None	Fixation	(212.97, 180.29)	(191.92, 183.51)	2684.49	0.06665039	NaN	NaN	NaN	
2713593527000	2704898592662	None	Fixation	(213.60, 179.85)	(193.57, 183.55)	2684.49	0.1000977	NaN	NaN	NaN	
2713593527000	2704898592648	None	Fixation	(213.60, 179.85)	(193.57, 183.55)	2684.49	0.1000977	NaN	NaN	NaN	
2713610194000	2704915258985	None	Fixation	(213.74, 179.82)	(193.91, 183.69)	2684.49	0.1166992	NaN	NaN	NaN	
2713643527000	2704948591947	None	Saccade	(223.64, 173.10)	(189.45, 196.76)	2684.623	0.0168457	117.4928	4.696821	218.0263	
2713643527000	2704948591614	None	Saccade	(223.64, 173.10)	(189.45, 196.76)	2684.623	0.0168457	117.4928	4.696821	218.0263	
2713660193000	2704965258216	None	Unknown	(222.96, 173.27)	(189.80, 197.45)	NaN	NaN	NaN	NaN	NaN	
2713693526000	2704998590207	None	Pursuit	(224.45, 172.13)	(189.01, 198.20)	2684.656	0.03320313	19.43201	0.7716877	219.5108	
2713710193000	2705015257000	None	Unknown	(223.88, 171.51)	(189.67, 197.74)	NaN	NaN	NaN	NaN	NaN	
2713710193000	2705015257085	None	Unknown	(223.88, 171.51)	(189.67, 197.74)	NaN	NaN	NaN	NaN	NaN	
2713726859000	2705031922953	None	Fixation	(223.24, 170.61)	(190.02, 195.68)	2684.707	0.01660156	NaN	NaN	NaN	
2713760192000	2705065255736	None	Fixation	(224.20, 169.72)	(189.37, 196.80)	2684.707	0.05004883	NaN	NaN	NaN	
2713760192000	2705065255808	None	Fixation	(224.20, 169.72)	(189.37, 196.80)	2684.707	0.05004883	NaN	NaN	NaN	
2713776857000	2705081920013	None	Fixation	(224.09, 169.38)	(189.30, 196.75)	2684.707	0.06665039	NaN	NaN	NaN	
2713810192000	2705115255179	None	Fixation	(224.03, 169.00)	(189.37, 194.87)	2684.707	0.09985352	NaN	NaN	NaN	
2713810192000	2705115254488	None	Fixation	(224.03, 169.00)	(189.37, 194.87)	2684.707	0.09985352	NaN	NaN	NaN	
2713843525000	2705148587414	None	Fixation	(224.42, 168.84)	(189.08, 195.15)	2684.707	0.1333008	NaN	NaN	NaN	
2713843525000	2705148587331	None	Fixation	(224.42, 168.84)	(189.08, 195.15)	2684.707	0.1333008	NaN	NaN	NaN	
2713876858000	2705181920093	None	Fixation	(224.17, 168.86)	(189.56, 194.81)	2684.707	0.1665039	NaN	NaN	NaN	
2713893524000	2705198585711	None	Fixation	(224.18, 168.78)	(189.54, 194.57)	2684.707	0.1833496	NaN	NaN	NaN	
2713910189000	2705215250515	None	Fixation	(224.34, 168.69)	(188.54, 195.05)	2684.707	0.1999512	NaN	NaN	NaN	
2713910189000	2705215250225	None	Fixation	(224.34, 168.69)	(188.54, 195.05)	2684.707	0.1999512	NaN	NaN	NaN	
2713943524000	2705248585189	None	Fixation	(224.25, 168.71)	(189.96, 194.70)	2684.707	0.2331543	NaN	NaN	NaN	
2713960191000	2705265252177	None	Fixation	(224.12, 168.44)	(189.00, 195.32)	2684.707	0.25	NaN	NaN	NaN	
2713960191000	2705265251976	None	Fixation	(224.12, 168.44)	(189.00, 195.32)	2684.707	0.25	NaN	NaN	NaN	
2713976856000	2705281916500	None	Fixation	(224.05, 168.65)	(188.90, 194.62)	2684.707	0.2666016	NaN	NaN	NaN	
2714010187000	2705315247560	None	Fixation	(224.06, 168.63)	(189.63, 195.64)	2684.707	0.3000488	NaN	NaN	NaN	
2714010187000	2705315247300	None	Fixation	(224.06, 168.63)	(189.63, 195.64)	2684.707	0.3000488	NaN	NaN	NaN	
2714043522000	2705348582280	None	Fixation	(224.05, 168.55)	(189.30, 195.00)	2684.707	0.333252	NaN	NaN	NaN	
2714060189000	2705365248845	None	Fixation	(224.05, 168.69)	(189.43, 194.59)	2684.707	0.3498535	NaN	NaN	NaN	
2714076855000	2705381914704	None	Fixation	(223.99, 168.76)	(189.35, 195.11)	2684.707	0.3666992	NaN	NaN	NaN	
2714093522000	2705398581235	None	Fixation	(224.06, 168.78)	(189.52, 195.23)	2684.707	0.3833008	NaN	NaN	NaN	
2714110188000	2705415247136	None	Fixation	(223.99, 168.87)	(189.78, 194.55)	2684.707	0.3999023	NaN	NaN	NaN	
2714126855000	2705431913739	None	Fixation	(224.10, 168.78)	(189.77, 195.38)	2684.707	0.4165039	NaN	NaN	NaN	
2714143520000	2705448578676	None	Fixation	(223.81, 168.74)	(189.37, 195.08)	2684.707	0.4333496	NaN	NaN	NaN	
2714160186000	2705465244635	None	Fixation	(223.96, 168.81)	(189.30, 194.66)	2684.707	0.4499512	NaN	NaN	NaN	
2714160186000	2705465244213	None	Fixation	(223.96, 168.81)	(189.30, 194.66)	2684.707	0.4499512	NaN	NaN	NaN	
2714193521000	2705498579138	None	Saccade	(224.28, 161.68)	(195.38, 205.88)	2685.173	0.01660156	84.5739	5.037359	167.2032	
2714210186000	2705515243729	None	Saccade	(221.78, 156.77)	(204.15, 218.06)	2685.173	0.03344727	67.7978	11.16331	158.5132	
2714210186000	2705515243506	None	Saccade	(221.78, 156.77)	(204.15, 218.06)	2685.173	0.03344727	67.7978	11.16331	158.5132	
2714243520000	2705548577637	None	Pursuit	(221.63, 154.61)	(204.86, 221.48)	2685.223	0.01660156	9.458257	0.3152752	244.8066	
2714243520000	2705548577249	None	Pursuit	(221.63, 154.61)	(204.86, 221.48)	2685.223	0.01660156	9.458257	0.3152752	244.8066	
2714276853000	2705581910029	None	Pursuit	(221.80, 153.21)	(206.21, 219.62)	2685.223	0.05004883	17.03338	0.5435541	35.23001	
2714293529000	2705598586044	None	Fixation	(220.95, 152.77)	(205.62, 219.42)	2685.273	0.01660156	NaN	NaN	NaN	
2714293529000	2705598585467	None	Fixation	(220.95, 152.77)	(205.62, 219.42)	2685.273	0.01660156	NaN	NaN	NaN	
2714310186000	2705615242563	None	Fixation	(221.52, 152.74)	(205.27, 219.67)	2685.273	0.03320313	NaN	NaN	NaN	
2714343519000	2705648575277	None	Fixation	(221.67, 152.79)	(205.65, 218.95)	2685.273	0.06665039	NaN	NaN	NaN	
2714343519000	2705648575142	None	Fixation	(221.67, 152.79)	(205.65, 218.95)	2685.273	0.06665039	NaN	NaN	NaN	
2714376851000	2705681907176	None	Fixation	(221.01, 152.32)	(205.47, 218.62)	2685.273	0.09985352	NaN	NaN	NaN	
2714376851000	2705681906364	None	Fixation	(221.01, 152.32)	(205.47, 218.62)	2685.273	0.09985352	NaN	NaN	NaN	
2714410185000	2705715240530	None	Fixation	(221.19, 152.47)	(205.92, 219.17)	2685.273	0.1333008	NaN	NaN	NaN	
2714410185000	2705715240045	None	Fixation	(221.19, 152.47)	(205.92, 219.17)	2685.273	0.1333008	NaN	NaN	NaN	
2714443518000	2705748572945	None	Fixation	(221.23, 152.37)	(205.41, 217.97)	2685.273	0.1665039	NaN	NaN	NaN	
2714443518000	2705748572722	None	Fixation	(221.23, 152.37)	(205.41, 217.97)	2685.273	0.1665039	NaN	NaN	NaN	
2714476852000	2705781906680	None	Saccade	(225.33, 153.02)	(201.04, 219.25)	2685.457	0.01660156	55.11609	1.966421	266.0324	
2714493527000	2705798581562	None	Saccade	(235.25, 157.35)	(187.13, 220.18)	2685.457	0.03320313	133.1568	7.656014	276.0397	
2714510185000	2705815239076	None	Unknown	(236.84, 160.67)	(183.66, 219.60)	NaN	NaN	NaN	NaN	NaN	
2714510185000	2705815239351	None	Unknown	(236.84, 160.67)	(183.66, 219.60)	NaN	NaN	NaN	NaN	NaN	
2714543516000	2705848569631	None	Pursuit	(238.57, 160.17)	(181.90, 218.70)	2685.507	0.03320313	9.227243	0.7379937	240.7534	
2714543516000	2705848569658	None	Pursuit	(238.57, 160.17)	(181.90, 218.70)	2685.507	0.03320313	9.227243	0.7379937	240.7534	
2714576851000	2705881904557	None	Unknown	(237.98, 158.99)	(183.29, 217.64)	NaN	NaN	NaN	NaN	NaN	
2714576851000	2705881904171	None	Unknown	(237.98, 158.99)	(183.29, 217.64)	NaN	NaN	NaN	NaN	NaN	
2714610182000	2705915234818	None	Fixation	(238.22, 158.95)	(182.61, 216.99)	2685.573	0.03320313	NaN	NaN	NaN	
2714626856000	2705931908660	None	Saccade	(234.83, 163.79)	(181.57, 206.99)	2685.606	0.01660156	72.74757	4.11958	14.52386	
2714643517000	2705948569439	None	Saccade	(226.12, 177.05)	(180.23, 189.28)	2685.606	0.03344727	195.1149	11.4022	14.43012	
2714660192000	2705965244106	None	Saccade	(216.31, 191.60)	(183.65, 175.05)	2685.606	0.05004883	215.8719	17.20037	17.63878	
2714676849000	2705981901116	None	Unknown	(208.29, 203.28)	(184.61, 164.13)	NaN	NaN	NaN	NaN	NaN	
2714693518000	2705998569914	None	Pursuit	(205.26, 209.40)	(185.28, 160.17)	2685.673	0.01660156	84.00148	2.80005	13.28677	
2714710182000	2706015233722	None	Pursuit	(205.53, 208.00)	(184.35, 160.51)	2685.673	0.03344727	17.58636	2.240879	17.31314	
2714726857000	2706031908282	None	Pursuit	(205.49, 207.73)	(184.51, 160.98)	2685.673	0.05004883	3.310959	2.15527	19.12915	
2714743515000	2706048566173	None	Pursuit	(205.60, 207.00)	(184.64, 161.12)	2685.673	0.06665039	9.077508	1.882307	22.84403	
2714760181000	2706065232302	None	Unknown	(205.60, 206.34)	(184.84, 160.40)	NaN	NaN	NaN	NaN	NaN	
2714776848000	2706081898735	None	Fixation	(205.77, 205.71)	(184.70, 159.64)	2685.756	0.0168457	NaN	NaN	NaN	
2714793514000	2706098564667	None	Fixation	(205.95, 205.48)	(184.63, 159.61)	2685.756	0.03344727	NaN	NaN	NaN	
2714810181000	2706115231435	None	Fixation	(206.12, 205.24)	(184.34, 160.09)	2685.756	0.05004883	NaN	NaN	NaN	
2714826847000	2706131897037	None	Fixation	(205.94, 204.95)	(184.35, 160.31)	2685.756	0.06689453	NaN	NaN	NaN	
2714843512000	2706148561908	None	Saccade	(203.34, 210.68)	(184.23, 155.96)	2685.823	0.01660156	77.49409	2.583136	11.402	
2714860178000	2706165227693	None	Saccade	(201.35, 217.46)	(182.65, 153.97)	2685.823	0.03320313	86.91747	5.466952	7.146713	
2714876847000	2706181896863	None	Pursuit	(202.26, 215.42)	(183.37, 153.88)	2685.823	0.04980469	8.903804	2.668449	4.388594	
2714893513000	2706198562551	None	Pursuit	(202.62, 216.06)	(182.97, 153.64)	2685.873	0.0168457	8.899562	0.2966521	317.8087	
2714910180000	2706215229077	None	Pursuit	(201.58, 215.96)	(183.66, 153.10)	2685.873	0.03344727	12.7832	0.3554759	38.86206	
2714910180000	2706215229434	None	Pursuit	(201.58, 215.96)	(183.66, 153.10)	2685.873	0.03344727	12.7832	0.3554759	38.86206	
2714943513000	2706248561705	None	Fixation	(201.89, 215.03)	(183.43, 152.94)	2685.923	0.01660156	NaN	NaN	NaN	
2714960179000	2706265227392	None	Fixation	(202.15, 215.01)	(183.82, 152.40)	2685.923	0.03344727	NaN	NaN	NaN	
2714976846000	2706281894204	None	Fixation	(201.92, 214.93)	(183.86, 152.74)	2685.923	0.05004883	NaN	NaN	NaN	
2714993512000	2706298560244	None	Fixation	(201.68, 214.81)	(183.32, 152.92)	2685.923	0.06665039	NaN	NaN	NaN	
2715010177000	2706315225092	None	Fixation	(201.70, 214.54)	(183.38, 152.72)	2685.923	0.08325195	NaN	NaN	NaN	
2715026844000	2706331891567	None	Fixation	(201.75, 214.58)	(183.70, 152.43)	2685.923	0.1000977	NaN	NaN	NaN	
2715043512000	2706348559509	None	Fixation	(201.73, 214.56)	(183.57, 152.22)	2685.923	0.1166992	NaN	NaN	NaN	
2715060179000	2706365226166	None	Fixation	(201.96, 214.32)	(184.41, 152.03)	2685.923	0.1333008	NaN	NaN	NaN	
2715076845000	2706381892269	None	Fixation	(201.97, 214.34)	(184.50, 152.05)	2685.923	0.1501465	NaN	NaN	NaN	
2715093512000	2706398559144	None	Saccade	(207.28, 216.86)	(177.86, 152.61)	2686.073	0.01660156	72.40995	2.731461	280.3119	
2715110178000	2706415224550	None	Saccade	(220.13, 220.56)	(166.88, 155.63)	2686.073	0.03320313	164.3954	7.87131	273.7298	
2715126845000	2706431891682	None	Unknown	(224.23, 220.28)	(163.62, 159.02)	NaN	NaN	NaN	NaN	NaN	
2715126845000	2706431891214	None	Unknown	(224.23, 220.28)	(163.62, 159.02)	NaN	NaN	NaN	NaN	NaN	
2715160178000	2706465224070	None	Pursuit	(225.50, 220.08)	(161.92, 158.28)	2686.123	0.03344727	17.12798	0.5253088	248.3578	
2715176844000	2706481889819	None	Pursuit	(225.13, 219.39)	(162.00, 157.35)	2686.123	0.05004883	9.645031	0.5195801	212.5231	
2715193511000	2706498557617	None	Unknown	(224.64, 218.66)	(162.33, 156.41)	NaN	NaN	NaN	NaN	NaN	
2715210176000	2706515221479	None	Fixation	(225.10, 218.81)	(162.54, 155.71)	2686.19	0.0168457	NaN	NaN	NaN	
2715226843000	2706531888340	None	Fixation	(225.26, 218.13)	(162.01, 155.62)	2686.19	0.03344727	NaN	NaN	NaN	
2715243509000	2706548553993	None	Fixation	(225.31, 217.84)	(161.71, 155.79)	2686.19	0.05004883	NaN	NaN	NaN	
2715260176000	2706565220735	None	Fixation	(225.21, 217.76)	(162.16, 155.59)	2686.19	0.06665039	NaN	NaN	NaN	
2715276842000	2706581886928	None	Fixation	(225.33, 217.54)	(162.29, 155.13)	2686.19	0.08349609	NaN	NaN	NaN	
2715293509000	2706598553546	None	Fixation	(225.16, 217.34)	(162.48, 154.77)	2686.19	0.1000977	NaN	NaN	NaN	
2715310175000	2706615219289	None	Fixation	(224.96, 217.38)	(161.85, 155.03)	2686.19	0.1166992	NaN	NaN	NaN	
2715326842000	2706631885911	None	Saccade	(227.81, 209.30)	(164.16, 160.23)	2686.306	0.0168457	105.3506	3.511688	177.7696	
2715343506000	2706648549760	None	WinkLeft	(232.88, 191.05)	(169.73, 177.82)	NaN	NaN	NaN	NaN	NaN	
2715360173000	2706665216674	None	WinkLeft	(234.48, 176.94)	(177.18, 193.68)	NaN	NaN	NaN	NaN	NaN	
2715376839000	2706681882535	None	WinkLeft	(236.30, 167.41)	(179.81, 206.18)	NaN	NaN	NaN	NaN	NaN	
2715393508000	2706698551189	None	WinkLeft	(236.57, 166.91)	(180.10, 206.33)	NaN	NaN	NaN	NaN	NaN	
2715410174000	2706715217069	None	WinkLeft	(236.94, 166.91)	(180.55, 207.21)	NaN	NaN	NaN	NaN	NaN	
2715426841000	2706731883972	None	WinkLeft	(236.59, 167.17)	(180.46, 205.95)	NaN	NaN	NaN	NaN	NaN	
2715443507000	2706748549707	None	WinkLeft	(236.30, 166.98)	(180.45, 206.08)	NaN	NaN	NaN	NaN	NaN	
2715460174000	2706765216486	None	Saccade	(236.47, 165.88)	(179.97, 205.28)	2686.306	0.1501465	544.5911	21.90178	176.3879	
2715476840000	2706781882093	None	Saccade	(236.78, 165.72)	(179.92, 206.18)	2686.306	0.166748	4.287591	22.24203	176.7186	
2715493507000	2706798549126	None	Unknown	(236.76, 165.79)	(180.21, 205.84)	NaN	NaN	NaN	NaN	NaN	
2715510173000	2706815214922	None	Pursuit	(236.45, 166.10)	(180.10, 205.52)	2686.49	0.01660156	5.445902	0.1815301	31.38424	
2715526840000	2706831881593	None	Unknown	(236.29, 166.03)	(180.42, 205.24)	NaN	NaN	NaN	NaN	NaN	
2715543506000	2706848547400	None	Fixation	(236.19, 165.68)	(180.22, 205.47)	2686.523	0.01660156	NaN	NaN	NaN	
2715560173000	2706865214019	None	Fixation	(236.23, 165.67)	(180.38, 206.03)	2686.523	0.03320313	NaN	NaN	NaN	
2715576839000	2706881880049	None	Fixation	(236.19, 165.62)	(180.51, 205.76)	2686.523	0.05004883	NaN	NaN	NaN	
2715593504000	2706898544987	None	Fixation	(236.05, 165.64)	(180.38, 205.66)	2686.523	0.06665039	NaN	NaN	NaN	
2715610172000	2706915212483	None	Fixation	(236.35, 165.53)	(180.61, 205.59)	2686.523	0.08325195	NaN	NaN	NaN	
2715626839000	2706931879227	None	Fixation	(235.95, 165.50)	(179.95, 205.32)	2686.523	0.09985352	NaN	NaN	NaN	
2715643505000	2706948545237	None	Fixation	(236.09, 165.43)	(180.36, 205.21)	2686.523	0.1166992	NaN	NaN	NaN	
2715660172000	2706965211835	None	Blink	(235.30, 166.19)	(181.86, 206.70)	NaN	NaN	NaN	NaN	NaN	
2715676838000	2706981877851	None	Blink	(230.83, 169.89)	(185.42, 207.21)	NaN	NaN	NaN	NaN	NaN	
2715693505000	2706998544692	None	Blink	(235.83, 175.29)	(0.00, 0.00)	NaN	NaN	NaN	NaN	NaN	
2715710171000	2707015210513	None	Blink	(0.00, 0.00)	(0.00, 0.00)	NaN	NaN	NaN	NaN	NaN	
2715726838000	2707031881732	None	Blink	(0.00, 0.00)	(0.00, 0.00)	NaN	NaN	NaN	NaN	NaN	
2715743504000	2707048542856	None	Blink	(0.00, 0.00)	(0.00, 0.00)	NaN	NaN	NaN	NaN	NaN	
2715760171000	2707065210488	None	Blink	(198.71, 185.28)	(176.37, 179.54)	NaN	NaN	NaN	NaN	NaN	
2715776837000	2707081875667	None	Blink	(200.31, 186.13)	(201.79, 180.62)	NaN	NaN	NaN	NaN	NaN	
2715793504000	2707098542315	None	Blink	(193.77, 186.59)	(205.20, 179.00)	NaN	NaN	NaN	NaN	NaN	
2715810171000	2707115209118	None	Blink	(197.21, 185.60)	(206.90, 178.28)	NaN	NaN	NaN	NaN	NaN	
2715826837000	2707131874825	None	Blink	(197.60, 185.09)	(206.67, 177.88)	NaN	NaN	NaN	NaN	NaN	
2715843504000	2707148541618	None	Blink	(198.01, 184.47)	(206.30, 177.49)	NaN	NaN	NaN	NaN	NaN	
2715860170000	2707165207873	None	Blink	(198.28, 184.03)	(205.94, 177.23)	NaN	NaN	NaN	NaN	NaN	
2715876835000	2707181872587	None	Blink	(198.53, 183.63)	(205.52, 176.97)	NaN	NaN	NaN	NaN	NaN	
2715893501000	2707198538335	None	WinkRight	(198.81, 183.42)	(205.39, 176.68)	NaN	NaN	NaN	NaN	NaN	
2715910170000	2707215206980	None	WinkRight	(198.52, 182.80)	(205.61, 176.11)	NaN	NaN	NaN	NaN	NaN	
2715926836000	2707231872831	None	Saccade	(198.64, 182.86)	(205.53, 176.35)	2686.64	0.2832031	508.1217	16.93739	53.06667	
2715943503000	2707248539438	None	Saccade	(198.54, 182.66)	(205.58, 176.38)	2686.64	0.2998047	2.73142	16.93793	53.26728	
2715960169000	2707265205189	None	Unknown	(198.55, 182.51)	(205.03, 176.00)	NaN	NaN	NaN	NaN	NaN	
2715976836000	2707281872303	None	Pursuit	(196.80, 184.52)	(205.61, 173.58)	2686.957	0.01660156	32.82386	1.094129	28.06393	
2715993502000	2707298537763	None	Pursuit	(193.11, 190.09)	(206.36, 171.13)	2686.957	0.03320313	31.56193	2.07	28.25847	
2716010169000	2707315204633	None	Pursuit	(193.96, 189.18)	(206.12, 171.05)	2686.957	0.04980469	3.032655	2.075552	25.46812	
2716026835000	2707331870584	None	Pursuit	(194.05, 189.16)	(206.37, 170.79)	2687.006	0.0168457	1.230703	0.04102342	246.9707	
2716043500000	2707348535303	None	Pursuit	(193.56, 189.26)	(206.76, 169.50)	2687.006	0.03344727	6.254916	0.1674977	64.78894	
2716060168000	2707365202999	None	Unknown	(193.28, 188.48)	(205.91, 170.05)	NaN	NaN	NaN	NaN	NaN	
2716076835000	2707381870117	None	Fixation	(193.58, 188.17)	(206.01, 169.77)	2687.056	0.0168457	NaN	NaN	NaN	
2716093501000	2707398536089	None	Fixation	(193.68, 188.35)	(206.31, 169.32)	2687.056	0.03344727	NaN	NaN	NaN	
2716110166000	2707415200531	None	Fixation	(193.71, 188.29)	(206.48, 169.39)	2687.056	0.05004883	NaN	NaN	NaN	
2716126832000	2707431866070	None	Fixation	(193.55, 188.06)	(205.91, 169.48)	2687.056	0.06665039	NaN	NaN	NaN	
2716143501000	2707448535163	None	Fixation	(193.93, 187.91)	(205.35, 169.41)	2687.056	0.08349609	NaN	NaN	NaN	
2716160167000	2707465200850	None	Fixation	(194.05, 187.58)	(206.33, 168.98)	2687.056	0.1000977	NaN	NaN	NaN	
2716176834000	2707481867656	None	Fixation	(193.82, 187.63)	(206.19, 169.05)	2687.056	0.1166992	NaN	NaN	NaN	
2716193500000	2707498533286	None	Fixation	(193.94, 187.78)	(205.97, 169.14)	2687.056	0.1333008	NaN	NaN	NaN	
2716210167000	2707515200180	None	Fixation	(194.28, 187.67)	(206.19, 168.84)	2687.056	0.1501465	NaN	NaN	NaN	
2716226833000	2707531866034	None	Fixation	(193.97, 187.47)	(206.26, 168.78)	2687.056	0.166748	NaN	NaN	NaN	
2716243499000	2707548531773	None	Fixation	(193.40, 187.63)	(205.70, 169.05)	2687.056	0.1833496	NaN	NaN	NaN	
2716260166000	2707565198575	None	Fixation	(193.63, 187.53)	(206.68, 168.78)	2687.056	0.1999512	NaN	NaN	NaN	
2716276833000	2707581865696	None	Fixation	(193.86, 187.51)	(206.43, 168.66)	2687.056	0.2167969	NaN	NaN	NaN	
2716293499000	2707598531151	None	Fixation	(193.57, 187.22)	(205.79, 169.21)	2687.056	0.2333984	NaN	NaN	NaN	
2716310166000	2707615198118	None	Fixation	(193.62, 187.32)	(206.00, 168.93)	2687.056	0.25	NaN	NaN	NaN	
2716326832000	2707631863888	None	Fixation	(193.87, 187.23)	(205.54, 169.16)	2687.056	0.2668457	NaN	NaN	NaN	
2716343497000	2707648528563	None	Fixation	(193.57, 187.13)	(206.22, 169.03)	2687.056	0.2834473	NaN	NaN	NaN	
2716360163000	2707665194273	None	Fixation	(193.06, 187.14)	(206.05, 168.99)	2687.056	0.3000488	NaN	NaN	NaN	
2716376832000	2707681863314	None	Fixation	(193.50, 187.16)	(206.26, 169.11)	2687.056	0.3166504	NaN	NaN	NaN	
2716393498000	2707698529135	None	Saccade	(186.72, 189.80)	(211.11, 168.25)	2687.373	0.0168457	89.49458	2.983152	74.29521	
2716410165000	2707715195730	None	Saccade	(179.07, 195.16)	(217.37, 168.25)	2687.373	0.03344727	114.9111	6.765782	73.26402	
2716410165000	2707715196293	None	Saccade	(179.07, 195.16)	(217.37, 168.25)	2687.373	0.03344727	114.9111	6.765782	73.26402	
2716426831000	2707731861788	None	Unknown	(180.46, 194.65)	(216.52, 167.19)	NaN	NaN	NaN	NaN	NaN	
2716460164000	2707765194177	None	Pursuit	(179.41, 193.99)	(216.68, 166.39)	2687.423	0.03344727	21.94526	0.5095593	108.7112	
2716476831000	2707781861177	None	Unknown	(179.87, 193.32)	(215.96, 166.17)	NaN	NaN	NaN	NaN	NaN	
2716493497000	2707798526758	None	Fixation	(179.90, 193.19)	(216.32, 165.29)	2687.473	0.01660156	NaN	NaN	NaN	
2716510162000	2707815191663	None	Fixation	(180.52, 193.10)	(216.57, 165.62)	2687.473	0.03320313	NaN	NaN	NaN	
2716526828000	2707831857858	None	Fixation	(180.53, 192.94)	(216.19, 165.58)	2687.473	0.05004883	NaN	NaN	NaN	
2716543495000	2707848524127	None	Fixation	(180.35, 192.53)	(215.84, 165.33)	2687.473	0.06665039	NaN	NaN	NaN	
2716560163000	2707865192284	None	Fixation	(180.31, 192.07)	(216.21, 165.34)	2687.473	0.08325195	NaN	NaN	NaN	
2716576830000	2707881859372	None	Fixation	(180.54, 192.29)	(215.67, 164.96)	2687.473	0.09985352	NaN	NaN	NaN	
2716593496000	2707898524594	None	Fixation	(180.62, 192.22)	(216.08, 165.08)	2687.473	0.1166992	NaN	NaN	NaN	
2716610163000	2707915191321	None	Fixation	(180.72, 192.35)	(215.95, 165.36)	2687.473	0.1333008	NaN	NaN	NaN	
2716626829000	2707931857109	None	Fixation	(180.80, 192.48)	(215.52, 165.28)	2687.473	0.1499023	NaN	NaN	NaN	
2716626829000	2707931857562	None	Fixation	(180.80, 192.48)	(215.52, 165.28)	2687.473	0.1499023	NaN	NaN	NaN	
2716660161000	2707965188770	None	Fixation	(180.80, 192.59)	(215.69, 165.33)	2687.473	0.1833496	NaN	NaN	NaN	
2716676827000	2707981854795	None	Fixation	(180.65, 192.48)	(215.58, 165.05)	2687.473	0.1999512	NaN	NaN	NaN	
2716676827000	2707981854470	None	Fixation	(180.65, 192.48)	(215.58, 165.05)	2687.473	0.1999512	NaN	NaN	NaN	
2716710162000	2708015189054	None	Fixation	(180.51, 192.26)	(215.60, 165.37)	2687.473	0.2333984	NaN	NaN	NaN	
2716726828000	2708031854850	None	Fixation	(180.53, 192.33)	(215.80, 165.34)	2687.473	0.25	NaN	NaN	NaN	
2716743495000	2708048521789	None	Fixation	(180.78, 192.57)	(214.87, 165.03)	2687.473	0.2666016	NaN	NaN	NaN	
2716760161000	2708065187521	None	Fixation	(180.68, 192.58)	(215.55, 165.01)	2687.473	0.2832031	NaN	NaN	NaN	
2716776826000	2708081852458	None	Fixation	(180.53, 192.40)	(215.41, 165.22)	2687.473	0.3000488	NaN	NaN	NaN	
2716776826000	2708081852585	None	Fixation	(180.53, 192.40)	(215.41, 165.22)	2687.473	0.3000488	NaN	NaN	NaN	
2716810161000	2708115187169	None	Fixation	(180.53, 192.61)	(215.26, 165.07)	2687.473	0.333252	NaN	NaN	NaN	
2716826827000	2708131852906	None	Fixation	(180.68, 192.60)	(215.16, 165.25)	2687.473	0.3498535	NaN	NaN	NaN	
2716826827000	2708131852694	None	Fixation	(180.68, 192.60)	(215.16, 165.25)	2687.473	0.3498535	NaN	NaN	NaN	
2716860160000	2708165185501	None	Fixation	(180.70, 192.48)	(214.91, 165.31)	2687.473	0.3833008	NaN	NaN	NaN	
2716876827000	2708181852144	None	Fixation	(180.82, 192.59)	(215.05, 165.17)	2687.473	0.3999023	NaN	NaN	NaN	
2716876827000	2708181852082	None	Fixation	(180.82, 192.59)	(215.05, 165.17)	2687.473	0.3999023	NaN	NaN	NaN	
2716893493000	2708198518106	None	Fixation	(180.83, 192.52)	(215.52, 165.68)	2687.473	0.416748	NaN	NaN	NaN	
2716926825000	2708231849824	None	Fixation	(180.63, 192.69)	(215.60, 166.16)	2687.473	0.4499512	NaN	NaN	NaN	
2716926825000	2708231849657	None	Fixation	(180.63, 192.69)	(215.60, 166.16)	2687.473	0.4499512	NaN	NaN	NaN	
2716960159000	2708265183085	None	Fixation	(180.72, 193.29)	(214.64, 165.44)	2687.473	0.4833984	NaN	NaN	NaN	
2716960159000	2708265183067	None	Fixation	(180.72, 193.29)	(214.64, 165.44)	2687.473	0.4833984	NaN	NaN	NaN	
2716976826000	2708281849888	None	Saccade	(179.38, 203.73)	(209.05, 158.26)	2687.957	0.01660156	129.5278	4.317592	344.7031	
2716993492000	2708298516083	None	Saccade	(178.42, 212.15)	(204.84, 155.89)	2687.957	0.03320313	104.1721	7.78982	340.6092	
2717010159000	2708315182376	None	Unknown	(179.46, 211.02)	(208.39, 155.48)	NaN	NaN	NaN	NaN	NaN	
2717043492000	2708348515136	None	Pursuit	(178.54, 211.96)	(206.92, 155.02)	2688.006	0.03344727	13.79939	0.5344558	31.44997	
2717060158000	2708365180873	None	Pursuit	(178.50, 211.16)	(207.56, 154.07)	2688.006	0.05004883	14.15789	0.6681668	342.3892	
2717060158000	2708365180867	None	Pursuit	(178.50, 211.16)	(207.56, 154.07)	2688.006	0.05004883	14.15789	0.6681668	342.3892	
2717076823000	2708381845688	None	Fixation	(178.58, 211.18)	(207.70, 153.43)	2688.056	0.01660156	NaN	NaN	NaN	
2717093490000	2708398512582	None	Fixation	(178.68, 211.44)	(207.77, 153.74)	2688.056	0.03344727	NaN	NaN	NaN	
2717110156000	2708415178337	None	Fixation	(178.94, 211.27)	(207.55, 154.22)	2688.056	0.05004883	NaN	NaN	NaN	
2717126823000	2708431845262	None	Fixation	(178.72, 211.16)	(207.36, 154.38)	2688.056	0.06665039	NaN	NaN	NaN	
2717160157000	2708465178681	None	Fixation	(178.72, 211.08)	(207.99, 154.07)	2688.056	0.1000977	NaN	NaN	NaN	
2717160157000	2708465178674	None	Fixation	(178.72, 211.08)	(207.99, 154.07)	2688.056	0.1000977	NaN	NaN	NaN	
2717176824000	2708481845526	None	Fixation	(178.36, 211.52)	(207.78, 153.77)	2688.056	0.1166992	NaN	NaN	NaN	
2717193491000	2708498512493	None	Fixation	(177.02, 213.07)	(208.13, 153.67)	2688.056	0.1333008	NaN	NaN	NaN	
2717210155000	2708515176274	None	Fixation	(177.57, 212.66)	(208.28, 153.53)	2688.056	0.1501465	NaN	NaN	NaN	
2717226821000	2708531841974	None	Fixation	(177.46, 212.72)	(208.10, 153.44)	2688.056	0.166748	NaN	NaN	NaN	
2717243490000	2708548510749	None	Fixation	(177.41, 212.90)	(207.81, 153.23)	2688.056	0.1833496	NaN	NaN	NaN	
2717260156000	2708565176489	None	Fixation	(176.84, 212.28)	(207.81, 153.33)	2688.056	0.1999512	NaN	NaN	NaN	
2717276821000	2708581841296	None	Fixation	(177.01, 212.36)	(207.59, 153.07)	2688.056	0.2167969	NaN	NaN	NaN	
2717293488000	2708598508372	None	Fixation	(177.28, 212.43)	(207.93, 153.16)	2688.056	0.2333984	NaN	NaN	NaN	
2717310156000	2708615175857	None	Fixation	(177.14, 212.14)	(208.03, 153.19)	2688.056	0.25	NaN	NaN	NaN	
2717326823000	2708631842922	None	Fixation	(177.43, 212.31)	(207.93, 153.16)	2688.056	0.2666016	NaN	NaN	NaN	
2717343489000	2708648508467	None	Fixation	(177.15, 212.03)	(207.98, 153.42)	2688.056	0.2834473	NaN	NaN	NaN	
2717360155000	2708665174566	None	Fixation	(177.18, 212.13)	(208.02, 153.10)	2688.056	0.3000488	NaN	NaN	NaN	
2717376822000	2708681841132	None	Fixation	(177.31, 212.22)	(208.16, 153.19)	2688.056	0.3166504	NaN	NaN	NaN	
2717393488000	2708698507239	None	Saccade	(182.09, 204.86)	(207.87, 157.81)	2688.373	0.0168457	107.8975	3.596584	198.3026	
2717410155000	2708715174352	None	Saccade	(194.90, 193.12)	(204.45, 169.19)	2688.373	0.03344727	213.7336	10.64467	207.8576	
2717426821000	2708731839651	None	Unknown	(193.55, 193.76)	(205.12, 170.79)	NaN	NaN	NaN	NaN	NaN	
2717443488000	2708748506582	None	Pursuit	(194.98, 193.88)	(203.04, 171.69)	2688.423	0.01660156	17.66743	0.5889144	261.8509	
2717460154000	2708765172509	None	Pursuit	(196.33, 191.82)	(203.71, 171.58)	2688.423	0.03344727	30.28423	1.390023	222.166	
2717476821000	2708781838909	None	Unknown	(194.54, 191.93)	(204.74, 170.43)	NaN	NaN	NaN	NaN	NaN	
2717493487000	2708798505121	None	Saccade	(194.14, 191.82)	(205.13, 169.67)	2688.473	0.01660156	5.146997	0.1715666	93.17757	
2717510154000	2708815171625	None	Fixation	(194.89, 191.26)	(204.40, 170.06)	2688.473	0.03320313	NaN	NaN	NaN	
2717526820000	2708831837468	None	Fixation	(195.06, 191.32)	(204.52, 170.37)	2688.506	0.0168457	NaN	NaN	NaN	
2717543487000	2708848504397	None	Fixation	(194.82, 191.27)	(204.23, 169.95)	2688.506	0.03344727	NaN	NaN	NaN	
2717560154000	2708865171244	None	Fixation	(194.59, 191.29)	(203.81, 170.01)	2688.506	0.05004883	NaN	NaN	NaN	
2717576820000	2708881836739	None	Fixation	(194.83, 190.83)	(204.03, 169.93)	2688.506	0.06665039	NaN	NaN	NaN	
2717593487000	2708898503793	None	Fixation	(195.00, 190.60)	(204.41, 169.17)	2688.506	0.08349609	NaN	NaN	NaN	
2717610154000	2708915170575	None	Fixation	(194.71, 190.38)	(204.15, 169.35)	2688.506	0.1000977	NaN	NaN	NaN	
2717626820000	2708931836217	None	Saccade	(200.25, 185.93)	(202.74, 174.18)	2688.606	0.01660156	87.35764	2.911922	213.7463	
2717643487000	2708948503136	None	Saccade	(212.66, 180.01)	(195.97, 185.29)	2688.606	0.03344727	169.1938	8.500607	223.5782	
2717660153000	2708965168716	None	Unknown	(211.55, 182.07)	(195.64, 184.74)	NaN	NaN	NaN	NaN	NaN	
2717676820000	2708981835563	None	Pursuit	(212.15, 181.78)	(194.45, 185.74)	2688.656	0.01660156	8.202432	0.2734144	231.2904	
2717693487000	2708998502669	None	Pursuit	(214.56, 180.22)	(193.58, 185.76)	2688.656	0.03320313	35.25196	1.446704	225.4046	
2717710151000	2709015166415	None	Pursuit	(213.83, 179.65)	(194.52, 184.70)	2688.656	0.05004883	11.38322	1.362744	210.2609	
2717726818000	2709031833031	None	Pursuit	(212.68, 178.90)	(195.04, 183.25)	2688.656	0.06665039	16.87863	1.377375	186.5714	
2717743486000	2709048500837	None	Pursuit	(213.88, 178.30)	(194.41, 183.50)	2688.656	0.08325195	16.5508	1.816834	198.674	
2717760152000	2709065166538	None	Fixation	(213.98, 178.11)	(194.21, 183.15)	2688.707	0.04980469	NaN	NaN	NaN	
2717776819000	2709081833369	None	Fixation	(214.00, 177.73)	(194.09, 183.54)	2688.756	0.0168457	NaN	NaN	NaN	
2717793485000	2709098499155	None	Fixation	(213.59, 177.56)	(193.95, 183.03)	2688.756	0.03344727	NaN	NaN	NaN	
2717810152000	2709115166070	None	Fixation	(213.69, 177.14)	(193.45, 182.99)	2688.756	0.05004883	NaN	NaN	NaN	
2717826818000	2709131831969	None	Fixation	(213.98, 176.73)	(193.72, 182.20)	2688.756	0.06665039	NaN	NaN	NaN	
2717843485000	2709148499048	None	Fixation	(213.92, 176.54)	(194.27, 182.80)	2688.756	0.08349609	NaN	NaN	NaN	
2717860151000	2709165164418	None	Fixation	(213.70, 176.70)	(194.00, 182.16)	2688.756	0.1000977	NaN	NaN	NaN	
2717876818000	2709181831402	None	Fixation	(213.77, 176.31)	(193.95, 182.66)	2688.756	0.1166992	NaN	NaN	NaN	
2717893484000	2709198496953	None	Fixation	(213.65, 176.34)	(194.56, 182.23)	2688.756	0.1335449	NaN	NaN	NaN	
2717910151000	2709215164055	None	Fixation	(213.74, 176.24)	(194.21, 182.09)	2688.756	0.1501465	NaN	NaN	NaN	
2717926817000	2709231829772	None	Fixation	(213.47, 176.20)	(194.29, 182.01)	2688.756	0.166748	NaN	NaN	NaN	
2717943482000	2709248494598	None	Fixation	(213.61, 176.11)	(194.48, 182.15)	2688.756	0.1833496	NaN	NaN	NaN	
2717960149000	2709265161181	None	Blink	(212.83, 177.52)	(195.08, 184.49)	NaN	NaN	NaN	NaN	NaN	
2717976817000	2709281828981	None	Blink	(211.58, 182.59)	(195.63, 188.78)	NaN	NaN	NaN	NaN	NaN	
2717993483000	2709298495016	None	Blink	(227.44, 180.84)	(0.00, 0.00)	NaN	NaN	NaN	NaN	NaN	
2718010150000	2709315161809	None	Blink	(0.00, 0.00)	(0.00, 0.00)	NaN	NaN	NaN	NaN	NaN	
2718026816000	2709331827360	None	Blink	(0.00, 0.00)	(0.00, 0.00)	NaN	NaN	NaN	NaN	NaN	
2718043483000	2709348494352	None	Blink	(198.22, 179.88)	(0.00, 0.00)	NaN	NaN	NaN	NaN	NaN	
2718060149000	2709365159993	None	Blink	(206.99, 180.41)	(209.25, 182.73)	NaN	NaN	NaN	NaN	NaN	
2718076816000	2709381826830	None	Blink	(207.81, 180.26)	(199.86, 184.74)	NaN	NaN	NaN	NaN	NaN	
2718093482000	2709398492879	None	Blink	(208.15, 179.70)	(198.19, 184.50)	NaN	NaN	NaN	NaN	NaN	
2718110149000	2709415160310	None	Blink	(208.69, 179.25)	(198.29, 184.46)	NaN	NaN	NaN	NaN	NaN	
2718126815000	2709431825354	None	Blink	(208.76, 179.05)	(198.97, 183.91)	NaN	NaN	NaN	NaN	NaN	
2718143482000	2709448492205	None	Blink	(209.66, 178.65)	(199.25, 184.62)	NaN	NaN	NaN	NaN	NaN	
2718160148000	2709465157814	None	Blink	(209.59, 178.38)	(198.17, 183.50)	NaN	NaN	NaN	NaN	NaN	
2718176815000	2709481824615	None	Blink	(209.43, 178.34)	(198.51, 183.65)	NaN	NaN	NaN	NaN	NaN	
2718193481000	2709498490729	None	Saccade	(209.41, 177.90)	(198.44, 183.19)	2688.94	0.25	56.09488	1.869829	85.77116	
2718210146000	2709515155501	None	Pursuit	(209.54, 178.02)	(198.26, 183.07)	2688.94	0.2668457	2.62646	1.596464	116.664	
2718226813000	2709531822187	None	Pursuit	(209.55, 177.99)	(198.13, 183.13)	2689.207	0.01660156	0.3458286	0.01152762	188.6215	
2718243481000	2709548489980	None	Pursuit	(209.75, 177.66)	(198.08, 183.23)	2689.207	0.03320313	4.735559	0.1692289	197.5755	
2718260147000	2709565155641	None	Unknown	(209.62, 177.75)	(198.19, 183.59)	NaN	NaN	NaN	NaN	NaN	
2718276814000	2709581822498	None	Fixation	(209.65, 177.54)	(198.11, 182.77)	2689.256	0.0168457	NaN	NaN	NaN	
2718293480000	2709598488500	None	Fixation	(209.64, 177.46)	(198.14, 182.92)	2689.256	0.03344727	NaN	NaN	NaN	
2718310147000	2709615155726	None	Fixation	(209.76, 177.44)	(198.12, 182.99)	2689.256	0.05004883	NaN	NaN	NaN	
2718326813000	2709631820935	None	Fixation	(209.60, 177.46)	(197.87, 182.69)	2689.256	0.06665039	NaN	NaN	NaN	
2718343480000	2709648487908	None	Fixation	(209.63, 177.55)	(197.89, 182.69)	2689.256	0.08349609	NaN	NaN	NaN	
2718360146000	2709665153473	None	Fixation	(209.54, 177.49)	(198.11, 182.78)	2689.256	0.1000977	NaN	NaN	NaN	
2718376811000	2709681818255	None	Fixation	(209.71, 177.40)	(198.18, 182.61)	2689.256	0.1166992	NaN	NaN	NaN	
2718393477000	2709698484362	None	Fixation	(209.59, 177.67)	(197.75, 183.00)	2689.256	0.1333008	NaN	NaN	NaN	
2718410146000	2709715153120	None	Saccade	(211.89, 182.60)	(192.73, 178.29)	2689.39	0.0168457	66.85964	2.819497	324.0651	
2718426812000	2709731818922	None	Saccade	(216.93, 200.43)	(178.47, 169.53)	2689.39	0.03344727	227.9131	9.803267	323.5308	
2718443477000	2709748483619	None	Saccade	(217.07, 210.73)	(172.63, 163.68)	2689.39	0.05004883	126.7013	13.8951	327.4129	
2718460143000	2709765149391	None	Unknown	(218.35, 211.18)	(173.28, 162.08)	NaN	NaN	NaN	NaN	NaN	
2718476812000	2709781818118	None	Pursuit	(219.03, 211.45)	(171.69, 161.32)	2689.457	0.01660156	8.963577	0.2987859	279.3199	
2718493478000	2709798484058	None	Pursuit	(218.47, 210.63)	(171.43, 161.80)	2689.457	0.03320313	12.21618	0.2284708	179.0483	
2718510145000	2709815150812	None	Unknown	(218.79, 209.88)	(172.07, 160.84)	NaN	NaN	NaN	NaN	NaN	
2718526811000	2709831816810	None	Saccade	(218.72, 203.21)	(175.58, 163.16)	2689.506	0.0168457	82.04081	2.734694	151.4237	
2718543478000	2709848483585	None	Saccade	(213.40, 186.20)	(191.26, 178.52)	2689.506	0.03344727	219.19	9.956502	154.1708	
2718560144000	2709865149128	None	Saccade	(206.02, 174.10)	(207.77, 194.91)	2689.506	0.05004883	174.3169	15.5755	147.583	
2718576809000	2709881813956	None	Unknown	(202.03, 166.09)	(217.87, 206.40)	NaN	NaN	NaN	NaN	NaN	
2718593475000	2709898479738	None	Pursuit	(200.63, 161.92)	(222.60, 212.72)	2689.573	0.0168457	54.03088	1.801029	148.3988	
2718610144000	2709915148617	None	Pursuit	(200.88, 160.64)	(222.05, 210.96)	2689.573	0.03344727	16.14325	2.283913	155.1107	
2718626810000	2709931814607	None	Pursuit	(201.21, 160.72)	(222.87, 210.07)	2689.573	0.05004883	4.184167	2.22771	158.3535	
2718643475000	2709948479238	None	Pursuit	(201.59, 160.53)	(221.97, 209.89)	2689.573	0.06665039	5.102748	2.284185	162.4296	
2718660141000	2709965144977	None	Unknown	(201.78, 159.61)	(221.79, 209.48)	NaN	NaN	NaN	NaN	NaN	
2718676810000	2709981813785	None	Fixation	(201.79, 159.11)	(222.24, 208.90)	2689.656	0.01660156	NaN	NaN	NaN	
2718693476000	2709998479569	None	Fixation	(201.66, 158.88)	(221.32, 208.96)	2689.656	0.03320313	NaN	NaN	NaN	
2718710143000	2710015146488	None	Fixation	(201.69, 158.56)	(221.45, 208.33)	2689.656	0.05004883	NaN	NaN	NaN	
2718726809000	2710031812193	None	Saccade	(201.80, 156.96)	(224.20, 212.31)	2689.707	0.01660156	59.53482	1.984494	158.4718	
2718743476000	2710048478908	None	Saccade	(201.12, 156.93)	(226.68, 216.13)	2689.707	0.03320313	56.01629	3.851373	159.1998	
2718760142000	2710065144791	None	Fixation	(200.71, 156.04)	(225.17, 214.58)	2689.656	0.09985352	NaN	NaN	NaN	
2718776809000	2710081811604	None	Pursuit	(200.61, 155.85)	(225.70, 214.85)	2689.756	0.0168457	7.233762	0.2411254	129.7687	
2718793475000	2710098477644	None	Pursuit	(201.37, 155.44)	(226.42, 215.34)	2689.756	0.03344727	10.79877	0.5997882	134.368	
2718810140000	2710115142548	None	Fixation	(201.05, 155.10)	(226.56, 214.67)	2689.656	0.1499023	NaN	NaN	NaN	
2718826808000	2710131810546	None	Fixation	(200.66, 154.49)	(226.21, 214.42)	2689.656	0.1665039	NaN	NaN	NaN	
2718843474000	2710148476246	None	Fixation	(201.03, 154.73)	(226.13, 213.74)	2689.656	0.1833496	NaN	NaN	NaN	
2718860140000	2710165141647	None	Fixation	(200.97, 154.81)	(225.33, 214.52)	2689.656	0.1999512	NaN	NaN	NaN	
2718876806000	2710181807459	None	Fixation	(200.83, 154.93)	(225.86, 213.86)	2689.656	0.2165527	NaN	NaN	NaN	
2718893473000	2710198474524	None	Fixation	(200.75, 154.90)	(225.73, 213.65)	2689.656	0.2331543	NaN	NaN	NaN	
2718910140000	2710215141235	None	Fixation	(200.84, 154.77)	(226.05, 213.19)	2689.656	0.25	NaN	NaN	NaN	
2718926806000	2710231807010	None	Fixation	(200.47, 154.64)	(225.67, 213.14)	2689.656	0.2666016	NaN	NaN	NaN	
2718943471000	2710248471900	None	Fixation	(200.50, 154.85)	(225.51, 213.17)	2689.656	0.2832031	NaN	NaN	NaN	
2718960137000	2710265137488	None	Fixation	(200.68, 154.86)	(225.20, 212.95)	2689.656	0.3000488	NaN	NaN	NaN	
2718976806000	2710281806286	None	Fixation	(200.50, 154.79)	(225.46, 212.89)	2689.656	0.3166504	NaN	NaN	NaN	
2718993472000	2710298472404	None	Saccade	(198.87, 154.20)	(229.03, 215.70)	2689.973	0.01660156	55.93872	1.864624	141.1492	
2719010137000	2710315137134	None	Saccade	(196.44, 155.77)	(230.02, 215.22)	2689.99	0.01660156	35.53071	1.184357	44.10886	
2719026803000	2710331802893	None	Pursuit	(197.39, 155.28)	(228.75, 214.85)	2689.99	0.03344727	13.11934	0.7503234	40.8604	
2719043472000	2710348471601	None	Pursuit	(197.07, 155.55)	(229.60, 214.80)	2689.99	0.05004883	5.096981	0.9198862	40.12325	
2719060138000	2710365137347	None	Unknown	(196.97, 155.56)	(229.62, 214.38)	NaN	NaN	NaN	NaN	NaN	
2719076805000	2710381804118	None	Fixation	(196.63, 155.14)	(229.87, 213.37)	2690.056	0.01660156	NaN	NaN	NaN	
2719093471000	2710398469931	None	Fixation	(196.54, 155.18)	(229.76, 213.16)	2690.056	0.03344727	NaN	NaN	NaN	
2719110137000	2710415135732	None	Fixation	(196.26, 155.54)	(229.58, 213.75)	2690.056	0.05004883	NaN	NaN	NaN	
2719126804000	2710431802796	None	Fixation	(196.17, 155.78)	(229.31, 212.34)	2690.056	0.06665039	NaN	NaN	NaN	
2719143470000	2710448468457	None	Fixation	(196.08, 155.92)	(229.30, 211.95)	2690.056	0.08325195	NaN	NaN	NaN	
2719160137000	2710465135143	None	Fixation	(195.92, 156.10)	(229.17, 211.38)	2690.056	0.1000977	NaN	NaN	NaN	
2719176804000	2710481801970	None	Fixation	(195.84, 156.13)	(228.79, 211.16)	2690.056	0.1166992	NaN	NaN	NaN	
2719193470000	2710498467785	None	Fixation	(195.92, 156.22)	(228.88, 210.94)	2690.056	0.1333008	NaN	NaN	NaN	
2719210137000	2710515134993	None	Fixation	(195.62, 156.60)	(228.77, 210.23)	2690.056	0.1501465	NaN	NaN	NaN	
2719226803000	2710531800703	None	Fixation	(195.76, 156.62)	(228.69, 210.33)	2690.056	0.166748	NaN	NaN	NaN	
2719260136000	2710565133348	None	Fixation	(195.92, 156.88)	(228.93, 209.60)	2690.056	0.1999512	NaN	NaN	NaN	
2719260136000	2710565132984	None	Fixation	(195.92, 156.88)	(228.93, 209.60)	2690.056	0.1999512	NaN	NaN	NaN	
2719276803000	2710581799839	None	Fixation	(195.64, 156.57)	(228.79, 210.08)	2690.056	0.2167969	NaN	NaN	NaN	
2719293469000	2710598465616	None	Saccade	(197.36, 154.89)	(229.90, 215.09)	2690.273	0.01660156	63.12464	2.104155	180.5064	
2719310136000	2710615132554	None	Fixation	(197.30, 155.28)	(229.40, 213.75)	2690.056	0.25	NaN	NaN	NaN	
2719326802000	2710631798307	None	Pursuit	(197.09, 155.06)	(229.21, 213.47)	2690.306	0.01660156	4.073164	0.1357721	338.8395	
2719343468000	2710648464280	None	Pursuit	(197.44, 155.00)	(229.17, 213.84)	2690.306	0.03344727	4.55994	0.1030292	261.1096	
2719360135000	2710665130917	None	Fixation	(197.64, 154.76)	(229.26, 214.20)	2690.056	0.3000488	NaN	NaN	NaN	
2719376801000	2710681796667	None	Fixation	(196.55, 154.50)	(229.38, 214.16)	2690.056	0.3166504	NaN	NaN	NaN	
2719393468000	2710698463461	None	Fixation	(197.11, 154.41)	(229.20, 214.09)	2690.056	0.333252	NaN	NaN	NaN	
2719410134000	2710715129601	None	Fixation	(197.44, 154.15)	(229.32, 214.32)	2690.056	0.3500977	NaN	NaN	NaN	
2719426801000	2710731796183	None	Fixation	(197.72, 154.00)	(229.16, 214.06)	2690.056	0.3666992	NaN	NaN	NaN	
2719443466000	2710748460920	None	Fixation	(197.56, 154.16)	(229.76, 213.97)	2690.056	0.3833008	NaN	NaN	NaN	
2719460132000	2710765127288	None	Fixation	(197.57, 153.80)	(229.53, 214.11)	2690.056	0.3999023	NaN	NaN	NaN	
2719476800000	2710781794593	None	Fixation	(197.68, 153.43)	(229.43, 213.82)	2690.056	0.416748	NaN	NaN	NaN	
2719493467000	2710798461317	None	Fixation	(197.63, 153.03)	(229.13, 214.11)	2690.056	0.4333496	NaN	NaN	NaN	
2719510133000	2710815127255	None	Fixation	(197.80, 152.96)	(229.76, 213.53)	2690.056	0.4499512	NaN	NaN	NaN	
2719526800000	2710831794122	None	Fixation	(197.62, 152.83)	(229.28, 213.60)	2690.056	0.4667969	NaN	NaN	NaN	
2719543466000	2710848459791	None	Saccade	(196.09, 155.60)	(227.09, 207.46)	2690.523	0.01660156	80.1901	2.673003	353.324	
2719560133000	2710865126863	None	Saccade	(189.89, 168.81)	(220.73, 187.68)	2690.54	0.01660156	179.5796	11.1918	183.4416	
2719576799000	2710881792852	None	Saccade	(186.08, 185.03)	(214.08, 173.16)	2690.54	0.03320313	204.8894	17.71342	179.0909	
2719593466000	2710898459141	None	Unknown	(183.99, 192.20)	(213.34, 167.34)	NaN	NaN	NaN	NaN	NaN	
2719610132000	2710915125194	None	Pursuit	(183.89, 192.14)	(213.47, 168.09)	2690.59	0.01660156	1.437279	0.04790929	105.1699	
2719626797000	2710931789874	None	Pursuit	(182.81, 192.84)	(213.68, 167.90)	2690.59	0.03320313	15.869	0.5537151	48.41949	
2719643465000	2710948457590	None	Pursuit	(182.66, 191.42)	(214.52, 168.47)	2690.59	0.04980469	17.6642	0.6340723	107.391	
2719660132000	2710965124688	None	Unknown	(182.50, 190.87)	(215.66, 168.17)	NaN	NaN	NaN	NaN	NaN	
2719676798000	2710981790342	None	Fixation	(182.89, 190.71)	(215.45, 167.99)	2690.656	0.01660156	NaN	NaN	NaN	
2719693465000	2710998456973	None	Fixation	(183.01, 190.76)	(215.46, 168.24)	2690.656	0.03320313	NaN	NaN	NaN	
2719710131000	2711015122911	None	Fixation	(182.67, 190.49)	(215.40, 168.52)	2690.656	0.04980469	NaN	NaN	NaN	
2719726798000	2711031789697	None	Fixation	(182.69, 190.24)	(215.99, 168.54)	2690.656	0.06665039	NaN	NaN	NaN	
2719743464000	2711048456330	None	Fixation	(182.98, 189.87)	(216.05, 168.36)	2690.656	0.08325195	NaN	NaN	NaN	
2719760131000	2711065122458	None	Fixation	(182.27, 189.61)	(216.05, 168.17)	2690.656	0.09985352	NaN	NaN	NaN	
2719776797000	2711081788548	None	Fixation	(181.08, 191.30)	(215.59, 166.87)	2690.656	0.1166992	NaN	NaN	NaN	
2719793464000	2711098454927	None	Fixation	(180.85, 191.96)	(215.61, 167.48)	2690.656	0.1333008	NaN	NaN	NaN	
2719810130000	2711115120847	None	Fixation	(181.36, 191.40)	(216.04, 167.20)	2690.656	0.1499023	NaN	NaN	NaN	
2719826797000	2711131787716	None	Fixation	(181.08, 191.26)	(216.34, 167.11)	2690.656	0.1665039	NaN	NaN	NaN	
2719843463000	2711148453400	None	Fixation	(180.49, 191.24)	(216.35, 167.12)	2690.656	0.1833496	NaN	NaN	NaN	
2719860130000	2711165120680	None	Fixation	(180.42, 191.07)	(215.76, 166.72)	2690.656	0.1999512	NaN	NaN	NaN	
2719876797000	2711181787087	None	Fixation	(180.58, 190.67)	(216.47, 167.38)	2690.656	0.2165527	NaN	NaN	NaN	
2719893463000	2711198452847	None	Fixation	(180.48, 190.61)	(216.48, 167.40)	2690.656	0.2331543	NaN	NaN	NaN	
2719910130000	2711215119572	None	Fixation	(180.52, 190.83)	(216.15, 167.63)	2690.656	0.25	NaN	NaN	NaN	
2719926797000	2711231786538	None	Fixation	(180.32, 190.54)	(216.83, 167.52)	2690.656	0.2666016	NaN	NaN	NaN	
2719943460000	2711248449211	None	Fixation	(180.53, 190.41)	(216.44, 167.27)	2690.656	0.2832031	NaN	NaN	NaN	
2719960127000	2711265115907	None	Fixation	(180.60, 190.28)	(216.84, 167.47)	2690.656	0.2998047	NaN	NaN	NaN	
2719976795000	2711281784023	None	Fixation	(180.23, 190.31)	(216.53, 167.54)	2690.656	0.3166504	NaN	NaN	NaN	
2719993462000	2711298450499	None	Fixation	(180.59, 190.24)	(216.62, 167.57)	2690.656	0.333252	NaN	NaN	NaN	
2720010126000	2711315114331	None	Fixation	(180.23, 192.13)	(215.93, 166.36)	2690.656	0.3498535	NaN	NaN	NaN	
2720026793000	2711331781380	None	Fixation	(180.48, 191.28)	(216.08, 166.80)	2690.656	0.3666992	NaN	NaN	NaN	
2720043461000	2711348449235	None	Fixation	(180.94, 191.59)	(216.48, 166.96)	2690.656	0.3833008	NaN	NaN	NaN	
2720060128000	2711365116078	None	Fixation	(180.94, 191.58)	(215.86, 166.67)	2690.656	0.3999023	NaN	NaN	NaN	
2720076793000	2711381780976	None	Fixation	(180.58, 191.92)	(216.17, 166.59)	2690.656	0.4165039	NaN	NaN	NaN	
2720093460000	2711398447695	None	Fixation	(180.67, 191.58)	(215.97, 166.78)	2690.656	0.4333496	NaN	NaN	NaN	
2720110128000	2711415115600	None	Fixation	(180.52, 191.66)	(216.04, 166.52)	2690.656	0.4499512	NaN	NaN	NaN	
2720126794000	2711431781331	None	Fixation	(180.82, 192.04)	(216.59, 166.76)	2690.656	0.4665527	NaN	NaN	NaN	
2720143461000	2711448448143	None	Fixation	(180.42, 191.97)	(216.32, 166.66)	2690.656	0.4831543	NaN	NaN	NaN	
2720160127000	2711465113949	None	Fixation	(180.46, 192.11)	(216.01, 167.17)	2690.656	0.5	NaN	NaN	NaN	
2720176794000	2711481780413	None	Fixation	(180.44, 191.98)	(216.36, 166.96)	2690.656	0.5166016	NaN	NaN	NaN	
2720193460000	2711498446331	None	Fixation	(180.55, 192.24)	(216.19, 166.62)	2690.656	0.5332031	NaN	NaN	NaN	
2720210127000	2711515113314	None	Fixation	(180.55, 192.23)	(216.39, 167.05)	2690.656	0.5498047	NaN	NaN	NaN	
2720226793000	2711531779261	None	Fixation	(180.36, 192.15)	(216.09, 166.74)	2690.656	0.5666504	NaN	NaN	NaN	
2720243460000	2711548445943	None	Fixation	(180.39, 192.48)	(216.09, 166.96)	2690.656	0.583252	NaN	NaN	NaN	
2720260125000	2711565110592	None	Fixation	(180.38, 192.14)	(216.55, 167.02)	2690.656	0.5998535	NaN	NaN	NaN	
2720276793000	2711581778258	None	Fixation	(180.41, 192.21)	(216.28, 166.98)	2690.656	0.6166992	NaN	NaN	NaN	
2720293460000	2711598445162	None	Fixation	(180.47, 192.13)	(216.25, 167.07)	2690.656	0.6333008	NaN	NaN	NaN	
2720310126000	2711615111164	None	Fixation	(180.49, 192.02)	(215.33, 166.53)	2690.656	0.6499023	NaN	NaN	NaN	
2720326792000	2711631776961	None	Fixation	(180.52, 191.94)	(216.64, 167.33)	2690.656	0.6665039	NaN	NaN	NaN	
2720343459000	2711648443683	None	Fixation	(180.49, 191.94)	(216.33, 167.17)	2690.656	0.6833496	NaN	NaN	NaN	
2720360125000	2711665109412	None	Fixation	(180.73, 192.10)	(216.35, 167.18)	2690.656	0.6999512	NaN	NaN	NaN	
2720376792000	2711681776481	None	Fixation	(180.49, 191.86)	(216.19, 167.45)	2690.656	0.7165527	NaN	NaN	NaN	
2720393458000	2711698442791	None	Fixation	(180.45, 192.06)	(216.46, 167.41)	2690.656	0.7331543	NaN	NaN	NaN	
2720410125000	2711715108923	None	Fixation	(180.44, 192.10)	(216.62, 167.31)	2690.656	0.75	NaN	NaN	NaN	
2720426791000	2711731774678	None	Fixation	(180.67, 192.05)	(216.54, 167.85)	2690.656	0.7666016	NaN	NaN	NaN	
2720443456000	2711748439466	None	Fixation	(180.23, 193.01)	(215.97, 166.79)	2690.656	0.7832031	NaN	NaN	NaN	
2720460122000	2711765105248	None	Fixation	(180.48, 192.79)	(215.44, 167.06)	2690.656	0.7998047	NaN	NaN	NaN	
2720476791000	2711781774056	None	Fixation	(180.54, 192.76)	(216.37, 167.34)	2690.656	0.8166504	NaN	NaN	NaN	
2720493457000	2711798440164	None	Fixation	(180.50, 192.72)	(216.50, 167.36)	2690.656	0.833252	NaN	NaN	NaN	
2720510124000	2711815106809	None	Fixation	(180.58, 192.44)	(215.93, 167.18)	2690.656	0.8498535	NaN	NaN	NaN	
2720526790000	2711831772470	None	Fixation	(180.54, 192.53)	(215.03, 166.54)	2690.656	0.8666992	NaN	NaN	NaN	
2720543457000	2711848439280	None	Fixation	(180.65, 192.66)	(216.02, 167.34)	2690.656	0.8833008	NaN	NaN	NaN	
2720560123000	2711865105599	None	Fixation	(180.79, 192.60)	(216.00, 167.08)	2690.656	0.8999023	NaN	NaN	NaN	
2720576790000	2711881771867	None	Fixation	(180.64, 192.37)	(215.95, 167.27)	2690.656	0.9165039	NaN	NaN	NaN	
2720593456000	2711898437744	None	Fixation	(180.81, 192.36)	(216.02, 167.28)	2690.656	0.9333496	NaN	NaN	NaN	
2720610123000	2711915104711	None	Fixation	(180.83, 192.49)	(215.84, 167.32)	2690.656	0.9499512	NaN	NaN	NaN	
2720626789000	2711931770716	None	Fixation	(180.87, 192.38)	(215.81, 167.30)	2690.656	0.9665527	NaN	NaN	NaN	
2720660120000	2711965101209	None	Fixation	(181.11, 192.14)	(215.70, 167.49)	2690.656	1	NaN	NaN	NaN	
2720660120000	2711965101144	None	Fixation	(181.11, 192.14)	(215.70, 167.49)	2690.656	1	NaN	NaN	NaN	
2720676789000	2711981770064	None	Fixation	(181.33, 192.16)	(215.83, 167.36)	2690.656	1.016602	NaN	NaN	NaN	
2720693455000	2711998435624	None	Fixation	(181.46, 192.19)	(215.45, 167.36)	2690.656	1.033203	NaN	NaN	NaN	
2720710122000	2712015102424	None	Fixation	(181.54, 191.99)	(214.94, 167.08)	2690.656	1.049805	NaN	NaN	NaN	
2720726788000	2712031768574	None	Fixation	(181.51, 192.06)	(215.33, 167.29)	2690.656	1.06665	NaN	NaN	NaN	
2720743455000	2712048435478	None	Fixation	(181.68, 192.03)	(215.02, 167.07)	2690.656	1.083252	NaN	NaN	NaN	
2720760121000	2712065100905	None	Fixation	(180.84, 193.64)	(215.20, 166.34)	2690.656	1.099854	NaN	NaN	NaN	
2720776786000	2712081765547	None	Fixation	(181.38, 193.11)	(214.77, 166.80)	2690.656	1.116699	NaN	NaN	NaN	
2720793452000	2712098431472	None	Fixation	(181.21, 193.11)	(215.36, 166.91)	2690.656	1.133301	NaN	NaN	NaN	
2720810121000	2712115100266	None	Fixation	(181.10, 192.79)	(215.46, 166.57)	2690.656	1.149902	NaN	NaN	NaN	
2720826787000	2712131766078	None	Fixation	(180.84, 192.82)	(215.58, 166.79)	2690.656	1.166504	NaN	NaN	NaN	
2720843452000	2712148431225	None	Fixation	(181.16, 192.63)	(215.64, 166.96)	2690.656	1.18335	NaN	NaN	NaN	
2720860118000	2712165096625	None	Fixation	(180.97, 192.48)	(215.61, 166.67)	2690.656	1.199951	NaN	NaN	NaN	
2720876786000	2712181764702	None	Fixation	(180.60, 192.66)	(215.79, 166.93)	2690.656	1.216553	NaN	NaN	NaN	
2720893453000	2712198431272	None	Fixation	(180.74, 192.57)	(215.73, 166.84)	2690.656	1.233154	NaN	NaN	NaN	
2720910120000	2712215098048	None	Fixation	(180.81, 192.56)	(215.87, 166.82)	2690.656	1.25	NaN	NaN	NaN	
2720926786000	2712231764047	None	Fixation	(180.56, 192.54)	(216.15, 166.89)	2690.656	1.266602	NaN	NaN	NaN	
2720943450000	2712248428047	None	Fixation	(180.77, 192.48)	(216.25, 167.03)	2690.656	1.283203	NaN	NaN	NaN	
2720960117000	2712265094774	None	Fixation	(180.29, 192.44)	(216.26, 166.95)	2690.656	1.299805	NaN	NaN	NaN	
2720976785000	2712281762271	None	Fixation	(180.27, 192.49)	(215.89, 166.90)	2690.656	1.31665	NaN	NaN	NaN	
2720993452000	2712298429168	None	Saccade	(188.73, 188.66)	(211.05, 170.35)	2691.973	0.01660156	114.2876	3.809586	240.0974	
2721010118000	2712315095441	None	Saccade	(195.64, 190.30)	(204.89, 172.26)	2691.973	0.03320313	87.28697	6.365772	252.959	
2721026785000	2712331761817	None	Unknown	(192.90, 190.44)	(206.25, 172.00)	NaN	NaN	NaN	NaN	NaN	
2721043451000	2712348427748	None	Pursuit	(195.53, 190.02)	(204.22, 173.54)	2692.023	0.01660156	32.77337	1.092445	248.0042	
2721060118000	2712365094479	None	Pursuit	(195.47, 189.33)	(204.34, 172.71)	2692.023	0.03320313	8.564333	1.146415	233.6142	
2721076784000	2712381760566	None	Unknown	(193.91, 189.20)	(205.94, 171.55)	NaN	NaN	NaN	NaN	NaN	
2721093451000	2712398427071	None	Fixation	(194.59, 188.75)	(205.91, 171.57)	2692.073	0.0168457	NaN	NaN	NaN	
2721110117000	2712415092913	None	Fixation	(195.10, 188.69)	(205.17, 171.39)	2692.073	0.03344727	NaN	NaN	NaN	
2721126784000	2712431759815	None	Fixation	(194.78, 188.59)	(205.19, 171.44)	2692.073	0.05004883	NaN	NaN	NaN	
2721143450000	2712448425438	None	Fixation	(194.83, 188.32)	(204.93, 171.42)	2692.073	0.06665039	NaN	NaN	NaN	
2721160115000	2712465090327	None	Fixation	(194.73, 188.35)	(204.65, 171.28)	2692.073	0.08349609	NaN	NaN	NaN	
2721176783000	2712481758155	None	Fixation	(194.97, 187.97)	(204.93, 171.33)	2692.073	0.1000977	NaN	NaN	NaN	
2721193450000	2712498424934	None	Fixation	(194.66, 187.88)	(205.46, 170.86)	2692.073	0.1166992	NaN	NaN	NaN	
2721210114000	2712515088651	None	Fixation	(194.67, 187.95)	(205.17, 170.67)	2692.073	0.1333008	NaN	NaN	NaN	
2721226783000	2712531757568	None	Fixation	(194.85, 187.81)	(205.10, 171.04)	2692.073	0.1501465	NaN	NaN	NaN	
2721243449000	2712548423242	None	Fixation	(195.16, 187.70)	(204.62, 171.14)	2692.073	0.166748	NaN	NaN	NaN	
2721260116000	2712565090470	None	Fixation	(194.58, 187.65)	(204.49, 171.07)	2692.073	0.1833496	NaN	NaN	NaN	
2721276780000	2712581754084	None	Fixation	(194.77, 187.80)	(204.96, 170.82)	2692.073	0.1999512	NaN	NaN	NaN	
2721293447000	2712598420711	None	Fixation	(194.68, 187.85)	(204.96, 171.05)	2692.073	0.2167969	NaN	NaN	NaN	
2721310115000	2712615088810	None	Fixation	(194.25, 187.77)	(205.47, 170.85)	2692.073	0.2333984	NaN	NaN	NaN	
2721326782000	2712631755641	None	Fixation	(193.79, 188.26)	(206.29, 170.80)	2692.073	0.25	NaN	NaN	NaN	
2721343448000	2712648421733	None	Fixation	(193.59, 188.04)	(205.64, 170.91)	2692.073	0.2668457	NaN	NaN	NaN	
2721360115000	2712665088226	None	Fixation	(193.88, 188.12)	(205.83, 170.72)	2692.073	0.2834473	NaN	NaN	NaN	
2721376782000	2712681754846	None	Fixation	(193.98, 187.89)	(205.90, 170.74)	2692.073	0.3000488	NaN	NaN	NaN	
2721393448000	2712698420582	None	Fixation	(193.87, 187.78)	(206.42, 170.60)	2692.073	0.3166504	NaN	NaN	NaN	
2721410113000	2712715085376	None	Fixation	(193.65, 187.76)	(206.39, 170.53)	2692.073	0.3334961	NaN	NaN	NaN	
2721426781000	2712731753437	None	Fixation	(193.63, 187.64)	(206.11, 170.74)	2692.073	0.3500977	NaN	NaN	NaN	
2721460112000	2712765084059	None	Fixation	(193.42, 187.53)	(206.22, 170.67)	2692.073	0.3833008	NaN	NaN	NaN	
2721476781000	2712781753203	None	Fixation	(193.23, 187.54)	(206.84, 170.13)	2692.073	0.4001465	NaN	NaN	NaN	
2721476781000	2712781752818	None	Fixation	(193.23, 187.54)	(206.84, 170.13)	2692.073	0.4001465	NaN	NaN	NaN	
2721493447000	2712798418532	None	Fixation	(193.21, 187.34)	(206.90, 170.36)	2692.073	0.416748	NaN	NaN	NaN	
2721510114000	2712815085250	None	Fixation	(193.21, 187.42)	(207.24, 170.45)	2692.073	0.4333496	NaN	NaN	NaN	
2721526780000	2712831751047	None	Fixation	(193.22, 187.34)	(206.73, 170.48)	2692.073	0.4499512	NaN	NaN	NaN	
2721543447000	2712848417829	None	Fixation	(193.02, 187.23)	(206.90, 170.67)	2692.073	0.4667969	NaN	NaN	NaN	
2721560113000	2712865083686	None	Fixation	(193.05, 187.09)	(206.68, 170.51)	2692.073	0.4833984	NaN	NaN	NaN	
2721576780000	2712881750486	None	Fixation	(192.92, 187.17)	(206.64, 170.62)	2692.073	0.5	NaN	NaN	NaN	
2721593446000	2712898416407	None	Fixation	(192.88, 187.26)	(207.18, 170.44)	2692.073	0.5168457	NaN	NaN	NaN	
2721610113000	2712915083110	None	Fixation	(192.79, 187.06)	(207.02, 170.85)	2692.073	0.5334473	NaN	NaN	NaN	
2721626779000	2712931749838	None	Fixation	(193.31, 187.44)	(206.97, 170.21)	2692.073	0.5500488	NaN	NaN	NaN	
2721643445000	2712948415077	None	Fixation	(192.80, 187.98)	(205.86, 170.39)	2692.073	0.5666504	NaN	NaN	NaN	
2721660111000	2712965080827	None	Fixation	(193.20, 187.74)	(206.39, 170.59)	2692.073	0.5834961	NaN	NaN	NaN	
2721676779000	2712981748338	None	Fixation	(193.30, 187.59)	(206.10, 170.83)	2692.073	0.6000977	NaN	NaN	NaN	
2721693445000	2712998414313	None	Fixation	(193.25, 187.39)	(206.41, 170.50)	2692.073	0.6166992	NaN	NaN	NaN	
2721710112000	2713015080989	None	Fixation	(193.39, 187.22)	(206.50, 170.44)	2692.073	0.6333008	NaN	NaN	NaN	
2721743445000	2713048414014	None	Fixation	(193.07, 187.42)	(206.51, 170.61)	2692.073	0.666748	NaN	NaN	NaN	
2721743445000	2713048414009	None	Fixation	(193.07, 187.42)	(206.51, 170.61)	2692.073	0.666748	NaN	NaN	NaN	
2721760112000	2713065080972	None	Fixation	(193.07, 187.35)	(206.38, 170.47)	2692.073	0.6833496	NaN	NaN	NaN	
2721776777000	2713081745466	None	Fixation	(192.94, 187.37)	(206.26, 170.55)	2692.073	0.6999512	NaN	NaN	NaN	
2721793443000	2713098411051	None	Fixation	(192.95, 187.19)	(206.90, 170.46)	2692.073	0.7167969	NaN	NaN	NaN	
2721810112000	2713115079960	None	Fixation	(192.46, 187.53)	(206.38, 170.52)	2692.073	0.7333984	NaN	NaN	NaN	
2721826778000	2713131745999	None	Fixation	(193.00, 187.54)	(206.40, 170.71)	2692.073	0.75	NaN	NaN	NaN	
2721860111000	2713165078663	None	Fixation	(193.13, 187.28)	(206.31, 170.71)	2692.073	0.7834473	NaN	NaN	NaN	
2721860111000	2713165078713	None	Fixation	(193.13, 187.28)	(206.31, 170.71)	2692.073	0.7834473	NaN	NaN	NaN	
2721876778000	2713181745208	None	Fixation	(192.81, 187.25)	(206.43, 170.62)	2692.073	0.8000488	NaN	NaN	NaN	
2721893444000	2713198411012	None	Fixation	(193.23, 187.27)	(206.55, 170.37)	2692.073	0.8166504	NaN	NaN	NaN	
2721910111000	2713215077849	None	Fixation	(193.72, 187.03)	(206.26, 170.78)	2692.073	0.8334961	NaN	NaN	NaN	
2721943444000	2713248410699	None	Fixation	(193.06, 188.66)	(205.33, 169.23)	2692.073	0.8666992	NaN	NaN	NaN	
2721960110000	2713265076473	None	Saccade	(184.67, 201.80)	(206.14, 161.11)	2692.94	0.01660156	191.779	6.392634	19.11742	
2721976776000	2713281742318	None	Saccade	(178.62, 214.18)	(207.88, 156.14)	2692.94	0.03344727	169.4479	12.02131	20.26845	
2721993443000	2713298409205	None	Unknown	(179.85, 212.92)	(207.98, 155.62)	NaN	NaN	NaN	NaN	NaN	
2721993443000	2713298408872	None	Unknown	(179.85, 212.92)	(207.98, 155.62)	NaN	NaN	NaN	NaN	NaN	
2722010108000	2713315073602	None	Pursuit	(178.77, 214.11)	(207.51, 154.79)	2692.99	0.01660156	19.79243	0.6597477	29.22912	
2722043442000	2713348407692	None	Unknown	(178.32, 212.21)	(208.03, 153.96)	NaN	NaN	NaN	NaN	NaN	
2722043442000	2713348407919	None	Unknown	(178.32, 212.21)	(208.03, 153.96)	NaN	NaN	NaN	NaN	NaN	
2722076775000	2713381740218	None	Fixation	(178.50, 212.36)	(208.04, 153.54)	2693.04	0.03320313	NaN	NaN	NaN	
2722093442000	2713398406868	None	Fixation	(178.11, 211.91)	(207.49, 153.90)	2693.04	0.05004883	NaN	NaN	NaN	
2722110108000	2713415072654	None	Fixation	(178.65, 211.50)	(207.69, 153.87)	2693.04	0.06665039	NaN	NaN	NaN	
2722110108000	2713415072479	None	Fixation	(178.65, 211.50)	(207.69, 153.87)	2693.04	0.06665039	NaN	NaN	NaN	
2722143441000	2713448405667	None	Fixation	(178.28, 211.23)	(207.64, 153.13)	2693.04	0.09985352	NaN	NaN	NaN	
2722143441000	2713448405477	None	Fixation	(178.28, 211.23)	(207.64, 153.13)	2693.04	0.09985352	NaN	NaN	NaN	
2722176774000	2713481738049	None	Fixation	(178.34, 210.98)	(207.56, 153.19)	2693.04	0.1333008	NaN	NaN	NaN	
2722176774000	2713481737723	None	Fixation	(178.34, 210.98)	(207.56, 153.19)	2693.04	0.1333008	NaN	NaN	NaN	
2722210107000	2713515070561	None	Fixation	(178.49, 210.87)	(207.72, 152.92)	2693.04	0.1665039	NaN	NaN	NaN	
2722210107000	2713515070342	None	Fixation	(178.49, 210.87)	(207.72, 152.92)	2693.04	0.1665039	NaN	NaN	NaN	
2722243440000	2713548403345	None	Fixation	(177.99, 210.75)	(207.81, 153.01)	2693.04	0.1999512	NaN	NaN	NaN	
2722243440000	2713548403233	None	Fixation	(177.99, 210.75)	(207.81, 153.01)	2693.04	0.1999512	NaN	NaN	NaN	
2722276771000	2713581734373	None	Fixation	(178.23, 210.55)	(207.47, 152.88)	2693.04	0.2331543	NaN	NaN	NaN	
2722293438000	2713598400837	None	Fixation	(178.11, 210.70)	(207.52, 152.85)	2693.04	0.25	NaN	NaN	NaN	
2722310106000	2713615068482	None	Fixation	(178.08, 210.40)	(207.35, 152.78)	2693.04	0.2666016	NaN	NaN	NaN	
2722310106000	2713615068231	None	Fixation	(178.08, 210.40)	(207.35, 152.78)	2693.04	0.2666016	NaN	NaN	NaN	
2722343439000	2713648401362	None	Fixation	(178.26, 210.11)	(207.50, 152.88)	2693.04	0.3000488	NaN	NaN	NaN	
2722343439000	2713648400909	None	Fixation	(178.26, 210.11)	(207.50, 152.88)	2693.04	0.3000488	NaN	NaN	NaN	
2722376772000	2713681733893	None	Fixation	(178.37, 210.22)	(207.52, 152.84)	2693.04	0.333252	NaN	NaN	NaN	
2722376772000	2713681733468	None	Fixation	(178.37, 210.22)	(207.52, 152.84)	2693.04	0.333252	NaN	NaN	NaN	
2722410105000	2713715066418	None	Fixation	(178.39, 209.97)	(207.45, 153.10)	2693.04	0.3666992	NaN	NaN	NaN	
2722410105000	2713715066156	None	Fixation	(178.39, 209.97)	(207.45, 153.10)	2693.04	0.3666992	NaN	NaN	NaN	
2722443439000	2713748400245	None	Fixation	(178.43, 209.83)	(207.61, 153.11)	2693.04	0.3999023	NaN	NaN	NaN	
2722443439000	2713748399910	None	Fixation	(178.43, 209.83)	(207.61, 153.11)	2693.04	0.3999023	NaN	NaN	NaN	
2722476771000	2713781731662	None	Fixation	(176.87, 211.44)	(208.44, 153.24)	2693.04	0.4333496	NaN	NaN	NaN	
2722493438000	2713798398436	None	Fixation	(177.43, 211.05)	(208.21, 153.07)	2693.04	0.4499512	NaN	NaN	NaN	
2722510105000	2713815065373	None	Fixation	(177.30, 211.24)	(208.26, 152.91)	2693.04	0.4665527	NaN	NaN	NaN	
2722510105000	2713815065427	None	Fixation	(177.30, 211.24)	(208.26, 152.91)	2693.04	0.4665527	NaN	NaN	NaN	
2722543436000	2713848396150	None	Fixation	(177.19, 211.14)	(207.89, 152.88)	2693.04	0.5	NaN	NaN	NaN	
2722560104000	2713865063627	None	Fixation	(177.19, 211.00)	(207.95, 152.83)	2693.04	0.5166016	NaN	NaN	NaN	
2722576769000	2713881728638	None	Fixation	(177.44, 211.28)	(207.77, 152.74)	2693.04	0.5332031	NaN	NaN	NaN	
2722593436000	2713898395291	None	Fixation	(177.39, 211.00)	(207.72, 152.92)	2693.04	0.5500488	NaN	NaN	NaN	
2722610104000	2713915063143	None	Fixation	(178.11, 212.67)	(206.15, 152.19)	2693.04	0.5666504	NaN	NaN	NaN	
2722610104000	2713915062890	None	Fixation	(178.11, 212.67)	(206.15, 152.19)	2693.04	0.5666504	NaN	NaN	NaN	
2722643437000	2713948395780	None	Fixation	(179.24, 212.50)	(205.55, 152.57)	2693.04	0.5998535	NaN	NaN	NaN	
2722643437000	2713948396006	None	Fixation	(179.24, 212.50)	(205.55, 152.57)	2693.04	0.5998535	NaN	NaN	NaN	
2722676770000	2713981728334	None	Fixation	(179.54, 212.91)	(205.06, 152.24)	2693.04	0.6333008	NaN	NaN	NaN	
2722676770000	2713981728333	None	Fixation	(179.54, 212.91)	(205.06, 152.24)	2693.04	0.6333008	NaN	NaN	NaN	
2722710103000	2714015061030	None	Fixation	(179.04, 212.59)	(204.73, 151.98)	2693.04	0.6665039	NaN	NaN	NaN	
2722710103000	2714015061176	None	Fixation	(179.04, 212.59)	(204.73, 151.98)	2693.04	0.6665039	NaN	NaN	NaN	
2722743436000	2714048393989	None	Fixation	(179.39, 212.94)	(204.86, 151.79)	2693.04	0.6999512	NaN	NaN	NaN	
2722760102000	2714065059764	None	Fixation	(179.36, 213.33)	(204.68, 151.82)	2693.04	0.7165527	NaN	NaN	NaN	
2722776769000	2714081726582	None	Fixation	(179.19, 212.88)	(204.85, 151.96)	2693.04	0.7331543	NaN	NaN	NaN	
2722793435000	2714098392128	None	Fixation	(179.22, 213.14)	(204.89, 151.77)	2693.04	0.75	NaN	NaN	NaN	
2722810102000	2714115058935	None	Fixation	(179.11, 213.04)	(204.93, 151.67)	2693.04	0.7666016	NaN	NaN	NaN	
2722826768000	2714131725191	None	Fixation	(179.12, 212.94)	(204.58, 151.63)	2693.04	0.7832031	NaN	NaN	NaN	
2722843435000	2714148391854	None	Fixation	(179.40, 213.02)	(204.93, 151.58)	2693.04	0.8000488	NaN	NaN	NaN	
2722860101000	2714165057651	None	Fixation	(179.74, 213.25)	(204.44, 151.58)	2693.04	0.8166504	NaN	NaN	NaN	
2722876767000	2714181723319	None	Fixation	(179.56, 213.39)	(204.24, 151.47)	2693.04	0.833252	NaN	NaN	NaN	
2722893434000	2714198389973	None	Fixation	(179.78, 213.72)	(204.15, 151.37)	2693.04	0.8498535	NaN	NaN	NaN	
2722910101000	2714215056704	None	Fixation	(179.89, 213.77)	(204.19, 151.41)	2693.04	0.8666992	NaN	NaN	NaN	
2722926767000	2714231722569	None	Fixation	(179.43, 212.35)	(205.67, 152.66)	2693.04	0.8833008	NaN	NaN	NaN	
2722943434000	2714248389711	None	Saccade	(177.93, 211.77)	(208.26, 154.03)	2693.923	0.01660156	36.00124	1.200041	130.897	
2722943434000	2714248389550	None	Saccade	(177.93, 211.77)	(208.26, 154.03)	2693.923	0.01660156	36.00124	1.200041	130.897	
2722976766000	2714281721048	None	Pursuit	(178.02, 211.35)	(207.47, 154.02)	2693.923	0.05004883	3.417702	0.924355	140.1129	
2722993433000	2714298387982	None	Fixation	(177.87, 211.36)	(207.85, 153.87)	2693.04	0.9499512	NaN	NaN	NaN	
2723010098000	2714315052584	None	Fixation	(178.06, 211.17)	(207.84, 153.33)	2693.04	0.9665527	NaN	NaN	NaN	
2723026765000	2714331719507	None	Fixation	(178.26, 211.08)	(207.80, 153.16)	2693.04	0.9831543	NaN	NaN	NaN	
2723043431000	2714348385740	None	Fixation	(177.96, 211.13)	(207.56, 153.21)	2693.04	1	NaN	NaN	NaN	
2723060098000	2714365052319	None	Fixation	(178.05, 211.05)	(207.53, 153.24)	2693.04	1.016602	NaN	NaN	NaN	
2723076764000	2714381717847	None	Fixation	(178.20, 211.07)	(207.56, 153.13)	2693.04	1.033203	NaN	NaN	NaN	
2723093431000	2714398384868	None	Fixation	(178.34, 210.82)	(207.63, 152.93)	2693.04	1.049805	NaN	NaN	NaN	
2723110095000	2714415048550	None	Fixation	(178.00, 210.87)	(207.83, 152.97)	2693.04	1.06665	NaN	NaN	NaN	
2723126762000	2714431716075	None	Fixation	(178.04, 210.93)	(208.07, 152.98)	2693.04	1.083252	NaN	NaN	NaN	
2723143430000	2714448383249	None	Fixation	(178.28, 210.67)	(207.79, 153.03)	2693.04	1.099854	NaN	NaN	NaN	
2723160097000	2714465050187	None	Fixation	(178.29, 210.72)	(207.74, 152.74)	2693.04	1.116699	NaN	NaN	NaN	
2723176763000	2714481716134	None	Fixation	(178.34, 210.76)	(207.65, 152.97)	2693.04	1.133301	NaN	NaN	NaN	
2723193428000	2714498380711	None	Saccade	(179.67, 201.89)	(212.68, 158.55)	2694.173	0.01660156	110.3725	3.679082	163.2479	
2723210097000	2714515049586	None	Saccade	(183.37, 193.27)	(216.10, 167.49)	2694.173	0.03320313	115.391	7.463504	172.921	
2723210097000	2714515049187	None	Saccade	(183.37, 193.27)	(216.10, 167.49)	2694.173	0.03320313	115.391	7.463504	172.921	
2723243427000	2714548379103	None	Pursuit	(182.50, 193.70)	(214.15, 168.66)	2694.223	0.01660156	21.63195	0.7210651	203.3955	
2723260094000	2714565046013	None	Pursuit	(182.67, 192.76)	(216.14, 167.40)	2694.223	0.03320313	11.78137	1.088298	194.3861	
2723276763000	2714581715300	None	Pursuit	(181.91, 192.58)	(214.80, 165.44)	2694.223	0.04980469	29.13411	0.6738675	24.07115	
2723293430000	2714598381586	None	Pursuit	(181.22, 192.42)	(216.41, 166.00)	2694.223	0.06665039	20.94867	0.9003748	74.24576	
2723310096000	2714615047338	None	Pursuit	(181.67, 192.21)	(216.23, 166.45)	2694.223	0.08325195	5.898972	0.7593586	83.75222	
2723326763000	2714631714237	None	Fixation	(182.18, 192.10)	(215.10, 166.67)	2694.273	0.05004883	NaN	NaN	NaN	
2723343427000	2714648378029	None	Fixation	(181.93, 191.97)	(215.82, 166.21)	2694.273	0.06665039	NaN	NaN	NaN	
2723343427000	2714648377893	None	Fixation	(181.93, 191.97)	(215.82, 166.21)	2694.273	0.06665039	NaN	NaN	NaN	
2723376760000	2714681710688	None	Fixation	(181.86, 191.87)	(215.40, 166.32)	2694.273	0.1000977	NaN	NaN	NaN	
2723376760000	2714681710540	None	Fixation	(181.86, 191.87)	(215.40, 166.32)	2694.273	0.1000977	NaN	NaN	NaN	
2723410095000	2714715045514	None	Fixation	(182.07, 191.49)	(215.84, 165.69)	2694.273	0.1335449	NaN	NaN	NaN	
2723410095000	2714715044964	None	Fixation	(182.07, 191.49)	(215.84, 165.69)	2694.273	0.1335449	NaN	NaN	NaN	
2723443428000	2714748377887	None	Fixation	(182.28, 191.05)	(215.47, 165.66)	2694.273	0.166748	NaN	NaN	NaN	
2723460094000	2714765043837	None	Fixation	(182.28, 190.94)	(215.38, 165.37)	2694.273	0.1833496	NaN	NaN	NaN	
2723476761000	2714781710698	None	Fixation	(182.08, 190.63)	(215.00, 165.64)	2694.273	0.2001953	NaN	NaN	NaN	
2723493427000	2714798376547	None	Fixation	(181.45, 191.66)	(215.39, 164.52)	2694.273	0.2167969	NaN	NaN	NaN	
2723510094000	2714815043041	None	Fixation	(180.97, 191.80)	(216.22, 165.57)	2694.273	0.2333984	NaN	NaN	NaN	
2723526760000	2714831709591	None	Fixation	(181.48, 191.61)	(216.18, 165.15)	2694.273	0.25	NaN	NaN	NaN	
2723543427000	2714848375767	None	Fixation	(181.19, 191.76)	(216.19, 165.32)	2694.273	0.2668457	NaN	NaN	NaN	
2723543427000	2714848375622	None	Fixation	(181.19, 191.76)	(216.19, 165.32)	2694.273	0.2668457	NaN	NaN	NaN	
2723576760000	2714881708829	None	Fixation	(181.04, 191.52)	(216.55, 165.28)	2694.273	0.3000488	NaN	NaN	NaN	
2723593426000	2714898374652	None	Fixation	(180.74, 191.20)	(216.22, 165.44)	2694.273	0.3166504	NaN	NaN	NaN	
2723610093000	2714915041323	None	Fixation	(181.18, 191.61)	(216.01, 165.30)	2694.273	0.3334961	NaN	NaN	NaN	
2723626759000	2714931706990	None	Fixation	(180.95, 191.79)	(216.54, 165.35)	2694.273	0.3500977	NaN	NaN	NaN	
2723643425000	2714948372682	None	Fixation	(180.45, 191.87)	(216.00, 165.46)	2694.273	0.3666992	NaN	NaN	NaN	
2723660092000	2714965039685	None	Fixation	(180.65, 191.92)	(216.52, 165.66)	2694.273	0.3835449	NaN	NaN	NaN	
2723660092000	2714965039506	None	Fixation	(180.65, 191.92)	(216.52, 165.66)	2694.273	0.3835449	NaN	NaN	NaN	
2723693425000	2714998372050	None	Fixation	(180.77, 192.08)	(216.57, 165.54)	2694.273	0.416748	NaN	NaN	NaN	
2723710092000	2715015039086	None	Fixation	(180.49, 192.10)	(216.44, 165.65)	2694.273	0.4333496	NaN	NaN	NaN	
2723726758000	2715031704640	None	Fixation	(180.40, 192.12)	(216.21, 165.79)	2694.273	0.4501953	NaN	NaN	NaN	
2723743425000	2715048371790	None	Fixation	(180.45, 192.06)	(216.48, 165.77)	2694.273	0.4667969	NaN	NaN	NaN	
2723743425000	2715048371636	None	Fixation	(180.45, 192.06)	(216.48, 165.77)	2694.273	0.4667969	NaN	NaN	NaN	
2723776757000	2715081703381	None	Fixation	(180.22, 191.99)	(216.54, 165.91)	2694.273	0.5	NaN	NaN	NaN	
2723776757000	2715081703132	None	Fixation	(180.22, 191.99)	(216.54, 165.91)	2694.273	0.5	NaN	NaN	NaN	
2723810089000	2715115034974	None	Fixation	(180.67, 192.12)	(216.56, 166.12)	2694.273	0.5334473	NaN	NaN	NaN	
2723826755000	2715131700536	None	Saccade	(190.16, 187.53)	(210.73, 169.96)	2694.806	0.01660156	129.7611	4.32537	240.3671	
2723843423000	2715148368434	None	Saccade	(193.98, 190.14)	(205.67, 171.66)	2694.806	0.03320313	56.938	5.519348	252.2831	
2723860090000	2715165035356	None	Unknown	(192.24, 190.11)	(207.65, 172.04)	NaN	NaN	NaN	NaN	NaN	
2723876756000	2715181701227	None	Pursuit	(194.41, 189.64)	(206.45, 172.00)	2694.856	0.01660156	27.29211	0.9097371	244.7949	
2723893423000	2715198367992	None	Pursuit	(194.30, 188.95)	(205.96, 171.14)	2694.856	0.03320313	8.60466	0.9720372	227.6727	
2723893423000	2715198367866	None	Pursuit	(194.30, 188.95)	(205.96, 171.14)	2694.856	0.03320313	8.60466	0.9720372	227.6727	
2723926754000	2715231698420	None	Fixation	(193.32, 188.32)	(206.75, 170.17)	2694.906	0.01660156	NaN	NaN	NaN	
2723943422000	2715248366313	None	Fixation	(193.39, 188.27)	(206.20, 170.29)	2694.906	0.03320313	NaN	NaN	NaN	
2723943422000	2715248366427	None	Fixation	(193.39, 188.27)	(206.20, 170.29)	2694.906	0.03320313	NaN	NaN	NaN	
2723976755000	2715281699127	None	Fixation	(193.50, 188.29)	(206.75, 170.05)	2694.906	0.06665039	NaN	NaN	NaN	
2723993422000	2715298365812	None	Blink	(193.60, 189.13)	(205.95, 171.00)	NaN	NaN	NaN	NaN	NaN	
2724010088000	2715315031812	None	Blink	(192.66, 191.91)	(205.96, 174.29)	NaN	NaN	NaN	NaN	NaN	
2724026755000	2715331698327	None	Blink	(190.67, 196.98)	(202.17, 177.29)	NaN	NaN	NaN	NaN	NaN	
2724043421000	2715348364195	None	Blink	(0.00, 0.00)	(0.00, 0.00)	NaN	NaN	NaN	NaN	NaN	
2724060088000	2715365031255	None	Blink	(0.00, 0.00)	(0.00, 0.00)	NaN	NaN	NaN	NaN	NaN	
2724076753000	2715381696043	None	Blink	(185.81, 204.93)	(0.00, 0.00)	NaN	NaN	NaN	NaN	NaN	
2724093420000	2715398362831	None	Blink	(180.28, 197.71)	(217.67, 171.34)	NaN	NaN	NaN	NaN	NaN	
2724110088000	2715415030558	None	Blink	(179.51, 197.99)	(217.33, 170.54)	NaN	NaN	NaN	NaN	NaN	
2724126755000	2715431697228	None	Blink	(180.20, 197.58)	(217.07, 169.98)	NaN	NaN	NaN	NaN	NaN	
2724143419000	2715448361253	None	Blink	(180.88, 196.30)	(216.50, 169.58)	NaN	NaN	NaN	NaN	NaN	
2724160086000	2715465028079	None	Blink	(181.15, 195.84)	(216.19, 169.20)	NaN	NaN	NaN	NaN	NaN	
2724176754000	2715481696052	None	Blink	(180.99, 195.42)	(215.84, 168.32)	NaN	NaN	NaN	NaN	NaN	
2724176754000	2715481695728	None	Blink	(180.99, 195.42)	(215.84, 168.32)	NaN	NaN	NaN	NaN	NaN	
2724210087000	2715515028760	None	WinkRight	(181.41, 194.50)	(215.14, 167.59)	NaN	NaN	NaN	NaN	NaN	
2724226753000	2715531694208	None	Saccade	(181.60, 194.18)	(215.14, 167.68)	2694.973	0.25	163.2304	5.441014	68.92538	
2724243420000	2715548361050	None	Unknown	(181.40, 193.95)	(215.26, 167.26)	NaN	NaN	NaN	NaN	NaN	
2724260086000	2715565026882	None	Pursuit	(181.40, 193.83)	(214.65, 167.10)	2695.24	0.01660156	1.360941	0.04536469	163.46	
2724276753000	2715581694085	None	Pursuit	(181.60, 193.58)	(215.00, 167.10)	2695.24	0.03320313	4.005704	0.1699382	195.2286	
2724293419000	2715598359479	None	Unknown	(181.43, 193.53)	(214.92, 167.18)	NaN	NaN	NaN	NaN	NaN	
2724310086000	2715615026656	None	Fixation	(181.59, 193.54)	(214.78, 166.83)	2695.29	0.01660156	NaN	NaN	NaN	
2724326752000	2715631692080	None	Fixation	(181.50, 193.09)	(214.81, 167.02)	2695.29	0.03320313	NaN	NaN	NaN	
2724343419000	2715648359384	None	Fixation	(181.61, 192.86)	(214.74, 167.06)	2695.29	0.04980469	NaN	NaN	NaN	
2724360085000	2715665024741	None	Fixation	(181.33, 193.00)	(214.82, 167.08)	2695.29	0.06665039	NaN	NaN	NaN	
2724376752000	2715681691753	None	Fixation	(181.54, 192.76)	(214.77, 166.95)	2695.29	0.08325195	NaN	NaN	NaN	
2724376752000	2715681691588	None	Fixation	(181.54, 192.76)	(214.77, 166.95)	2695.29	0.08325195	NaN	NaN	NaN	
2724410083000	2715715022247	None	Fixation	(181.52, 192.52)	(214.87, 167.16)	2695.29	0.1164551	NaN	NaN	NaN	
2724426749000	2715731687978	None	Fixation	(181.62, 192.67)	(214.60, 167.02)	2695.29	0.1333008	NaN	NaN	NaN	
2724443418000	2715748356824	None	Fixation	(181.86, 192.56)	(214.34, 167.21)	2695.29	0.1499023	NaN	NaN	NaN	
2724460084000	2715765022866	None	Saccade	(188.95, 188.86)	(210.83, 170.89)	2695.44	0.01660156	98.43436	3.281146	233.0535	
2724460084000	2715765022681	None	Saccade	(188.95, 188.86)	(210.83, 170.89)	2695.44	0.01660156	98.43436	3.281146	233.0535	
2724493417000	2715798355399	None	Unknown	(191.27, 189.49)	(207.71, 172.41)	NaN	NaN	NaN	NaN	NaN	
2724510083000	2715815021246	None	Pursuit	(192.54, 189.19)	(207.49, 173.19)	2695.49	0.01660156	16.13971	0.5379903	243.5611	
2724526750000	2715831687837	None	Pursuit	(192.93, 188.78)	(207.65, 172.37)	2695.49	0.03320313	6.903033	0.7419438	233.8883	
2724543416000	2715848353762	None	Unknown	(191.91, 188.53)	(208.03, 171.97)	NaN	NaN	NaN	NaN	NaN	
2724560083000	2715865020593	None	Fixation	(191.90, 188.20)	(208.26, 171.39)	2695.54	0.01660156	NaN	NaN	NaN	
2724560083000	2715865020601	None	Fixation	(191.90, 188.20)	(208.26, 171.39)	2695.54	0.01660156	NaN	NaN	NaN	
2724593416000	2715898353516	None	Fixation	(192.59, 187.69)	(207.90, 171.62)	2695.54	0.04980469	NaN	NaN	NaN	
2724610082000	2715915018882	None	Saccade	(194.53, 179.42)	(211.70, 179.47)	2695.59	0.0168457	104.5038	3.575135	173.6893	
2724626749000	2715931685716	None	Saccade	(195.29, 169.41)	(222.20, 195.66)	2695.59	0.03344727	123.4994	11.46844	168.8141	
2724643415000	2715948351688	None	Saccade	(194.12, 161.13)	(227.15, 209.00)	2695.59	0.05004883	174.9996	17.23774	165.7579	
2724660082000	2715965019100	None	Pursuit	(196.48, 158.32)	(226.97, 212.12)	2695.64	0.01660156	45.11482	1.503827	206.9522	
2724676748000	2715981684334	None	Pursuit	(196.49, 158.22)	(226.25, 212.52)	2695.64	0.03344727	1.232292	1.538508	206.123	
2724693415000	2715998351062	None	Pursuit	(196.64, 157.62)	(229.03, 213.35)	2695.64	0.05004883	7.500405	1.767435	202.6307	
2724710082000	2716015018026	None	Pursuit	(196.27, 157.25)	(228.42, 211.48)	2695.64	0.06665039	6.493601	1.818321	195.9028	
2724726748000	2716031683603	None	Unknown	(196.61, 156.99)	(229.06, 212.87)	NaN	NaN	NaN	NaN	NaN	
2724743412000	2716048348093	None	Saccade	(196.44, 156.72)	(227.95, 211.04)	2695.723	0.01660156	26.2612	0.8753733	341.9692	
2724760079000	2716065014317	None	Fixation	(196.90, 156.55)	(227.87, 211.21)	2695.723	0.03320313	NaN	NaN	NaN	
2724776748000	2716081683369	None	Fixation	(196.21, 156.63)	(227.85, 211.26)	2695.723	0.04980469	NaN	NaN	NaN	
2724793415000	2716098349930	None	Fixation	(195.98, 156.52)	(228.10, 210.36)	2695.723	0.06665039	NaN	NaN	NaN	
2724810081000	2716115015899	None	Fixation	(196.87, 156.32)	(227.84, 210.86)	2695.723	0.08325195	NaN	NaN	NaN	
2724826747000	2716131681544	None	Fixation	(196.63, 156.07)	(227.79, 210.64)	2695.723	0.09985352	NaN	NaN	NaN	
2724843414000	2716148348436	None	Fixation	(196.73, 156.07)	(227.52, 210.99)	2695.723	0.1164551	NaN	NaN	NaN	
2724860080000	2716165014268	None	Fixation	(196.03, 156.02)	(228.11, 210.75)	2695.723	0.1333008	NaN	NaN	NaN	
2724876747000	2716181681376	None	Fixation	(197.18, 156.18)	(228.11, 210.55)	2695.723	0.1499023	NaN	NaN	NaN	
2724893413000	2716198346989	None	Saccade	(197.69, 154.34)	(230.21, 215.40)	2695.873	0.01660156	64.96702	2.165567	169.5541	
2724910080000	2716215013893	None	Fixation	(197.70, 154.71)	(230.01, 214.46)	2695.723	0.1831055	NaN	NaN	NaN	
2724926746000	2716231679511	None	Pursuit	(197.49, 154.75)	(229.08, 214.52)	2695.906	0.0168457	11.50762	0.3835874	279.8278	
2724926746000	2716231679817	None	Pursuit	(197.49, 154.75)	(229.08, 214.52)	2695.906	0.0168457	11.50762	0.3835874	279.8278	
2724960079000	2716265012256	None	Fixation	(197.84, 154.43)	(230.07, 215.59)	2695.723	0.2331543	NaN	NaN	NaN	
2724960079000	2716265012332	None	Fixation	(197.84, 154.43)	(230.07, 215.59)	2695.723	0.2331543	NaN	NaN	NaN	
2724993412000	2716298344903	None	Fixation	(197.64, 153.90)	(229.92, 214.46)	2695.723	0.2666016	NaN	NaN	NaN	
2725010079000	2716315011912	None	Fixation	(198.04, 153.77)	(229.59, 214.81)	2695.723	0.2832031	NaN	NaN	NaN	
2725026745000	2716331677313	None	Fixation	(197.67, 153.77)	(229.70, 214.77)	2695.723	0.2998047	NaN	NaN	NaN	
2725043412000	2716348344229	None	Fixation	(198.00, 153.41)	(229.79, 214.74)	2695.723	0.3166504	NaN	NaN	NaN	
2725060078000	2716365010258	None	Fixation	(197.69, 153.15)	(229.68, 214.57)	2695.723	0.333252	NaN	NaN	NaN	
2725076745000	2716381677063	None	Fixation	(197.73, 152.83)	(229.59, 214.57)	2695.723	0.3498535	NaN	NaN	NaN	
2725093411000	2716398342913	None	Fixation	(197.93, 152.60)	(229.56, 214.41)	2695.723	0.3664551	NaN	NaN	NaN	
2725110078000	2716415009719	None	Fixation	(197.91, 152.47)	(229.30, 214.45)	2695.723	0.3833008	NaN	NaN	NaN	
2725110078000	2716415009426	None	Fixation	(197.91, 152.47)	(229.30, 214.45)	2695.723	0.3833008	NaN	NaN	NaN	
2725143410000	2716448341147	None	Fixation	(198.17, 152.35)	(229.06, 214.02)	2695.723	0.4165039	NaN	NaN	NaN	
2725160077000	2716465008180	None	Fixation	(197.57, 152.41)	(229.24, 213.70)	2695.723	0.4331055	NaN	NaN	NaN	
2725176744000	2716481675099	None	Fixation	(198.25, 152.45)	(229.21, 213.73)	2695.723	0.4499512	NaN	NaN	NaN	
2725193410000	2716498340884	None	Fixation	(197.75, 152.48)	(229.11, 213.85)	2695.723	0.4665527	NaN	NaN	NaN	
2725210077000	2716515008120	None	Fixation	(197.77, 152.41)	(229.33, 213.51)	2695.723	0.4831543	NaN	NaN	NaN	
2725226743000	2716531673202	None	Fixation	(198.16, 152.63)	(229.27, 214.40)	2695.723	0.5	NaN	NaN	NaN	
2725243409000	2716548339005	None	Fixation	(197.72, 152.74)	(229.33, 214.47)	2695.723	0.5166016	NaN	NaN	NaN	
2725260076000	2716565005877	None	Fixation	(197.73, 153.02)	(229.52, 214.32)	2695.723	0.5332031	NaN	NaN	NaN	
2725276742000	2716581671790	None	Fixation	(196.84, 153.02)	(229.49, 214.58)	2695.723	0.5498047	NaN	NaN	NaN	
2725293409000	2716598338740	None	Fixation	(197.16, 153.18)	(229.48, 214.48)	2695.723	0.5666504	NaN	NaN	NaN	
2725293409000	2716598338435	None	Fixation	(197.16, 153.18)	(229.48, 214.48)	2695.723	0.5666504	NaN	NaN	NaN	
2725326742000	2716631671060	None	Fixation	(197.48, 153.46)	(229.61, 214.50)	2695.723	0.5998535	NaN	NaN	NaN	
2725343408000	2716648336987	None	Fixation	(197.59, 153.40)	(229.69, 214.82)	2695.723	0.6164551	NaN	NaN	NaN	
2725360075000	2716665003694	None	Fixation	(196.36, 153.53)	(229.77, 215.10)	2695.723	0.6333008	NaN	NaN	NaN	
2725376742000	2716681670705	None	Fixation	(197.19, 153.63)	(229.54, 214.44)	2695.723	0.6499023	NaN	NaN	NaN	
2725376742000	2716681670606	None	Fixation	(197.19, 153.63)	(229.54, 214.44)	2695.723	0.6499023	NaN	NaN	NaN	
2725410074000	2716715002371	None	Fixation	(197.43, 153.41)	(229.71, 214.51)	2695.723	0.6831055	NaN	NaN	NaN	
2725426741000	2716731669083	None	Saccade	(195.04, 155.16)	(228.61, 211.08)	2696.406	0.0168457	44.42155	1.480718	355.229	
2725443407000	2716748334802	None	Saccade	(190.79, 166.59)	(222.36, 192.44)	2696.423	0.01660156	150.0326	5.001086	7.367867	
2725460074000	2716765002003	None	Saccade	(185.38, 183.97)	(216.17, 176.14)	2696.423	0.03320313	223.8228	12.45753	178.8597	
2725476739000	2716781666575	None	Unknown	(182.15, 193.74)	(217.27, 167.99)	NaN	NaN	NaN	NaN	NaN	
2725476739000	2716781666390	None	Unknown	(182.15, 193.74)	(217.27, 167.99)	NaN	NaN	NaN	NaN	NaN	
2725493408000	2716798335490	None	Pursuit	(182.14, 193.69)	(215.59, 169.00)	2696.473	0.01660156	0.5989078	0.01996359	158.7648	
2725510074000	2716815001173	None	Pursuit	(180.91, 194.21)	(215.10, 168.30)	2696.473	0.03320313	16.43786	0.5432941	56.36315	
2725543407000	2716848333736	None	Unknown	(181.17, 193.11)	(217.20, 167.97)	NaN	NaN	NaN	NaN	NaN	
2725560073000	2716864999524	None	Fixation	(181.14, 192.81)	(216.73, 167.59)	2696.54	0.01660156	NaN	NaN	NaN	
2725576740000	2716881666781	None	Fixation	(180.87, 192.95)	(216.43, 167.74)	2696.54	0.03320313	NaN	NaN	NaN	
2725593406000	2716898332756	None	Fixation	(180.33, 192.52)	(216.10, 167.95)	2696.54	0.04980469	NaN	NaN	NaN	
2725610071000	2716914997217	None	Fixation	(180.71, 192.39)	(216.36, 168.16)	2696.54	0.06665039	NaN	NaN	NaN	
2725626737000	2716931662882	None	Fixation	(180.50, 192.45)	(216.32, 167.66)	2696.54	0.08325195	NaN	NaN	NaN	
2725643404000	2716948329624	None	Fixation	(179.88, 192.09)	(216.32, 167.49)	2696.54	0.09985352	NaN	NaN	NaN	
2725660070000	2716964995597	None	Fixation	(179.88, 191.91)	(216.06, 167.56)	2696.54	0.1164551	NaN	NaN	NaN	
2725676739000	2716981664561	None	Fixation	(179.60, 191.92)	(216.50, 167.65)	2696.54	0.1333008	NaN	NaN	NaN	
2725676739000	2716981664508	None	Fixation	(179.60, 191.92)	(216.50, 167.65)	2696.54	0.1333008	NaN	NaN	NaN	
2725710072000	2717014996981	None	Fixation	(179.38, 191.62)	(216.23, 167.66)	2696.54	0.1665039	NaN	NaN	NaN	
2725726738000	2717031663032	None	Fixation	(179.18, 191.53)	(216.72, 168.00)	2696.54	0.1833496	NaN	NaN	NaN	
2725743405000	2717048329802	None	Fixation	(179.15, 191.61)	(216.54, 167.89)	2696.54	0.1999512	NaN	NaN	NaN	
2725760071000	2717064995555	None	Fixation	(179.16, 191.53)	(216.45, 167.85)	2696.54	0.2165527	NaN	NaN	NaN	
2725760071000	2717064995642	None	Fixation	(179.16, 191.53)	(216.45, 167.85)	2696.54	0.2165527	NaN	NaN	NaN	
2725776738000	2717081662364	None	Fixation	(179.09, 191.44)	(216.80, 167.99)	2696.54	0.2331543	NaN	NaN	NaN	
2725810071000	2717114995189	None	Fixation	(180.08, 191.59)	(215.94, 167.93)	2696.54	0.2666016	NaN	NaN	NaN	
2725810071000	2717114995206	None	Fixation	(180.08, 191.59)	(215.94, 167.93)	2696.54	0.2666016	NaN	NaN	NaN	
2725826737000	2717131660977	None	Saccade	(189.97, 188.55)	(209.13, 171.26)	2696.806	0.01660156	127.2518	4.241727	248.4432	
2725843403000	2717148326647	None	Saccade	(194.68, 190.47)	(204.75, 173.50)	2696.806	0.03320313	62.56594	6.004139	254.5749	
2725860069000	2717164992257	None	Unknown	(193.59, 190.02)	(205.62, 172.76)	NaN	NaN	NaN	NaN	NaN	
2725876737000	2717181660285	None	Pursuit	(195.32, 189.81)	(204.71, 173.16)	2696.856	0.01660156	21.42326	0.7141085	249.9676	
2725893404000	2717198327511	None	Pursuit	(195.04, 189.17)	(205.17, 172.64)	2696.856	0.03320313	8.475924	0.6879981	226.8145	
2725910070000	2717214992703	None	Unknown	(194.49, 188.86)	(205.43, 172.18)	NaN	NaN	NaN	NaN	NaN	
2725926737000	2717231659833	None	Fixation	(194.35, 188.70)	(205.64, 171.48)	2696.906	0.0168457	NaN	NaN	NaN	
2725943403000	2717248325432	None	Fixation	(195.39, 188.15)	(204.79, 171.62)	2696.906	0.03344727	NaN	NaN	NaN	
2725960070000	2717264992196	None	Fixation	(195.25, 188.32)	(204.97, 171.53)	2696.906	0.05004883	NaN	NaN	NaN	
2725976736000	2717281658147	None	Fixation	(195.28, 188.17)	(205.06, 171.49)	2696.906	0.06689453	NaN	NaN	NaN	
2725993403000	2717298325125	None	Fixation	(195.03, 188.17)	(204.90, 171.30)	2696.906	0.08349609	NaN	NaN	NaN	
2726010067000	2717314988680	None	Fixation	(194.94, 187.92)	(204.91, 171.09)	2696.906	0.1000977	NaN	NaN	NaN	
2726026736000	2717331657922	None	Fixation	(195.31, 188.02)	(204.76, 170.93)	2696.906	0.1166992	NaN	NaN	NaN	
2726043400000	2717348321429	None	Fixation	(195.17, 188.06)	(204.56, 171.29)	2696.906	0.1335449	NaN	NaN	NaN	
2726060067000	2717364988089	None	Fixation	(195.33, 188.08)	(204.64, 170.85)	2696.906	0.1501465	NaN	NaN	NaN	
2726076735000	2717381655949	None	Fixation	(195.28, 188.00)	(205.11, 170.76)	2696.906	0.166748	NaN	NaN	NaN	
2726093401000	2717398321784	None	Fixation	(194.95, 187.86)	(205.19, 170.84)	2696.906	0.1833496	NaN	NaN	NaN	
2726110069000	2717414989688	None	Fixation	(195.08, 188.01)	(204.83, 171.06)	2696.906	0.2001953	NaN	NaN	NaN	
2726126735000	2717431655348	None	Fixation	(194.99, 187.91)	(205.04, 170.78)	2696.906	0.2167969	NaN	NaN	NaN	
2726143402000	2717448322200	None	Fixation	(195.21, 187.71)	(205.25, 170.61)	2696.906	0.2333984	NaN	NaN	NaN	
2726160068000	2717464987999	None	Fixation	(195.30, 187.94)	(205.00, 170.68)	2696.906	0.25	NaN	NaN	NaN	
2726176735000	2717481654893	None	Fixation	(195.18, 188.15)	(205.31, 170.62)	2696.906	0.2668457	NaN	NaN	NaN	
2726193401000	2717498320841	None	Blink	(194.64, 190.11)	(205.28, 173.24)	NaN	NaN	NaN	NaN	NaN	
2726210067000	2717514986702	None	Blink	(193.64, 193.96)	(206.40, 176.22)	NaN	NaN	NaN	NaN	NaN	
2726226734000	2717531653245	None	Blink	(203.65, 205.41)	(0.00, 0.00)	NaN	NaN	NaN	NaN	NaN	
2726243401000	2717548320103	None	Blink	(0.00, 0.00)	(0.00, 0.00)	NaN	NaN	NaN	NaN	NaN	
2726260067000	2717564985928	None	Blink	(0.00, 0.00)	(0.00, 0.00)	NaN	NaN	NaN	NaN	NaN	
2726276734000	2717581652947	None	Blink	(215.08, 225.98)	(0.00, 0.00)	NaN	NaN	NaN	NaN	NaN	
2726293400000	2717598319126	None	Blink	(205.07, 228.94)	(163.22, 158.61)	NaN	NaN	NaN	NaN	NaN	
2726310067000	2717614985408	None	Blink	(204.38, 221.95)	(176.74, 157.13)	NaN	NaN	NaN	NaN	NaN	
2726326733000	2717631651158	None	Blink	(208.69, 221.18)	(178.74, 158.08)	NaN	NaN	NaN	NaN	NaN	
2726343400000	2717648318005	None	Blink	(208.86, 220.06)	(178.76, 156.84)	NaN	NaN	NaN	NaN	NaN	
2726360066000	2717664983829	None	Blink	(209.50, 219.58)	(178.47, 156.33)	NaN	NaN	NaN	NaN	NaN	
2726376731000	2717681648748	None	Blink	(210.09, 218.95)	(176.40, 156.92)	NaN	NaN	NaN	NaN	NaN	
2726393397000	2717698314526	None	Blink	(210.07, 218.30)	(176.43, 156.09)	NaN	NaN	NaN	NaN	NaN	
2726410065000	2717714982364	None	Blink	(210.69, 217.83)	(176.79, 155.32)	NaN	NaN	NaN	NaN	NaN	
2726426732000	2717731649070	None	Blink	(210.79, 217.60)	(175.38, 155.37)	NaN	NaN	NaN	NaN	NaN	
2726443396000	2717748312951	None	WinkRight	(211.34, 217.33)	(175.14, 155.39)	NaN	NaN	NaN	NaN	NaN	
2726460065000	2717764982041	None	WinkRight	(211.26, 216.86)	(174.53, 154.79)	NaN	NaN	NaN	NaN	NaN	
2726476731000	2717781647832	None	Saccade	(211.74, 216.59)	(175.61, 154.56)	2697.173	0.2998047	404.7433	13.84322	314.0936	
2726493398000	2717798314507	None	Saccade	(212.06, 216.25)	(174.83, 154.77)	2697.173	0.3166504	5.733263	14.08433	313.2421	
2726510064000	2717814980428	None	Unknown	(212.11, 216.20)	(174.78, 154.51)	NaN	NaN	NaN	NaN	NaN	
2726526731000	2717831647271	None	Pursuit	(212.29, 215.93)	(174.54, 154.59)	2697.506	0.01660156	4.006919	0.133564	200.883	
2726543397000	2717848312857	None	Unknown	(212.25, 215.96)	(175.10, 154.44)	NaN	NaN	NaN	NaN	NaN	
2726560064000	2717864980029	None	Fixation	(212.70, 214.93)	(174.43, 154.83)	2697.54	0.01660156	NaN	NaN	NaN	
2726576730000	2717881645734	None	Saccade	(214.59, 198.35)	(181.48, 165.22)	2697.556	0.01660156	205.3265	6.844218	166.1969	
2726593397000	2717898312757	None	Saccade	(215.24, 185.01)	(189.87, 181.28)	2697.556	0.03320313	164.2191	12.55788	167.2956	
2726610063000	2717914978626	None	Unknown	(216.01, 180.64)	(191.61, 185.68)	NaN	NaN	NaN	NaN	NaN	
2726626730000	2717931645098	None	Pursuit	(216.12, 180.24)	(191.09, 184.92)	2697.606	0.01660156	5.063441	0.1687814	182.1284	
2726643397000	2717948311771	None	Pursuit	(216.84, 179.24)	(192.41, 184.39)	2697.606	0.03320313	15.22657	0.6682049	197.6114	
2726660063000	2717964977600	None	Pursuit	(216.51, 179.29)	(191.44, 183.44)	2697.606	0.04980469	4.078138	0.5913751	187.3763	
2726676730000	2717981644651	None	Unknown	(216.11, 178.52)	(190.96, 182.84)	NaN	NaN	NaN	NaN	NaN	
2726693396000	2717998310413	None	Fixation	(216.45, 178.06)	(190.81, 183.29)	2697.673	0.01660156	NaN	NaN	NaN	
2726710063000	2718014977363	None	Fixation	(216.93, 178.21)	(191.11, 183.64)	2697.673	0.03320313	NaN	NaN	NaN	
2726726729000	2718031642922	None	Fixation	(216.54, 178.02)	(191.18, 182.24)	2697.673	0.04980469	NaN	NaN	NaN	
2726743394000	2718048308176	None	Fixation	(216.59, 177.82)	(190.95, 182.61)	2697.673	0.06665039	NaN	NaN	NaN	
2726760061000	2718064974503	None	Fixation	(216.30, 177.57)	(190.63, 182.38)	2697.673	0.08325195	NaN	NaN	NaN	
2726776729000	2718081642490	None	Fixation	(216.30, 177.50)	(190.89, 182.87)	2697.673	0.09985352	NaN	NaN	NaN	
2726793395000	2718098308129	None	Fixation	(216.52, 177.47)	(190.99, 181.72)	2697.673	0.1166992	NaN	NaN	NaN	
2726810062000	2718114975180	None	Fixation	(216.49, 177.64)	(190.99, 182.14)	2697.673	0.1333008	NaN	NaN	NaN	
2726826728000	2718131640904	None	Fixation	(216.23, 177.57)	(190.94, 182.60)	2697.673	0.1499023	NaN	NaN	NaN	
2726843395000	2718148307586	None	Fixation	(216.32, 177.67)	(191.16, 182.61)	2697.673	0.1665039	NaN	NaN	NaN	
2726860061000	2718164973419	None	Fixation	(216.18, 177.45)	(191.36, 181.80)	2697.673	0.1833496	NaN	NaN	NaN	
2726876728000	2718181640986	None	Saccade	(221.44, 173.57)	(189.46, 188.71)	2697.856	0.01660156	80.37424	2.937117	214.4589	
2726893394000	2718198306281	None	Saccade	(231.90, 169.25)	(183.44, 204.47)	2697.856	0.03320313	139.2667	9.846226	220.8509	
2726910061000	2718214972904	None	Unknown	(234.07, 167.11)	(182.72, 208.17)	NaN	NaN	NaN	NaN	NaN	
2726926727000	2718231638830	None	Pursuit	(233.68, 167.78)	(182.94, 208.67)	2697.906	0.0168457	9.564491	0.3188164	17.1423	
2726943393000	2718248304534	None	Pursuit	(235.05, 166.90)	(181.64, 208.99)	2697.906	0.03344727	20.03241	0.4093601	244.5461	
2726960060000	2718264971609	None	Pursuit	(234.30, 166.50)	(182.13, 207.52)	2697.906	0.05004883	10.34067	0.2665626	187.8468	
2726976727000	2718281638189	None	Unknown	(234.06, 166.10)	(182.41, 206.33)	NaN	NaN	NaN	NaN	NaN	
2726993393000	2718298304106	None	Fixation	(234.73, 165.30)	(182.24, 206.83)	2697.973	0.0168457	NaN	NaN	NaN	
2727010060000	2718314970915	None	Fixation	(234.69, 165.50)	(182.25, 206.08)	2697.973	0.03344727	NaN	NaN	NaN	
2727026726000	2718331636874	None	Fixation	(234.49, 165.62)	(181.79, 206.16)	2697.973	0.05004883	NaN	NaN	NaN	
2727043392000	2718348302599	None	Fixation	(234.72, 165.36)	(182.01, 206.08)	2697.973	0.06689453	NaN	NaN	NaN	
2727060059000	2718364969282	None	Fixation	(234.25, 164.85)	(181.69, 205.53)	2697.973	0.08349609	NaN	NaN	NaN	
2727076725000	2718381635171	None	Fixation	(234.51, 164.93)	(181.48, 204.84)	2697.973	0.1000977	NaN	NaN	NaN	
2727093392000	2718398302343	None	Fixation	(234.45, 164.98)	(181.85, 205.49)	2697.973	0.1166992	NaN	NaN	NaN	
2727110058000	2718414967753	None	Fixation	(234.60, 164.87)	(182.01, 205.96)	2697.973	0.1335449	NaN	NaN	NaN	
2727126725000	2718431634625	None	Fixation	(234.60, 164.57)	(181.78, 205.46)	2697.973	0.1501465	NaN	NaN	NaN	
2727143391000	2718448300595	None	WinkLeft	(233.91, 165.21)	(182.14, 205.86)	NaN	NaN	NaN	NaN	NaN	
2727160058000	2718464967636	None	Blink	(232.35, 167.22)	(185.82, 206.77)	NaN	NaN	NaN	NaN	NaN	
2727176723000	2718481632496	None	Blink	(224.60, 171.50)	(0.00, 0.00)	NaN	NaN	NaN	NaN	NaN	
2727193390000	2718498299109	None	Blink	(258.21, 159.17)	(0.00, 0.00)	NaN	NaN	NaN	NaN	NaN	
2727210057000	2718514965769	None	Blink	(0.00, 0.00)	(0.00, 0.00)	NaN	NaN	NaN	NaN	NaN	
2727226723000	2718531631754	None	Blink	(0.00, 0.00)	(0.00, 0.00)	NaN	NaN	NaN	NaN	NaN	
2727243390000	2718548298317	None	Blink	(201.44, 198.91)	(0.00, 0.00)	NaN	NaN	NaN	NaN	NaN	
2727260057000	2718564965156	None	Blink	(194.80, 193.42)	(202.10, 175.53)	NaN	NaN	NaN	NaN	NaN	
2727276723000	2718581630968	None	Blink	(190.70, 191.57)	(207.71, 175.62)	NaN	NaN	NaN	NaN	NaN	
2727293389000	2718598296939	None	Blink	(190.96, 190.34)	(206.22, 173.43)	NaN	NaN	NaN	NaN	NaN	
2727310056000	2718614963569	None	Blink	(191.61, 189.75)	(209.55, 173.37)	NaN	NaN	NaN	NaN	NaN	
2727326722000	2718631629545	None	Blink	(191.79, 189.12)	(209.23, 173.07)	NaN	NaN	NaN	NaN	NaN	
2727343389000	2718648296221	None	Blink	(191.67, 188.82)	(208.88, 172.53)	NaN	NaN	NaN	NaN	NaN	
2727360055000	2718664962462	None	Blink	(191.81, 188.19)	(208.35, 172.61)	NaN	NaN	NaN	NaN	NaN	
2727376722000	2718681628979	None	WinkRight	(192.17, 187.89)	(208.18, 172.24)	NaN	NaN	NaN	NaN	NaN	
2727393388000	2718698294884	None	Saccade	(192.19, 187.82)	(207.50, 171.79)	2698.123	0.2666016	594.9245	19.83082	49.32317	
2727410055000	2718714961731	None	Saccade	(192.13, 187.45)	(208.00, 171.52)	2698.123	0.2832031	4.587512	19.78154	49.68835	
2727426721000	2718731627423	None	Unknown	(192.19, 187.38)	(207.60, 171.49)	NaN	NaN	NaN	NaN	NaN	
2727443388000	2718748294152	None	Pursuit	(192.24, 187.40)	(207.70, 171.30)	2698.423	0.01660156	0.6644729	0.0221491	277.6556	
2727460054000	2718764959987	None	Unknown	(192.02, 187.35)	(207.47, 170.97)	NaN	NaN	NaN	NaN	NaN	
2727476721000	2718781627003	None	Fixation	(191.83, 187.49)	(208.58, 170.56)	2698.456	0.01660156	NaN	NaN	NaN	
2727493387000	2718798292779	None	Fixation	(192.33, 187.33)	(207.55, 171.02)	2698.456	0.03344727	NaN	NaN	NaN	
2727510052000	2718814957639	None	Fixation	(192.41, 187.20)	(207.50, 171.08)	2698.456	0.05004883	NaN	NaN	NaN	
2727526718000	2718831623528	None	Fixation	(192.30, 187.17)	(207.27, 170.91)	2698.456	0.06665039	NaN	NaN	NaN	
2727543387000	2718848292098	None	Fixation	(192.22, 187.39)	(207.57, 170.73)	2698.456	0.08349609	NaN	NaN	NaN	
2727560053000	2718864957905	None	Fixation	(192.72, 187.28)	(207.57, 170.51)	2698.456	0.1000977	NaN	NaN	NaN	
2727576719000	2718881623723	None	Fixation	(192.31, 187.38)	(207.44, 170.75)	2698.456	0.1166992	NaN	NaN	NaN	
2727593386000	2718898290597	None	Fixation	(192.36, 187.19)	(207.24, 170.83)	2698.456	0.1333008	NaN	NaN	NaN	
2727610052000	2718914956726	None	Fixation	(192.43, 187.08)	(207.78, 170.63)	2698.456	0.1501465	NaN	NaN	NaN	
2727626719000	2718931623751	None	Fixation	(192.28, 186.97)	(207.28, 170.38)	2698.456	0.166748	NaN	NaN	NaN	
2727643385000	2718948288991	None	Fixation	(192.66, 187.00)	(207.24, 170.75)	2698.456	0.1833496	NaN	NaN	NaN	
2727660050000	2718964953843	None	Saccade	(187.53, 190.02)	(210.51, 168.55)	2698.64	0.01660156	73.2714	2.44238	57.8206	
2727676718000	2718981621675	None	Saccade	(179.16, 195.30)	(217.50, 169.34)	2698.64	0.03344727	121.6494	6.49667	45.4106	
2727693385000	2718998288708	None	Unknown	(180.64, 194.58)	(217.52, 168.66)	NaN	NaN	NaN	NaN	NaN	
2727710052000	2719014955484	None	Pursuit	(180.63, 194.23)	(216.61, 168.75)	2698.69	0.01660156	4.306781	0.1435594	164.0255	
2727726718000	2719031621289	None	Pursuit	(179.50, 194.11)	(217.54, 167.69)	2698.69	0.03320313	13.97132	0.5084677	99.26996	
2727743385000	2719048287948	None	Unknown	(179.80, 193.15)	(217.52, 167.03)	NaN	NaN	NaN	NaN	NaN	
2727760052000	2719064954800	None	Fixation	(179.84, 192.62)	(217.86, 166.40)	2698.74	0.01660156	NaN	NaN	NaN	
2727776718000	2719081620616	None	Fixation	(180.21, 192.77)	(217.77, 166.47)	2698.74	0.03320313	NaN	NaN	NaN	
2727793385000	2719098287422	None	Fixation	(180.09, 192.69)	(217.29, 166.55)	2698.74	0.05004883	NaN	NaN	NaN	
2727810051000	2719114953216	None	Fixation	(180.18, 192.64)	(216.53, 165.86)	2698.74	0.06665039	NaN	NaN	NaN	
2727826717000	2719131619603	None	Fixation	(180.29, 192.35)	(216.83, 165.97)	2698.74	0.08325195	NaN	NaN	NaN	
2727843384000	2719148286106	None	Fixation	(180.06, 192.39)	(217.43, 166.13)	2698.74	0.09985352	NaN	NaN	NaN	
2727860050000	2719164951684	None	Fixation	(180.13, 192.00)	(217.09, 166.03)	2698.74	0.1166992	NaN	NaN	NaN	
2727876715000	2719181616503	None	Fixation	(179.97, 192.10)	(217.29, 166.08)	2698.74	0.1333008	NaN	NaN	NaN	
2727893381000	2719198282542	None	Fixation	(180.45, 192.11)	(216.82, 166.19)	2698.74	0.1499023	NaN	NaN	NaN	
2727910050000	2719214951425	None	Fixation	(180.67, 191.85)	(217.00, 166.50)	2698.74	0.1665039	NaN	NaN	NaN	
2727926716000	2719231617580	None	Fixation	(180.37, 191.88)	(216.61, 165.82)	2698.74	0.1833496	NaN	NaN	NaN	
2727943383000	2719248283799	None	Fixation	(180.43, 191.97)	(217.01, 166.13)	2698.74	0.1999512	NaN	NaN	NaN	
2727960049000	2719264949644	None	Fixation	(180.28, 191.86)	(216.97, 166.29)	2698.74	0.2165527	NaN	NaN	NaN	
2727976716000	2719281616864	None	Fixation	(180.48, 191.77)	(216.45, 165.90)	2698.74	0.2331543	NaN	NaN	NaN	
2727993382000	2719298282457	None	Fixation	(180.67, 191.88)	(216.85, 166.24)	2698.74	0.25	NaN	NaN	NaN	
2728010049000	2719314949066	None	Fixation	(180.43, 191.56)	(217.04, 166.55)	2698.74	0.2666016	NaN	NaN	NaN	
2728026715000	2719331615055	None	Fixation	(180.76, 191.74)	(216.72, 166.50)	2698.74	0.2832031	NaN	NaN	NaN	
2728043382000	2719348281728	None	Saccade	(189.39, 187.46)	(211.41, 170.44)	2699.023	0.01660156	118.5132	3.950439	238.4966	
2728060048000	2719364947552	None	Saccade	(196.10, 189.29)	(204.99, 173.23)	2699.023	0.03344727	85.44291	6.367983	250.5176	
2728076714000	2719381613414	None	Unknown	(194.04, 189.27)	(206.68, 172.31)	NaN	NaN	NaN	NaN	NaN	
2728093381000	2719398280496	None	Pursuit	(196.22, 188.96)	(204.69, 173.47)	2699.073	0.01660156	27.11666	0.9038888	249.1004	
2728110047000	2719414946084	None	Pursuit	(196.59, 188.23)	(204.32, 167.64)	2699.073	0.03344727	10.1011	1.128177	234.815	
2728126714000	2719431613230	None	Pursuit	(195.13, 187.97)	(205.47, 172.16)	2699.073	0.05004883	57.34181	0.5006401	290.0638	
2728143380000	2719448278661	None	Pursuit	(195.20, 187.57)	(205.51, 171.89)	2699.073	0.06665039	3.31852	0.5112805	302.5576	
2728160047000	2719464945637	None	Pursuit	(196.02, 187.27)	(205.09, 171.59)	2699.073	0.08325195	6.279899	0.7148001	307.2009	
2728176713000	2719481611309	None	Pursuit	(196.12, 187.00)	(204.86, 171.69)	2699.073	0.1000977	3.141273	0.7895026	301.6025	
2728193380000	2719498278410	None	Fixation	(196.04, 186.75)	(204.47, 171.73)	2699.123	0.06665039	NaN	NaN	NaN	
2728210046000	2719514944029	None	Fixation	(196.15, 186.75)	(205.99, 172.45)	2699.123	0.08325195	NaN	NaN	NaN	
2728226713000	2719531611359	None	Fixation	(195.74, 186.50)	(205.04, 171.21)	2699.123	0.09985352	NaN	NaN	NaN	
2728243380000	2719548277610	None	Fixation	(195.92, 186.15)	(204.84, 171.23)	2699.123	0.1166992	NaN	NaN	NaN	
2728260047000	2719564944399	None	Fixation	(196.37, 185.76)	(204.69, 171.11)	2699.123	0.1333008	NaN	NaN	NaN	
2728276712000	2719581609265	None	Fixation	(196.49, 185.77)	(204.67, 171.02)	2699.123	0.1499023	NaN	NaN	NaN	
2728293379000	2719598276653	None	Fixation	(196.07, 185.62)	(204.79, 171.00)	2699.123	0.1665039	NaN	NaN	NaN	
2728310046000	2719614943086	None	Fixation	(196.27, 185.23)	(204.35, 170.70)	2699.123	0.1833496	NaN	NaN	NaN	
2728343379000	2719648275784	None	Fixation	(196.38, 185.02)	(204.67, 170.56)	2699.123	0.2165527	NaN	NaN	NaN	
2728343379000	2719648275704	None	Fixation	(196.38, 185.02)	(204.67, 170.56)	2699.123	0.2165527	NaN	NaN	NaN	
2728360045000	2719664941352	None	Fixation	(196.46, 184.95)	(204.98, 170.49)	2699.123	0.2333984	NaN	NaN	NaN	
2728376712000	2719681608188	None	Fixation	(196.35, 184.73)	(204.51, 170.18)	2699.123	0.25	NaN	NaN	NaN	
2728393378000	2719698274279	None	Fixation	(196.39, 184.54)	(204.44, 170.70)	2699.123	0.2666016	NaN	NaN	NaN	
2728410045000	2719714941098	None	Fixation	(196.37, 184.87)	(204.81, 170.25)	2699.123	0.2832031	NaN	NaN	NaN	
2728426711000	2719731606749	None	Fixation	(196.43, 184.63)	(204.36, 170.43)	2699.123	0.3000488	NaN	NaN	NaN	
2728443378000	2719748274502	None	Fixation	(196.37, 184.74)	(204.26, 170.33)	2699.123	0.3166504	NaN	NaN	NaN	
2728460044000	2719764939283	None	Fixation	(196.55, 184.47)	(204.96, 169.88)	2699.123	0.333252	NaN	NaN	NaN	
2728476711000	2719781606243	None	Fixation	(199.33, 183.51)	(203.02, 172.58)	2699.123	0.3498535	NaN	NaN	NaN	
2728493377000	2719798272003	None	Saccade	(213.02, 177.55)	(194.98, 181.44)	2699.473	0.0168457	183.6264	6.120881	234.3508	
2728510044000	2719814939028	None	Saccade	(222.53, 176.30)	(188.25, 190.11)	2699.473	0.03344727	117.9165	9.95766	236.4352	
2728526710000	2719831604875	None	Unknown	(225.01, 174.80)	(185.73, 192.53)	NaN	NaN	NaN	NaN	NaN	
2728543375000	2719848269565	None	Pursuit	(226.10, 174.31)	(184.66, 193.27)	2699.523	0.01660156	14.63678	0.4878927	232.5303	
2728560043000	2719864937368	None	Pursuit	(226.50, 173.43)	(184.58, 192.62)	2699.523	0.03344727	11.85223	0.8289155	214.4846	
2728576710000	2719881604057	None	Pursuit	(226.14, 173.44)	(184.62, 191.60)	2699.523	0.05004883	4.483134	0.7231326	206.6671	
2728593376000	2719898270283	None	Unknown	(226.13, 172.96)	(184.08, 191.22)	NaN	NaN	NaN	NaN	NaN	
2728610041000	2719914934787	None	Fixation	(226.29, 172.85)	(184.61, 191.55)	2699.59	0.0168457	NaN	NaN	NaN	
2728643375000	2719948268730	None	Blink	(222.77, 178.20)	(185.68, 196.49)	NaN	NaN	NaN	NaN	NaN	
2728660042000	2719964935562	None	Blink	(244.99, 185.02)	(0.00, 0.00)	NaN	NaN	NaN	NaN	NaN	
2728676708000	2719981601145	None	Blink	(0.00, 0.00)	(0.00, 0.00)	NaN	NaN	NaN	NaN	NaN	
2728693375000	2719998268087	None	Blink	(0.00, 0.00)	(0.00, 0.00)	NaN	NaN	NaN	NaN	NaN	
2728710041000	2720014934073	None	Blink	(241.64, 173.47)	(0.00, 0.00)	NaN	NaN	NaN	NaN	NaN	
2728726708000	2720031600847	None	Blink	(226.99, 174.97)	(176.12, 200.80)	NaN	NaN	NaN	NaN	NaN	
2728726708000	2720031600689	None	Blink	(226.99, 174.97)	(176.12, 200.80)	NaN	NaN	NaN	NaN	NaN	
2728743372000	2720048264410	None	Blink	(225.61, 174.52)	(192.71, 192.94)	NaN	NaN	NaN	NaN	NaN	
2728760039000	2720064931536	None	Blink	(225.07, 173.61)	(198.50, 189.79)	NaN	NaN	NaN	NaN	NaN	
2728776708000	2720081599938	None	Blink	(225.46, 173.42)	(185.23, 194.88)	NaN	NaN	NaN	NaN	NaN	
2728793374000	2720098265874	None	Blink	(225.74, 172.83)	(182.95, 194.43)	NaN	NaN	NaN	NaN	NaN	
2728810039000	2720114930788	None	Blink	(226.57, 172.90)	(184.30, 194.35)	NaN	NaN	NaN	NaN	NaN	
2728826707000	2720131598540	None	Blink	(226.70, 172.55)	(184.60, 194.25)	NaN	NaN	NaN	NaN	NaN	
2728843374000	2720148265443	None	Blink	(226.75, 172.24)	(184.66, 193.87)	NaN	NaN	NaN	NaN	NaN	
2728860041000	2720164932107	None	Blink	(227.21, 172.27)	(184.18, 194.69)	NaN	NaN	NaN	NaN	NaN	
2728876707000	2720181598256	None	Fixation	(227.13, 172.02)	(183.48, 193.83)	2699.59	0.2834473	NaN	NaN	NaN	
2728893373000	2720198264002	None	Fixation	(227.40, 171.81)	(184.09, 194.08)	2699.59	0.3000488	NaN	NaN	NaN	
2728910038000	2720214928715	None	Fixation	(227.47, 171.67)	(183.66, 193.82)	2699.59	0.3166504	NaN	NaN	NaN	
2728926704000	2720231594533	None	Fixation	(227.74, 171.75)	(183.69, 193.86)	2699.59	0.3334961	NaN	NaN	NaN	
2728943373000	2720248263388	None	Fixation	(227.81, 171.58)	(184.21, 193.41)	2699.59	0.3500977	NaN	NaN	NaN	
2728960039000	2720264929046	None	Fixation	(228.06, 171.46)	(183.96, 193.05)	2699.59	0.3666992	NaN	NaN	NaN	
2728976706000	2720281596563	None	Fixation	(228.17, 171.50)	(183.98, 194.19)	2699.59	0.3833008	NaN	NaN	NaN	
2728993372000	2720298261702	None	Fixation	(227.94, 171.43)	(183.80, 192.94)	2699.59	0.4001465	NaN	NaN	NaN	
2729010039000	2720314928650	None	Fixation	(228.06, 171.42)	(183.81, 194.32)	2699.59	0.416748	NaN	NaN	NaN	
2729026705000	2720331594460	None	Fixation	(228.06, 171.48)	(185.73, 192.33)	2699.59	0.4333496	NaN	NaN	NaN	
2729043372000	2720348261470	None	Fixation	(228.43, 171.66)	(183.65, 193.27)	2699.59	0.4499512	NaN	NaN	NaN	
2729060038000	2720364926972	None	Fixation	(228.06, 171.64)	(183.87, 194.13)	2699.59	0.4667969	NaN	NaN	NaN	
2729076705000	2720381593857	None	Fixation	(228.13, 171.64)	(184.19, 193.52)	2699.59	0.4833984	NaN	NaN	NaN	
2729093371000	2720398259672	None	Fixation	(227.76, 171.29)	(184.30, 192.99)	2699.59	0.5	NaN	NaN	NaN	
2729110037000	2720414925342	None	Fixation	(227.68, 171.68)	(184.40, 193.49)	2699.59	0.5168457	NaN	NaN	NaN	
2729126704000	2720431592307	None	Blink	(226.82, 172.63)	(185.14, 195.81)	NaN	NaN	NaN	NaN	NaN	
2729160035000	2720464923091	None	Blink	(0.00, 0.00)	(0.00, 0.00)	NaN	NaN	NaN	NaN	NaN	
2729176703000	2720481590924	None	Blink	(0.00, 0.00)	(0.00, 0.00)	NaN	NaN	NaN	NaN	NaN	
2729193370000	2720498257769	None	Blink	(0.00, 0.00)	(0.00, 0.00)	NaN	NaN	NaN	NaN	NaN	
2729210037000	2720514924860	None	Blink	(0.00, 0.00)	(0.00, 0.00)	NaN	NaN	NaN	NaN	NaN	
2729226703000	2720531590381	None	Blink	(0.00, 0.00)	(0.00, 0.00)	NaN	NaN	NaN	NaN	NaN	
2729243369000	2720548256382	None	Blink	(243.62, 219.94)	(0.00, 0.00)	NaN	NaN	NaN	NaN	NaN	
2729260036000	2720564923110	None	Blink	(224.39, 209.99)	(0.00, 0.00)	NaN	NaN	NaN	NaN	NaN	
2729276701000	2720581587945	None	Blink	(227.25, 212.86)	(146.00, 172.70)	NaN	NaN	NaN	NaN	NaN	
2729276701000	2720581588062	None	Blink	(227.25, 212.86)	(146.00, 172.70)	NaN	NaN	NaN	NaN	NaN	
2729310036000	2720614922783	None	Blink	(229.14, 212.43)	(160.40, 166.68)	NaN	NaN	NaN	NaN	NaN	
2729310036000	2720614922471	None	Blink	(229.14, 212.43)	(160.40, 166.68)	NaN	NaN	NaN	NaN	NaN	
2729326703000	2720631589442	None	Blink	(229.25, 212.15)	(159.59, 166.45)	NaN	NaN	NaN	NaN	NaN	
2729343369000	2720648255534	None	Blink	(229.20, 211.40)	(159.44, 165.99)	NaN	NaN	NaN	NaN	NaN	
2729360035000	2720664920737	None	Blink	(229.50, 211.11)	(162.32, 165.84)	NaN	NaN	NaN	NaN	NaN	
2729376702000	2720681588067	None	Blink	(229.51, 210.90)	(162.58, 165.42)	NaN	NaN	NaN	NaN	NaN	
2729393368000	2720698253692	None	Blink	(229.50, 210.65)	(162.42, 165.08)	NaN	NaN	NaN	NaN	NaN	
2729410033000	2720714918431	None	WinkRight	(229.27, 210.32)	(162.84, 165.89)	NaN	NaN	NaN	NaN	NaN	
2729426701000	2720731586145	None	WinkRight	(229.48, 210.19)	(162.22, 164.29)	NaN	NaN	NaN	NaN	NaN	
2729443368000	2720748252938	None	Saccade	(229.76, 210.10)	(162.33, 164.79)	2700.106	0.333252	473.2513	15.77504	339.67	
2729460034000	2720764918689	None	Saccade	(229.58, 210.10)	(161.64, 164.37)	2700.106	0.3498535	2.157748	15.77052	339.5795	
2729476701000	2720781585744	None	Unknown	(229.73, 209.90)	(161.91, 164.00)	NaN	NaN	NaN	NaN	NaN	
2729493367000	2720798251390	None	Pursuit	(229.80, 209.72)	(161.94, 163.75)	2700.473	0.0168457	2.344031	0.07813438	187.3096	
2729510034000	2720814918347	None	Unknown	(230.04, 209.82)	(161.62, 163.66)	NaN	NaN	NaN	NaN	NaN	
2729526700000	2720831584157	None	Fixation	(230.13, 209.70)	(161.88, 163.20)	2700.506	0.01660156	NaN	NaN	NaN	
2729543366000	2720848250031	None	Fixation	(229.95, 209.84)	(161.56, 164.16)	2700.506	0.03320313	NaN	NaN	NaN	
2729560033000	2720864916616	None	Fixation	(229.80, 209.68)	(161.50, 164.39)	2700.506	0.05004883	NaN	NaN	NaN	
2729576699000	2720881582526	None	Fixation	(229.60, 209.29)	(161.62, 164.21)	2700.506	0.06665039	NaN	NaN	NaN	
2729593366000	2720898249316	None	Fixation	(229.40, 209.54)	(161.58, 163.86)	2700.506	0.08325195	NaN	NaN	NaN	
2729610032000	2720914915190	None	Fixation	(229.50, 209.13)	(161.94, 164.16)	2700.506	0.09985352	NaN	NaN	NaN	
2729626699000	2720931582043	None	Fixation	(229.50, 209.16)	(162.23, 163.98)	2700.506	0.1166992	NaN	NaN	NaN	
2729660030000	2720964912905	None	Fixation	(229.41, 209.15)	(162.10, 163.47)	2700.506	0.1499023	NaN	NaN	NaN	
2729660030000	2720964912617	None	Fixation	(229.41, 209.15)	(162.10, 163.47)	2700.506	0.1499023	NaN	NaN	NaN	
2729676698000	2720981580377	None	Fixation	(229.36, 209.13)	(162.20, 163.41)	2700.506	0.166748	NaN	NaN	NaN	
2729693365000	2720998247290	None	Fixation	(229.20, 209.33)	(162.10, 163.90)	2700.506	0.1833496	NaN	NaN	NaN	
2729710031000	2721014913357	None	Saccade	(227.80, 215.19)	(160.31, 159.20)	2700.69	0.01660156	74.13731	2.471243	176.3803	
2729726698000	2721031580145	None	Unknown	(227.05, 214.28)	(162.17, 159.64)	NaN	NaN	NaN	NaN	NaN	
2729743364000	2721048245741	None	Pursuit	(227.70, 213.84)	(161.93, 160.26)	2700.723	0.0168457	9.732311	0.3244103	223.298	
2729760030000	2721064911771	None	Pursuit	(227.49, 214.28)	(161.61, 159.36)	2700.723	0.03344727	5.99667	0.1821534	256.8738	
2729776698000	2721081579325	None	Unknown	(227.42, 214.26)	(161.52, 159.64)	NaN	NaN	NaN	NaN	NaN	
2729793364000	2721098245234	None	Fixation	(227.37, 214.04)	(162.98, 158.33)	2700.773	0.01660156	NaN	NaN	NaN	
2729810031000	2721114912067	None	Fixation	(227.44, 213.89)	(161.99, 158.81)	2700.773	0.03344727	NaN	NaN	NaN	
2729826697000	2721131578001	None	Fixation	(227.53, 213.94)	(161.19, 158.77)	2700.773	0.05004883	NaN	NaN	NaN	
2729843364000	2721148244692	None	Fixation	(227.46, 213.74)	(161.75, 158.45)	2700.773	0.06665039	NaN	NaN	NaN	
2729860030000	2721164910598	None	Fixation	(227.62, 213.93)	(160.94, 158.98)	2700.773	0.08325195	NaN	NaN	NaN	
2729876697000	2721181577268	None	Fixation	(227.70, 213.71)	(160.83, 158.73)	2700.773	0.1000977	NaN	NaN	NaN	
2729893363000	2721198243108	None	Fixation	(227.81, 213.73)	(161.49, 158.72)	2700.773	0.1166992	NaN	NaN	NaN	
2729910030000	2721214910288	None	Fixation	(227.95, 213.68)	(161.10, 158.61)	2700.773	0.1333008	NaN	NaN	NaN	
2729926696000	2721231576042	None	Fixation	(228.07, 213.54)	(161.06, 158.69)	2700.773	0.1501465	NaN	NaN	NaN	
2729943362000	2721248241750	None	Fixation	(228.16, 213.35)	(161.14, 159.04)	2700.773	0.166748	NaN	NaN	NaN	
2729960028000	2721264907385	None	Fixation	(228.15, 213.62)	(161.33, 158.61)	2700.773	0.1833496	NaN	NaN	NaN	
2729976696000	2721281575207	None	Fixation	(228.19, 213.28)	(161.28, 158.58)	2700.773	0.1999512	NaN	NaN	NaN	
2729993362000	2721298241039	None	Fixation	(228.26, 213.16)	(161.81, 158.08)	2700.773	0.2167969	NaN	NaN	NaN	
2730010029000	2721314907852	None	Fixation	(228.21, 213.23)	(161.45, 158.68)	2700.773	0.2333984	NaN	NaN	NaN	
2730043362000	2721348240821	None	Fixation	(225.67, 213.24)	(163.26, 158.53)	2700.773	0.2666016	NaN	NaN	NaN	
2730043362000	2721348240930	None	Fixation	(225.67, 213.24)	(163.26, 158.53)	2700.773	0.2666016	NaN	NaN	NaN	
2730060029000	2721364907412	None	Fixation	(226.13, 213.27)	(163.16, 158.64)	2700.773	0.2834473	NaN	NaN	NaN	
2730076695000	2721381573165	None	Fixation	(226.23, 212.81)	(163.54, 158.31)	2700.773	0.3000488	NaN	NaN	NaN	
2730093362000	2721398240062	None	Fixation	(226.05, 212.74)	(163.19, 158.20)	2700.773	0.3166504	NaN	NaN	NaN	
2730110028000	2721414905930	None	Fixation	(225.90, 212.64)	(163.56, 158.06)	2700.773	0.333252	NaN	NaN	NaN	
2730126695000	2721431573028	None	Fixation	(226.15, 212.66)	(163.29, 158.08)	2700.773	0.3500977	NaN	NaN	NaN	
2730143359000	2721448236716	None	Fixation	(226.39, 212.42)	(163.57, 158.22)	2700.773	0.3666992	NaN	NaN	NaN	
2730160028000	2721464905601	None	Fixation	(226.21, 212.59)	(163.01, 158.19)	2700.773	0.3833008	NaN	NaN	NaN	
2730176694000	2721481571099	None	Fixation	(226.22, 212.46)	(161.21, 157.84)	2700.773	0.4001465	NaN	NaN	NaN	
2730193361000	2721498238000	None	Fixation	(226.25, 212.33)	(163.31, 157.90)	2700.773	0.416748	NaN	NaN	NaN	
2730210027000	2721514903895	None	Fixation	(225.89, 212.65)	(163.45, 157.70)	2700.773	0.4333496	NaN	NaN	NaN	
2730226694000	2721531570852	None	Fixation	(225.96, 212.44)	(163.12, 157.83)	2700.773	0.4499512	NaN	NaN	NaN	
2730243361000	2721548237504	None	Fixation	(226.13, 212.62)	(162.11, 158.07)	2700.773	0.4667969	NaN	NaN	NaN	
2730260028000	2721564904396	None	Fixation	(225.86, 212.67)	(162.96, 157.85)	2700.773	0.4833984	NaN	NaN	NaN	
2730276694000	2721581570102	None	Fixation	(226.12, 212.55)	(163.48, 158.17)	2700.773	0.5	NaN	NaN	NaN	
2730293360000	2721598236086	None	Fixation	(226.02, 212.38)	(163.69, 158.29)	2700.773	0.5166016	NaN	NaN	NaN	
2730310027000	2721614902998	None	Fixation	(226.28, 212.24)	(163.33, 158.31)	2700.773	0.5334473	NaN	NaN	NaN	
2730326693000	2721631568918	None	Fixation	(226.28, 212.23)	(163.62, 158.07)	2700.773	0.5500488	NaN	NaN	NaN	
2730343360000	2721648235437	None	Fixation	(226.02, 212.37)	(163.38, 158.42)	2700.773	0.5666504	NaN	NaN	NaN	
2730360026000	2721664901578	None	Fixation	(226.26, 212.28)	(163.32, 158.42)	2700.773	0.583252	NaN	NaN	NaN	
2730376693000	2721681568249	None	Fixation	(226.26, 212.12)	(163.09, 158.01)	2700.773	0.6000977	NaN	NaN	NaN	
2730393359000	2721698233912	None	Fixation	(226.48, 212.24)	(163.69, 157.71)	2700.773	0.6166992	NaN	NaN	NaN	
2730410026000	2721714900728	None	Fixation	(226.26, 212.45)	(163.32, 158.06)	2700.773	0.6333008	NaN	NaN	NaN	
2730426692000	2721731566727	None	Fixation	(226.62, 212.36)	(163.33, 157.87)	2700.773	0.6501465	NaN	NaN	NaN	
2730443359000	2721748233417	None	Fixation	(226.35, 212.62)	(163.47, 158.03)	2700.773	0.666748	NaN	NaN	NaN	
2730460025000	2721764899405	None	Fixation	(226.52, 212.23)	(162.28, 158.09)	2700.773	0.6833496	NaN	NaN	NaN	
2730476692000	2721781566025	None	Fixation	(226.74, 212.04)	(163.33, 158.07)	2700.773	0.6999512	NaN	NaN	NaN	
2730493358000	2721798231851	None	Fixation	(226.73, 212.12)	(163.34, 158.35)	2700.773	0.7167969	NaN	NaN	NaN	
2730526691000	2721831564846	None	Fixation	(226.65, 211.91)	(163.22, 158.29)	2700.773	0.75	NaN	NaN	NaN	
2730543357000	2721848230587	None	Fixation	(227.11, 212.01)	(162.93, 158.31)	2700.773	0.7666016	NaN	NaN	NaN	
2730560024000	2721864897237	None	Fixation	(226.77, 211.88)	(163.20, 158.64)	2700.773	0.7834473	NaN	NaN	NaN	
2730560024000	2721864897695	None	Fixation	(226.77, 211.88)	(163.20, 158.64)	2700.773	0.7834473	NaN	NaN	NaN	
2730576690000	2721881562884	None	Fixation	(226.77, 211.80)	(162.70, 158.51)	2700.773	0.8000488	NaN	NaN	NaN	
2730593357000	2721898229813	None	Fixation	(226.68, 212.05)	(162.50, 158.09)	2700.773	0.8166504	NaN	NaN	NaN	
2730626688000	2721931560555	None	Fixation	(226.81, 212.01)	(163.26, 158.53)	2700.773	0.8500977	NaN	NaN	NaN	
2730643356000	2721948228463	None	Blink	(226.08, 212.42)	(164.07, 159.53)	NaN	NaN	NaN	NaN	NaN	
2730643356000	2721948228510	None	Blink	(226.08, 212.42)	(164.07, 159.53)	NaN	NaN	NaN	NaN	NaN	
2730676690000	2721981562253	None	Blink	(240.49, 224.68)	(0.00, 0.00)	NaN	NaN	NaN	NaN	NaN	
2730693357000	2721998228894	None	Blink	(0.00, 0.00)	(0.00, 0.00)	NaN	NaN	NaN	NaN	NaN	
2730710023000	2722014894822	None	Blink	(0.00, 0.00)	(0.00, 0.00)	NaN	NaN	NaN	NaN	NaN	
2730726689000	2722031560800	None	Blink	(0.00, 0.00)	(0.00, 0.00)	NaN	NaN	NaN	NaN	NaN	
2730743354000	2722048225488	None	Blink	(0.00, 0.00)	(0.00, 0.00)	NaN	NaN	NaN	NaN	NaN	
2730760021000	2722064892346	None	Blink	(0.00, 0.00)	(0.00, 0.00)	NaN	NaN	NaN	NaN	NaN	
2730776687000	2722081558186	None	Blink	(227.76, 189.76)	(160.61, 177.20)	NaN	NaN	NaN	NaN	NaN	
2730793353000	2722098223767	None	Blink	(210.95, 186.98)	(185.46, 180.29)	NaN	NaN	NaN	NaN	NaN	
2730810022000	2722114892699	None	Blink	(209.29, 185.28)	(189.36, 180.53)	NaN	NaN	NaN	NaN	NaN	
2730826688000	2722131558809	None	Blink	(210.79, 185.36)	(193.25, 178.30)	NaN	NaN	NaN	NaN	NaN	
2730843355000	2722148225267	None	Blink	(210.00, 184.59)	(189.45, 178.19)	NaN	NaN	NaN	NaN	NaN	
2730860021000	2722164891486	None	Blink	(211.84, 184.40)	(192.12, 178.53)	NaN	NaN	NaN	NaN	NaN	
2730876688000	2722181558181	None	Blink	(211.55, 184.24)	(192.59, 177.79)	NaN	NaN	NaN	NaN	NaN	
2730893354000	2722198223858	None	Blink	(211.75, 184.00)	(191.69, 177.95)	NaN	NaN	NaN	NaN	NaN	
2730910021000	2722214890735	None	Blink	(212.40, 183.53)	(191.89, 177.80)	NaN	NaN	NaN	NaN	NaN	
2730910021000	2722214890634	None	Blink	(212.40, 183.53)	(191.89, 177.80)	NaN	NaN	NaN	NaN	NaN	
2730943354000	2722248223309	None	Saccade	(212.59, 183.43)	(191.13, 177.42)	2701.623	0.3166504	1.286216	13.80567	138.8429	
2730943354000	2722248223163	None	Saccade	(212.59, 183.43)	(191.13, 177.42)	2701.623	0.3166504	1.286216	13.80567	138.8429	
2730960020000	2722264889411	None	Unknown	(212.44, 183.34)	(191.42, 177.00)	NaN	NaN	NaN	NaN	NaN	
2730993353000	2722298221683	None	Unknown	(212.41, 182.85)	(191.22, 176.78)	NaN	NaN	NaN	NaN	NaN	
2731010019000	2722314887644	None	Fixation	(212.53, 182.94)	(191.10, 177.27)	2701.99	0.01660156	NaN	NaN	NaN	
2731010019000	2722314887313	None	Fixation	(212.53, 182.94)	(191.10, 177.27)	2701.99	0.01660156	NaN	NaN	NaN	
2731043352000	2722348220427	None	Fixation	(212.53, 182.91)	(191.48, 176.28)	2701.99	0.04980469	NaN	NaN	NaN	
2731060019000	2722364887047	None	Fixation	(212.82, 182.79)	(190.86, 176.90)	2701.99	0.06665039	NaN	NaN	NaN	
2731076685000	2722381553177	None	Saccade	(211.12, 177.89)	(193.40, 181.45)	2702.056	0.01660156	63.68177	2.138355	155.8706	
2731093352000	2722398219647	None	Unknown	(210.67, 178.39)	(196.20, 182.49)	NaN	NaN	NaN	NaN	NaN	
2731110019000	2722414886761	None	Pursuit	(210.97, 178.49)	(195.53, 181.62)	2702.09	0.01660156	3.947544	0.1315848	275.9434	
2731126686000	2722431553714	None	Pursuit	(210.93, 177.69)	(195.84, 182.17)	2702.09	0.03344727	9.880027	0.3063017	187.8446	
2731143352000	2722448219308	None	Unknown	(211.40, 177.65)	(196.43, 181.22)	NaN	NaN	NaN	NaN	NaN	
2731143352000	2722448219329	None	Unknown	(211.40, 177.65)	(196.43, 181.22)	NaN	NaN	NaN	NaN	NaN	
2731176685000	2722481552189	None	Fixation	(211.19, 177.38)	(195.67, 181.30)	2702.14	0.03320313	NaN	NaN	NaN	
2731176685000	2722481551586	None	Fixation	(211.19, 177.38)	(195.67, 181.30)	2702.14	0.03320313	NaN	NaN	NaN	
2731210018000	2722514884884	None	Fixation	(211.19, 177.11)	(195.80, 181.05)	2702.14	0.06665039	NaN	NaN	NaN	
2731226684000	2722531550617	None	Fixation	(211.26, 177.07)	(196.06, 180.87)	2702.14	0.08325195	NaN	NaN	NaN	
2731226684000	2722531550236	None	Fixation	(211.26, 177.07)	(196.06, 180.87)	2702.14	0.08325195	NaN	NaN	NaN	
2731260017000	2722564882988	None	Fixation	(211.17, 176.84)	(195.76, 180.63)	2702.14	0.1166992	NaN	NaN	NaN	
2731276684000	2722581549854	None	Fixation	(211.19, 177.06)	(195.11, 181.06)	2702.14	0.1333008	NaN	NaN	NaN	
2731293350000	2722598215647	None	Fixation	(211.12, 176.74)	(195.93, 180.90)	2702.14	0.1499023	NaN	NaN	NaN	
2731310017000	2722614882472	None	Fixation	(211.64, 176.77)	(195.51, 181.27)	2702.14	0.166748	NaN	NaN	NaN	
2731326683000	2722631548592	None	Fixation	(211.69, 176.71)	(195.53, 181.21)	2702.14	0.1833496	NaN	NaN	NaN	
2731343349000	2722648214483	None	Fixation	(211.75, 176.52)	(195.38, 180.65)	2702.14	0.1999512	NaN	NaN	NaN	
2731343349000	2722648214064	None	Fixation	(211.75, 176.52)	(195.38, 180.65)	2702.14	0.1999512	NaN	NaN	NaN	
2731376680000	2722681544745	None	Fixation	(211.89, 176.56)	(195.38, 181.30)	2702.14	0.2333984	NaN	NaN	NaN	
2731393348000	2722698212876	None	Fixation	(211.84, 176.47)	(195.45, 180.53)	2702.14	0.25	NaN	NaN	NaN	
2731410014000	2722714878459	None	Fixation	(211.84, 176.68)	(195.36, 180.74)	2702.14	0.2666016	NaN	NaN	NaN	
2731410014000	2722714878340	None	Fixation	(211.84, 176.68)	(195.36, 180.74)	2702.14	0.2666016	NaN	NaN	NaN	
2731443347000	2722748211180	None	Fixation	(211.78, 176.44)	(195.31, 180.72)	2702.14	0.3000488	NaN	NaN	NaN	
2731443347000	2722748210903	None	Fixation	(211.78, 176.44)	(195.31, 180.72)	2702.14	0.3000488	NaN	NaN	NaN	
2731476680000	2722781543855	None	Fixation	(211.76, 176.31)	(195.39, 180.70)	2702.14	0.333252	NaN	NaN	NaN	
2731493347000	2722798210937	None	Fixation	(211.79, 176.36)	(195.22, 180.48)	2702.14	0.3500977	NaN	NaN	NaN	
2731510013000	2722814876368	None	Fixation	(211.88, 176.14)	(195.21, 180.68)	2702.14	0.3666992	NaN	NaN	NaN	
2731526680000	2722831543501	None	Fixation	(210.89, 177.18)	(195.43, 180.01)	2702.14	0.3833008	NaN	NaN	NaN	
2731543346000	2722848209204	None	Saccade	(204.30, 183.69)	(197.24, 173.88)	2702.523	0.01660156	113.9361	3.79787	30.93862	
2731560013000	2722864876035	None	Saccade	(197.09, 189.47)	(202.41, 171.07)	2702.523	0.03344727	113.6271	7.575523	43.14763	
2731560013000	2722864876136	None	Saccade	(197.09, 189.47)	(202.41, 171.07)	2702.523	0.03344727	113.6271	7.575523	43.14763	
2731576679000	2722881542372	None	Unknown	(198.11, 188.60)	(202.34, 170.42)	NaN	NaN	NaN	NaN	NaN	
2731610013000	2722914875324	None	Pursuit	(197.12, 187.97)	(201.65, 169.56)	2702.573	0.03320313	12.68459	0.4819694	109.3957	
2731610013000	2722914875089	None	Pursuit	(197.12, 187.97)	(201.65, 169.56)	2702.573	0.03320313	12.68459	0.4819694	109.3957	
2731643346000	2722948208175	None	Fixation	(197.84, 187.39)	(201.86, 168.60)	2702.623	0.01660156	NaN	NaN	NaN	
2731660012000	2722964873828	None	Fixation	(197.18, 188.09)	(201.93, 169.50)	2702.623	0.03320313	NaN	NaN	NaN	
2731676679000	2722981540728	None	Blink	(195.99, 190.86)	(202.51, 173.02)	NaN	NaN	NaN	NaN	NaN	
2731693345000	2722998206462	None	Blink	(195.09, 196.96)	(180.63, 172.34)	NaN	NaN	NaN	NaN	NaN	
2731710012000	2723014873275	None	Blink	(0.00, 0.00)	(0.00, 0.00)	NaN	NaN	NaN	NaN	NaN	
2731726678000	2723031539015	None	Blink	(0.00, 0.00)	(0.00, 0.00)	NaN	NaN	NaN	NaN	NaN	
2731743345000	2723048206130	None	Blink	(0.00, 0.00)	(0.00, 0.00)	NaN	NaN	NaN	NaN	NaN	
2731760014000	2723064874956	None	Blink	(197.17, 195.04)	(0.00, 0.00)	NaN	NaN	NaN	NaN	NaN	
2731776678000	2723081538745	None	Blink	(190.73, 189.63)	(209.71, 172.75)	NaN	NaN	NaN	NaN	NaN	
2731776678000	2723081538314	None	Blink	(190.73, 189.63)	(209.71, 172.75)	NaN	NaN	NaN	NaN	NaN	
2731810010000	2723114870228	None	Blink	(191.87, 189.37)	(208.09, 171.74)	NaN	NaN	NaN	NaN	NaN	
2731826677000	2723131537359	None	Blink	(192.41, 188.80)	(207.78, 171.35)	NaN	NaN	NaN	NaN	NaN	
2731843343000	2723148203269	None	Blink	(192.53, 188.56)	(207.85, 170.90)	NaN	NaN	NaN	NaN	NaN	
2731843343000	2723148202943	None	Blink	(192.53, 188.56)	(207.85, 170.90)	NaN	NaN	NaN	NaN	NaN	
2731876674000	2723181533785	None	Blink	(192.88, 187.96)	(207.29, 170.54)	NaN	NaN	NaN	NaN	NaN	
2731893341000	2723198200367	None	WinkRight	(193.22, 187.80)	(206.95, 170.59)	NaN	NaN	NaN	NaN	NaN	
2731910009000	2723214868160	None	Saccade	(193.18, 187.59)	(207.54, 170.28)	2702.656	0.25	49.47803	2.321275	97.54662	
2731910009000	2723214867943	None	Saccade	(193.18, 187.59)	(207.54, 170.28)	2702.656	0.25	49.47803	2.321275	97.54662	
2731943340000	2723248198964	None	Pursuit	(193.22, 187.54)	(207.11, 170.38)	2702.656	0.2834473	0.894379	1.638751	84.94907	
2731943340000	2723248199093	None	Pursuit	(193.22, 187.54)	(207.11, 170.38)	2702.656	0.2834473	0.894379	1.638751	84.94907	
2731976675000	2723281533751	None	Unknown	(193.47, 187.38)	(206.94, 169.98)	NaN	NaN	NaN	NaN	NaN	
2731976675000	2723281533488	None	Unknown	(193.47, 187.38)	(206.94, 169.98)	NaN	NaN	NaN	NaN	NaN	
2732010007000	2723314865161	None	Fixation	(193.66, 187.37)	(206.24, 170.02)	2702.973	0.03344727	NaN	NaN	NaN	
2732010007000	2723314864910	None	Fixation	(193.66, 187.37)	(206.24, 170.02)	2702.973	0.03344727	NaN	NaN	NaN	
2732043342000	2723348199959	None	Fixation	(193.76, 187.58)	(206.62, 170.15)	2702.973	0.06665039	NaN	NaN	NaN	
2732060008000	2723364865687	None	Fixation	(193.86, 187.16)	(206.71, 169.87)	2702.973	0.08349609	NaN	NaN	NaN	
2732060008000	2723364865582	None	Fixation	(193.86, 187.16)	(206.71, 169.87)	2702.973	0.08349609	NaN	NaN	NaN	
2732076675000	2723381532704	None	Fixation	(194.03, 187.33)	(206.56, 169.95)	2702.973	0.1000977	NaN	NaN	NaN	
2732110008000	2723414865435	None	Fixation	(193.79, 187.24)	(206.34, 170.26)	2702.973	0.1333008	NaN	NaN	NaN	
2732110008000	2723414865097	None	Fixation	(193.79, 187.24)	(206.34, 170.26)	2702.973	0.1333008	NaN	NaN	NaN	
2732143339000	2723448195983	None	Fixation	(194.27, 187.47)	(205.76, 170.27)	2702.973	0.166748	NaN	NaN	NaN	
2732143339000	2723448195596	None	Fixation	(194.27, 187.47)	(205.76, 170.27)	2702.973	0.166748	NaN	NaN	NaN	
2732176672000	2723481528640	None	Fixation	(194.05, 187.56)	(206.16, 170.37)	2702.973	0.1999512	NaN	NaN	NaN	
2732176672000	2723481528173	None	Fixation	(194.05, 187.56)	(206.16, 170.37)	2702.973	0.1999512	NaN	NaN	NaN	
2732210006000	2723514862084	None	Fixation	(194.06, 187.68)	(206.36, 170.58)	2702.973	0.2333984	NaN	NaN	NaN	
2732226672000	2723531528328	None	Fixation	(193.91, 187.89)	(205.55, 170.70)	2702.973	0.25	NaN	NaN	NaN	
2732243339000	2723548194868	None	Fixation	(193.91, 187.48)	(205.97, 170.44)	2702.973	0.2668457	NaN	NaN	NaN	
2732243339000	2723548194523	None	Fixation	(193.91, 187.48)	(205.97, 170.44)	2702.973	0.2668457	NaN	NaN	NaN	
2732276672000	2723581527515	None	Fixation	(193.82, 187.49)	(206.25, 170.44)	2702.973	0.3000488	NaN	NaN	NaN	
2732293339000	2723598194106	None	Fixation	(193.70, 187.56)	(205.68, 170.50)	2702.973	0.3166504	NaN	NaN	NaN	
2732310005000	2723614860108	None	Fixation	(194.04, 187.56)	(206.12, 170.72)	2702.973	0.3334961	NaN	NaN	NaN	
2732310005000	2723614859925	None	Fixation	(194.04, 187.56)	(206.12, 170.72)	2702.973	0.3334961	NaN	NaN	NaN	
2732343338000	2723648192591	None	Fixation	(194.25, 187.20)	(205.54, 170.74)	2702.973	0.3666992	NaN	NaN	NaN	
2732360005000	2723664860085	None	Fixation	(194.87, 187.32)	(205.17, 170.87)	2702.973	0.3833008	NaN	NaN	NaN	
2732376672000	2723681526427	None	Fixation	(194.74, 187.09)	(205.61, 170.05)	2702.973	0.4001465	NaN	NaN	NaN	
2732393338000	2723698192172	None	Fixation	(194.46, 187.18)	(205.06, 170.63)	2702.973	0.416748	NaN	NaN	NaN	
2732410003000	2723714857032	None	Fixation	(194.49, 187.27)	(205.54, 170.14)	2702.973	0.4333496	NaN	NaN	NaN	
2732426671000	2723731524747	None	Fixation	(194.32, 187.25)	(205.37, 170.32)	2702.973	0.4499512	NaN	NaN	NaN	
2732443338000	2723748191675	None	Fixation	(194.25, 187.29)	(205.33, 170.44)	2702.973	0.4667969	NaN	NaN	NaN	
2732460004000	2723764857545	None	Fixation	(194.77, 187.55)	(205.30, 170.54)	2702.973	0.4833984	NaN	NaN	NaN	
2732476671000	2723781524505	None	Blink	(194.15, 189.18)	(204.76, 172.74)	NaN	NaN	NaN	NaN	NaN	
2732493337000	2723798190314	None	Blink	(192.14, 192.30)	(205.32, 175.87)	NaN	NaN	NaN	NaN	NaN	
2732510010000	2723814863298	None	Blink	(0.00, 0.00)	(0.00, 0.00)	NaN	NaN	NaN	NaN	NaN	
2732526670000	2723831522958	None	Blink	(0.00, 0.00)	(0.00, 0.00)	NaN	NaN	NaN	NaN	NaN	
2732543337000	2723848189841	None	Blink	(0.00, 0.00)	(0.00, 0.00)	NaN	NaN	NaN	NaN	NaN	
2732560003000	2723864856142	None	Blink	(0.00, 0.00)	(0.00, 0.00)	NaN	NaN	NaN	NaN	NaN	
2732576670000	2723881522136	None	Blink	(172.78, 182.78)	(173.67, 175.78)	NaN	NaN	NaN	NaN	NaN	
2732593336000	2723898188289	None	Blink	(197.40, 191.00)	(197.46, 175.85)	NaN	NaN	NaN	NaN	NaN	
2732610003000	2723914854920	None	Blink	(196.06, 190.63)	(202.75, 174.35)	NaN	NaN	NaN	NaN	NaN	
2732626669000	2723931520663	None	Blink	(196.74, 189.96)	(202.75, 173.70)	NaN	NaN	NaN	NaN	NaN	
2732643335000	2723948186815	None	Blink	(196.84, 189.87)	(203.50, 173.62)	NaN	NaN	NaN	NaN	NaN	
2732660002000	2723964853426	None	Blink	(196.94, 189.26)	(203.19, 172.81)	NaN	NaN	NaN	NaN	NaN	
2732676668000	2723981519571	None	Blink	(197.60, 188.78)	(203.29, 172.84)	NaN	NaN	NaN	NaN	NaN	
2732693335000	2723998186150	None	Blink	(197.40, 188.70)	(202.86, 172.89)	NaN	NaN	NaN	NaN	NaN	
2732710001000	2724014851891	None	WinkRight	(197.48, 188.29)	(202.79, 172.36)	NaN	NaN	NaN	NaN	NaN	
2732726668000	2724031518640	None	Saccade	(197.62, 188.20)	(202.12, 172.57)	2703.456	0.2666016	35.96377	1.545717	260.1668	
2732743334000	2724048184653	None	Pursuit	(197.84, 187.87)	(202.07, 172.69)	2703.456	0.2832031	4.85358	1.266398	262.9999	
2732760001000	2724064851761	None	Pursuit	(197.90, 187.80)	(202.59, 171.83)	2703.456	0.3000488	1.109721	1.290071	261.7258	
2732776667000	2724081517440	None	Pursuit	(198.06, 187.50)	(202.01, 172.27)	2703.456	0.3166504	8.937148	1.52618	255.2362	
2732793334000	2724098183903	None	Fixation	(198.20, 187.32)	(201.98, 172.20)	2703.773	0.01660156	NaN	NaN	NaN	
2732810000000	2724114849858	None	Fixation	(198.01, 187.24)	(201.53, 171.98)	2703.773	0.03344727	NaN	NaN	NaN	
2732826667000	2724131517191	None	Fixation	(198.15, 187.44)	(202.08, 172.05)	2703.773	0.05004883	NaN	NaN	NaN	
2732843332000	2724148181803	None	Saccade	(199.63, 192.31)	(196.75, 168.00)	2703.823	0.01660156	62.56235	2.743921	325.2344	
2732860000000	2724164849424	None	Saccade	(200.54, 201.07)	(191.39, 163.73)	2703.823	0.03320313	108.2792	5.671071	328.98	
2732876667000	2724181516310	None	Unknown	(199.99, 202.73)	(190.76, 162.14)	NaN	NaN	NaN	NaN	NaN	
2732893333000	2724198182016	None	Pursuit	(201.40, 202.65)	(190.75, 162.05)	2703.873	0.01660156	17.41288	0.5804293	254.111	
2732909998000	2724214846796	None	Pursuit	(201.20, 202.85)	(189.95, 161.45)	2703.873	0.03320313	3.464272	0.4980454	262.742	
2732926664000	2724231512577	None	Unknown	(200.43, 201.92)	(190.23, 161.92)	NaN	NaN	NaN	NaN	NaN	
2732943333000	2724248181590	None	Fixation	(200.82, 201.46)	(191.01, 160.70)	2703.923	0.0168457	NaN	NaN	NaN	
2732959999000	2724264847457	None	Fixation	(200.85, 201.33)	(191.06, 160.33)	2703.923	0.03344727	NaN	NaN	NaN	
2732976666000	2724281514437	None	Fixation	(200.76, 201.59)	(190.82, 160.46)	2703.923	0.05004883	NaN	NaN	NaN	
2732993332000	2724298179983	None	Saccade	(199.36, 206.18)	(189.58, 157.46)	2703.973	0.01660156	58.95546	1.965182	177.2331	
2733009999000	2724314846785	None	Saccade	(195.85, 214.81)	(187.94, 153.61)	2703.973	0.03344727	114.7044	5.783202	7.380136	
2733026665000	2724331512513	None	Pursuit	(197.04, 213.49)	(188.11, 152.69)	2703.973	0.05004883	11.54622	3.377494	353.7336	
2733043332000	2724348179939	None	Pursuit	(197.42, 214.03)	(190.18, 152.18)	2704.023	0.01660156	8.078177	0.2692726	311.9894	
2733059998000	2724364845468	None	Pursuit	(196.42, 214.53)	(188.31, 152.17)	2704.023	0.03344727	13.69021	0.4959199	17.62054	
2733076664000	2724381511459	None	Unknown	(196.30, 213.72)	(189.61, 151.73)	NaN	NaN	NaN	NaN	NaN	
2733093331000	2724398177908	None	Fixation	(196.70, 213.22)	(187.72, 151.28)	2704.073	0.01660156	NaN	NaN	NaN	
2733109996000	2724414842879	None	Fixation	(196.66, 213.40)	(188.10, 150.98)	2704.073	0.03320313	NaN	NaN	NaN	
2733126662000	2724431508505	None	Fixation	(196.84, 213.32)	(189.51, 150.84)	2704.073	0.05004883	NaN	NaN	NaN	
2733143330000	2724448176579	None	Fixation	(196.32, 213.45)	(187.88, 151.83)	2704.073	0.06665039	NaN	NaN	NaN	
2733159997000	2724464843673	None	Fixation	(196.66, 213.24)	(188.44, 151.29)	2704.073	0.08325195	NaN	NaN	NaN	
2733176663000	2724481509495	None	Fixation	(196.70, 213.02)	(188.79, 151.10)	2704.073	0.09985352	NaN	NaN	NaN	
2733193330000	2724498175907	None	Fixation	(196.39, 212.89)	(187.92, 151.00)	2704.073	0.1166992	NaN	NaN	NaN	
2733209997000	2724514842948	None	Fixation	(196.47, 213.15)	(188.41, 151.17)	2704.073	0.1333008	NaN	NaN	NaN	
2733226664000	2724531509448	None	Fixation	(196.59, 212.89)	(188.15, 151.13)	2704.073	0.1499023	NaN	NaN	NaN	
2733243330000	2724548175742	None	Fixation	(196.53, 212.99)	(189.13, 150.66)	2704.073	0.1665039	NaN	NaN	NaN	
2733260003000	2724564848308	None	Fixation	(196.63, 212.98)	(187.54, 150.94)	2704.073	0.1833496	NaN	NaN	NaN	
2733276663000	2724581508354	None	Fixation	(196.89, 214.18)	(188.32, 150.25)	2704.073	0.1999512	NaN	NaN	NaN	
2733293329000	2724598173831	None	Fixation	(197.03, 213.67)	(187.39, 151.95)	2704.073	0.2165527	NaN	NaN	NaN	
2733309994000	2724614838658	None	Fixation	(196.90, 213.67)	(187.70, 150.86)	2704.073	0.2333984	NaN	NaN	NaN	
2733326660000	2724631504416	None	Fixation	(197.22, 213.78)	(187.11, 150.66)	2704.073	0.25	NaN	NaN	NaN	
2733343329000	2724648173376	None	Fixation	(197.13, 214.01)	(187.71, 150.80)	2704.073	0.2666016	NaN	NaN	NaN	
2733359995000	2724664839390	None	Fixation	(197.01, 213.97)	(186.96, 150.95)	2704.073	0.2832031	NaN	NaN	NaN	
2733376662000	2724681506214	None	Fixation	(196.91, 213.95)	(186.57, 150.65)	2704.073	0.3000488	NaN	NaN	NaN	
2733393328000	2724698172001	None	Fixation	(196.98, 214.03)	(187.06, 150.93)	2704.073	0.3166504	NaN	NaN	NaN	
2733409994000	2724714837662	None	Fixation	(196.81, 213.83)	(186.81, 150.71)	2704.073	0.333252	NaN	NaN	NaN	
2733426661000	2724731504402	None	Fixation	(196.70, 213.81)	(187.11, 150.97)	2704.073	0.3498535	NaN	NaN	NaN	
2733443327000	2724748170331	None	Fixation	(196.89, 213.73)	(186.28, 150.62)	2704.073	0.3666992	NaN	NaN	NaN	
2733459994000	2724764837061	None	Fixation	(196.87, 213.78)	(187.05, 151.00)	2704.073	0.3833008	NaN	NaN	NaN	
2733476660000	2724781502945	None	Fixation	(196.90, 213.79)	(186.99, 150.87)	2704.073	0.3999023	NaN	NaN	NaN	
2733476660000	2724781502944	None	Fixation	(196.90, 213.79)	(186.99, 150.87)	2704.073	0.3999023	NaN	NaN	NaN	
2733509993000	2724814835594	None	Fixation	(197.03, 213.88)	(186.83, 151.11)	2704.073	0.4333496	NaN	NaN	NaN	
2733526660000	2724831502412	None	Fixation	(197.09, 212.88)	(187.41, 151.52)	2704.073	0.4499512	NaN	NaN	NaN	
2733543326000	2724848168604	None	Saccade	(196.45, 197.65)	(196.80, 161.02)	2704.523	0.01660156	187.496	6.249868	156.4578	
2733559993000	2724864835207	None	Saccade	(197.19, 188.73)	(203.63, 172.83)	2704.523	0.03344727	110.0668	10.98026	161.4763	
2733576659000	2724881501299	None	Unknown	(196.53, 189.94)	(202.22, 172.49)	NaN	NaN	NaN	NaN	NaN	
2733593326000	2724898167744	None	Pursuit	(197.36, 187.70)	(202.68, 173.33)	2704.573	0.01660156	29.36577	0.9788591	187.33	
2733609990000	2724914831496	None	Pursuit	(197.13, 187.29)	(203.93, 172.03)	2704.573	0.03320313	5.81845	1.114388	179.7135	
2733626657000	2724931498356	None	Unknown	(196.34, 187.53)	(203.08, 171.15)	NaN	NaN	NaN	NaN	NaN	
2733643326000	2724948167562	None	Fixation	(195.99, 186.96)	(203.04, 171.28)	2704.623	0.01660156	NaN	NaN	NaN	
2733659992000	2724964833022	None	Fixation	(196.93, 186.87)	(203.18, 171.63)	2704.623	0.03320313	NaN	NaN	NaN	
2733676659000	2724981499879	None	Fixation	(196.84, 187.01)	(203.75, 171.25)	2704.623	0.04980469	NaN	NaN	NaN	
2733693325000	2724998165731	None	Fixation	(196.65, 187.03)	(203.68, 171.32)	2704.623	0.06665039	NaN	NaN	NaN	
2733709991000	2725014831516	None	Fixation	(196.40, 187.08)	(203.47, 171.28)	2704.623	0.08325195	NaN	NaN	NaN	
2733726658000	2725031498291	None	WinkLeft	(196.63, 187.68)	(203.42, 171.66)	NaN	NaN	NaN	NaN	NaN	
2733743325000	2725048165359	None	Blink	(196.20, 190.10)	(203.73, 174.51)	NaN	NaN	NaN	NaN	NaN	
2733759991000	2725064831015	None	Blink	(201.03, 198.70)	(195.83, 179.61)	NaN	NaN	NaN	NaN	NaN	
2733776656000	2725081495903	None	Blink	(0.00, 0.00)	(0.00, 0.00)	NaN	NaN	NaN	NaN	NaN	
2733776656000	2725081495849	None	Blink	(0.00, 0.00)	(0.00, 0.00)	NaN	NaN	NaN	NaN	NaN	
2733793324000	2725098163834	None	Blink	(0.00, 0.00)	(0.00, 0.00)	NaN	NaN	NaN	NaN	NaN	
2733826657000	2725131496349	None	Blink	(0.00, 0.00)	(0.00, 0.00)	NaN	NaN	NaN	NaN	NaN	
2733843324000	2725148163405	None	Blink	(202.35, 189.06)	(189.87, 171.45)	NaN	NaN	NaN	NaN	NaN	
2733859990000	2725164829456	None	Blink	(192.39, 190.72)	(206.45, 173.22)	NaN	NaN	NaN	NaN	NaN	
2733876656000	2725181494978	None	Blink	(193.52, 189.36)	(205.55, 172.48)	NaN	NaN	NaN	NaN	NaN	
2733893323000	2725198161845	None	Blink	(193.97, 188.97)	(205.89, 172.79)	NaN	NaN	NaN	NaN	NaN	
2733909989000	2725214827516	None	Blink	(194.08, 188.52)	(205.40, 172.38)	NaN	NaN	NaN	NaN	NaN	
2733926656000	2725231494512	None	Blink	(194.29, 188.38)	(205.26, 171.73)	NaN	NaN	NaN	NaN	NaN	
2733943322000	2725248160109	None	Blink	(194.59, 188.15)	(204.78, 171.57)	NaN	NaN	NaN	NaN	NaN	
2733959989000	2725264827207	None	Blink	(194.82, 187.81)	(204.45, 171.12)	NaN	NaN	NaN	NaN	NaN	
2733976655000	2725281492928	None	Fixation	(195.03, 187.43)	(204.17, 171.13)	2704.623	0.3498535	NaN	NaN	NaN	
2733993321000	2725298158609	None	Fixation	(195.29, 187.35)	(204.03, 171.26)	2704.623	0.3664551	NaN	NaN	NaN	
2733993321000	2725298158755	None	Fixation	(195.29, 187.35)	(204.03, 171.26)	2704.623	0.3664551	NaN	NaN	NaN	
2734026654000	2725331491307	None	Fixation	(195.27, 186.76)	(203.90, 170.99)	2704.623	0.3999023	NaN	NaN	NaN	
2734043322000	2725348159127	None	Fixation	(195.62, 186.63)	(203.63, 170.96)	2704.623	0.4165039	NaN	NaN	NaN	
2734059988000	2725364825141	None	Fixation	(195.84, 186.60)	(203.74, 171.05)	2704.623	0.4333496	NaN	NaN	NaN	
2734076655000	2725381491827	None	Fixation	(195.90, 186.57)	(203.47, 171.01)	2704.623	0.4499512	NaN	NaN	NaN	
2734093321000	2725398157877	None	Fixation	(195.81, 186.57)	(203.50, 170.94)	2704.623	0.4665527	NaN	NaN	NaN	
2734109987000	2725414823484	None	Fixation	(195.74, 186.63)	(203.43, 171.16)	2704.623	0.4831543	NaN	NaN	NaN	
2734126653000	2725431489181	None	Fixation	(195.83, 186.60)	(203.45, 171.28)	2704.623	0.5	NaN	NaN	NaN	
2734143321000	2725448157111	None	Fixation	(195.94, 186.50)	(202.96, 171.13)	2704.623	0.5166016	NaN	NaN	NaN	
2734159987000	2725464823150	None	Fixation	(195.96, 186.36)	(203.28, 171.29)	2704.623	0.5332031	NaN	NaN	NaN	
2734159987000	2725464823242	None	Fixation	(195.96, 186.36)	(203.28, 171.29)	2704.623	0.5332031	NaN	NaN	NaN	
2734193320000	2725498155734	None	Fixation	(195.86, 186.28)	(203.27, 171.08)	2704.623	0.5666504	NaN	NaN	NaN	
2734209987000	2725514822367	None	Fixation	(196.02, 186.20)	(203.68, 171.08)	2704.623	0.583252	NaN	NaN	NaN	
2734226654000	2725531489244	None	Fixation	(195.77, 186.48)	(203.37, 171.67)	2704.623	0.5998535	NaN	NaN	NaN	
2734243319000	2725548154042	None	Fixation	(196.05, 186.32)	(203.62, 171.09)	2704.623	0.6164551	NaN	NaN	NaN	
2734243319000	2725548153966	None	Fixation	(196.05, 186.32)	(203.62, 171.09)	2704.623	0.6164551	NaN	NaN	NaN	
2734276653000	2725581487993	None	Fixation	(196.13, 186.60)	(203.82, 170.99)	2704.623	0.6499023	NaN	NaN	NaN	
2734293320000	2725598154864	None	Fixation	(197.69, 185.68)	(202.78, 172.57)	2704.623	0.6665039	NaN	NaN	NaN	
2734309986000	2725614820324	None	Saccade	(207.22, 179.28)	(198.91, 181.15)	2705.29	0.01660156	141.2215	4.707385	220.1769	
2734309986000	2725614820281	None	Saccade	(207.22, 179.28)	(198.91, 181.15)	2705.29	0.01660156	141.2215	4.707385	220.1769	
2734343319000	2725648153307	None	Pursuit	(207.17, 179.88)	(197.76, 183.21)	2705.323	0.01660156	10.84132	0.3613774	89.6123	
2734343319000	2725648152964	None	Pursuit	(207.17, 179.88)	(197.76, 183.21)	2705.323	0.01660156	10.84132	0.3613774	89.6123	
2734359986000	2725664819840	None	Pursuit	(209.31, 178.81)	(197.29, 183.91)	2705.323	0.03320313	29.37199	0.7361469	212.1369	
2734376652000	2725681485714	None	Unknown	(208.99, 178.27)	(197.83, 183.11)	NaN	NaN	NaN	NaN	NaN	
2734393319000	2725698152791	None	Fixation	(208.62, 177.99)	(198.24, 182.32)	2705.373	0.01660156	NaN	NaN	NaN	
2734426652000	2725731485108	None	Fixation	(208.92, 177.65)	(197.54, 182.68)	2705.373	0.04980469	NaN	NaN	NaN	
2734443319000	2725748151958	None	Fixation	(208.63, 177.55)	(197.03, 182.79)	2705.373	0.06665039	NaN	NaN	NaN	
2734459985000	2725764817734	None	Fixation	(208.68, 177.59)	(197.49, 182.02)	2705.373	0.08325195	NaN	NaN	NaN	
2734476652000	2725781484784	None	Fixation	(208.27, 177.24)	(198.01, 182.15)	2705.373	0.09985352	NaN	NaN	NaN	
2734476652000	2725781484666	None	Fixation	(208.27, 177.24)	(198.01, 182.15)	2705.373	0.09985352	NaN	NaN	NaN	
2734493318000	2725798150838	None	Fixation	(208.36, 176.82)	(197.45, 182.45)	2705.373	0.1164551	NaN	NaN	NaN	
2734526649000	2725831481069	None	Fixation	(208.58, 177.02)	(197.90, 182.38)	2705.373	0.1499023	NaN	NaN	NaN	
2734543318000	2725848149918	None	Fixation	(210.23, 176.61)	(196.89, 182.93)	2705.373	0.1665039	NaN	NaN	NaN	
2734543318000	2725848149861	None	Fixation	(210.23, 176.61)	(196.89, 182.93)	2705.373	0.1665039	NaN	NaN	NaN	
2734559984000	2725864815853	None	Fixation	(210.01, 176.74)	(196.87, 182.37)	2705.373	0.1831055	NaN	NaN	NaN	
2734576651000	2725881482530	None	Fixation	(209.65, 176.73)	(196.67, 182.32)	2705.373	0.1999512	NaN	NaN	NaN	
2734593317000	2725898148499	None	Fixation	(210.05, 176.52)	(196.54, 182.88)	2705.373	0.2165527	NaN	NaN	NaN	
2734609984000	2725914815276	None	Fixation	(210.28, 176.45)	(197.00, 182.42)	2705.373	0.2331543	NaN	NaN	NaN	
2734626650000	2725931481070	None	Fixation	(209.88, 176.55)	(197.22, 182.68)	2705.373	0.25	NaN	NaN	NaN	
2734643316000	2725948146961	None	Blink	(209.61, 177.49)	(197.68, 183.41)	NaN	NaN	NaN	NaN	NaN	
2734659983000	2725964813898	None	Blink	(208.20, 179.65)	(198.28, 185.70)	NaN	NaN	NaN	NaN	NaN	
2734676649000	2725981479796	None	Blink	(209.10, 183.59)	(183.63, 177.81)	NaN	NaN	NaN	NaN	NaN	
2734693316000	2725998146431	None	Blink	(0.00, 0.00)	(0.00, 0.00)	NaN	NaN	NaN	NaN	NaN	
2734709982000	2726014812250	None	Blink	(0.00, 0.00)	(0.00, 0.00)	NaN	NaN	NaN	NaN	NaN	
2734726649000	2726031478995	None	Blink	(210.92, 187.58)	(0.00, 0.00)	NaN	NaN	NaN	NaN	NaN	
2734743314000	2726048143842	None	Blink	(189.50, 190.88)	(199.27, 174.69)	NaN	NaN	NaN	NaN	NaN	
2734759982000	2726064811654	None	Blink	(189.21, 191.44)	(208.63, 172.83)	NaN	NaN	NaN	NaN	NaN	
2734776649000	2726081479061	None	Blink	(191.08, 191.62)	(208.56, 172.13)	NaN	NaN	NaN	NaN	NaN	
2734793316000	2726098145424	None	Blink	(191.30, 190.60)	(208.15, 171.41)	NaN	NaN	NaN	NaN	NaN	
2734809982000	2726114811477	None	Blink	(191.42, 190.13)	(207.60, 171.24)	NaN	NaN	NaN	NaN	NaN	
2734826647000	2726131476002	None	Blink	(191.72, 189.65)	(207.58, 170.31)	NaN	NaN	NaN	NaN	NaN	
2734843315000	2726148143845	None	Blink	(191.71, 189.45)	(207.43, 170.32)	NaN	NaN	NaN	NaN	NaN	
2734859981000	2726164809863	None	Blink	(192.06, 189.11)	(206.79, 169.99)	NaN	NaN	NaN	NaN	NaN	
2734876648000	2726181476559	None	Saccade	(192.10, 188.71)	(206.87, 169.77)	2705.623	0.25	264.8822	8.829406	46.21265	
2734893314000	2726198142600	None	Unknown	(191.79, 188.55)	(207.18, 169.45)	NaN	NaN	NaN	NaN	NaN	
2734909979000	2726214807536	None	Pursuit	(191.86, 188.32)	(207.19, 169.45)	2705.89	0.01660156	2.929277	0.09764257	184.7094	
2734926645000	2726231472965	None	Pursuit	(192.23, 188.19)	(207.35, 168.96)	2705.89	0.03320313	4.750199	0.2309959	217.7347	
2734943314000	2726248141832	None	Unknown	(192.34, 188.05)	(207.14, 169.19)	NaN	NaN	NaN	NaN	NaN	
2734959980000	2726264808005	None	Fixation	(192.00, 187.96)	(206.94, 169.32)	2705.94	0.01660156	NaN	NaN	NaN	
2734976646000	2726281473441	None	Fixation	(192.20, 187.96)	(207.19, 168.98)	2705.94	0.03320313	NaN	NaN	NaN	
2734993313000	2726298140373	None	Fixation	(192.00, 187.80)	(207.05, 168.84)	2705.94	0.04980469	NaN	NaN	NaN	
2735009979000	2726314806241	None	Fixation	(192.01, 187.98)	(207.08, 169.11)	2705.94	0.06665039	NaN	NaN	NaN	
2735026646000	2726331472960	None	Fixation	(192.12, 188.05)	(207.09, 168.96)	2705.94	0.08325195	NaN	NaN	NaN	
2735043312000	2726348138835	None	Fixation	(192.21, 187.93)	(206.67, 169.13)	2705.94	0.09985352	NaN	NaN	NaN	
2735059979000	2726364805848	None	Fixation	(192.25, 187.77)	(206.82, 169.04)	2705.94	0.1164551	NaN	NaN	NaN	
2735076643000	2726381469721	None	Fixation	(192.11, 187.60)	(206.90, 168.74)	2705.94	0.1333008	NaN	NaN	NaN	
2735093312000	2726398138343	None	Fixation	(192.18, 187.92)	(207.06, 169.18)	2705.94	0.1499023	NaN	NaN	NaN	
2735109976000	2726414802236	None	Fixation	(192.06, 187.94)	(206.77, 169.17)	2705.94	0.1665039	NaN	NaN	NaN	
2735126645000	2726431471530	None	Fixation	(192.15, 187.80)	(206.92, 169.32)	2705.94	0.1833496	NaN	NaN	NaN	
2735143311000	2726448136775	None	Fixation	(192.17, 187.79)	(206.62, 169.13)	2705.94	0.1999512	NaN	NaN	NaN	
2735159978000	2726464803757	None	Fixation	(192.21, 187.84)	(206.77, 169.17)	2705.94	0.2165527	NaN	NaN	NaN	
2735176645000	2726481470613	None	Fixation	(192.19, 187.90)	(206.73, 169.30)	2705.94	0.2331543	NaN	NaN	NaN	
2735193311000	2726498136680	None	Fixation	(192.37, 187.79)	(206.77, 168.97)	2705.94	0.25	NaN	NaN	NaN	
2735209977000	2726514802061	None	Fixation	(192.49, 187.84)	(206.65, 169.23)	2705.94	0.2666016	NaN	NaN	NaN	
2735226644000	2726531469105	None	Fixation	(192.34, 187.85)	(206.71, 169.20)	2705.94	0.2832031	NaN	NaN	NaN	
