TimeStamp	SystemTimeStamp	Error	Behavior	EyeLeft	EyeRight	OnsetS	DurationS	VelocityDegps	AmplitudeDeg	DirectionRadial	
1727203388000	1718521634425	None	EyesClosed	(0.00, 0.00)	(0.00, 0.00)	NaN	NaN	NaN	NaN	NaN	
1727220055000	1718538301265	None	EyesClosed	(0.00, 0.00)	(0.00, 0.00)	NaN	NaN	NaN	NaN	NaN	
1727236721000	1718554967012	None	EyesClosed	(0.00, 0.00)	(0.00, 0.00)	NaN	NaN	NaN	NaN	NaN	
1727253388000	1718571633870	None	EyesClosed	(0.00, 0.00)	(0.00, 0.00)	NaN	NaN	NaN	NaN	NaN	
1727270054000	1718588299643	None	EyesClosed	(0.00, 0.00)	(0.00, 0.00)	NaN	NaN	NaN	NaN	NaN	
1727286721000	1718604966526	None	EyesClosed	(0.00, 0.00)	(0.00, 0.00)	NaN	NaN	NaN	NaN	NaN	
1727303387000	1718621632292	None	EyesClosed	(0.00, 0.00)	(0.00, 0.00)	NaN	NaN	NaN	NaN	NaN	
1727320054000	1718638299167	None	EyesClosed	(0.00, 0.00)	(0.00, 0.00)	NaN	NaN	NaN	NaN	NaN	
1727336720000	1718654964900	None	EyesClosed	(0.00, 0.00)	(0.00, 0.00)	NaN	NaN	NaN	NaN	NaN	
1727353387000	1718671631830	None	EyesClosed	(0.00, 0.00)	(0.00, 0.00)	NaN	NaN	NaN	NaN	NaN	
1727370053000	1718688297673	None	EyesClosed	(0.00, 0.00)	(0.00, 0.00)	NaN	NaN	NaN	NaN	NaN	
1727386720000	1718704964353	None	EyesClosed	(0.00, 0.00)	(0.00, 0.00)	NaN	NaN	NaN	NaN	NaN	
1727403386000	1718721630139	None	EyesClosed	(0.00, 0.00)	(0.00, 0.00)	NaN	NaN	NaN	NaN	NaN	
1727420051000	1718738295306	None	EyesClosed	(0.00, 0.00)	(0.00, 0.00)	NaN	NaN	NaN	NaN	NaN	
1727436719000	1718754962786	None	EyesClosed	(0.00, 0.00)	(0.00, 0.00)	NaN	NaN	NaN	NaN	NaN	
1727453386000	1718771629610	None	EyesClosed	(0.00, 0.00)	(0.00, 0.00)	NaN	NaN	NaN	NaN	NaN	
1727470052000	1718788295926	None	EyesClosed	(0.00, 0.00)	(0.00, 0.00)	NaN	NaN	NaN	NaN	NaN	
1727486718000	1718804961276	None	EyesClosed	(0.00, 0.00)	(0.00, 0.00)	NaN	NaN	NaN	NaN	NaN	
1727503385000	1718821628046	None	EyesClosed	(0.00, 0.00)	(0.00, 0.00)	NaN	NaN	NaN	NaN	NaN	
1727520051000	1718838293874	None	EyesClosed	(0.00, 0.00)	(0.00, 0.00)	NaN	NaN	NaN	NaN	NaN	
1727536718000	1718854960663	None	EyesClosed	(0.00, 0.00)	(0.00, 0.00)	NaN	NaN	NaN	NaN	NaN	
1727553385000	1718871627776	None	EyesClosed	(0.00, 0.00)	(0.00, 0.00)	NaN	NaN	NaN	NaN	NaN	
1727570051000	1718888293304	None	EyesClosed	(0.00, 0.00)	(0.00, 0.00)	NaN	NaN	NaN	NaN	NaN	
1727586717000	1718904959586	None	EyesClosed	(0.00, 0.00)	(0.00, 0.00)	NaN	NaN	NaN	NaN	NaN	
1727603384000	1718921626320	None	EyesClosed	(0.00, 0.00)	(0.00, 0.00)	NaN	NaN	NaN	NaN	NaN	
1727620051000	1718938292752	None	EyesClosed	(0.00, 0.00)	(0.00, 0.00)	NaN	NaN	NaN	NaN	NaN	
1727636717000	1718954958535	None	EyesClosed	(0.00, 0.00)	(0.00, 0.00)	NaN	NaN	NaN	NaN	NaN	
1727653383000	1718971624629	None	EyesClosed	(0.00, 0.00)	(0.00, 0.00)	NaN	NaN	NaN	NaN	NaN	
1727670050000	1718988291551	None	EyesClosed	(0.00, 0.00)	(0.00, 0.00)	NaN	NaN	NaN	NaN	NaN	
1727686716000	1719004956974	None	EyesClosed	(0.00, 0.00)	(0.00, 0.00)	NaN	NaN	NaN	NaN	NaN	
1727703383000	1719021623790	None	EyesClosed	(0.00, 0.00)	(0.00, 0.00)	NaN	NaN	NaN	NaN	NaN	
1727720049000	1719038289605	None	EyesClosed	(0.00, 0.00)	(0.00, 0.00)	NaN	NaN	NaN	NaN	NaN	
1727736716000	1719054956417	None	EyesClosed	(0.00, 0.00)	(0.00, 0.00)	NaN	NaN	NaN	NaN	NaN	
1727753382000	1719071622214	None	EyesClosed	(0.00, 0.00)	(0.00, 0.00)	NaN	NaN	NaN	NaN	NaN	
1727770049000	1719088289075	None	EyesClosed	(0.00, 0.00)	(0.00, 0.00)	NaN	NaN	NaN	NaN	NaN	
1727786715000	1719104954857	None	EyesClosed	(0.00, 0.00)	(0.00, 0.00)	NaN	NaN	NaN	NaN	NaN	
1727803382000	1719121621658	None	EyesClosed	(0.00, 0.00)	(0.00, 0.00)	NaN	NaN	NaN	NaN	NaN	
1727820048000	1719138287496	None	EyesClosed	(0.00, 0.00)	(0.00, 0.00)	NaN	NaN	NaN	NaN	NaN	
1727836715000	1719154954297	None	EyesClosed	(0.00, 0.00)	(0.00, 0.00)	NaN	NaN	NaN	NaN	NaN	
1727853381000	1719171620103	None	EyesClosed	(0.00, 0.00)	(0.00, 0.00)	NaN	NaN	NaN	NaN	NaN	
1727870048000	1719188287247	None	EyesClosed	(0.00, 0.00)	(0.00, 0.00)	NaN	NaN	NaN	NaN	NaN	
1727886714000	1719204952735	None	EyesClosed	(0.00, 0.00)	(0.00, 0.00)	NaN	NaN	NaN	NaN	NaN	
1727903381000	1719221619552	None	EyesClosed	(0.00, 0.00)	(0.00, 0.00)	NaN	NaN	NaN	NaN	NaN	
1727920047000	1719238285347	None	EyesClosed	(0.00, 0.00)	(0.00, 0.00)	NaN	NaN	NaN	NaN	NaN	
1727936714000	1719254952193	None	EyesClosed	(0.00, 0.00)	(0.00, 0.00)	NaN	NaN	NaN	NaN	NaN	
1727953379000	1719271616966	None	EyesClosed	(0.00, 0.00)	(0.00, 0.00)	NaN	NaN	NaN	NaN	NaN	
1727970047000	1719288285364	None	EyesClosed	(0.00, 0.00)	(0.00, 0.00)	NaN	NaN	NaN	NaN	NaN	
1727986714000	1719304951614	None	EyesClosed	(0.00, 0.00)	(0.00, 0.00)	NaN	NaN	NaN	NaN	NaN	
1728003380000	1719321617828	None	EyesClosed	(0.00, 0.00)	(0.00, 0.00)	NaN	NaN	NaN	NaN	NaN	
1728020047000	1719338284227	None	EyesClosed	(0.00, 0.00)	(0.00, 0.00)	NaN	NaN	NaN	NaN	NaN	
1728036713000	1719354950038	None	EyesClosed	(0.00, 0.00)	(0.00, 0.00)	NaN	NaN	NaN	NaN	NaN	
1728053380000	1719371616840	None	EyesClosed	(0.00, 0.00)	(0.00, 0.00)	NaN	NaN	NaN	NaN	NaN	
1728070046000	1719388282980	None	EyesClosed	(0.00, 0.00)	(0.00, 0.00)	NaN	NaN	NaN	NaN	NaN	
1728086713000	1719404949483	None	EyesClosed	(0.00, 0.00)	(0.00, 0.00)	NaN	NaN	NaN	NaN	NaN	
1728103379000	1719421615325	None	EyesClosed	(0.00, 0.00)	(0.00, 0.00)	NaN	NaN	NaN	NaN	NaN	
1728120046000	1719438282125	None	EyesClosed	(0.00, 0.00)	(0.00, 0.00)	NaN	NaN	NaN	NaN	NaN	
1728136712000	1719454947991	None	EyesClosed	(0.00, 0.00)	(0.00, 0.00)	NaN	NaN	NaN	NaN	NaN	
1728153379000	1719471614783	None	EyesClosed	(0.00, 0.00)	(0.00, 0.00)	NaN	NaN	NaN	NaN	NaN	
1728170045000	1719488281034	None	EyesClosed	(0.00, 0.00)	(0.00, 0.00)	NaN	NaN	NaN	NaN	NaN	
1728186712000	1719504947445	None	EyesClosed	(0.00, 0.00)	(0.00, 0.00)	NaN	NaN	NaN	NaN	NaN	
1728203378000	1719521613181	None	EyesClosed	(0.00, 0.00)	(0.00, 0.00)	NaN	NaN	NaN	NaN	NaN	
1728220045000	1719538279974	None	EyesClosed	(0.00, 0.00)	(0.00, 0.00)	NaN	NaN	NaN	NaN	NaN	
1728236711000	1719554945791	None	EyesClosed	(0.00, 0.00)	(0.00, 0.00)	NaN	NaN	NaN	NaN	NaN	
1728253377000	1719571611605	None	EyesClosed	(0.00, 0.00)	(0.00, 0.00)	NaN	NaN	NaN	NaN	NaN	
1728270044000	1719588278465	None	EyesClosed	(0.00, 0.00)	(0.00, 0.00)	NaN	NaN	NaN	NaN	NaN	
1728286711000	1719604945305	None	EyesClosed	(0.00, 0.00)	(0.00, 0.00)	NaN	NaN	NaN	NaN	NaN	
1728303377000	1719621611515	None	EyesClosed	(0.00, 0.00)	(0.00, 0.00)	NaN	NaN	NaN	NaN	NaN	
1728320044000	1719638277860	None	EyesClosed	(0.00, 0.00)	(0.00, 0.00)	NaN	NaN	NaN	NaN	NaN	
1728336710000	1719654943688	None	EyesClosed	(0.00, 0.00)	(0.00, 0.00)	NaN	NaN	NaN	NaN	NaN	
1728353377000	1719671610984	None	EyesClosed	(0.00, 0.00)	(0.00, 0.00)	NaN	NaN	NaN	NaN	NaN	
1728370043000	1719688276906	None	EyesClosed	(0.00, 0.00)	(0.00, 0.00)	NaN	NaN	NaN	NaN	NaN	
1728386710000	1719704943100	None	EyesClosed	(0.00, 0.00)	(0.00, 0.00)	NaN	NaN	NaN	NaN	NaN	
1728403376000	1719721609152	None	EyesClosed	(0.00, 0.00)	(0.00, 0.00)	NaN	NaN	NaN	NaN	NaN	
1728420043000	1719738276196	None	EyesClosed	(0.00, 0.00)	(0.00, 0.00)	NaN	NaN	NaN	NaN	NaN	
1728436709000	1719754941872	None	EyesClosed	(0.00, 0.00)	(0.00, 0.00)	NaN	NaN	NaN	NaN	NaN	
1728453374000	1719771606359	None	EyesClosed	(0.00, 0.00)	(0.00, 0.00)	NaN	NaN	NaN	NaN	NaN	
1728470042000	1719788274316	None	EyesClosed	(0.00, 0.00)	(0.00, 0.00)	NaN	NaN	NaN	NaN	NaN	
1728486708000	1719804940036	None	EyesClosed	(0.00, 0.00)	(0.00, 0.00)	NaN	NaN	NaN	NaN	NaN	
1728503375000	1719821606810	None	EyesClosed	(0.00, 0.00)	(0.00, 0.00)	NaN	NaN	NaN	NaN	NaN	
1728520041000	1719838272655	None	EyesClosed	(0.00, 0.00)	(0.00, 0.00)	NaN	NaN	NaN	NaN	NaN	
1728536708000	1719854940097	None	EyesClosed	(0.00, 0.00)	(0.00, 0.00)	NaN	NaN	NaN	NaN	NaN	
1728553374000	1719871605228	None	EyesClosed	(0.00, 0.00)	(0.00, 0.00)	NaN	NaN	NaN	NaN	NaN	
1728570041000	1719888272139	None	EyesClosed	(0.00, 0.00)	(0.00, 0.00)	NaN	NaN	NaN	NaN	NaN	
1728586707000	1719904939129	None	EyesClosed	(0.00, 0.00)	(0.00, 0.00)	NaN	NaN	NaN	NaN	NaN	
1728603374000	1719921605128	None	EyesClosed	(0.00, 0.00)	(0.00, 0.00)	NaN	NaN	NaN	NaN	NaN	
1728620040000	1719938270586	None	EyesClosed	(0.00, 0.00)	(0.00, 0.00)	NaN	NaN	NaN	NaN	NaN	
1728636707000	1719954937306	None	EyesClosed	(0.00, 0.00)	(0.00, 0.00)	NaN	NaN	NaN	NaN	NaN	
1728653373000	1719971603191	None	EyesClosed	(0.00, 0.00)	(0.00, 0.00)	NaN	NaN	NaN	NaN	NaN	
1728670040000	1719988269929	None	EyesClosed	(0.00, 0.00)	(0.00, 0.00)	NaN	NaN	NaN	NaN	NaN	
1728686706000	1720004935690	None	EyesClosed	(0.00, 0.00)	(0.00, 0.00)	NaN	NaN	NaN	NaN	NaN	
1728703373000	1720021602551	None	EyesClosed	(0.00, 0.00)	(0.00, 0.00)	NaN	NaN	NaN	NaN	NaN	
1728720040000	1720038269461	None	EyesClosed	(0.00, 0.00)	(0.00, 0.00)	NaN	NaN	NaN	NaN	NaN	
1728736707000	1720054936187	None	EyesClosed	(0.00, 0.00)	(0.00, 0.00)	NaN	NaN	NaN	NaN	NaN	
1728753373000	1720071601994	None	EyesClosed	(0.00, 0.00)	(0.00, 0.00)	NaN	NaN	NaN	NaN	NaN	
1728770039000	1720088267910	None	EyesClosed	(0.00, 0.00)	(0.00, 0.00)	NaN	NaN	NaN	NaN	NaN	
1728786705000	1720104933655	None	EyesClosed	(0.00, 0.00)	(0.00, 0.00)	NaN	NaN	NaN	NaN	NaN	
1728803372000	1720121600481	None	EyesClosed	(0.00, 0.00)	(0.00, 0.00)	NaN	NaN	NaN	NaN	NaN	
1728820039000	1720138267419	None	EyesClosed	(0.00, 0.00)	(0.00, 0.00)	NaN	NaN	NaN	NaN	NaN	
1728836706000	1720154934049	None	EyesClosed	(0.00, 0.00)	(0.00, 0.00)	NaN	NaN	NaN	NaN	NaN	
1728853372000	1720171599939	None	EyesClosed	(0.00, 0.00)	(0.00, 0.00)	NaN	NaN	NaN	NaN	NaN	
1728870038000	1720188265965	None	EyesClosed	(0.00, 0.00)	(0.00, 0.00)	NaN	NaN	NaN	NaN	NaN	
1728886705000	1720204932574	None	EyesClosed	(0.00, 0.00)	(0.00, 0.00)	NaN	NaN	NaN	NaN	NaN	
1728903371000	1720221598364	None	EyesClosed	(0.00, 0.00)	(0.00, 0.00)	NaN	NaN	NaN	NaN	NaN	
1728920036000	1720238263193	None	EyesClosed	(0.00, 0.00)	(0.00, 0.00)	NaN	NaN	NaN	NaN	NaN	
1728936704000	1720254930933	None	EyesClosed	(0.00, 0.00)	(0.00, 0.00)	NaN	NaN	NaN	NaN	NaN	
1728953371000	1720271597790	None	EyesClosed	(0.00, 0.00)	(0.00, 0.00)	NaN	NaN	NaN	NaN	NaN	
1728970037000	1720288263905	None	EyesClosed	(0.00, 0.00)	(0.00, 0.00)	NaN	NaN	NaN	NaN	NaN	
1728986704000	1720304930679	None	EyesClosed	(0.00, 0.00)	(0.00, 0.00)	NaN	NaN	NaN	NaN	NaN	
1729003370000	1720321596936	None	EyesClosed	(0.00, 0.00)	(0.00, 0.00)	NaN	NaN	NaN	NaN	NaN	
1729020037000	1720338263023	None	EyesClosed	(0.00, 0.00)	(0.00, 0.00)	NaN	NaN	NaN	NaN	NaN	
1729036703000	1720354928928	None	EyesClosed	(0.00, 0.00)	(0.00, 0.00)	NaN	NaN	NaN	NaN	NaN	
1729053370000	1720371595622	None	EyesClosed	(0.00, 0.00)	(0.00, 0.00)	NaN	NaN	NaN	NaN	NaN	
1729070036000	1720388261475	None	EyesClosed	(0.00, 0.00)	(0.00, 0.00)	NaN	NaN	NaN	NaN	NaN	
1729086703000	1720404928310	None	EyesClosed	(0.00, 0.00)	(0.00, 0.00)	NaN	NaN	NaN	NaN	NaN	
1729103369000	1720421594061	None	EyesClosed	(0.00, 0.00)	(0.00, 0.00)	NaN	NaN	NaN	NaN	NaN	
1729120036000	1720438260900	Generic	Unknown	(0.00, 0.00)	(0.00, 0.00)	NaN	NaN	NaN	NaN	NaN	
1729136702000	1720454926685	Generic	Unknown	(0.00, 0.00)	(0.00, 0.00)	NaN	NaN	NaN	NaN	NaN	
1729153369000	1720471593527	Generic	Unknown	(0.00, 0.00)	(0.00, 0.00)	NaN	NaN	NaN	NaN	NaN	
1729170035000	1720488259324	Generic	Unknown	(0.00, 0.00)	(0.00, 0.00)	NaN	NaN	NaN	NaN	NaN	
1729186702000	1720504926117	Generic	Unknown	(0.00, 0.00)	(0.00, 0.00)	NaN	NaN	NaN	NaN	NaN	
1729203368000	1720521591980	Generic	Unknown	(0.00, 0.00)	(0.00, 0.00)	NaN	NaN	NaN	NaN	NaN	
1729220034000	1720538257780	Generic	Unknown	(0.00, 0.00)	(0.00, 0.00)	NaN	NaN	NaN	NaN	NaN	
1729236701000	1720554924948	Generic	Unknown	(0.00, 0.00)	(0.00, 0.00)	NaN	NaN	NaN	NaN	NaN	
1729253368000	1720571591620	Generic	Unknown	(0.00, 0.00)	(0.00, 0.00)	NaN	NaN	NaN	NaN	NaN	
1729270034000	1720588257272	Generic	Unknown	(0.00, 0.00)	(0.00, 0.00)	NaN	NaN	NaN	NaN	NaN	
1729286701000	1720604924015	Generic	Unknown	(0.00, 0.00)	(0.00, 0.00)	NaN	NaN	NaN	NaN	NaN	
1729303367000	1720621589933	Generic	Unknown	(0.00, 0.00)	(0.00, 0.00)	NaN	NaN	NaN	NaN	NaN	
1729320034000	1720638256865	Generic	Unknown	(0.00, 0.00)	(0.00, 0.00)	NaN	NaN	NaN	NaN	NaN	
1729336700000	1720654922509	Generic	Unknown	(0.00, 0.00)	(0.00, 0.00)	NaN	NaN	NaN	NaN	NaN	
1729353366000	1720671588274	Generic	Unknown	(0.00, 0.00)	(0.00, 0.00)	NaN	NaN	NaN	NaN	NaN	
1729370033000	1720688255076	Generic	Unknown	(0.00, 0.00)	(0.00, 0.00)	NaN	NaN	NaN	NaN	NaN	
1729386699000	1720704920920	Generic	Unknown	(0.00, 0.00)	(0.00, 0.00)	NaN	NaN	NaN	NaN	NaN	
1729403366000	1720721588083	Generic	Unknown	(0.00, 0.00)	(0.00, 0.00)	NaN	NaN	NaN	NaN	NaN	
1729420032000	1720738253501	Generic	Unknown	(0.00, 0.00)	(0.00, 0.00)	NaN	NaN	NaN	NaN	NaN	
1729436699000	1720754920304	Generic	Unknown	(0.00, 0.00)	(0.00, 0.00)	NaN	NaN	NaN	NaN	NaN	
1729453365000	1720771586629	Generic	Unknown	(0.00, 0.00)	(0.00, 0.00)	NaN	NaN	NaN	NaN	NaN	
1729470032000	1720788253059	Generic	Unknown	(0.00, 0.00)	(0.00, 0.00)	NaN	NaN	NaN	NaN	NaN	
1729486698000	1720804918870	Generic	Unknown	(0.00, 0.00)	(0.00, 0.00)	NaN	NaN	NaN	NaN	NaN	
1729503365000	1720821585578	Generic	Unknown	(0.00, 0.00)	(0.00, 0.00)	NaN	NaN	NaN	NaN	NaN	
1729520031000	1720838251380	Generic	Unknown	(0.00, 0.00)	(0.00, 0.00)	NaN	NaN	NaN	NaN	NaN	
1729536698000	1720854918284	Generic	Unknown	(0.00, 0.00)	(0.00, 0.00)	NaN	NaN	NaN	NaN	NaN	
1729553364000	1720871584712	Generic	Unknown	(0.00, 0.00)	(0.00, 0.00)	NaN	NaN	NaN	NaN	NaN	
1729570031000	1720888250839	Generic	Unknown	(0.00, 0.00)	(0.00, 0.00)	NaN	NaN	NaN	NaN	NaN	
1729586697000	1720904917016	Generic	Unknown	(0.00, 0.00)	(0.00, 0.00)	NaN	NaN	NaN	NaN	NaN	
1729603364000	1720921583429	Generic	Unknown	(0.00, 0.00)	(0.00, 0.00)	NaN	NaN	NaN	NaN	NaN	
1729620030000	1720938249386	Generic	Unknown	(0.00, 0.00)	(0.00, 0.00)	NaN	NaN	NaN	NaN	NaN	
1729636697000	1720954916056	Generic	Unknown	(0.00, 0.00)	(0.00, 0.00)	NaN	NaN	NaN	NaN	NaN	
1729653363000	1720971581925	Generic	Unknown	(0.00, 0.00)	(0.00, 0.00)	NaN	NaN	NaN	NaN	NaN	
1729670030000	1720988248772	Generic	Unknown	(0.00, 0.00)	(0.00, 0.00)	NaN	NaN	NaN	NaN	NaN	
1729686696000	1721004914622	Generic	Unknown	(0.00, 0.00)	(0.00, 0.00)	NaN	NaN	NaN	NaN	NaN	
1729703363000	1721021581344	Generic	Unknown	(0.00, 0.00)	(0.00, 0.00)	NaN	NaN	NaN	NaN	NaN	
1729720029000	1721038247214	Generic	Unknown	(0.00, 0.00)	(0.00, 0.00)	NaN	NaN	NaN	NaN	NaN	
1729736696000	1721054913931	Generic	Unknown	(0.00, 0.00)	(0.00, 0.00)	NaN	NaN	NaN	NaN	NaN	
1729753362000	1721071579756	Generic	Unknown	(0.00, 0.00)	(0.00, 0.00)	NaN	NaN	NaN	NaN	NaN	
1729770029000	1721088246677	Generic	Unknown	(0.00, 0.00)	(0.00, 0.00)	NaN	NaN	NaN	NaN	NaN	
1729786696000	1721104913408	Generic	Unknown	(0.00, 0.00)	(0.00, 0.00)	NaN	NaN	NaN	NaN	NaN	
1729803362000	1721121579292	Generic	Unknown	(0.00, 0.00)	(0.00, 0.00)	NaN	NaN	NaN	NaN	NaN	
1729820029000	1721138246470	Generic	Unknown	(0.00, 0.00)	(0.00, 0.00)	NaN	NaN	NaN	NaN	NaN	
1729836695000	1721154912023	Generic	Unknown	(0.00, 0.00)	(0.00, 0.00)	NaN	NaN	NaN	NaN	NaN	
1729853362000	1721171578620	Generic	Unknown	(0.00, 0.00)	(0.00, 0.00)	NaN	NaN	NaN	NaN	NaN	
1729870029000	1721188245520	Generic	Unknown	(0.00, 0.00)	(0.00, 0.00)	NaN	NaN	NaN	NaN	NaN	
1729886695000	1721204911303	Generic	Unknown	(0.00, 0.00)	(0.00, 0.00)	NaN	NaN	NaN	NaN	NaN	
1729903362000	1721221578061	Generic	Unknown	(0.00, 0.00)	(0.00, 0.00)	NaN	NaN	NaN	NaN	NaN	
1729920029000	1721238244990	Generic	Unknown	(0.00, 0.00)	(0.00, 0.00)	NaN	NaN	NaN	NaN	NaN	
1729936695000	1721254910748	Generic	Unknown	(0.00, 0.00)	(0.00, 0.00)	NaN	NaN	NaN	NaN	NaN	
1729953362000	1721271577834	Generic	Unknown	(0.00, 0.00)	(0.00, 0.00)	NaN	NaN	NaN	NaN	NaN	
1729970028000	1721288243308	Generic	Unknown	(0.00, 0.00)	(0.00, 0.00)	NaN	NaN	NaN	NaN	NaN	
1729986695000	1721304910187	Generic	Unknown	(0.00, 0.00)	(0.00, 0.00)	NaN	NaN	NaN	NaN	NaN	
1730003361000	1721321575922	Generic	Unknown	(0.00, 0.00)	(0.00, 0.00)	NaN	NaN	NaN	NaN	NaN	
1730020028000	1721338243133	Generic	Unknown	(0.00, 0.00)	(0.00, 0.00)	NaN	NaN	NaN	NaN	NaN	
1730036694000	1721354908574	Generic	Unknown	(0.00, 0.00)	(0.00, 0.00)	NaN	NaN	NaN	NaN	NaN	
1730053361000	1721371575403	Generic	Unknown	(0.00, 0.00)	(0.00, 0.00)	NaN	NaN	NaN	NaN	NaN	
1730070027000	1721388241155	Generic	Unknown	(0.00, 0.00)	(0.00, 0.00)	NaN	NaN	NaN	NaN	NaN	
1730086694000	1721404908269	Generic	Unknown	(0.00, 0.00)	(0.00, 0.00)	NaN	NaN	NaN	NaN	NaN	
1730103360000	1721421574020	Generic	Unknown	(0.00, 0.00)	(0.00, 0.00)	NaN	NaN	NaN	NaN	NaN	
1730120027000	1721438240731	Generic	Unknown	(0.00, 0.00)	(0.00, 0.00)	NaN	NaN	NaN	NaN	NaN	
1730136693000	1721454906508	Generic	Unknown	(0.00, 0.00)	(0.00, 0.00)	NaN	NaN	NaN	NaN	NaN	
1730153360000	1721471573261	Generic	Unknown	(0.00, 0.00)	(0.00, 0.00)	NaN	NaN	NaN	NaN	NaN	
1730170026000	1721488239035	Generic	Unknown	(0.00, 0.00)	(0.00, 0.00)	NaN	NaN	NaN	NaN	NaN	
1730186693000	1721504905856	Generic	Unknown	(0.00, 0.00)	(0.00, 0.00)	NaN	NaN	NaN	NaN	NaN	
1730203359000	1721521571667	Generic	Unknown	(0.00, 0.00)	(0.00, 0.00)	NaN	NaN	NaN	NaN	NaN	
1730220026000	1721538238741	Generic	Unknown	(0.00, 0.00)	(0.00, 0.00)	NaN	NaN	NaN	NaN	NaN	
1730236692000	1721554904343	Generic	Unknown	(0.00, 0.00)	(0.00, 0.00)	NaN	NaN	NaN	NaN	NaN	
1730253358000	1721571571373	Generic	Unknown	(0.00, 0.00)	(0.00, 0.00)	NaN	NaN	NaN	NaN	NaN	
1730270025000	1721588237010	Generic	Unknown	(0.00, 0.00)	(0.00, 0.00)	NaN	NaN	NaN	NaN	NaN	
1730286691000	1721604903208	Generic	Unknown	(0.00, 0.00)	(0.00, 0.00)	NaN	NaN	NaN	NaN	NaN	
1730303358000	1721621569574	Generic	Unknown	(0.00, 0.00)	(0.00, 0.00)	NaN	NaN	NaN	NaN	NaN	
1730320024000	1721638235415	Generic	Unknown	(0.00, 0.00)	(0.00, 0.00)	NaN	NaN	NaN	NaN	NaN	
1730336691000	1721654902159	Generic	Unknown	(0.00, 0.00)	(0.00, 0.00)	NaN	NaN	NaN	NaN	NaN	
1730353357000	1721671568023	Generic	Unknown	(0.00, 0.00)	(0.00, 0.00)	NaN	NaN	NaN	NaN	NaN	
1730370024000	1721688234871	Generic	Unknown	(0.00, 0.00)	(0.00, 0.00)	NaN	NaN	NaN	NaN	NaN	
1730386690000	1721704900597	Generic	Unknown	(0.00, 0.00)	(0.00, 0.00)	NaN	NaN	NaN	NaN	NaN	
1730403357000	1721721567418	Generic	Unknown	(0.00, 0.00)	(0.00, 0.00)	NaN	NaN	NaN	NaN	NaN	
1730420023000	1721738233262	Generic	Unknown	(0.00, 0.00)	(0.00, 0.00)	NaN	NaN	NaN	NaN	NaN	
1730436690000	1721754900061	Generic	Unknown	(0.00, 0.00)	(0.00, 0.00)	NaN	NaN	NaN	NaN	NaN	
1730453356000	1721771565853	Generic	Unknown	(0.00, 0.00)	(0.00, 0.00)	NaN	NaN	NaN	NaN	NaN	
1730470023000	1721788232715	Generic	Unknown	(0.00, 0.00)	(0.00, 0.00)	NaN	NaN	NaN	NaN	NaN	
1730486689000	1721804898511	Generic	Unknown	(0.00, 0.00)	(0.00, 0.00)	NaN	NaN	NaN	NaN	NaN	
1730503356000	1721821565262	Generic	Unknown	(0.00, 0.00)	(0.00, 0.00)	NaN	NaN	NaN	NaN	NaN	
1730520022000	1721838231086	Generic	Unknown	(0.00, 0.00)	(0.00, 0.00)	NaN	NaN	NaN	NaN	NaN	
1730536689000	1721854897990	Generic	Unknown	(0.00, 0.00)	(0.00, 0.00)	NaN	NaN	NaN	NaN	NaN	
1730553353000	1721871561713	Generic	Unknown	(0.00, 0.00)	(0.00, 0.00)	NaN	NaN	NaN	NaN	NaN	
1730570022000	1721888230548	Generic	Unknown	(0.00, 0.00)	(0.00, 0.00)	NaN	NaN	NaN	NaN	NaN	
1730586688000	1721904896335	Generic	Unknown	(0.00, 0.00)	(0.00, 0.00)	NaN	NaN	NaN	NaN	NaN	
1730603355000	1721921563151	Generic	Unknown	(0.00, 0.00)	(0.00, 0.00)	NaN	NaN	NaN	NaN	NaN	
1730620022000	1721938230256	Generic	Unknown	(0.00, 0.00)	(0.00, 0.00)	NaN	NaN	NaN	NaN	NaN	
1730636689000	1721954897146	Generic	Unknown	(0.00, 0.00)	(0.00, 0.00)	NaN	NaN	NaN	NaN	NaN	
1730653355000	1721971562626	Generic	Unknown	(0.00, 0.00)	(0.00, 0.00)	NaN	NaN	NaN	NaN	NaN	
1730670022000	1721988229463	Generic	Unknown	(0.00, 0.00)	(0.00, 0.00)	NaN	NaN	NaN	NaN	NaN	
1730686688000	1722004895285	Generic	Unknown	(0.00, 0.00)	(0.00, 0.00)	NaN	NaN	NaN	NaN	NaN	
1730703354000	1722021561083	Generic	Unknown	(0.00, 0.00)	(0.00, 0.00)	NaN	NaN	NaN	NaN	NaN	
1730720021000	1722038227836	Generic	Unknown	(0.00, 0.00)	(0.00, 0.00)	NaN	NaN	NaN	NaN	NaN	
1730736687000	1722054893676	Generic	Unknown	(0.00, 0.00)	(0.00, 0.00)	NaN	NaN	NaN	NaN	NaN	
1730753354000	1722071560452	Generic	Unknown	(0.00, 0.00)	(0.00, 0.00)	NaN	NaN	NaN	NaN	NaN	
1730770020000	1722088226265	Generic	Unknown	(0.00, 0.00)	(0.00, 0.00)	NaN	NaN	NaN	NaN	NaN	
1730786687000	1722104893142	Generic	Unknown	(0.00, 0.00)	(0.00, 0.00)	NaN	NaN	NaN	NaN	NaN	
1730803353000	1722121559293	Generic	Unknown	(0.00, 0.00)	(0.00, 0.00)	NaN	NaN	NaN	NaN	NaN	
1730820020000	1722138225810	Generic	Unknown	(0.00, 0.00)	(0.00, 0.00)	NaN	NaN	NaN	NaN	NaN	
1730820020000	1722138225798	Generic	Unknown	(0.00, 0.00)	(0.00, 0.00)	NaN	NaN	NaN	NaN	NaN	
1730853353000	1722171558876	Generic	Unknown	(0.00, 0.00)	(0.00, 0.00)	NaN	NaN	NaN	NaN	NaN	
1730870019000	1722188224149	Generic	Unknown	(0.00, 0.00)	(0.00, 0.00)	NaN	NaN	NaN	NaN	NaN	
1730886686000	1722204891304	Generic	Unknown	(0.00, 0.00)	(0.00, 0.00)	NaN	NaN	NaN	NaN	NaN	
1730903352000	1722221556848	Generic	Unknown	(0.00, 0.00)	(0.00, 0.00)	NaN	NaN	NaN	NaN	NaN	
1730903352000	1722221556841	Generic	Unknown	(0.00, 0.00)	(0.00, 0.00)	NaN	NaN	NaN	NaN	NaN	
1730920019000	1722238223662	Generic	Unknown	(0.00, 0.00)	(0.00, 0.00)	NaN	NaN	NaN	NaN	NaN	
1730953352000	1722271556211	Generic	Unknown	(0.00, 0.00)	(0.00, 0.00)	NaN	NaN	NaN	NaN	NaN	
1730953352000	1722271556214	Generic	Unknown	(0.00, 0.00)	(0.00, 0.00)	NaN	NaN	NaN	NaN	NaN	
1730970018000	1722288222438	Generic	Unknown	(0.00, 0.00)	(0.00, 0.00)	NaN	NaN	NaN	NaN	NaN	
1730986685000	1722304888813	Generic	Unknown	(0.00, 0.00)	(0.00, 0.00)	NaN	NaN	NaN	NaN	NaN	
1731003351000	1722321554650	Generic	Unknown	(0.00, 0.00)	(0.00, 0.00)	NaN	NaN	NaN	NaN	NaN	
1731020018000	1722338221437	Generic	Unknown	(0.00, 0.00)	(0.00, 0.00)	NaN	NaN	NaN	NaN	NaN	
1731036684000	1722354887346	Generic	Unknown	(0.00, 0.00)	(0.00, 0.00)	NaN	NaN	NaN	NaN	NaN	
1731053351000	1722371554092	Generic	Unknown	(0.00, 0.00)	(0.00, 0.00)	NaN	NaN	NaN	NaN	NaN	
1731070017000	1722388219898	Generic	Unknown	(0.00, 0.00)	(0.00, 0.00)	NaN	NaN	NaN	NaN	NaN	
1731086684000	1722404886732	Generic	Unknown	(0.00, 0.00)	(0.00, 0.00)	NaN	NaN	NaN	NaN	NaN	
1731103350000	1722421552492	Generic	Unknown	(0.00, 0.00)	(0.00, 0.00)	NaN	NaN	NaN	NaN	NaN	
1731120015000	1722438217409	Generic	Unknown	(0.00, 0.00)	(0.00, 0.00)	NaN	NaN	NaN	NaN	NaN	
1731136683000	1722454885257	Generic	Unknown	(0.00, 0.00)	(0.00, 0.00)	NaN	NaN	NaN	NaN	NaN	
1731153348000	1722471550479	Generic	Unknown	(0.00, 0.00)	(0.00, 0.00)	NaN	NaN	NaN	NaN	NaN	
2184332147000	2175643232561	None	EyesClosed	(148.50, 174.88)	(275.06, 202.78)	NaN	NaN	NaN	NaN	NaN	
2184332147000	2175643232416	None	EyesClosed	(148.50, 174.88)	(275.06, 202.78)	NaN	NaN	NaN	NaN	NaN	
2184365479000	2175676563671	None	EyesClosed	(143.43, 177.83)	(275.43, 198.76)	NaN	NaN	NaN	NaN	NaN	
2184365479000	2175676563428	None	EyesClosed	(143.43, 177.83)	(275.43, 198.76)	NaN	NaN	NaN	NaN	NaN	
2184398812000	2175709896177	None	EyesClosed	(138.97, 180.69)	(275.03, 194.12)	NaN	NaN	NaN	NaN	NaN	
2184398812000	2175709895954	None	EyesClosed	(138.97, 180.69)	(275.03, 194.12)	NaN	NaN	NaN	NaN	NaN	
2184432146000	2175743229627	None	EyesClosed	(138.78, 180.77)	(276.21, 194.05)	NaN	NaN	NaN	NaN	NaN	
2184432146000	2175743229434	None	EyesClosed	(138.78, 180.77)	(276.21, 194.05)	NaN	NaN	NaN	NaN	NaN	
2184465479000	2175776562144	None	EyesClosed	(139.26, 181.42)	(275.51, 195.00)	NaN	NaN	NaN	NaN	NaN	
2184465479000	2175776561902	None	EyesClosed	(139.26, 181.42)	(275.51, 195.00)	NaN	NaN	NaN	NaN	NaN	
2184498812000	2175809894595	None	EyesClosed	(141.29, 181.61)	(274.54, 196.60)	NaN	NaN	NaN	NaN	NaN	
2184498812000	2175809894311	None	EyesClosed	(141.29, 181.61)	(274.54, 196.60)	NaN	NaN	NaN	NaN	NaN	
2184532145000	2175843227065	None	EyesClosed	(142.42, 181.54)	(274.28, 197.05)	NaN	NaN	NaN	NaN	NaN	
2184532145000	2175843226847	None	EyesClosed	(142.42, 181.54)	(274.28, 197.05)	NaN	NaN	NaN	NaN	NaN	
2184565475000	2175876556540	None	EyesClosed	(141.85, 180.75)	(274.27, 197.41)	NaN	NaN	NaN	NaN	NaN	
2184565475000	2175876556304	None	EyesClosed	(141.85, 180.75)	(274.27, 197.41)	NaN	NaN	NaN	NaN	NaN	
2184598810000	2175909891072	None	WinkLeft	(143.81, 179.96)	(273.97, 195.66)	NaN	NaN	NaN	NaN	NaN	
2184598810000	2175909890770	None	WinkLeft	(143.81, 179.96)	(273.97, 195.66)	NaN	NaN	NaN	NaN	NaN	
2184632144000	2175943224556	None	WinkLeft	(147.82, 180.24)	(273.89, 193.85)	NaN	NaN	NaN	NaN	NaN	
2184632144000	2175943224302	None	WinkLeft	(147.82, 180.24)	(273.89, 193.85)	NaN	NaN	NaN	NaN	NaN	
2184665475000	2175976554993	None	Blink	(147.34, 181.70)	(274.61, 198.04)	NaN	NaN	NaN	NaN	NaN	
2184665475000	2175976554764	None	Blink	(147.34, 181.70)	(274.61, 198.04)	NaN	NaN	NaN	NaN	NaN	
2184698810000	2176009889885	None	Blink	(147.99, 180.03)	(256.32, 203.17)	NaN	NaN	NaN	NaN	NaN	
2184698810000	2176009889193	None	Blink	(147.99, 180.03)	(256.32, 203.17)	NaN	NaN	NaN	NaN	NaN	
2184732143000	2176043222621	None	Blink	(150.11, 179.83)	(260.96, 195.90)	NaN	NaN	NaN	NaN	NaN	
2184732143000	2176043221709	None	Blink	(150.11, 179.83)	(260.96, 195.90)	NaN	NaN	NaN	NaN	NaN	
2184765475000	2176076553398	None	Blink	(146.57, 181.46)	(280.01, 198.27)	NaN	NaN	NaN	NaN	NaN	
2184765475000	2176076553207	None	Blink	(146.57, 181.46)	(280.01, 198.27)	NaN	NaN	NaN	NaN	NaN	
2184798809000	2176109886943	None	Blink	(145.77, 181.46)	(279.68, 197.57)	NaN	NaN	NaN	NaN	NaN	
2184798809000	2176109887113	None	Blink	(145.77, 181.46)	(279.68, 197.57)	NaN	NaN	NaN	NaN	NaN	
2184832142000	2176143219387	None	Blink	(143.27, 183.84)	(279.73, 195.26)	NaN	NaN	NaN	NaN	NaN	
2184832142000	2176143219609	None	Blink	(143.27, 183.84)	(279.73, 195.26)	NaN	NaN	NaN	NaN	NaN	
2184865475000	2176176551934	None	Blink	(141.71, 185.01)	(281.39, 194.51)	NaN	NaN	NaN	NaN	NaN	
2184865475000	2176176551614	None	Blink	(141.71, 185.01)	(281.39, 194.51)	NaN	NaN	NaN	NaN	NaN	
2184898808000	2176209884413	None	Blink	(139.94, 184.86)	(283.13, 194.03)	NaN	NaN	NaN	NaN	NaN	
2184898808000	2176209884179	None	Blink	(139.94, 184.86)	(283.13, 194.03)	NaN	NaN	NaN	NaN	NaN	
2184932140000	2176243215830	None	Blink	(139.64, 185.85)	(283.10, 193.38)	NaN	NaN	NaN	NaN	NaN	
2184932140000	2176243215611	None	Blink	(139.64, 185.85)	(283.10, 193.38)	NaN	NaN	NaN	NaN	NaN	
2184965473000	2176276548331	None	WinkLeft	(140.77, 186.05)	(281.24, 193.08)	NaN	NaN	NaN	NaN	NaN	
2184998807000	2176309882012	None	WinkLeft	(143.28, 185.64)	(278.95, 193.77)	NaN	NaN	NaN	NaN	NaN	
2184998807000	2176309881808	None	WinkLeft	(143.28, 185.64)	(278.95, 193.77)	NaN	NaN	NaN	NaN	NaN	
2185032139000	2176343213519	None	Blink	(144.37, 184.46)	(277.52, 197.43)	NaN	NaN	NaN	NaN	NaN	
2185032139000	2176343213298	None	Blink	(144.37, 184.46)	(277.52, 197.43)	NaN	NaN	NaN	NaN	NaN	
2185065472000	2176376546030	None	Blink	(148.50, 182.44)	(265.28, 211.26)	NaN	NaN	NaN	NaN	NaN	
2185065472000	2176376545721	None	Blink	(148.50, 182.44)	(265.28, 211.26)	NaN	NaN	NaN	NaN	NaN	
2185065472000	2176376545522	None	Blink	(148.50, 182.44)	(265.28, 211.26)	NaN	NaN	NaN	NaN	NaN	
2185065472000	2176376545264	None	Blink	(148.50, 182.44)	(265.28, 211.26)	NaN	NaN	NaN	NaN	NaN	
2185065472000	2176376544911	None	Blink	(148.50, 182.44)	(265.28, 211.26)	NaN	NaN	NaN	NaN	NaN	
2185065472000	2176376544785	None	Blink	(148.50, 182.44)	(265.28, 211.26)	NaN	NaN	NaN	NaN	NaN	
2185065472000	2176376544464	None	Blink	(148.50, 182.44)	(265.28, 211.26)	NaN	NaN	NaN	NaN	NaN	
2185065472000	2176376544203	None	Blink	(148.50, 182.44)	(265.28, 211.26)	NaN	NaN	NaN	NaN	NaN	
2185065472000	2176376544143	None	Blink	(148.50, 182.44)	(265.28, 211.26)	NaN	NaN	NaN	NaN	NaN	
2185065472000	2176376543716	None	Blink	(148.50, 182.44)	(265.28, 211.26)	NaN	NaN	NaN	NaN	NaN	
2185065472000	2176376543439	None	Blink	(148.50, 182.44)	(265.28, 211.26)	NaN	NaN	NaN	NaN	NaN	
2185065472000	2176376543201	None	Blink	(148.50, 182.44)	(265.28, 211.26)	NaN	NaN	NaN	NaN	NaN	
2185065472000	2176376542952	None	Blink	(148.50, 182.44)	(265.28, 211.26)	NaN	NaN	NaN	NaN	NaN	
2185065472000	2176376542670	None	Blink	(148.50, 182.44)	(265.28, 211.26)	NaN	NaN	NaN	NaN	NaN	
2185065472000	2176376542336	None	Blink	(148.50, 182.44)	(265.28, 211.26)	NaN	NaN	NaN	NaN	NaN	
2185065472000	2176376542153	None	Blink	(148.50, 182.44)	(265.28, 211.26)	NaN	NaN	NaN	NaN	NaN	
2185098803000	2176409872797	None	Blink	(0.00, 0.00)	(0.00, 0.00)	NaN	NaN	NaN	NaN	NaN	
2185098803000	2176409872778	None	Blink	(0.00, 0.00)	(0.00, 0.00)	NaN	NaN	NaN	NaN	NaN	
2185132136000	2176443205887	None	Blink	(138.73, 185.42)	(281.25, 199.40)	NaN	NaN	NaN	NaN	NaN	
2185165469000	2176476537995	None	Blink	(140.65, 185.51)	(279.67, 198.87)	NaN	NaN	NaN	NaN	NaN	
2185198802000	2176509870742	None	Blink	(143.26, 185.43)	(277.93, 199.23)	NaN	NaN	NaN	NaN	NaN	
2185232137000	2176543205485	None	Blink	(144.94, 185.07)	(276.25, 199.60)	NaN	NaN	NaN	NaN	NaN	
2185498802000	2176809870236	None	EyesClosed	(146.16, 185.36)	(274.90, 199.65)	NaN	NaN	NaN	NaN	NaN	
2185498802000	2176809869961	None	EyesClosed	(146.16, 185.36)	(274.90, 199.65)	NaN	NaN	NaN	NaN	NaN	
2185532136000	2176843203682	None	Unknown	(147.81, 184.84)	(272.92, 199.16)	NaN	NaN	NaN	NaN	NaN	
2185532136000	2176843203450	None	Unknown	(147.81, 184.84)	(272.92, 199.16)	NaN	NaN	NaN	NaN	NaN	
2185565469000	2176876536601	None	Unknown	(149.64, 184.75)	(271.57, 198.75)	NaN	NaN	NaN	NaN	NaN	
2185598802000	2176909868921	None	Unknown	(151.05, 184.19)	(270.10, 197.81)	NaN	NaN	NaN	NaN	NaN	
2185615468000	2176926534638	None	Fixation	(151.04, 184.22)	(269.43, 197.12)	2156.195	0.01660156	NaN	NaN	NaN	
2185632135000	2176943201406	None	Fixation	(151.15, 184.50)	(268.96, 196.79)	2156.195	0.03344727	NaN	NaN	NaN	
2185648802000	2176959868150	None	Saccade	(145.70, 181.43)	(275.93, 198.59)	2156.229	0.01660156	76.91352	2.950717	111.9189	
2185665468000	2176976533892	None	Saccade	(141.57, 179.09)	(280.36, 200.14)	2156.229	0.03320313	58.38144	4.872064	112.8992	
2185682135000	2176993200673	None	Unknown	(142.23, 179.18)	(279.78, 199.43)	NaN	NaN	NaN	NaN	NaN	
2185698802000	2177009867346	None	Pursuit	(143.05, 179.41)	(278.10, 198.61)	2156.278	0.0168457	10.40509	0.3468363	272.9448	
2185698802000	2177009867094	None	Pursuit	(143.05, 179.41)	(278.10, 198.61)	2156.278	0.0168457	10.40509	0.3468363	272.9448	
2185715468000	2177026532799	None	Pursuit	(144.29, 179.36)	(276.55, 197.89)	2156.278	0.03344727	15.33719	0.8473603	261.9232	
2185748800000	2177059864988	None	Pursuit	(143.35, 180.00)	(274.21, 195.34)	2156.278	0.06689453	23.07382	2.835109	319.2971	
2185765467000	2177076531306	None	Pursuit	(143.12, 180.73)	(272.55, 194.27)	2156.278	0.08349609	24.30936	3.644219	318.5107	
2185782133000	2177093197025	None	Pursuit	(142.97, 181.47)	(271.13, 193.80)	2156.278	0.1000977	18.43043	4.235079	316.0567	
2185798800000	2177109863864	None	Pursuit	(144.59, 182.42)	(268.90, 194.33)	2156.278	0.1166992	28.12971	4.927917	308.1264	
2185798800000	2177109863508	None	Pursuit	(144.59, 182.42)	(268.90, 194.33)	2156.278	0.1166992	28.12971	4.927917	308.1264	
2185815467000	2177126530664	None	Saccade	(147.29, 182.32)	(266.68, 196.28)	2156.395	0.0168457	33.19729	1.106576	254.9763	
2185832133000	2177143196491	None	Pursuit	(149.69, 180.38)	(266.31, 199.94)	2156.395	0.03344727	38.03009	2.252955	235.2434	
2185865467000	2177176530366	None	Pursuit	(152.57, 182.06)	(263.95, 201.30)	2156.395	0.06665039	32.27171	3.275347	254.3984	
2185882133000	2177193195509	None	Pursuit	(152.97, 183.70)	(264.33, 200.02)	2156.395	0.08349609	20.82586	3.476713	265.6966	
2185898800000	2177209862264	None	Pursuit	(153.84, 183.80)	(264.15, 201.05)	2156.395	0.1000977	10.72312	3.833867	265.4732	
2185915465000	2177226526943	None	Pursuit	(154.33, 184.51)	(263.02, 200.51)	2156.395	0.1166992	10.61838	4.08492	269.0861	
2185932132000	2177243193649	None	Pursuit	(155.43, 184.88)	(262.12, 200.05)	2156.395	0.1333008	14.26612	4.557515	269.7874	
2185948799000	2177259860418	None	Fixation	(155.53, 185.44)	(261.73, 200.01)	2156.512	0.03344727	NaN	NaN	NaN	
2185965465000	2177276526150	None	Fixation	(155.30, 186.35)	(261.35, 199.27)	2156.545	0.01660156	NaN	NaN	NaN	
2185982132000	2177293193490	None	Fixation	(154.89, 186.50)	(260.85, 198.75)	2156.545	0.03320313	NaN	NaN	NaN	
2185998798000	2177309858697	None	Fixation	(154.60, 187.27)	(260.47, 198.54)	2156.545	0.05004883	NaN	NaN	NaN	
2186015465000	2177326525347	None	Fixation	(154.67, 187.46)	(260.20, 198.28)	2156.545	0.06665039	NaN	NaN	NaN	
2186032131000	2177343191090	None	Fixation	(155.12, 187.86)	(259.88, 197.96)	2156.545	0.08325195	NaN	NaN	NaN	
2186048798000	2177359857866	None	Fixation	(155.39, 188.10)	(259.67, 197.88)	2156.545	0.09985352	NaN	NaN	NaN	
2186065465000	2177376524857	None	Fixation	(155.90, 188.13)	(259.18, 197.80)	2156.545	0.1166992	NaN	NaN	NaN	
2186082131000	2177393190337	None	Fixation	(156.67, 188.10)	(258.67, 197.92)	2156.545	0.1333008	NaN	NaN	NaN	
2186098798000	2177409857069	None	Fixation	(157.08, 188.13)	(258.51, 197.79)	2156.545	0.1499023	NaN	NaN	NaN	
2186115463000	2177426521753	None	Fixation	(156.88, 188.17)	(258.59, 197.72)	2156.545	0.1665039	NaN	NaN	NaN	
2186132130000	2177443188818	None	Fixation	(156.17, 188.26)	(259.08, 197.75)	2156.545	0.1833496	NaN	NaN	NaN	
2186132130000	2177443188529	None	Fixation	(156.17, 188.26)	(259.08, 197.75)	2156.545	0.1833496	NaN	NaN	NaN	
2186165463000	2177476520986	None	Fixation	(155.82, 188.13)	(259.52, 197.90)	2156.545	0.2165527	NaN	NaN	NaN	
2186182130000	2177493187759	None	Fixation	(155.41, 188.31)	(259.92, 197.44)	2156.545	0.2331543	NaN	NaN	NaN	
2186198797000	2177509854503	None	Fixation	(154.29, 187.65)	(260.92, 197.47)	2156.545	0.25	NaN	NaN	NaN	
2186215463000	2177526520275	None	Fixation	(154.04, 187.14)	(261.84, 198.33)	2156.545	0.2666016	NaN	NaN	NaN	
2186232130000	2177543187575	None	Fixation	(153.07, 186.83)	(262.37, 198.03)	2156.545	0.2832031	NaN	NaN	NaN	
2186248796000	2177559852655	None	Saccade	(151.87, 186.89)	(263.09, 197.89)	2156.828	0.0168457	14.76373	0.4921243	74.57246	
2186265463000	2177576519406	None	Pursuit	(150.47, 186.78)	(264.02, 197.49)	2156.828	0.03344727	17.26405	1.065819	78.14423	
2186282128000	2177593184191	None	Pursuit	(150.78, 186.66)	(264.49, 197.46)	2156.828	0.05004883	4.118483	0.940235	81.31853	
2186298795000	2177609850864	None	Fixation	(151.80, 186.05)	(265.08, 197.82)	2156.512	0.3833008	NaN	NaN	NaN	
2186315461000	2177626516660	None	Fixation	(151.28, 185.87)	(265.80, 197.87)	2156.895	0.0168457	NaN	NaN	NaN	
2186332128000	2177643183420	None	Fixation	(150.20, 184.87)	(267.41, 198.22)	2156.895	0.03344727	NaN	NaN	NaN	
2186348795000	2177659850075	None	Saccade	(145.86, 182.15)	(272.88, 199.59)	2156.928	0.01660156	62.97753	2.313507	113.1032	
2186365461000	2177676515820	None	Unknown	(143.71, 181.44)	(273.74, 199.00)	NaN	NaN	NaN	NaN	NaN	
2186382128000	2177693182602	None	Pursuit	(144.34, 180.70)	(271.53, 196.48)	2156.962	0.0168457	11.90024	0.3966745	207.5073	
2186398795000	2177709849598	None	Pursuit	(144.16, 179.10)	(270.51, 193.69)	2156.962	0.03344727	19.84492	0.9769046	177.9421	
2186415461000	2177726515012	None	Pursuit	(144.09, 177.60)	(269.26, 190.97)	2156.962	0.05004883	18.40287	1.579664	172.6864	
2186432128000	2177743181745	None	Pursuit	(145.35, 176.55)	(268.06, 189.01)	2156.962	0.06665039	20.22115	2.113501	185.6179	
2186448793000	2177759846510	None	Pursuit	(148.32, 175.26)	(265.51, 187.15)	2156.962	0.08349609	39.75996	3.159823	203.7286	
2186465460000	2177776513247	None	Pursuit	(151.49, 173.87)	(262.52, 185.08)	2156.962	0.1000977	42.63195	4.451447	212.7907	
2186482126000	2177793178963	None	Pursuit	(154.86, 172.33)	(258.68, 182.87)	2156.962	0.1166992	45.50359	5.901569	217.7638	
2186482126000	2177793178746	None	Pursuit	(154.86, 172.33)	(258.68, 182.87)	2156.962	0.1166992	45.50359	5.901569	217.7638	
2186515460000	2177826512441	None	Pursuit	(161.11, 168.88)	(251.01, 179.29)	2156.962	0.1501465	41.92563	8.797453	221.174	
2186532126000	2177843178702	None	Pursuit	(163.54, 167.36)	(247.61, 178.23)	2156.962	0.166748	35.32733	9.972688	221.6282	
2186548793000	2177859845260	None	Pursuit	(165.49, 166.63)	(244.90, 177.52)	2156.962	0.1833496	25.61802	10.79974	222.8019	
2186565459000	2177876510907	None	Pursuit	(169.04, 165.95)	(240.80, 176.89)	2156.962	0.2001953	44.42118	12.17372	225.5603	
2186582126000	2177893177819	None	Pursuit	(174.53, 165.53)	(235.54, 176.60)	2156.962	0.2167969	67.71906	14.2213	229.6987	
2186598793000	2177909844669	None	Pursuit	(181.41, 165.97)	(229.37, 176.31)	2156.962	0.2333984	84.77998	16.70765	234.6932	
2186615458000	2177926509307	None	Pursuit	(186.97, 166.55)	(223.92, 175.54)	2156.962	0.25	68.82491	18.76022	238.0101	
2186632125000	2177943175735	None	Pursuit	(187.96, 166.92)	(221.67, 174.18)	2156.962	0.2668457	12.97498	19.09522	238.8382	
2186648792000	2177959842413	None	Pursuit	(185.47, 166.96)	(223.71, 172.72)	2156.962	0.2834473	30.62301	18.12313	237.879	
2186665458000	2177976508105	None	Pursuit	(178.95, 166.14)	(229.41, 171.57)	2156.962	0.3000488	80.88359	15.75118	233.5312	
2186682125000	2177993174808	None	Unknown	(169.00, 164.07)	(239.21, 171.20)	NaN	NaN	NaN	NaN	NaN	
2186698791000	2178009840523	None	Saccade	(158.88, 161.87)	(249.66, 171.56)	2157.278	0.0168457	127.3077	4.287957	97.11644	
2186715458000	2178026507276	None	Unknown	(151.29, 161.41)	(257.77, 171.83)	NaN	NaN	NaN	NaN	NaN	
2186732126000	2178043175000	None	Pursuit	(147.28, 161.52)	(262.33, 172.44)	2157.312	0.01660156	49.37626	1.645875	75.41412	
2186748791000	2178059839741	None	Pursuit	(146.41, 161.70)	(263.37, 172.73)	2157.312	0.03320313	10.87265	2.003703	73.59921	
2186765458000	2178076506864	None	Pursuit	(147.50, 161.20)	(262.38, 172.60)	2157.312	0.05004883	14.7039	1.557247	80.16291	
2186782124000	2178093172269	None	Pursuit	(149.29, 161.15)	(259.50, 172.43)	2157.312	0.06665039	22.02641	0.8278084	84.38288	
2186798791000	2178109838959	None	Pursuit	(152.07, 161.46)	(256.26, 172.30)	2157.312	0.08325195	34.44087	0.3206118	261.0494	
2186815457000	2178126504735	None	Pursuit	(153.46, 162.27)	(253.84, 171.99)	2157.312	0.1000977	19.68933	0.9545694	278.7082	
2186832124000	2178143171415	None	Pursuit	(154.54, 161.37)	(253.72, 173.97)	2157.312	0.1166992	17.34048	1.332257	256.3354	
2186848790000	2178159837197	None	Unknown	(159.02, 154.70)	(256.85, 184.69)	NaN	NaN	NaN	NaN	NaN	
2186865456000	2178176502899	None	Saccade	(160.26, 152.82)	(259.11, 190.31)	2157.445	0.01660156	74.53117	2.484372	171.1202	
2186882123000	2178193169745	None	Pursuit	(159.51, 154.44)	(260.02, 191.26)	2157.462	0.0168457	22.00339	0.7334463	11.99608	
2186898789000	2178209836176	None	Pursuit	(160.05, 155.72)	(259.67, 193.21)	2157.462	0.03344727	17.20975	1.196035	351.1272	
2186915456000	2178226502074	None	Pursuit	(160.63, 156.85)	(259.21, 194.93)	2157.462	0.05004883	15.58969	1.661505	341.7261	
2186932123000	2178243169284	None	Pursuit	(162.08, 157.91)	(258.44, 197.00)	2157.462	0.06665039	22.04969	2.218863	327.3914	
2186948788000	2178259833546	None	Pursuit	(164.56, 158.81)	(257.17, 200.41)	2157.462	0.08349609	32.4484	3.023187	311.3414	
2186965455000	2178276500263	None	Pursuit	(166.78, 158.95)	(255.52, 201.77)	2157.462	0.1000977	27.34639	3.669563	300.2676	
2186982121000	2178293166010	None	Pursuit	(167.77, 160.12)	(254.59, 201.80)	2157.462	0.1166992	18.81271	4.293234	301.2116	
2186998788000	2178309833024	None	Pursuit	(167.46, 160.76)	(254.89, 201.98)	2157.462	0.1333008	8.70797	4.395545	304.7949	
2187015455000	2178326499444	None	Pursuit	(167.58, 161.47)	(254.40, 201.79)	2157.462	0.1501465	8.854895	4.646396	306.7671	
2187032121000	2178343165227	None	Fixation	(167.94, 162.03)	(254.09, 201.61)	2157.612	0.01660156	NaN	NaN	NaN	
2187048788000	2178359832039	None	Fixation	(168.22, 162.50)	(253.71, 201.48)	2157.628	0.01660156	NaN	NaN	NaN	
2187065454000	2178376497725	None	Saccade	(167.54, 159.45)	(257.36, 205.73)	2157.645	0.0168457	68.86323	2.295441	152.3401	
2187082121000	2178393164499	None	Saccade	(166.60, 154.80)	(262.31, 212.73)	2157.662	0.01660156	58.27478	5.804607	155.603	
2187098787000	2178409830184	None	Unknown	(167.37, 155.02)	(261.32, 212.31)	NaN	NaN	NaN	NaN	NaN	
2187115454000	2178426496897	None	Pursuit	(167.21, 155.36)	(261.58, 211.99)	2157.695	0.01660156	4.62585	0.154195	11.93326	
2187132120000	2178443162771	None	Pursuit	(167.23, 155.46)	(261.03, 211.35)	2157.695	0.03344727	1.26201	0.190198	4.648813	
2187148786000	2178459828436	None	Unknown	(167.03, 156.02)	(260.81, 210.74)	NaN	NaN	NaN	NaN	NaN	
2187165453000	2178476495172	None	Fixation	(166.72, 156.21)	(260.57, 210.07)	2157.745	0.01660156	NaN	NaN	NaN	
2187182120000	2178493161830	None	Fixation	(166.54, 156.68)	(260.53, 209.57)	2157.745	0.03320313	NaN	NaN	NaN	
2187198786000	2178509827561	None	Fixation	(166.40, 156.75)	(260.39, 209.24)	2157.745	0.05004883	NaN	NaN	NaN	
2187215453000	2178526494348	None	Fixation	(166.18, 156.98)	(260.36, 209.08)	2157.745	0.06665039	NaN	NaN	NaN	
2187232119000	2178543160647	None	Fixation	(165.89, 156.52)	(260.68, 209.04)	2157.745	0.08325195	NaN	NaN	NaN	
2187248786000	2178559826816	None	Fixation	(165.06, 156.18)	(261.37, 209.47)	2157.745	0.09985352	NaN	NaN	NaN	
2187265452000	2178576492527	None	Fixation	(164.78, 155.27)	(261.89, 210.60)	2157.745	0.1166992	NaN	NaN	NaN	
2187282119000	2178593159296	None	Saccade	(166.06, 150.44)	(265.22, 216.95)	2157.862	0.01660156	61.39531	2.940536	173.5664	
2187298786000	2178609826016	None	Unknown	(166.33, 149.16)	(265.67, 217.72)	NaN	NaN	NaN	NaN	NaN	
2187315452000	2178626491703	None	Pursuit	(166.30, 148.71)	(266.29, 217.18)	2157.895	0.0168457	5.601419	0.186714	164.1039	
2187332119000	2178643158591	None	Pursuit	(166.07, 149.05)	(266.26, 216.38)	2157.895	0.03344727	5.076144	0.1164196	101.1755	
2187348784000	2178659823259	None	Unknown	(165.87, 149.66)	(265.39, 215.02)	NaN	NaN	NaN	NaN	NaN	
2187365451000	2178676489949	None	Saccade	(165.05, 150.85)	(264.05, 213.24)	2157.945	0.01660156	27.41857	0.9139523	336.0918	
2187382118000	2178693156918	None	Saccade	(164.38, 151.69)	(262.31, 211.39)	2157.962	0.0168457	13.27379	0.4424596	25.86495	
2187398784000	2178709822754	None	Pursuit	(164.06, 152.60)	(261.27, 209.77)	2157.962	0.03344727	11.89629	0.8264816	16.4876	
2187415451000	2178726489502	None	Pursuit	(164.35, 153.13)	(259.67, 208.74)	2157.962	0.05004883	7.402721	0.981008	4.222713	
2187432117000	2178743155274	None	Pursuit	(163.71, 153.44)	(258.30, 208.16)	2157.945	0.08325195	18.39434	4.050025	327.0609	
2187448784000	2178759821624	None	Pursuit	(163.32, 154.28)	(256.33, 207.52)	2157.945	0.1000977	25.37491	4.823179	322.613	
2187465451000	2178776488356	None	Pursuit	(162.67, 154.70)	(254.03, 206.87)	2157.945	0.1166992	29.475	5.736059	318.6552	
2187482117000	2178793154082	None	Pursuit	(161.70, 155.18)	(252.37, 206.19)	2157.945	0.1333008	22.05178	6.45325	317.1382	
2187498784000	2178809820825	None	Saccade	(160.11, 155.47)	(250.90, 205.56)	2158.078	0.01660156	19.85837	0.6619458	66.67621	
2187515449000	2178826486048	None	Pursuit	(158.36, 155.47)	(250.52, 204.86)	2158.078	0.03344727	21.53438	1.374058	72.10249	
2187532116000	2178843152696	None	Pursuit	(156.33, 154.77)	(251.33, 204.58)	2158.078	0.05004883	26.43109	2.208344	81.42701	
2187548783000	2178859832133	None	Pursuit	(154.46, 153.50)	(252.98, 204.68)	2158.078	0.06665039	27.80046	3.047875	90.09989	
2187565449000	2178876484752	None	Saccade	(152.03, 151.63)	(255.11, 204.77)	2158.145	0.0168457	26.23417	0.8744723	105.365	
2187582116000	2178893151554	None	Pursuit	(150.20, 150.05)	(257.85, 204.64)	2158.078	0.1000977	29.66899	5.161905	101.0617	
2187598782000	2178909817261	None	Pursuit	(148.04, 152.76)	(258.34, 201.11)	2158.078	0.1166992	42.55856	5.686116	87.08609	
2187615449000	2178926484289	None	Pursuit	(147.99, 149.50)	(262.93, 202.52)	2158.078	0.1333008	40.07772	6.082575	99.53951	
2187632116000	2178943150728	None	Pursuit	(147.95, 148.15)	(266.57, 203.07)	2158.078	0.1501465	16.54699	6.330571	104.0897	
2187648782000	2178959816480	None	Pursuit	(148.71, 147.46)	(269.80, 203.52)	2158.078	0.166748	12.68278	6.196069	107.7569	
2187665449000	2178976483213	None	Pursuit	(149.99, 147.51)	(271.75, 203.55)	2158.078	0.1833496	15.74908	5.738356	110.2274	
2187682114000	2178993147870	None	Pursuit	(151.47, 147.81)	(273.08, 203.42)	2158.078	0.1999512	18.5699	5.170019	112.8075	
2187698781000	2179009814650	None	Pursuit	(153.47, 148.06)	(274.15, 203.15)	2158.078	0.2167969	24.82804	4.460624	117.8946	
2187715448000	2179026481362	None	Pursuit	(156.01, 148.49)	(274.37, 203.11)	2158.078	0.2333984	31.7092	3.599859	126.674	
2187732114000	2179043147162	None	Pursuit	(158.64, 148.37)	(274.82, 203.29)	2158.078	0.25	32.32697	3.062351	142.844	
2187748781000	2179059814059	None	Pursuit	(161.54, 148.27)	(275.00, 203.24)	2158.078	0.2666016	35.69252	2.837174	165.7037	
2187748781000	2179059814022	None	Pursuit	(161.54, 148.27)	(275.00, 203.24)	2158.078	0.2666016	35.69252	2.837174	165.7037	
2187782114000	2179093146397	None	Pursuit	(163.50, 147.93)	(275.50, 202.99)	2158.078	0.3000488	0.3388444	3.064153	180.9766	
2187782114000	2179093146316	None	Pursuit	(163.50, 147.93)	(275.50, 202.99)	2158.078	0.3000488	0.3388444	3.064153	180.9766	
2187815447000	2179126478789	None	Fixation	(160.71, 147.76)	(275.30, 202.22)	2158.328	0.08349609	NaN	NaN	NaN	
2187815447000	2179126478794	None	Fixation	(160.71, 147.76)	(275.30, 202.22)	2158.328	0.08349609	NaN	NaN	NaN	
2187848780000	2179159811672	None	Saccade	(153.12, 154.06)	(270.27, 194.78)	2158.428	0.01660156	100.0103	3.333677	342.6094	
2187848780000	2179159811658	None	Saccade	(153.12, 154.06)	(270.27, 194.78)	2158.428	0.01660156	100.0103	3.333677	342.6094	
2187882112000	2179193142806	None	Unknown	(144.96, 172.60)	(260.76, 179.37)	NaN	NaN	NaN	NaN	NaN	
2187882112000	2179193142906	None	Unknown	(144.96, 172.60)	(260.76, 179.37)	NaN	NaN	NaN	NaN	NaN	
2187915446000	2179226476210	None	Pursuit	(146.63, 170.37)	(259.18, 181.08)	2158.479	0.03320313	5.591861	1.141736	203.8331	
2187915446000	2179226476175	None	Pursuit	(146.63, 170.37)	(259.18, 181.08)	2158.479	0.03320313	5.591861	1.141736	203.8331	
2187932112000	2179243142017	None	Pursuit	(147.18, 170.13)	(258.84, 181.83)	2158.479	0.04980469	7.319331	1.36011	208.8373	
2187948779000	2179259808682	None	Pursuit	(147.75, 170.05)	(258.47, 182.91)	2158.479	0.06665039	7.09685	1.54773	214.5295	
2187965445000	2179276474630	None	Pursuit	(148.13, 170.13)	(258.27, 184.11)	2158.479	0.08325195	15.05774	2.19761	220.6696	
2187982112000	2179293141155	None	Pursuit	(149.10, 170.20)	(257.99, 185.72)	2158.479	0.09985352	20.01638	2.83988	216.5238	
2187998779000	2179309807951	None	Pursuit	(149.53, 170.54)	(258.33, 187.28)	2158.479	0.1164551	19.60664	3.391383	210.046	
2188015445000	2179326474043	None	Pursuit	(150.07, 171.32)	(258.04, 188.29)	2158.479	0.1333008	12.9664	3.823525	209.9206	
2188032112000	2179343140413	None	Pursuit	(151.22, 171.68)	(256.56, 188.91)	2158.479	0.1499023	19.76979	4.275068	216.7267	
2188048779000	2179359807227	None	Saccade	(153.21, 172.10)	(255.36, 189.59)	2158.628	0.01660156	24.92666	0.8308887	268.8288	
2188065445000	2179376472871	None	Pursuit	(155.33, 172.48)	(254.94, 189.84)	2158.628	0.03320313	26.484	1.713538	268.0445	
2188082111000	2179393138650	None	Pursuit	(155.70, 172.29)	(254.66, 189.91)	2158.628	0.05004883	5.169798	1.852975	264.7881	
2188098778000	2179409805346	None	Pursuit	(155.82, 172.49)	(254.49, 189.97)	2158.628	0.06665039	2.815093	1.91263	266.9927	
2188115446000	2179426473054	None	Fixation	(156.29, 172.39)	(254.26, 190.10)	2158.695	0.01660156	NaN	NaN	NaN	
2188132112000	2179443138837	None	Fixation	(156.10, 172.20)	(254.22, 190.29)	2158.712	0.0168457	NaN	NaN	NaN	
2188148778000	2179459804533	None	Fixation	(156.23, 172.16)	(254.62, 190.33)	2158.712	0.03344727	NaN	NaN	NaN	
2188165444000	2179476470243	None	Fixation	(156.28, 171.98)	(254.50, 190.47)	2158.712	0.05004883	NaN	NaN	NaN	
2188182111000	2179493137075	None	Fixation	(156.70, 171.61)	(254.63, 190.64)	2158.712	0.06665039	NaN	NaN	NaN	
2188198778000	2179509803792	None	Fixation	(156.73, 171.31)	(254.73, 190.73)	2158.712	0.08349609	NaN	NaN	NaN	
2188215443000	2179526468491	None	Fixation	(156.72, 171.34)	(254.49, 191.10)	2158.712	0.1000977	NaN	NaN	NaN	
2188232110000	2179543135182	None	Fixation	(156.58, 171.50)	(254.57, 191.02)	2158.712	0.1166992	NaN	NaN	NaN	
2188248777000	2179559801987	None	Fixation	(156.44, 171.52)	(254.56, 190.87)	2158.712	0.1333008	NaN	NaN	NaN	
2188265443000	2179576467689	None	Fixation	(155.38, 171.58)	(254.58, 190.78)	2158.712	0.1501465	NaN	NaN	NaN	
2188282110000	2179593134495	None	Fixation	(155.22, 171.07)	(254.60, 190.98)	2158.712	0.166748	NaN	NaN	NaN	
2188298776000	2179609800132	None	Fixation	(155.12, 170.73)	(254.59, 190.75)	2158.712	0.1833496	NaN	NaN	NaN	
2188315443000	2179626467413	None	Fixation	(155.27, 170.77)	(254.66, 189.96)	2158.712	0.1999512	NaN	NaN	NaN	
2188332109000	2179643132798	None	Fixation	(156.33, 170.59)	(254.12, 188.78)	2158.712	0.2167969	NaN	NaN	NaN	
2188348776000	2179659799399	None	Saccade	(156.92, 170.64)	(252.19, 187.85)	2158.928	0.01660156	26.40264	0.8800881	308.597	
2188365443000	2179676466116	None	Pursuit	(156.32, 171.21)	(251.06, 186.83)	2158.928	0.03320313	18.7167	1.488555	315.5025	
2188382109000	2179693131873	None	Pursuit	(154.65, 171.90)	(250.50, 185.58)	2158.928	0.05004883	16.77368	1.98097	324.3482	
2188398776000	2179709798570	None	Saccade	(152.74, 172.90)	(250.30, 184.14)	2158.979	0.01660156	26.47374	0.8824581	49.28289	
2188415441000	2179726463321	None	Pursuit	(151.56, 174.03)	(249.79, 182.52)	2158.979	0.03320313	20.06499	1.536802	42.46653	
2188432108000	2179743130075	None	Pursuit	(150.86, 174.47)	(249.69, 181.14)	2158.979	0.04980469	10.15089	1.874958	42.86539	
2188448775000	2179759797256	None	Pursuit	(150.03, 174.20)	(249.44, 179.95)	2158.979	0.06665039	10.71769	2.114501	50.49799	
2188465441000	2179776462523	None	Pursuit	(148.22, 174.19)	(249.21, 178.57)	2158.979	0.08325195	22.26691	2.796365	57.41072	
2188482108000	2179793129282	None	Pursuit	(146.30, 173.98)	(249.59, 177.19)	2158.979	0.09985352	23.78514	3.527777	62.99481	
2188498774000	2179809795012	None	Pursuit	(144.27, 174.58)	(250.49, 175.64)	2158.979	0.1164551	25.9714	4.392882	62.52242	
2188515441000	2179826461774	None	Pursuit	(142.78, 175.12)	(252.02, 174.35)	2158.979	0.1333008	19.60178	5.043758	61.82501	
2188532108000	2179843128593	None	Pursuit	(140.94, 175.38)	(253.34, 173.61)	2158.979	0.1499023	22.83818	5.799883	62.76121	
2188548774000	2179859794181	None	Pursuit	(140.78, 173.34)	(255.86, 175.37)	2158.979	0.1665039	25.23912	5.717921	71.09917	
2188565441000	2179876460961	None	Unknown	(142.81, 167.48)	(258.26, 181.38)	NaN	NaN	NaN	NaN	NaN	
2188582107000	2179893126698	None	Unknown	(141.87, 167.80)	(259.28, 180.03)	NaN	NaN	NaN	NaN	NaN	
2188598774000	2179909793474	None	Pursuit	(141.58, 167.51)	(260.76, 180.30)	2159.178	0.01660156	5.126282	0.1708761	122.5047	
2188615440000	2179926459231	None	Pursuit	(141.51, 167.78)	(262.33, 180.16)	2159.178	0.03320313	3.506342	0.1453934	80.07849	
2188632107000	2179943125894	None	Pursuit	(142.00, 167.26)	(263.45, 180.47)	2159.178	0.05004883	14.3264	1.718864	109.1591	
2188648773000	2179959791741	None	Pursuit	(142.66, 167.10)	(264.36, 180.83)	2159.178	0.06665039	12.0134	2.108282	111.9685	
2188665439000	2179976457381	None	Pursuit	(142.43, 166.44)	(264.50, 181.00)	2159.178	0.08325195	2.740884	2.176584	113.5916	
2188682106000	2179993124163	None	Fixation	(143.29, 166.54)	(264.29, 181.55)	2159.229	0.04980469	NaN	NaN	NaN	
2188698772000	2180009789847	None	Fixation	(144.13, 166.74)	(263.05, 182.34)	2159.229	0.06665039	NaN	NaN	NaN	
2188715439000	2180026456622	None	Saccade	(145.81, 167.13)	(261.39, 183.36)	2159.295	0.01660156	23.98707	0.7995692	251.323	
2188732106000	2180043123429	None	Saccade	(148.35, 166.69)	(259.39, 185.06)	2159.312	0.01660156	31.73636	1.057879	247.1665	
2188748772000	2180059789138	None	Pursuit	(151.19, 165.76)	(257.75, 187.44)	2159.312	0.03320313	36.76086	2.277183	242.673	
2188765439000	2180076455813	None	Pursuit	(153.50, 164.08)	(257.02, 189.36)	2159.312	0.05004883	35.08717	3.392008	235.3775	
2188782104000	2180093120574	None	Pursuit	(154.04, 163.13)	(257.15, 190.38)	2159.312	0.06665039	13.47578	3.752294	231.0681	
2188798771000	2180109787307	None	Pursuit	(153.22, 162.83)	(258.13, 191.13)	2159.312	0.08325195	10.67426	3.514515	226.891	
2188815437000	2180126453045	None	Pursuit	(152.77, 162.99)	(259.21, 191.34)	2159.312	0.09985352	5.892981	3.321434	226.285	
2188832104000	2180143119797	None	Pursuit	(153.60, 163.52)	(259.07, 193.52)	2159.295	0.1333008	26.85649	4.865818	212.5943	
2188848771000	2180159786491	None	Pursuit	(154.21, 162.96)	(259.25, 195.71)	2159.295	0.1499023	27.10159	5.702529	208.8888	
2188865437000	2180176452253	None	Pursuit	(153.77, 163.20)	(259.85, 195.47)	2159.295	0.1665039	8.04976	5.542676	206.6923	
2188882104000	2180193119067	None	Pursuit	(154.29, 163.07)	(259.54, 195.69)	2159.295	0.1833496	4.710603	5.660254	207.7569	
2188898771000	2180209785746	None	Fixation	(154.25, 163.22)	(259.64, 195.67)	2159.428	0.06665039	NaN	NaN	NaN	
2188915437000	2180226452070	None	Fixation	(153.66, 163.54)	(260.04, 195.75)	2159.428	0.08325195	NaN	NaN	NaN	
2188932104000	2180243118717	None	Fixation	(153.26, 163.56)	(260.40, 195.62)	2159.428	0.09985352	NaN	NaN	NaN	
2188948769000	2180259783270	None	Fixation	(153.36, 163.56)	(260.66, 195.52)	2159.428	0.1166992	NaN	NaN	NaN	
2188965436000	2180276449662	None	Fixation	(153.29, 163.76)	(261.12, 196.03)	2159.428	0.1333008	NaN	NaN	NaN	
2188982103000	2180293116447	None	Fixation	(152.41, 163.45)	(261.44, 196.02)	2159.428	0.1499023	NaN	NaN	NaN	
2188998769000	2180309782262	None	Saccade	(151.19, 166.50)	(259.65, 193.50)	2159.578	0.01660156	40.39374	1.346458	8.63499	
2189015436000	2180326448923	None	Saccade	(151.38, 169.21)	(258.98, 191.93)	2159.595	0.0168457	21.03462	0.7011539	349.9429	
2189032102000	2180343114645	None	Pursuit	(151.55, 168.52)	(260.71, 191.80)	2159.578	0.05004883	8.812622	2.106921	356.5582	
2189048769000	2180359781679	None	Pursuit	(151.78, 168.35)	(260.94, 192.02)	2159.578	0.06665039	3.515227	2.025263	354.2272	
2189065435000	2180376447145	None	Unknown	(152.34, 167.95)	(260.73, 192.36)	NaN	NaN	NaN	NaN	NaN	
2189082102000	2180393113892	None	Fixation	(153.15, 167.98)	(259.32, 192.26)	2159.662	0.0168457	NaN	NaN	NaN	
2189098769000	2180409780607	None	Fixation	(153.53, 168.17)	(258.78, 191.95)	2159.662	0.03344727	NaN	NaN	NaN	
2189115435000	2180426446563	None	Fixation	(153.42, 168.53)	(258.18, 191.22)	2159.662	0.05004883	NaN	NaN	NaN	
2189132102000	2180443113105	None	Fixation	(152.53, 168.53)	(258.17, 190.63)	2159.662	0.06689453	NaN	NaN	NaN	
2189148767000	2180459777803	None	Fixation	(152.08, 168.62)	(258.52, 190.21)	2159.662	0.08349609	NaN	NaN	NaN	
2189165434000	2180476444563	None	Fixation	(152.43, 168.33)	(258.69, 189.55)	2159.662	0.1000977	NaN	NaN	NaN	
2189182100000	2180493110323	None	Fixation	(151.96, 168.30)	(260.10, 188.93)	2159.662	0.1166992	NaN	NaN	NaN	
2189198767000	2180509777050	None	Saccade	(150.01, 168.12)	(261.98, 188.40)	2159.778	0.0168457	23.99088	0.7996959	87.136	
2189215434000	2180526443824	None	Saccade	(147.25, 167.75)	(263.37, 187.84)	2159.795	0.01660156	34.2512	1.141707	84.70418	
2189232100000	2180543109549	None	Pursuit	(144.25, 167.54)	(264.69, 187.67)	2159.795	0.03320313	36.99744	2.373757	82.81295	
2189248767000	2180559776277	None	Pursuit	(141.77, 167.17)	(266.12, 187.63)	2159.795	0.04980469	30.88861	3.402669	83.58252	
2189265434000	2180576443039	None	Pursuit	(140.34, 166.66)	(267.22, 187.51)	2159.795	0.06665039	18.6447	4.010121	85.61988	
2189282100000	2180593108771	None	Pursuit	(138.98, 166.69)	(268.39, 187.68)	2159.795	0.08325195	16.75212	4.561118	84.40533	
2189298767000	2180609775521	None	Pursuit	(137.93, 167.04)	(269.14, 187.15)	2159.795	0.09985352	13.61524	4.972586	82.10149	
2189315432000	2180626440254	None	Pursuit	(137.62, 167.51)	(269.70, 186.90)	2159.795	0.1164551	6.921406	5.088915	79.83203	
2189332099000	2180643107075	None	Unknown	(137.60, 167.79)	(269.33, 186.76)	NaN	NaN	NaN	NaN	NaN	
2189348765000	2180659772745	None	Fixation	(138.82, 168.22)	(269.11, 186.73)	2159.928	0.01660156	NaN	NaN	NaN	
2189365432000	2180676439466	None	Fixation	(139.46, 168.12)	(268.68, 186.97)	2159.928	0.03320313	NaN	NaN	NaN	
2189382099000	2180693106183	None	Fixation	(140.46, 168.18)	(268.74, 187.60)	2159.928	0.05004883	NaN	NaN	NaN	
2189398765000	2180709771957	None	Fixation	(141.20, 167.89)	(268.79, 188.64)	2159.928	0.06665039	NaN	NaN	NaN	
2189415432000	2180726438796	None	Fixation	(141.93, 167.99)	(268.04, 189.76)	2159.928	0.08325195	NaN	NaN	NaN	
2189432098000	2180743104409	None	Saccade	(142.21, 167.89)	(266.98, 190.92)	2160.012	0.01660156	19.34202	0.6447338	235.5029	
2189448765000	2180759771181	None	Pursuit	(143.11, 167.01)	(263.31, 191.68)	2160.012	0.03344727	46.0236	2.091234	260.9275	
2189465432000	2180776437929	None	Saccade	(145.20, 168.06)	(260.11, 191.59)	2160.045	0.01660156	28.77495	0.9591651	283.6978	
2189482097000	2180793102657	None	Pursuit	(147.23, 168.35)	(260.51, 191.80)	2160.045	0.03320313	25.22232	1.77596	274.9427	
2189498764000	2180809769451	None	Pursuit	(148.51, 168.26)	(260.44, 192.11)	2160.045	0.04980469	15.77416	2.272209	269.9839	
2189515430000	2180826435156	None	Pursuit	(149.49, 167.98)	(260.09, 192.26)	2160.045	0.06665039	12.57497	2.64702	265.5986	
2189532097000	2180843101877	None	Pursuit	(149.94, 167.89)	(259.63, 192.41)	2160.045	0.08325195	5.576491	2.822316	264.3023	
2189548763000	2180859768166	None	Fixation	(150.16, 167.74)	(259.77, 192.40)	2160.112	0.03320313	NaN	NaN	NaN	
2189565430000	2180876434343	None	Fixation	(150.47, 167.81)	(259.86, 192.70)	2160.145	0.01660156	NaN	NaN	NaN	
2189582096000	2180893100089	None	Fixation	(150.62, 167.48)	(259.55, 193.02)	2160.145	0.03344727	NaN	NaN	NaN	
2189598762000	2180909765868	None	Fixation	(151.03, 167.47)	(259.94, 193.18)	2160.145	0.05004883	NaN	NaN	NaN	
2189615429000	2180926432576	None	Fixation	(151.09, 167.03)	(260.13, 193.60)	2160.145	0.06665039	NaN	NaN	NaN	
2189632095000	2180943098653	None	Fixation	(151.49, 167.07)	(260.20, 194.40)	2160.145	0.08325195	NaN	NaN	NaN	
2189648762000	2180959765107	None	Fixation	(151.79, 166.82)	(260.24, 194.66)	2160.145	0.1000977	NaN	NaN	NaN	
2189665428000	2180976430814	None	Fixation	(151.68, 166.89)	(260.11, 194.58)	2160.145	0.1166992	NaN	NaN	NaN	
2189682095000	2180993097631	None	Fixation	(150.73, 168.04)	(259.15, 193.70)	2160.145	0.1333008	NaN	NaN	NaN	
2189698762000	2181009764326	None	Fixation	(151.73, 167.99)	(259.34, 194.06)	2160.145	0.1501465	NaN	NaN	NaN	
2189715427000	2181026429125	None	Fixation	(151.60, 167.93)	(259.59, 194.24)	2160.145	0.166748	NaN	NaN	NaN	
2189732094000	2181043095745	None	Fixation	(152.59, 167.85)	(259.39, 194.40)	2160.145	0.1833496	NaN	NaN	NaN	
2189748761000	2181059762516	None	Fixation	(153.21, 167.56)	(260.04, 194.74)	2160.145	0.1999512	NaN	NaN	NaN	
2189765427000	2181076428243	None	Fixation	(153.94, 167.67)	(259.89, 195.10)	2160.145	0.2167969	NaN	NaN	NaN	
2189782094000	2181093094999	None	Fixation	(154.41, 167.57)	(260.06, 195.23)	2160.145	0.2333984	NaN	NaN	NaN	
2189798760000	2181109761243	None	Fixation	(154.82, 167.59)	(260.33, 195.67)	2160.145	0.25	NaN	NaN	NaN	
2189815427000	2181126428146	None	Fixation	(154.91, 167.80)	(259.95, 195.74)	2160.145	0.2666016	NaN	NaN	NaN	
2189832093000	2181143093215	None	Fixation	(155.51, 167.75)	(260.18, 196.04)	2160.145	0.2834473	NaN	NaN	NaN	
2189848760000	2181159760164	None	Fixation	(155.93, 167.92)	(260.52, 195.71)	2160.145	0.3000488	NaN	NaN	NaN	
2189865426000	2181176425729	None	Fixation	(156.07, 168.21)	(261.09, 195.32)	2160.145	0.3166504	NaN	NaN	NaN	
2189882093000	2181193092437	None	Fixation	(156.19, 168.81)	(261.42, 194.76)	2160.145	0.333252	NaN	NaN	NaN	
2189898760000	2181209759778	None	Fixation	(156.91, 169.26)	(261.65, 194.98)	2160.145	0.3500977	NaN	NaN	NaN	
2189915426000	2181226424930	None	Fixation	(157.46, 169.60)	(262.23, 195.35)	2160.145	0.3666992	NaN	NaN	NaN	
2189932093000	2181243091673	None	Fixation	(157.92, 169.72)	(262.49, 195.78)	2160.145	0.3833008	NaN	NaN	NaN	
2189948758000	2181259756438	None	Fixation	(157.67, 169.98)	(262.55, 195.65)	2160.145	0.4001465	NaN	NaN	NaN	
2189965425000	2181276423148	None	Fixation	(157.33, 170.06)	(262.40, 195.43)	2160.145	0.416748	NaN	NaN	NaN	
2189982092000	2181293090513	None	Fixation	(156.72, 169.98)	(262.67, 195.28)	2160.145	0.4333496	NaN	NaN	NaN	
2189998759000	2181309756637	None	Fixation	(156.06, 170.00)	(262.20, 194.98)	2160.145	0.4499512	NaN	NaN	NaN	
2190015425000	2181326422409	None	Fixation	(155.45, 169.45)	(261.73, 194.53)	2160.145	0.4667969	NaN	NaN	NaN	
2190032091000	2181343088143	None	Fixation	(155.44, 169.33)	(261.00, 194.35)	2160.145	0.4833984	NaN	NaN	NaN	
2190048758000	2181359754889	None	Fixation	(155.13, 168.21)	(260.01, 194.82)	2160.145	0.5	NaN	NaN	NaN	
2190065425000	2181376421617	None	Fixation	(155.24, 167.29)	(259.13, 195.48)	2160.145	0.5166016	NaN	NaN	NaN	
2190082091000	2181393087339	None	Fixation	(155.21, 166.76)	(259.72, 196.17)	2160.145	0.5334473	NaN	NaN	NaN	
2190098758000	2181409754111	None	Fixation	(155.38, 166.66)	(260.07, 196.56)	2160.145	0.5500488	NaN	NaN	NaN	
2190148756000	2181459751353	None	Saccade	(152.12, 172.95)	(258.27, 192.50)	2160.728	0.0168457	85.46914	2.848971	181.2695	
2190148756000	2181459751348	None	Saccade	(152.12, 172.95)	(258.27, 192.50)	2160.728	0.0168457	85.46914	2.848971	181.2695	
2190148756000	2181459751346	None	Saccade	(152.12, 172.95)	(258.27, 192.50)	2160.728	0.0168457	85.46914	2.848971	181.2695	
2190165423000	2181476418100	None	Saccade	(149.19, 182.13)	(255.19, 186.13)	2160.728	0.03344727	118.4684	6.775119	178.1686	
2190182090000	2181493084822	None	Unknown	(151.07, 184.18)	(252.67, 184.82)	NaN	NaN	NaN	NaN	NaN	
2190198756000	2181509750943	None	Pursuit	(152.60, 184.92)	(250.28, 184.57)	2160.778	0.0168457	20.80276	0.6934254	282.9528	
2190215423000	2181526417486	None	Pursuit	(154.77, 185.85)	(248.00, 184.07)	2160.778	0.03344727	29.01403	1.660028	281.2404	
2190232089000	2181543083491	None	Pursuit	(156.80, 186.46)	(245.76, 184.14)	2160.778	0.05004883	26.09747	2.525137	278.6845	
2190248756000	2181559749791	None	Pursuit	(158.69, 187.03)	(243.77, 183.92)	2160.778	0.06665039	24.35553	3.334629	277.4636	
2190265423000	2181576416543	None	Pursuit	(160.47, 187.22)	(241.99, 184.17)	2160.778	0.08349609	22.0094	4.049454	274.8889	
2190282089000	2181593082290	None	Pursuit	(161.60, 187.24)	(240.93, 184.45)	2160.778	0.1000977	13.82312	4.492655	273.1959	
2190298756000	2181609749022	None	Pursuit	(162.63, 186.72)	(240.72, 184.50)	2160.778	0.1166992	14.2548	4.850937	269.3647	
2190315421000	2181626414035	None	Pursuit	(163.26, 186.18)	(240.75, 184.97)	2160.778	0.1333008	10.20745	5.062775	266.2859	
2190332088000	2181643080738	None	Fixation	(163.56, 185.82)	(240.93, 184.98)	2160.912	0.0168457	NaN	NaN	NaN	
2190348754000	2181659746571	None	Fixation	(163.45, 184.83)	(241.64, 185.70)	2160.928	0.01660156	NaN	NaN	NaN	
2190365421000	2181676413005	None	Saccade	(160.34, 176.14)	(250.43, 192.69)	2160.945	0.01660156	113.5619	4.60553	144.4071	
2190382088000	2181693080161	None	Saccade	(157.70, 171.50)	(255.64, 197.00)	2160.945	0.03320313	65.68448	7.378709	142.7843	
2190398754000	2181709745845	None	Unknown	(156.69, 171.39)	(255.90, 195.73)	NaN	NaN	NaN	NaN	NaN	
2190415421000	2181726412738	None	Pursuit	(154.88, 170.82)	(258.01, 195.81)	2160.995	0.01660156	23.33994	0.777998	94.45969	
2190432087000	2181743077988	None	Pursuit	(153.56, 170.15)	(259.31, 195.13)	2160.995	0.03320313	18.2188	1.380546	98.64945	
2190448754000	2181759744720	None	Pursuit	(149.40, 171.26)	(261.67, 194.01)	2160.995	0.05004883	53.01299	2.990712	78.00983	
2190465421000	2181776411478	None	Pursuit	(144.98, 171.88)	(264.57, 193.07)	2160.995	0.06665039	54.82451	4.804162	74.59252	
2190482087000	2181793077446	None	Pursuit	(144.35, 171.31)	(265.21, 193.22)	2160.995	0.08325195	10.46035	5.057909	77.37241	
2190498754000	2181809744008	None	Pursuit	(140.75, 171.42)	(267.28, 192.92)	2160.995	0.09985352	44.34426	6.535314	76.90736	
2190515419000	2181826408690	None	Pursuit	(138.33, 172.81)	(268.34, 192.22)	2160.995	0.1166992	34.30266	7.548456	72.58238	
2190532086000	2181843075443	None	Pursuit	(137.68, 173.37)	(268.22, 191.68)	2160.995	0.1333008	10.60177	7.836015	71.05202	
2190548753000	2181859742187	None	Pursuit	(136.23, 174.07)	(267.42, 190.45)	2160.995	0.1499023	19.86512	8.461992	69.5327	
2190565419000	2181876407906	None	Pursuit	(138.85, 173.19)	(266.14, 191.03)	2160.995	0.1665039	34.02787	7.352582	71.24801	
2190582086000	2181893074676	None	Saccade	(140.30, 172.75)	(265.23, 191.08)	2161.162	0.0168457	11.16457	0.3721521	279.9143	
2190598752000	2181909740419	None	Pursuit	(142.70, 172.27)	(264.12, 191.70)	2160.995	0.1999512	30.14534	5.744773	73.41621	
2190615419000	2181926407137	None	Pursuit	(145.53, 171.61)	(262.54, 192.19)	2160.995	0.2165527	35.68589	4.576108	75.89516	
2190632085000	2181943072929	None	Pursuit	(147.48, 171.22)	(261.41, 192.72)	2160.995	0.2331543	24.45655	3.776291	78.06907	
2190648752000	2181959739672	None	Pursuit	(148.42, 170.47)	(261.03, 193.33)	2160.995	0.25	14.79774	3.412673	83.3905	
2190665419000	2181976406408	None	Pursuit	(149.60, 169.92)	(260.85, 194.01)	2160.995	0.2666016	16.05344	2.966704	88.71768	
2190682085000	2181993072115	None	Pursuit	(149.93, 169.48)	(260.88, 194.41)	2160.995	0.2832031	6.710278	2.881782	92.77337	
2190698752000	2182009739085	None	Pursuit	(150.25, 168.85)	(261.11, 194.97)	2160.995	0.3000488	8.731491	2.838483	98.54156	
2190715419000	2182026406039	None	Fixation	(150.39, 168.47)	(261.33, 195.60)	2161.278	0.03344727	NaN	NaN	NaN	
2190732086000	2182043072527	None	Fixation	(150.72, 167.71)	(261.54, 195.85)	2161.312	0.01660156	NaN	NaN	NaN	
2190748750000	2182059736120	None	Fixation	(150.73, 167.59)	(261.71, 196.35)	2161.312	0.03320313	NaN	NaN	NaN	
2190765417000	2182076402848	None	Fixation	(151.11, 166.91)	(261.57, 196.66)	2161.312	0.05004883	NaN	NaN	NaN	
2190782084000	2182093070203	None	Fixation	(151.41, 166.82)	(261.59, 197.08)	2161.312	0.06665039	NaN	NaN	NaN	
2190798750000	2182109735336	None	Fixation	(151.30, 166.68)	(261.93, 197.48)	2161.312	0.08325195	NaN	NaN	NaN	
2190815417000	2182126402688	None	Fixation	(152.00, 166.49)	(261.60, 197.49)	2161.312	0.09985352	NaN	NaN	NaN	
2190832083000	2182143067841	None	Fixation	(152.45, 167.31)	(260.53, 196.77)	2161.312	0.1166992	NaN	NaN	NaN	
2190848750000	2182159734580	None	Saccade	(153.19, 171.42)	(257.31, 194.12)	2161.428	0.01660156	51.33141	1.711047	329.6213	
2190865417000	2182176401325	None	Pursuit	(153.75, 169.91)	(257.68, 194.93)	2161.428	0.03320313	19.75959	1.191455	320.4432	
2190882083000	2182193067077	None	Pursuit	(154.14, 169.73)	(257.51, 194.93)	2161.428	0.04980469	5.307504	1.209856	312.0386	
2190898750000	2182209733854	None	Pursuit	(154.31, 169.40)	(257.61, 195.20)	2161.428	0.06665039	4.490026	1.148674	305.3963	
2190915415000	2182226398623	None	Unknown	(154.31, 169.22)	(257.61, 195.18)	NaN	NaN	NaN	NaN	NaN	
2190932082000	2182243065344	None	Fixation	(154.58, 168.70)	(257.86, 195.66)	2161.512	0.01660156	NaN	NaN	NaN	
2190948748000	2182259731050	None	Fixation	(154.60, 168.21)	(258.66, 196.19)	2161.512	0.03344727	NaN	NaN	NaN	
2190965415000	2182276397836	None	Fixation	(154.52, 167.42)	(259.32, 196.85)	2161.512	0.05004883	NaN	NaN	NaN	
2190982083000	2182293065575	None	Fixation	(154.18, 166.76)	(260.28, 197.16)	2161.512	0.06665039	NaN	NaN	NaN	
2190998750000	2182309732287	None	Saccade	(153.39, 165.91)	(261.30, 197.87)	2161.578	0.01660156	15.26247	0.5087489	137.468	
2191015415000	2182326397055	None	Saccade	(152.84, 164.98)	(262.77, 198.59)	2161.595	0.0168457	13.32337	0.4441123	136.7202	
2191032081000	2182343063121	None	Pursuit	(152.26, 164.07)	(264.06, 199.81)	2161.595	0.03344727	13.25608	0.8858364	135.6854	
2191048748000	2182359729541	None	Pursuit	(151.52, 163.68)	(265.35, 200.66)	2161.595	0.05004883	10.33247	1.193747	127.0793	
2191065414000	2182376395594	None	WinkRight	(149.30, 170.27)	(261.53, 194.92)	NaN	NaN	NaN	NaN	NaN	
2191082081000	2182393062030	None	WinkRight	(147.63, 174.16)	(259.78, 191.92)	NaN	NaN	NaN	NaN	NaN	
2191098748000	2182409728782	None	WinkRight	(147.77, 179.35)	(257.08, 188.91)	NaN	NaN	NaN	NaN	NaN	
2191115413000	2182426393568	None	WinkRight	(148.32, 178.97)	(257.00, 188.48)	NaN	NaN	NaN	NaN	NaN	
2191132080000	2182443060270	None	WinkRight	(148.28, 178.72)	(257.13, 188.46)	NaN	NaN	NaN	NaN	NaN	
2191148747000	2182459727005	None	WinkRight	(148.31, 180.11)	(256.05, 186.45)	NaN	NaN	NaN	NaN	NaN	
2191165413000	2182476392740	None	WinkRight	(148.77, 182.12)	(254.44, 184.52)	NaN	NaN	NaN	NaN	NaN	
2191182080000	2182493059518	None	WinkRight	(149.67, 183.87)	(252.23, 182.95)	NaN	NaN	NaN	NaN	NaN	
2191198746000	2182509725266	None	WinkRight	(151.04, 179.97)	(254.16, 184.44)	NaN	NaN	NaN	NaN	NaN	
2191215413000	2182526392201	None	WinkRight	(151.77, 177.97)	(254.69, 185.83)	NaN	NaN	NaN	NaN	NaN	
2191232079000	2182543057734	None	Unknown	(152.23, 175.81)	(255.68, 187.05)	NaN	NaN	NaN	NaN	NaN	
2191248746000	2182559724470	None	Unknown	(152.86, 173.97)	(256.54, 188.44)	NaN	NaN	NaN	NaN	NaN	
2191265412000	2182576390237	None	Pursuit	(152.93, 172.23)	(257.67, 190.08)	2161.845	0.0168457	21.43676	0.7145585	169.1962	
2191282079000	2182593057527	None	Pursuit	(152.91, 170.65)	(258.79, 191.07)	2161.845	0.03344727	19.40769	1.361088	167.8861	
2191298746000	2182609724415	None	Pursuit	(152.02, 166.73)	(259.33, 192.92)	2161.845	0.05004883	49.47106	2.988943	160.3969	
2191315411000	2182626388470	None	Pursuit	(153.88, 165.50)	(258.07, 193.85)	2161.845	0.06665039	27.45419	3.498919	173.8909	
2191332078000	2182643055242	None	Pursuit	(156.18, 165.33)	(258.29, 194.96)	2161.845	0.08349609	28.31471	3.795307	188.0155	
2191348744000	2182659720955	None	Pursuit	(155.07, 166.44)	(259.67, 194.12)	2161.845	0.1000977	19.25784	3.219212	183.3726	
2191365411000	2182676387689	None	Pursuit	(156.18, 165.29)	(259.28, 195.81)	2161.845	0.1166992	19.64142	3.812284	187.9097	
2191382078000	2182693054463	None	Fixation	(156.94, 164.89)	(258.75, 195.80)	2161.962	0.01660156	NaN	NaN	NaN	
2191398744000	2182709720201	None	Fixation	(156.84, 164.63)	(259.21, 196.70)	2161.978	0.0168457	NaN	NaN	NaN	
2191415411000	2182726386937	None	Fixation	(157.51, 164.31)	(259.09, 197.06)	2161.978	0.03344727	NaN	NaN	NaN	
2191432077000	2182743052693	None	Fixation	(158.17, 164.46)	(258.89, 197.47)	2161.978	0.05004883	NaN	NaN	NaN	
2191448744000	2182759719457	None	Fixation	(157.92, 164.30)	(258.77, 197.52)	2161.978	0.06665039	NaN	NaN	NaN	
2191465411000	2182776387307	None	Fixation	(157.55, 164.85)	(258.93, 197.52)	2161.978	0.08349609	NaN	NaN	NaN	
2191482077000	2182793052483	None	Fixation	(157.43, 164.79)	(258.64, 197.49)	2161.978	0.1000977	NaN	NaN	NaN	
2191498744000	2182809718657	None	Fixation	(157.23, 164.78)	(258.71, 197.69)	2161.978	0.1166992	NaN	NaN	NaN	
2191515410000	2182826384437	None	Fixation	(157.00, 164.83)	(258.86, 197.64)	2161.978	0.1335449	NaN	NaN	NaN	
2191532077000	2182843051201	None	Fixation	(157.25, 164.54)	(258.95, 198.03)	2161.978	0.1501465	NaN	NaN	NaN	
2191548742000	2182859715902	None	Fixation	(157.55, 164.29)	(259.05, 198.44)	2161.978	0.166748	NaN	NaN	NaN	
2191565409000	2182876382693	None	Fixation	(157.20, 163.75)	(259.53, 198.99)	2161.978	0.1833496	NaN	NaN	NaN	
2191582077000	2182893050824	None	Fixation	(157.40, 163.45)	(259.81, 199.50)	2161.978	0.2001953	NaN	NaN	NaN	
2191598744000	2182909717590	None	Fixation	(158.26, 162.71)	(259.89, 200.61)	2161.978	0.2167969	NaN	NaN	NaN	
2191615408000	2182926380911	None	Fixation	(158.86, 162.11)	(259.80, 201.20)	2161.978	0.2333984	NaN	NaN	NaN	
2191632075000	2182943047666	None	Fixation	(159.02, 161.54)	(259.91, 202.05)	2161.978	0.25	NaN	NaN	NaN	
2191648742000	2182959714426	None	Fixation	(159.34, 161.24)	(260.46, 202.53)	2161.978	0.2668457	NaN	NaN	NaN	
2191665408000	2182976380172	None	Fixation	(158.39, 162.52)	(259.28, 200.83)	2161.978	0.2834473	NaN	NaN	NaN	
2191682075000	2182993047002	None	Saccade	(157.72, 166.96)	(257.41, 198.04)	2162.262	0.01660156	55.12206	1.837402	347.3273	
2191698742000	2183009713646	None	Pursuit	(158.35, 165.04)	(257.82, 199.02)	2162.262	0.03320313	24.80506	1.030605	347.9989	
2191715408000	2183026379412	None	Pursuit	(158.42, 164.79)	(257.91, 199.49)	2162.262	0.05004883	3.160262	0.9300041	346.17	
2191732075000	2183043046179	None	Pursuit	(158.79, 164.46)	(258.18, 199.74)	2162.262	0.06665039	6.087955	0.8119994	335.2684	
2191748741000	2183059712156	None	Fixation	(158.89, 164.46)	(258.36, 200.05)	2162.328	0.01660156	NaN	NaN	NaN	
2191765407000	2183076377620	None	Fixation	(158.62, 163.79)	(258.44, 200.65)	2162.345	0.0168457	NaN	NaN	NaN	
2191782073000	2183093043443	None	Fixation	(158.92, 163.20)	(258.83, 200.71)	2162.345	0.03344727	NaN	NaN	NaN	
2191798740000	2183109710146	None	Fixation	(158.66, 162.84)	(259.18, 201.35)	2162.345	0.05004883	NaN	NaN	NaN	
2191815407000	2183126376878	None	Fixation	(158.75, 162.31)	(259.83, 202.22)	2162.345	0.06665039	NaN	NaN	NaN	
2191832073000	2183143042618	None	WinkRight	(158.66, 161.74)	(260.97, 203.80)	NaN	NaN	NaN	NaN	NaN	
2191848740000	2183159709409	None	WinkRight	(158.59, 161.75)	(262.16, 206.40)	NaN	NaN	NaN	NaN	NaN	
2191865406000	2183176375127	None	Blink	(158.23, 163.67)	(264.57, 208.51)	NaN	NaN	NaN	NaN	NaN	
2191898740000	2183209708886	None	Blink	(0.00, 0.00)	(0.00, 0.00)	NaN	NaN	NaN	NaN	NaN	
2191915406000	2183226374596	None	Blink	(0.00, 0.00)	(0.00, 0.00)	NaN	NaN	NaN	NaN	NaN	
2191932073000	2183243041389	None	Blink	(0.00, 0.00)	(0.00, 0.00)	NaN	NaN	NaN	NaN	NaN	
2191932073000	2183243041321	None	Blink	(0.00, 0.00)	(0.00, 0.00)	NaN	NaN	NaN	NaN	NaN	
2191948738000	2183259706445	None	Blink	(174.95, 167.23)	(246.51, 212.83)	NaN	NaN	NaN	NaN	NaN	
2191965405000	2183276372608	None	Blink	(156.68, 163.98)	(266.31, 205.85)	NaN	NaN	NaN	NaN	NaN	
2191982071000	2183293039692	None	Blink	(155.62, 163.95)	(261.94, 205.56)	NaN	NaN	NaN	NaN	NaN	
2191998738000	2183309705758	None	Blink	(157.14, 164.10)	(262.35, 205.07)	NaN	NaN	NaN	NaN	NaN	
2192015405000	2183326372611	None	Blink	(156.85, 164.48)	(262.17, 204.05)	NaN	NaN	NaN	NaN	NaN	
2192032071000	2183343037577	None	Blink	(156.97, 165.50)	(260.51, 203.02)	NaN	NaN	NaN	NaN	NaN	
2192048738000	2183359704401	None	Blink	(156.72, 166.80)	(259.71, 201.20)	NaN	NaN	NaN	NaN	NaN	
2192065404000	2183376370188	None	Blink	(157.05, 168.41)	(258.11, 199.67)	NaN	NaN	NaN	NaN	NaN	
2192082071000	2183393037399	None	Blink	(157.34, 170.25)	(256.53, 197.94)	NaN	NaN	NaN	NaN	NaN	
2192098737000	2183409702575	None	WinkLeft	(157.23, 172.46)	(255.17, 196.11)	NaN	NaN	NaN	NaN	NaN	
2192115404000	2183426369347	None	WinkLeft	(156.30, 175.41)	(254.15, 193.44)	NaN	NaN	NaN	NaN	NaN	
2192132071000	2183443036156	None	WinkLeft	(156.38, 177.91)	(252.84, 191.81)	NaN	NaN	NaN	NaN	NaN	
2192148737000	2183459701812	None	Saccade	(156.06, 181.03)	(251.65, 189.76)	2162.412	0.3334961	232.5163	7.750543	347.4345	
2192165404000	2183476368569	None	Saccade	(155.24, 183.57)	(250.65, 187.97)	2162.412	0.3500977	32.92157	8.834539	356.3545	
2192182070000	2183493034328	None	Pursuit	(154.81, 186.20)	(249.59, 185.86)	2162.762	0.01660156	29.04949	0.9683163	346.165	
2192198737000	2183509701067	None	Pursuit	(154.35, 189.03)	(248.24, 183.82)	2162.778	0.01660156	35.34678	1.178226	356.2048	
2192215404000	2183526367825	None	Pursuit	(153.59, 192.07)	(247.69, 182.17)	2162.778	0.03344727	38.48658	2.458973	358.6973	
2192232070000	2183543033563	None	Pursuit	(152.98, 194.57)	(246.80, 180.36)	2162.778	0.05004883	31.64672	3.513368	359.3274	
2192248737000	2183559700326	None	Pursuit	(153.04, 196.02)	(246.01, 179.38)	2162.778	0.06665039	17.81001	4.089576	357.167	
2192265403000	2183576366071	None	Pursuit	(153.29, 196.42)	(245.77, 179.25)	2162.778	0.08349609	5.900979	4.23881	355.4036	
2192282070000	2183593032799	None	Unknown	(155.93, 185.92)	(250.37, 187.20)	NaN	NaN	NaN	NaN	NaN	
2192298736000	2183609698564	None	Unknown	(158.19, 183.22)	(250.80, 190.81)	NaN	NaN	NaN	NaN	NaN	
2192315403000	2183626365319	None	Pursuit	(159.36, 183.41)	(249.59, 189.76)	2162.895	0.01660156	14.59345	0.4864484	266.1317	
2192332070000	2183643032086	None	Pursuit	(160.15, 183.12)	(249.27, 189.98)	2162.895	0.03344727	10.29865	0.8031503	253.9664	
2192348736000	2183659697799	None	Pursuit	(160.79, 182.76)	(248.63, 189.82)	2162.895	0.05004883	9.029695	1.082437	247.0662	
2192365403000	2183676364559	None	Unknown	(161.58, 182.50)	(248.29, 189.94)	NaN	NaN	NaN	NaN	NaN	
2192382068000	2183693029294	None	Fixation	(162.03, 182.49)	(247.82, 189.94)	2162.962	0.01660156	NaN	NaN	NaN	
2192398735000	2183709696393	None	Fixation	(162.73, 182.35)	(247.47, 189.84)	2162.962	0.03344727	NaN	NaN	NaN	
2192415402000	2183726363100	None	Fixation	(163.24, 182.54)	(246.84, 190.07)	2162.962	0.05004883	NaN	NaN	NaN	
2192432068000	2183743028645	None	Fixation	(164.25, 182.62)	(246.12, 189.98)	2162.962	0.06665039	NaN	NaN	NaN	
2192448735000	2183759695294	None	Fixation	(164.76, 182.94)	(245.57, 189.91)	2162.962	0.08325195	NaN	NaN	NaN	
2192465401000	2183776361044	None	Fixation	(165.12, 183.48)	(244.72, 189.45)	2162.962	0.1000977	NaN	NaN	NaN	
2192482068000	2183793027809	None	Fixation	(165.30, 184.08)	(243.75, 188.86)	2162.962	0.1166992	NaN	NaN	NaN	
2192498734000	2183809693537	None	Saccade	(163.98, 180.35)	(247.62, 192.19)	2163.078	0.01660156	48.60265	2.09426	145.5706	
2192515401000	2183826360365	None	Saccade	(158.57, 175.92)	(254.75, 195.85)	2163.078	0.03344727	98.61067	5.345435	135.4312	
2192532068000	2183843027044	None	Unknown	(159.81, 176.77)	(252.89, 194.82)	NaN	NaN	NaN	NaN	NaN	
2192548734000	2183859692782	None	Pursuit	(160.20, 177.02)	(252.04, 194.12)	2163.128	0.01660156	5.675541	0.1891847	289.4238	
2192565400000	2183876358532	None	Pursuit	(160.98, 177.29)	(251.32, 193.74)	2163.128	0.03320313	10.1712	0.5252355	281.2515	
2192582066000	2183893024272	None	Pursuit	(161.78, 177.54)	(250.68, 193.37)	2163.128	0.05004883	9.114235	1.08326	316.2784	
2192598733000	2183909691028	None	Fixation	(162.71, 177.68)	(249.46, 193.45)	2163.178	0.01660156	NaN	NaN	NaN	
2192615400000	2183926357795	None	Saccade	(163.48, 178.52)	(248.38, 193.18)	2163.195	0.01660156	13.67283	0.455761	296.8354	
2192632066000	2183943023511	None	Saccade	(164.32, 179.02)	(247.37, 192.80)	2163.212	0.01660156	12.05595	0.4018651	287.7849	
2192648733000	2183959690269	None	Pursuit	(164.85, 179.40)	(246.64, 192.55)	2163.212	0.03344727	8.044394	0.6694287	289.7368	
2192665399000	2183976356002	None	Pursuit	(165.34, 179.71)	(245.96, 192.17)	2163.195	0.06665039	9.567326	1.526461	303.0479	
2192682066000	2183993022759	None	Fixation	(165.44, 180.50)	(245.30, 191.88)	2163.262	0.01660156	NaN	NaN	NaN	
2192698732000	2184009688554	None	Fixation	(165.89, 180.52)	(244.91, 191.47)	2163.262	0.03320313	NaN	NaN	NaN	
2192715399000	2184026355265	None	Saccade	(164.13, 176.88)	(249.03, 194.54)	2163.295	0.0168457	49.76695	2.103658	140.4479	
2192732066000	2184043022005	None	Saccade	(160.38, 173.97)	(253.81, 197.05)	2163.295	0.03344727	66.43678	4.304592	135.0674	
2192748732000	2184059687782	None	Unknown	(160.95, 174.29)	(252.98, 196.08)	NaN	NaN	NaN	NaN	NaN	
2192765399000	2184076354506	None	Pursuit	(160.13, 173.98)	(253.85, 195.77)	2163.345	0.0168457	10.75489	0.3584963	97.12471	
2192782065000	2184093020288	None	Pursuit	(158.90, 174.05)	(254.54, 195.02)	2163.345	0.03344727	15.20308	0.8484455	83.64221	
2192798732000	2184109687071	None	Pursuit	(157.06, 173.81)	(255.93, 194.71)	2163.345	0.05004883	22.77098	1.60746	83.90262	
2192815397000	2184126351768	None	Saccade	(153.76, 173.98)	(258.69, 193.74)	2163.395	0.01660156	35.92127	1.197376	83.78161	
2192832064000	2184143018619	None	Pursuit	(150.17, 173.50)	(261.85, 193.29)	2163.345	0.08349609	44.60123	4.432801	81.15205	
2192848730000	2184159684340	None	Pursuit	(146.69, 173.54)	(264.41, 192.65)	2163.345	0.1000977	42.74364	5.853793	79.98292	
2192865397000	2184176351055	None	Pursuit	(144.90, 173.25)	(266.25, 192.16)	2163.345	0.1166992	22.36142	6.595068	80.70327	
2192882064000	2184193018263	None	Pursuit	(142.98, 173.23)	(267.56, 192.00)	2163.345	0.1333008	23.57544	7.379831	80.36409	
2192898730000	2184209683709	None	Pursuit	(143.34, 172.98)	(267.31, 192.13)	2163.345	0.1501465	5.28093	7.242386	81.22604	
2192915397000	2184226350261	None	Pursuit	(145.49, 173.01)	(265.91, 192.30)	2163.345	0.166748	26.50458	6.360706	81.70262	
2192932063000	2184243016008	None	Pursuit	(146.85, 172.91)	(264.88, 192.25)	2163.345	0.1833496	16.75178	5.809863	82.56512	
2192948730000	2184259682765	None	Saccade	(147.64, 172.72)	(263.66, 191.81)	2163.528	0.01660156	15.87017	0.5290056	302.9064	
2192965397000	2184276349500	None	Pursuit	(151.94, 172.02)	(261.64, 193.46)	2163.345	0.2167969	53.58604	3.810199	91.13991	
2192982063000	2184293015334	None	Unknown	(159.75, 171.82)	(255.52, 197.73)	NaN	NaN	NaN	NaN	NaN	
2192998730000	2184309682010	None	Unknown	(159.54, 172.41)	(254.97, 195.94)	NaN	NaN	NaN	NaN	NaN	
2193015397000	2184326349350	None	Pursuit	(160.54, 173.19)	(253.29, 195.82)	2163.595	0.0168457	15.57374	0.5191247	294.8855	
2193032064000	2184343015478	None	Pursuit	(160.52, 173.82)	(253.05, 194.75)	2163.595	0.03344727	7.72761	0.704284	311.9166	
2193048728000	2184359679507	None	Pursuit	(160.17, 174.46)	(252.65, 194.12)	2163.595	0.05004883	9.166124	1.209575	321.119	
2193065395000	2184376346161	None	Fixation	(159.61, 174.90)	(252.66, 193.48)	2163.645	0.01660156	NaN	NaN	NaN	
2193082062000	2184393012769	None	Fixation	(159.24, 175.28)	(252.69, 193.14)	2163.645	0.03344727	NaN	NaN	NaN	
2193098728000	2184409678516	None	Fixation	(158.94, 175.63)	(252.63, 192.64)	2163.645	0.05004883	NaN	NaN	NaN	
2193115394000	2184426344254	None	Fixation	(158.64, 175.86)	(252.69, 192.31)	2163.645	0.06665039	NaN	NaN	NaN	
2193132061000	2184443011006	None	Fixation	(158.68, 175.95)	(252.65, 192.17)	2163.645	0.08325195	NaN	NaN	NaN	
2193148728000	2184459677764	None	Fixation	(158.46, 175.98)	(252.57, 192.01)	2163.645	0.1000977	NaN	NaN	NaN	
2193182063000	2184493012471	None	Fixation	(157.63, 176.22)	(253.26, 191.74)	2163.645	0.1333008	NaN	NaN	NaN	
2193182063000	2184493012258	None	Fixation	(157.63, 176.22)	(253.26, 191.74)	2163.645	0.1333008	NaN	NaN	NaN	
2193198730000	2184509679011	None	Fixation	(156.77, 176.27)	(253.93, 191.58)	2163.645	0.1499023	NaN	NaN	NaN	
2193215393000	2184526341731	None	Fixation	(156.39, 176.56)	(254.28, 191.25)	2163.645	0.166748	NaN	NaN	NaN	
2193232060000	2184543008479	None	Fixation	(156.40, 175.23)	(255.20, 192.48)	2163.645	0.1833496	NaN	NaN	NaN	
2193248726000	2184559674228	None	Saccade	(155.72, 171.44)	(258.43, 196.23)	2163.828	0.01660156	47.41251	2.027289	154.5255	
2193282060000	2184593007982	None	Pursuit	(156.54, 172.10)	(257.34, 194.80)	2163.828	0.05004883	2.005634	1.283618	169.5632	
2193298726000	2184609673761	None	Pursuit	(156.61, 172.22)	(256.90, 194.72)	2163.828	0.06665039	1.639957	1.238056	170.9361	
2193315393000	2184626340527	None	Unknown	(157.24, 171.83)	(256.44, 194.48)	NaN	NaN	NaN	NaN	NaN	
2193315393000	2184626340221	None	Unknown	(157.24, 171.83)	(256.44, 194.48)	NaN	NaN	NaN	NaN	NaN	
2193348726000	2184659677839	None	Fixation	(157.71, 172.76)	(255.40, 193.93)	2163.912	0.03344727	NaN	NaN	NaN	
2193348726000	2184659672748	None	Fixation	(157.71, 172.76)	(255.40, 193.93)	2163.912	0.03344727	NaN	NaN	NaN	
2193382059000	2184693005524	None	Fixation	(157.83, 173.10)	(255.05, 193.27)	2163.912	0.06665039	NaN	NaN	NaN	
2193382059000	2184693005244	None	Fixation	(157.83, 173.10)	(255.05, 193.27)	2163.912	0.06665039	NaN	NaN	NaN	
2193398725000	2184709671469	None	Fixation	(158.22, 173.12)	(254.39, 192.92)	2163.912	0.08349609	NaN	NaN	NaN	
2193415391000	2184726336787	None	Fixation	(157.83, 173.39)	(254.12, 192.40)	2163.912	0.1000977	NaN	NaN	NaN	
2193432058000	2184743003501	None	Fixation	(157.67, 173.69)	(254.18, 191.82)	2163.912	0.1166992	NaN	NaN	NaN	
2193448724000	2184759669247	None	Fixation	(157.31, 173.87)	(254.15, 191.21)	2163.912	0.1333008	NaN	NaN	NaN	
2193465391000	2184776336013	None	Fixation	(156.90, 174.11)	(254.19, 190.53)	2163.912	0.1501465	NaN	NaN	NaN	
2193482058000	2184793002837	None	Fixation	(156.87, 174.26)	(253.54, 189.94)	2163.912	0.166748	NaN	NaN	NaN	
2193498724000	2184809668510	None	Fixation	(157.29, 174.53)	(253.29, 189.62)	2163.912	0.1833496	NaN	NaN	NaN	
2193515390000	2184826334252	None	Fixation	(158.47, 174.51)	(252.51, 188.93)	2163.912	0.1999512	NaN	NaN	NaN	
2193532057000	2184843001002	None	Fixation	(159.27, 174.74)	(252.05, 188.40)	2163.912	0.2167969	NaN	NaN	NaN	
2193548724000	2184859667771	None	Fixation	(160.01, 174.56)	(251.40, 188.17)	2163.912	0.2333984	NaN	NaN	NaN	
2193565390000	2184876333575	None	Fixation	(160.76, 174.57)	(250.91, 188.08)	2163.912	0.25	NaN	NaN	NaN	
2193582057000	2184893000271	None	Fixation	(161.34, 174.12)	(250.57, 187.92)	2163.912	0.2668457	NaN	NaN	NaN	
2193598723000	2184909666023	None	Fixation	(162.14, 174.26)	(250.03, 187.71)	2163.912	0.2834473	NaN	NaN	NaN	
2193615390000	2184926332771	None	Fixation	(162.13, 173.74)	(249.96, 187.69)	2163.912	0.3000488	NaN	NaN	NaN	
2193632057000	2184942999995	None	Fixation	(162.34, 173.60)	(250.05, 187.80)	2163.912	0.3166504	NaN	NaN	NaN	
2193648722000	2184959664268	None	Fixation	(162.51, 172.78)	(250.77, 188.25)	2163.912	0.3334961	NaN	NaN	NaN	
2193682055000	2184992997542	None	Unknown	(161.48, 168.85)	(254.17, 191.48)	NaN	NaN	NaN	NaN	NaN	
2193682055000	2184992996962	None	Unknown	(161.48, 168.85)	(254.17, 191.48)	NaN	NaN	NaN	NaN	NaN	
2193715388000	2185026329514	None	Pursuit	(162.40, 168.18)	(253.81, 191.65)	2164.278	0.03344727	8.813381	0.4666609	220.6144	
2193715388000	2185026329573	None	Pursuit	(162.40, 168.18)	(253.81, 191.65)	2164.278	0.03344727	8.813381	0.4666609	220.6144	
2193732054000	2185042995290	None	Unknown	(162.75, 167.63)	(253.87, 191.49)	NaN	NaN	NaN	NaN	NaN	
2193765387000	2185076328159	None	Fixation	(162.96, 167.71)	(253.75, 190.85)	2164.328	0.03320313	NaN	NaN	NaN	
2193765387000	2185076327716	None	Fixation	(162.96, 167.71)	(253.75, 190.85)	2164.328	0.03320313	NaN	NaN	NaN	
2193798720000	2185109660301	None	Fixation	(164.74, 167.98)	(252.34, 189.93)	2164.328	0.06665039	NaN	NaN	NaN	
2193815387000	2185126327050	None	Fixation	(164.75, 167.72)	(252.36, 189.63)	2164.328	0.08325195	NaN	NaN	NaN	
2193832053000	2185142992782	None	Fixation	(164.99, 167.48)	(252.54, 189.36)	2164.328	0.1000977	NaN	NaN	NaN	
2193848720000	2185159659946	None	Fixation	(165.01, 166.89)	(253.01, 189.01)	2164.328	0.1166992	NaN	NaN	NaN	
2193848720000	2185159659255	None	Fixation	(165.01, 166.89)	(253.01, 189.01)	2164.328	0.1166992	NaN	NaN	NaN	
2193865387000	2185176325999	None	Fixation	(164.09, 167.00)	(254.08, 188.27)	2164.328	0.1333008	NaN	NaN	NaN	
2193898720000	2185209658773	None	Saccade	(160.75, 167.69)	(255.64, 186.79)	2164.478	0.0168457	29.22925	0.9743083	61.58535	
2193898720000	2185209658524	None	Saccade	(160.75, 167.69)	(255.64, 186.79)	2164.478	0.0168457	29.22925	0.9743083	61.58535	
2193915385000	2185226323278	None	Pursuit	(158.17, 167.64)	(256.27, 185.90)	2164.478	0.03344727	31.85715	2.01539	70.41322	
2193932052000	2185242990006	None	Pursuit	(157.12, 167.74)	(256.79, 185.71)	2164.478	0.05004883	12.89759	2.44526	70.5827	
2193965385000	2185276322950	None	Pursuit	(157.14, 167.23)	(257.07, 185.19)	2164.478	0.08349609	3.926872	2.424461	75.50258	
2193965385000	2185276322595	None	Pursuit	(157.14, 167.23)	(257.07, 185.19)	2164.478	0.08349609	3.926872	2.424461	75.50258	
2193982052000	2185292989312	None	Fixation	(156.68, 167.60)	(258.05, 184.92)	2164.545	0.03344727	NaN	NaN	NaN	
2193998718000	2185309655048	None	Fixation	(156.23, 170.03)	(256.70, 182.89)	2164.578	0.01660156	NaN	NaN	NaN	
2194015385000	2185326321818	None	Fixation	(156.88, 169.08)	(257.22, 183.38)	2164.578	0.03320313	NaN	NaN	NaN	
2194048718000	2185359654525	None	Saccade	(154.70, 171.12)	(257.67, 181.40)	2164.628	0.01660156	19.00271	0.6334236	30.50848	
2194065384000	2185376320292	None	Pursuit	(154.12, 172.07)	(257.61, 180.60)	2164.628	0.03320313	13.64277	1.082415	25.5112	
2194082051000	2185392987067	None	Saccade	(153.33, 173.59)	(257.12, 179.47)	2164.662	0.0168457	15.12654	0.504218	349.5044	
2194082051000	2185392986891	None	Saccade	(153.33, 173.59)	(257.12, 179.47)	2164.662	0.0168457	15.12654	0.504218	349.5044	
2194098717000	2185409652725	None	Pursuit	(153.42, 174.99)	(256.20, 178.69)	2164.628	0.06665039	17.29368	2.259628	12.1271	
2194115384000	2185426319562	None	Pursuit	(153.77, 176.32)	(255.26, 178.04)	2164.628	0.08325195	16.9325	2.71679	4.466849	
2194148716000	2185459651308	None	Pursuit	(156.82, 178.53)	(252.83, 177.00)	2164.628	0.1166992	21.77189	3.521719	339.9439	
2194165383000	2185476317825	None	Pursuit	(158.18, 179.66)	(252.23, 176.88)	2164.628	0.1333008	21.78722	4.083292	332.9819	
2194182050000	2185492984895	None	Pursuit	(159.57, 179.68)	(251.90, 176.87)	2164.628	0.1499023	17.15532	4.265535	325.5353	
2194198716000	2185509650354	None	Pursuit	(159.75, 179.88)	(251.95, 176.91)	2164.628	0.1665039	3.353272	4.37007	325.0101	
2194215383000	2185526317140	None	Pursuit	(160.02, 180.16)	(251.73, 176.48)	2164.628	0.1833496	4.737135	4.516407	324.245	
2194215383000	2185526316848	None	Pursuit	(160.02, 180.16)	(251.73, 176.48)	2164.628	0.1833496	4.737135	4.516407	324.245	
2194248716000	2185559649583	None	Fixation	(160.71, 180.81)	(250.82, 175.21)	2164.828	0.01660156	NaN	NaN	NaN	
2194265382000	2185576315583	None	Fixation	(157.93, 179.56)	(253.73, 176.23)	2164.828	0.03320313	NaN	NaN	NaN	
2194282049000	2185592982691	None	Fixation	(158.78, 179.38)	(251.95, 175.58)	2164.828	0.05004883	NaN	NaN	NaN	
2194298715000	2185609647947	None	Saccade	(158.35, 178.80)	(251.56, 175.06)	2164.878	0.01660156	8.879268	0.2959756	130.5767	
2194315382000	2185626315111	None	Pursuit	(158.90, 178.09)	(250.84, 174.66)	2164.878	0.03320313	10.93137	0.52829	172.1582	
2194332049000	2185642981322	None	Saccade	(159.87, 177.85)	(250.19, 174.48)	2164.912	0.0168457	8.350149	0.2783383	299.0103	
2194348715000	2185659647114	None	Fixation	(161.12, 177.52)	(249.13, 174.35)	2164.928	0.01660156	NaN	NaN	NaN	
2194348715000	2185659646874	None	Fixation	(161.12, 177.52)	(249.13, 174.35)	2164.928	0.01660156	NaN	NaN	NaN	
2194365382000	2185676313586	None	Saccade	(162.83, 177.32)	(247.20, 174.11)	2164.945	0.01660156	21.18059	0.796447	270.2623	
2194398714000	2185709646002	None	Pursuit	(167.03, 176.76)	(244.02, 174.25)	2164.945	0.05004883	24.04213	2.445077	249.7148	
2194415380000	2185726311395	None	Pursuit	(168.57, 176.07)	(243.11, 174.52)	2164.945	0.06665039	20.67514	3.110823	246.0129	
2194432047000	2185742978303	None	Pursuit	(168.35, 175.20)	(244.41, 174.82)	2164.945	0.08325195	11.0118	3.114497	239.2527	
2194448714000	2185759644606	None	Pursuit	(166.80, 173.79)	(246.31, 175.10)	2164.945	0.09985352	25.89123	2.785483	223.6843	
2194465380000	2185776310395	None	Saccade	(164.28, 173.03)	(248.93, 175.22)	2165.045	0.0168457	32.27013	1.075671	105.6759	
2194482047000	2185792977211	None	Pursuit	(162.28, 171.90)	(251.23, 175.95)	2164.945	0.1333008	28.2569	2.352045	178.6491	
2194498713000	2185809643401	None	Pursuit	(160.79, 170.97)	(252.46, 177.03)	2164.945	0.1499023	21.53429	2.688356	164.1612	
2194515380000	2185826310436	None	Pursuit	(159.92, 169.53)	(252.91, 178.22)	2164.945	0.1665039	20.74414	3.313609	158.4904	
2194532047000	2185842976410	None	Pursuit	(159.89, 168.39)	(253.29, 179.34)	2164.945	0.1833496	13.93997	3.775512	159.31	
2194548713000	2185859642188	None	Pursuit	(159.70, 167.84)	(253.33, 180.13)	2164.945	0.1999512	7.233956	4.012315	158.6405	
2194565380000	2185876308940	None	Pursuit	(159.81, 167.12)	(253.59, 180.76)	2164.945	0.2165527	8.92792	4.297448	159.8165	
2194582046000	2185892974648	None	Unknown	(160.65, 167.37)	(253.24, 180.99)	NaN	NaN	NaN	NaN	NaN	
2194598713000	2185909641423	None	Fixation	(160.63, 167.63)	(253.77, 181.10)	2165.178	0.0168457	NaN	NaN	NaN	
2194615379000	2185926307128	None	Fixation	(160.29, 168.32)	(253.68, 181.40)	2165.178	0.03344727	NaN	NaN	NaN	
2194632045000	2185942973328	None	Fixation	(160.26, 168.64)	(253.79, 181.74)	2165.178	0.05004883	NaN	NaN	NaN	
2194648711000	2185959638707	None	Fixation	(159.79, 169.42)	(254.14, 182.59)	2165.178	0.06689453	NaN	NaN	NaN	
2194648711000	2185959638680	None	Fixation	(159.79, 169.42)	(254.14, 182.59)	2165.178	0.06689453	NaN	NaN	NaN	
2194665378000	2185976305563	None	Fixation	(159.91, 170.50)	(254.06, 183.62)	2165.178	0.08349609	NaN	NaN	NaN	
2194698711000	2186009638381	None	Pursuit	(159.01, 173.89)	(254.33, 184.77)	2165.262	0.03320313	25.62072	1.437335	1.821113	
2194715378000	2186026305175	None	Pursuit	(160.32, 173.73)	(252.65, 185.55)	2165.262	0.05004883	16.24663	1.336311	339.6879	
2194732045000	2186042971367	None	Saccade	(161.06, 174.40)	(251.75, 185.37)	2165.312	0.01660156	11.24034	0.3746781	293.8113	
2194748711000	2186059637107	None	Pursuit	(160.46, 174.65)	(252.00, 185.68)	2165.312	0.03320313	4.845918	0.2708538	271.4127	
2194765378000	2186076303902	None	Fixation	(160.80, 175.09)	(251.73, 185.61)	2165.345	0.01660156	NaN	NaN	NaN	
2194782043000	2186092968743	None	Fixation	(161.47, 175.33)	(250.80, 185.69)	2165.345	0.03344727	NaN	NaN	NaN	
2194798710000	2186109635421	None	Fixation	(162.41, 175.66)	(249.90, 185.60)	2165.345	0.05004883	NaN	NaN	NaN	
2194798710000	2186109635537	None	Fixation	(162.41, 175.66)	(249.90, 185.60)	2165.345	0.05004883	NaN	NaN	NaN	
2194832043000	2186142967982	None	Saccade	(163.91, 172.87)	(251.18, 189.19)	2165.412	0.01660156	17.35805	0.5786016	177.7986	
2194848709000	2186159633699	None	Pursuit	(165.13, 173.13)	(250.14, 188.96)	2165.395	0.05004883	15.35451	1.523191	214.0273	
2194848709000	2186159633432	None	Pursuit	(165.13, 173.13)	(250.14, 188.96)	2165.395	0.05004883	15.35451	1.523191	214.0273	
2194865376000	2186176300316	None	Pursuit	(165.98, 173.69)	(248.79, 188.77)	2165.395	0.06665039	12.57518	1.673982	228.0963	
2194898709000	2186209633527	None	Pursuit	(167.12, 173.97)	(247.35, 188.38)	2165.412	0.08349609	7.959436	1.440359	273.9633	
2194915376000	2186226299724	None	Saccade	(168.84, 174.54)	(246.94, 188.67)	2165.495	0.01660156	22.19209	0.7397362	275.3219	
2194932042000	2186242965599	None	Fixation	(168.10, 174.01)	(246.88, 188.76)	2165.512	0.01660156	NaN	NaN	NaN	
2194948709000	2186259632183	None	Fixation	(167.98, 173.78)	(247.00, 189.19)	2165.528	0.01660156	NaN	NaN	NaN	
2194948709000	2186259631906	None	Fixation	(167.98, 173.78)	(247.00, 189.19)	2165.528	0.01660156	NaN	NaN	NaN	
2194982042000	2186292964667	None	Fixation	(167.81, 173.20)	(247.67, 189.22)	2165.528	0.05004883	NaN	NaN	NaN	
2194982042000	2186292964452	None	Fixation	(167.81, 173.20)	(247.67, 189.22)	2165.528	0.05004883	NaN	NaN	NaN	
2195015375000	2186326297210	None	Fixation	(169.14, 172.56)	(247.15, 189.94)	2165.528	0.08325195	NaN	NaN	NaN	
2195032042000	2186342964010	None	Saccade	(164.75, 170.54)	(252.57, 191.96)	2165.612	0.0168457	59.53261	2.371469	112.5505	
2195032042000	2186342963699	None	Saccade	(164.75, 170.54)	(252.57, 191.96)	2165.612	0.0168457	59.53261	2.371469	112.5505	
2195065374000	2186376295486	None	Pursuit	(165.87, 170.89)	(251.55, 191.96)	2165.645	0.01660156	11.61987	0.3873288	257.4528	
2195082040000	2186392961303	None	Pursuit	(166.23, 171.12)	(250.90, 191.88)	2165.645	0.03320313	5.323975	0.5459628	267.3777	
2195098707000	2186409627959	None	Unknown	(167.22, 171.01)	(250.49, 191.68)	NaN	NaN	NaN	NaN	NaN	
2195115374000	2186426294737	None	Fixation	(167.71, 171.00)	(249.49, 191.69)	2165.695	0.01660156	NaN	NaN	NaN	
2195132040000	2186442960503	None	Fixation	(168.74, 170.83)	(248.55, 192.15)	2165.695	0.03320313	NaN	NaN	NaN	
2195148707000	2186459627272	None	Saccade	(170.25, 170.53)	(247.42, 192.61)	2165.728	0.0168457	18.90254	0.6300846	253.1475	
2195165373000	2186476293270	None	Pursuit	(171.47, 170.62)	(246.73, 193.31)	2165.728	0.03344727	15.13615	1.124062	252.5061	
2195182040000	2186492959730	None	Pursuit	(173.16, 170.30)	(245.76, 193.62)	2165.728	0.05004883	21.08827	1.824322	250.0512	
2195198706000	2186509625938	None	Pursuit	(174.18, 170.29)	(244.41, 193.89)	2165.728	0.06665039	12.54268	2.240087	251.2992	
2195215373000	2186526292281	None	Pursuit	(174.73, 170.50)	(244.22, 194.12)	2165.728	0.08349609	7.295112	2.460694	253.7958	
2195232040000	2186542959066	None	Pursuit	(175.38, 170.52)	(243.82, 194.34)	2165.728	0.1000977	7.938745	2.72422	254.3289	
2195248706000	2186559624773	None	Fixation	(175.46, 170.58)	(243.97, 194.54)	2165.828	0.01660156	NaN	NaN	NaN	
2195265373000	2186576291530	None	Fixation	(174.83, 170.92)	(244.23, 194.53)	2165.845	0.01660156	NaN	NaN	NaN	
2195282038000	2186592956297	None	Saccade	(164.77, 172.27)	(252.03, 192.73)	2165.862	0.0168457	124.8334	4.161115	79.66569	
2195298705000	2186609623051	None	Unknown	(162.56, 172.84)	(253.98, 192.03)	NaN	NaN	NaN	NaN	NaN	
2195315371000	2186626288811	None	Pursuit	(163.16, 172.24)	(253.58, 191.74)	2165.895	0.01660156	10.38277	0.3460923	212.0786	
2195332038000	2186642955525	None	Pursuit	(161.78, 172.29)	(254.47, 191.43)	2165.895	0.03320313	17.01255	0.3911281	111.689	
2195348704000	2186659621358	None	Pursuit	(160.68, 172.06)	(255.86, 191.33)	2165.895	0.05004883	13.80385	0.8351217	99.55809	
2195365371000	2186676288089	None	Pursuit	(159.38, 171.78)	(256.79, 191.30)	2165.895	0.06665039	16.33307	1.37402	95.41446	
2195382038000	2186692954838	None	Saccade	(158.57, 171.24)	(257.65, 191.46)	2165.962	0.01660156	10.73477	0.3578257	113.7741	
2195398704000	2186709620602	None	Pursuit	(158.24, 171.27)	(257.89, 191.29)	2165.895	0.1000977	4.079635	1.883533	96.93636	
2195415371000	2186726287292	None	Fixation	(158.16, 171.02)	(258.33, 191.40)	2165.995	0.01660156	NaN	NaN	NaN	
2195432037000	2186742953045	None	Fixation	(158.41, 170.75)	(257.54, 191.43)	2166.012	0.01660156	NaN	NaN	NaN	
2195448704000	2186759619832	None	Fixation	(158.86, 170.79)	(256.99, 191.22)	2166.012	0.03320313	NaN	NaN	NaN	
2195465371000	2186776286593	None	Fixation	(159.28, 170.93)	(256.49, 190.98)	2166.012	0.05004883	NaN	NaN	NaN	
2195482037000	2186792952329	None	Fixation	(160.24, 171.06)	(255.73, 191.22)	2166.012	0.06665039	NaN	NaN	NaN	
2195498704000	2186809619520	None	Fixation	(161.35, 170.92)	(255.02, 191.09)	2166.012	0.08325195	NaN	NaN	NaN	
2195515369000	2186826283819	None	Fixation	(162.08, 171.09)	(254.12, 191.21)	2166.012	0.09985352	NaN	NaN	NaN	
2195532038000	2186842953017	None	Fixation	(162.90, 171.29)	(253.53, 191.30)	2166.012	0.1166992	NaN	NaN	NaN	
2195548702000	2186859616406	None	Fixation	(163.77, 171.22)	(252.99, 191.26)	2166.012	0.1333008	NaN	NaN	NaN	
2195565369000	2186876283095	None	Fixation	(164.71, 171.07)	(252.30, 191.75)	2166.012	0.1499023	NaN	NaN	NaN	
2195582036000	2186892949858	None	Fixation	(165.27, 171.19)	(251.84, 191.97)	2166.012	0.1665039	NaN	NaN	NaN	
2195598702000	2186909615603	None	Fixation	(165.66, 171.09)	(251.51, 191.85)	2166.012	0.1833496	NaN	NaN	NaN	
2195615369000	2186926282379	None	Fixation	(166.12, 171.24)	(251.12, 191.80)	2166.012	0.1999512	NaN	NaN	NaN	
2195632035000	2186942948420	None	Fixation	(165.94, 171.20)	(251.37, 191.82)	2166.012	0.2165527	NaN	NaN	NaN	
2195648704000	2186959616999	None	Fixation	(165.64, 171.10)	(251.13, 191.82)	2166.012	0.2333984	NaN	NaN	NaN	
2195665370000	2186976283046	None	Fixation	(165.08, 171.34)	(251.94, 191.56)	2166.012	0.25	NaN	NaN	NaN	
2195682037000	2186992949904	None	Fixation	(163.80, 171.27)	(253.11, 191.19)	2166.012	0.2666016	NaN	NaN	NaN	
2195698703000	2187009615900	None	Saccade	(161.70, 171.26)	(254.81, 191.10)	2166.278	0.01660156	25.79052	0.8596841	88.73776	
2195715368000	2187026279872	None	Pursuit	(159.41, 171.16)	(256.32, 190.78)	2166.278	0.03344727	28.19489	1.799251	78.47923	
2195732035000	2187042946713	None	Pursuit	(157.25, 170.92)	(258.71, 190.81)	2166.278	0.05004883	26.80587	2.690607	80.10108	
2195748700000	2187059611425	None	Pursuit	(152.10, 170.57)	(263.21, 190.91)	2166.278	0.06665039	63.51789	4.807758	80.44883	
2195765367000	2187076278179	None	Pursuit	(151.51, 170.66)	(263.76, 190.36)	2166.278	0.08325195	7.340889	5.046981	79.85024	
2195782033000	2187092943900	None	Pursuit	(150.34, 171.04)	(264.50, 190.49)	2166.278	0.1000977	15.11484	5.520939	77.99516	
2195798700000	2187109610642	None	Pursuit	(150.79, 171.19)	(264.26, 190.43)	2166.278	0.1166992	5.89308	5.333591	77.37159	
2195815367000	2187126277422	None	Unknown	(151.89, 171.18)	(263.21, 190.71)	NaN	NaN	NaN	NaN	NaN	
2195832033000	2187142943124	None	Saccade	(154.18, 171.71)	(261.12, 190.92)	2166.412	0.01660156	28.86705	0.9622352	270.0669	
2195848700000	2187159609954	None	Saccade	(157.51, 171.82)	(258.30, 191.20)	2166.428	0.0168457	34.8919	1.163063	277.2466	
2195865366000	2187176275672	None	Pursuit	(161.07, 172.07)	(255.18, 191.41)	2166.412	0.05004883	43.90106	3.781488	262.537	
2195882033000	2187192942421	None	Pursuit	(164.04, 172.07)	(252.13, 191.64)	2166.412	0.06665039	36.48247	4.993201	261.179	
2195898699000	2187209608166	None	Pursuit	(166.39, 172.00)	(250.53, 191.80)	2166.412	0.08349609	28.92725	5.953207	260.2303	
2195915366000	2187226275602	None	Pursuit	(168.08, 171.91)	(248.92, 192.18)	2166.412	0.1000977	20.79017	6.642528	259.5799	
2195932032000	2187242940758	None	Pursuit	(169.54, 171.92)	(248.03, 192.07)	2166.412	0.1166992	17.92979	7.23982	259.4069	
2195948699000	2187259607432	None	Pursuit	(169.63, 171.46)	(248.25, 192.57)	2166.412	0.1333008	5.816361	7.274558	257.9009	
2195965366000	2187276274194	None	Unknown	(168.89, 170.87)	(249.47, 192.53)	NaN	NaN	NaN	NaN	NaN	
2195982032000	2187292939982	None	Fixation	(167.14, 170.52)	(250.89, 192.68)	2166.562	0.01660156	NaN	NaN	NaN	
2195998699000	2187309606714	None	Saccade	(164.33, 169.92)	(253.84, 192.69)	2166.578	0.01660156	35.32674	1.209104	96.12184	
2196015364000	2187326271477	None	Pursuit	(161.37, 169.11)	(256.31, 192.92)	2166.578	0.03320313	37.64745	2.431544	90.69785	
2196032031000	2187342938216	None	Pursuit	(158.34, 168.83)	(259.58, 193.09)	2166.578	0.05004883	37.49501	3.672568	87.85726	
2196048698000	2187359605015	None	WinkRight	(155.77, 168.02)	(262.01, 192.79)	NaN	NaN	NaN	NaN	NaN	
2196065364000	2187376270689	None	WinkRight	(155.12, 167.68)	(263.11, 193.47)	NaN	NaN	NaN	NaN	NaN	
2196082031000	2187392937626	None	WinkRight	(154.76, 166.89)	(263.64, 193.69)	NaN	NaN	NaN	NaN	NaN	
2196098697000	2187409603230	None	WinkRight	(154.33, 166.24)	(264.25, 194.21)	NaN	NaN	NaN	NaN	NaN	
2196115363000	2187426269306	None	WinkRight	(154.66, 165.86)	(264.37, 194.54)	NaN	NaN	NaN	NaN	NaN	
2196132030000	2187442935709	None	WinkRight	(155.24, 165.45)	(264.25, 194.66)	NaN	NaN	NaN	NaN	NaN	
2196148697000	2187459602584	None	WinkRight	(154.97, 165.48)	(264.13, 194.68)	NaN	NaN	NaN	NaN	NaN	
2196165363000	2187476268274	None	Pursuit	(155.48, 165.47)	(263.61, 194.75)	2166.578	0.1833496	54.29889	5.208697	100.4221	
2196182030000	2187492934995	None	Pursuit	(156.30, 165.33)	(263.00, 194.67)	2166.578	0.1999512	10.26465	4.924601	102.5794	
2196198697000	2187509601745	None	Pursuit	(156.67, 165.49)	(262.25, 194.47)	2166.578	0.2165527	4.975987	4.758815	102.6405	
2196215363000	2187526267561	None	Pursuit	(158.32, 170.75)	(257.47, 191.43)	2166.578	0.2333984	67.69073	3.617901	75.50737	
2196232030000	2187542934317	None	Pursuit	(160.98, 170.27)	(255.49, 192.66)	2166.578	0.25	33.33798	2.52456	79.27676	
2196248695000	2187559599029	None	Pursuit	(160.78, 170.67)	(255.62, 191.77)	2166.578	0.2666016	5.451576	2.606564	75.65415	
2196265362000	2187576265796	None	Pursuit	(160.52, 170.79)	(255.31, 191.80)	2166.578	0.2832031	3.498882	2.713339	74.64325	
2196282029000	2187592932584	None	Unknown	(161.03, 170.80)	(255.18, 191.80)	NaN	NaN	NaN	NaN	NaN	
2196298695000	2187609598321	None	Fixation	(160.83, 170.73)	(255.20, 191.67)	2166.878	0.01660156	NaN	NaN	NaN	
2196315362000	2187626265101	None	Fixation	(161.04, 170.65)	(254.87, 191.67)	2166.878	0.03320313	NaN	NaN	NaN	
2196332029000	2187642931904	None	Fixation	(161.11, 170.58)	(254.83, 191.59)	2166.878	0.04980469	NaN	NaN	NaN	
2196348697000	2187659599638	None	Fixation	(161.11, 170.46)	(255.00, 191.45)	2166.878	0.06665039	NaN	NaN	NaN	
2196348697000	2187659599510	None	Fixation	(161.11, 170.46)	(255.00, 191.45)	2166.878	0.06665039	NaN	NaN	NaN	
2196382029000	2187692931060	None	Fixation	(160.90, 170.21)	(255.31, 191.51)	2166.878	0.09985352	NaN	NaN	NaN	
2196398695000	2187709596832	None	Fixation	(161.29, 170.21)	(255.04, 191.61)	2166.878	0.1164551	NaN	NaN	NaN	
2196398695000	2187709596843	None	Fixation	(161.29, 170.21)	(255.04, 191.61)	2166.878	0.1164551	NaN	NaN	NaN	
2196432029000	2187742930822	None	Fixation	(161.03, 170.14)	(255.37, 191.45)	2166.878	0.1499023	NaN	NaN	NaN	
2196448695000	2187759596096	None	Fixation	(160.75, 170.17)	(255.82, 191.32)	2166.878	0.1665039	NaN	NaN	NaN	
2196465362000	2187776263368	None	Fixation	(160.51, 170.32)	(255.75, 191.01)	2166.878	0.1833496	NaN	NaN	NaN	
2196482027000	2187792927600	None	Fixation	(160.43, 170.11)	(255.77, 190.98)	2166.878	0.1999512	NaN	NaN	NaN	
2196498694000	2187809594429	None	Fixation	(160.40, 170.28)	(255.76, 190.76)	2166.878	0.2165527	NaN	NaN	NaN	
2196498694000	2187809594507	None	Fixation	(160.40, 170.28)	(255.76, 190.76)	2166.878	0.2165527	NaN	NaN	NaN	
2196515361000	2187826261092	None	Fixation	(160.51, 170.27)	(255.79, 190.59)	2166.878	0.2331543	NaN	NaN	NaN	
2196548694000	2187859593713	None	Fixation	(160.58, 170.21)	(255.52, 190.25)	2166.878	0.2666016	NaN	NaN	NaN	
2196565361000	2187876260434	None	Fixation	(160.54, 170.24)	(255.77, 190.19)	2166.878	0.2832031	NaN	NaN	NaN	
2196582027000	2187892926142	None	Fixation	(160.68, 170.44)	(255.76, 190.38)	2166.878	0.2998047	NaN	NaN	NaN	
2196582027000	2187892926121	None	Fixation	(160.68, 170.44)	(255.76, 190.38)	2166.878	0.2998047	NaN	NaN	NaN	
2196615360000	2187926258663	None	Fixation	(160.78, 170.33)	(255.63, 190.12)	2166.878	0.333252	NaN	NaN	NaN	
2196615360000	2187926258723	None	Fixation	(160.78, 170.33)	(255.63, 190.12)	2166.878	0.333252	NaN	NaN	NaN	
2196632026000	2187942924447	None	Fixation	(160.99, 170.04)	(255.45, 189.90)	2166.878	0.3498535	NaN	NaN	NaN	
2196648693000	2187959591140	None	Fixation	(161.43, 170.04)	(255.06, 189.88)	2166.878	0.3664551	NaN	NaN	NaN	
2196665360000	2187976258316	None	Fixation	(162.88, 168.94)	(255.21, 192.04)	2166.878	0.3833008	NaN	NaN	NaN	
2196682026000	2187992924254	None	Fixation	(162.58, 169.12)	(254.84, 191.49)	2166.878	0.3999023	NaN	NaN	NaN	
2196698693000	2188009590449	None	Fixation	(162.78, 169.15)	(255.30, 191.72)	2166.878	0.4165039	NaN	NaN	NaN	
2196715359000	2188026256207	None	Fixation	(162.67, 168.91)	(255.03, 191.71)	2166.878	0.4333496	NaN	NaN	NaN	
2196732026000	2188042922974	None	Fixation	(162.56, 168.78)	(255.45, 191.99)	2166.878	0.4499512	NaN	NaN	NaN	
2196748691000	2188059587765	None	Fixation	(162.25, 168.51)	(255.57, 191.83)	2166.878	0.4665527	NaN	NaN	NaN	
2196765358000	2188076254490	None	Fixation	(162.40, 168.35)	(255.63, 192.07)	2166.878	0.4831543	NaN	NaN	NaN	
2196782025000	2188092921256	None	Fixation	(162.20, 168.65)	(255.63, 192.09)	2166.878	0.5	NaN	NaN	NaN	
2196798691000	2188109586988	None	Fixation	(162.32, 168.38)	(255.60, 192.12)	2166.878	0.5166016	NaN	NaN	NaN	
2196815358000	2188126254251	None	Fixation	(162.11, 168.52)	(255.68, 192.12)	2166.878	0.5332031	NaN	NaN	NaN	
2196832024000	2188142919465	None	Fixation	(161.89, 168.53)	(255.74, 192.02)	2166.878	0.5498047	NaN	NaN	NaN	
2196848691000	2188159586892	None	Fixation	(162.23, 168.59)	(255.70, 191.80)	2166.878	0.5666504	NaN	NaN	NaN	
2196865357000	2188176252239	None	Fixation	(162.28, 168.61)	(255.53, 191.96)	2166.878	0.583252	NaN	NaN	NaN	
2196882024000	2188192919124	None	Fixation	(162.27, 168.59)	(255.34, 191.94)	2166.878	0.5998535	NaN	NaN	NaN	
2196898690000	2188209584518	None	Fixation	(162.41, 168.83)	(255.58, 191.84)	2166.878	0.6164551	NaN	NaN	NaN	
2196915357000	2188226251214	None	Fixation	(162.58, 168.84)	(255.37, 191.86)	2166.878	0.6333008	NaN	NaN	NaN	
2196932024000	2188242917997	None	Fixation	(162.30, 168.54)	(254.88, 191.75)	2166.878	0.6499023	NaN	NaN	NaN	
2196948689000	2188259583213	None	Fixation	(162.49, 168.81)	(254.99, 191.68)	2166.878	0.6665039	NaN	NaN	NaN	
2196965356000	2188276249548	None	Fixation	(162.52, 168.78)	(255.57, 191.71)	2166.878	0.6833496	NaN	NaN	NaN	
2196982022000	2188292915265	None	Fixation	(162.40, 168.75)	(255.09, 191.76)	2166.878	0.6999512	NaN	NaN	NaN	
2196998689000	2188309582070	None	Fixation	(162.42, 168.93)	(255.23, 191.90)	2166.878	0.7165527	NaN	NaN	NaN	
2197015356000	2188326249645	None	Fixation	(162.58, 168.83)	(255.50, 191.78)	2166.878	0.7331543	NaN	NaN	NaN	
2197032022000	2188342914563	None	Fixation	(162.19, 168.56)	(255.49, 191.96)	2166.878	0.75	NaN	NaN	NaN	
2197048689000	2188359581373	None	Fixation	(162.37, 168.94)	(255.24, 191.97)	2166.878	0.7666016	NaN	NaN	NaN	
2197065355000	2188376247022	None	Fixation	(162.17, 168.81)	(255.58, 191.98)	2166.878	0.7832031	NaN	NaN	NaN	
2197082022000	2188392914223	None	Fixation	(162.13, 168.81)	(255.62, 192.00)	2166.878	0.7998047	NaN	NaN	NaN	
2197098688000	2188409579595	None	Fixation	(161.93, 168.87)	(255.40, 191.86)	2166.878	0.8166504	NaN	NaN	NaN	
2197115355000	2188426246915	None	Fixation	(162.17, 168.75)	(255.58, 191.98)	2166.878	0.833252	NaN	NaN	NaN	
2197132022000	2188442913417	None	Fixation	(162.26, 168.92)	(255.51, 191.83)	2166.878	0.8498535	NaN	NaN	NaN	
2197148688000	2188459579359	None	Fixation	(162.19, 168.73)	(255.38, 191.94)	2166.878	0.8664551	NaN	NaN	NaN	
2197165355000	2188476245562	None	Fixation	(162.11, 168.99)	(255.48, 191.84)	2166.878	0.8833008	NaN	NaN	NaN	
2197182021000	2188492911643	None	Fixation	(162.32, 168.92)	(254.95, 191.76)	2166.878	0.8999023	NaN	NaN	NaN	
2197198688000	2188509578664	None	Fixation	(162.27, 169.02)	(255.14, 191.65)	2166.878	0.9165039	NaN	NaN	NaN	
2197215353000	2188526242923	None	Fixation	(162.54, 169.02)	(254.95, 191.76)	2166.878	0.9333496	NaN	NaN	NaN	
2197232020000	2188542909612	None	Fixation	(162.55, 168.93)	(255.08, 191.63)	2166.878	0.9499512	NaN	NaN	NaN	
2197248686000	2188559575443	None	Fixation	(162.54, 169.04)	(254.70, 191.59)	2166.878	0.9665527	NaN	NaN	NaN	
2197265353000	2188576242133	None	Fixation	(162.74, 168.76)	(254.88, 191.57)	2166.878	0.9831543	NaN	NaN	NaN	
2197282020000	2188592908911	None	Fixation	(162.61, 168.99)	(255.10, 191.87)	2166.878	1	NaN	NaN	NaN	
2197298686000	2188609574682	None	Fixation	(162.70, 169.07)	(254.66, 191.77)	2166.878	1.016602	NaN	NaN	NaN	
2197315353000	2188626241377	None	Fixation	(162.79, 168.99)	(254.75, 191.64)	2166.878	1.033203	NaN	NaN	NaN	
2197332019000	2188642907134	None	Fixation	(162.86, 168.87)	(254.66, 191.71)	2166.878	1.049805	NaN	NaN	NaN	
2197348686000	2188659573969	None	Fixation	(162.94, 168.94)	(254.63, 191.87)	2166.878	1.06665	NaN	NaN	NaN	
2197365352000	2188676239679	None	Fixation	(162.79, 169.08)	(254.71, 191.57)	2166.878	1.083252	NaN	NaN	NaN	
2197382019000	2188692906418	None	Fixation	(162.94, 168.83)	(254.81, 191.59)	2166.878	1.099854	NaN	NaN	NaN	
2197398686000	2188709573285	None	Fixation	(162.75, 168.88)	(254.69, 191.60)	2166.878	1.116455	NaN	NaN	NaN	
2197415352000	2188726238938	None	Fixation	(162.76, 168.90)	(254.62, 191.51)	2166.878	1.133301	NaN	NaN	NaN	
2197432019000	2188742905741	None	Fixation	(162.76, 168.80)	(254.71, 191.49)	2166.878	1.149902	NaN	NaN	NaN	
2197448684000	2188759570466	None	Fixation	(162.68, 168.72)	(254.61, 191.41)	2166.878	1.166504	NaN	NaN	NaN	
2197465351000	2188776237155	None	Fixation	(162.80, 168.87)	(254.51, 191.66)	2166.878	1.18335	NaN	NaN	NaN	
2197482017000	2188792903435	None	Fixation	(162.96, 168.58)	(254.46, 191.50)	2166.878	1.199951	NaN	NaN	NaN	
2197498684000	2188809570429	None	Fixation	(162.74, 168.78)	(254.61, 191.36)	2166.878	1.216553	NaN	NaN	NaN	
2197515351000	2188826236657	None	Fixation	(162.44, 168.71)	(254.78, 191.45)	2166.878	1.233154	NaN	NaN	NaN	
2197532017000	2188842902197	None	Fixation	(162.48, 168.65)	(254.66, 191.22)	2166.878	1.25	NaN	NaN	NaN	
2197548684000	2188859568997	None	Fixation	(162.43, 168.71)	(254.99, 191.37)	2166.878	1.266602	NaN	NaN	NaN	
2197565350000	2188876234714	None	Fixation	(162.34, 168.72)	(255.05, 191.15)	2166.878	1.283203	NaN	NaN	NaN	
2197582017000	2188892901482	None	Fixation	(162.12, 168.54)	(254.81, 191.24)	2166.878	1.299805	NaN	NaN	NaN	
2197598683000	2188909567292	None	Fixation	(162.29, 168.77)	(254.68, 190.99)	2166.878	1.31665	NaN	NaN	NaN	
2197615350000	2188926233966	None	Fixation	(162.02, 168.71)	(254.98, 191.03)	2166.878	1.333252	NaN	NaN	NaN	
2197632016000	2188942899747	None	Saccade	(158.40, 172.36)	(255.40, 188.58)	2168.212	0.01660156	63.10164	2.103388	31.76217	
2197648683000	2188959566488	None	Saccade	(146.72, 181.15)	(259.71, 181.77)	2168.212	0.03320313	179.9077	8.084101	41.6215	
2197665350000	2188976233237	None	Saccade	(140.67, 186.96)	(262.01, 177.56)	2168.212	0.05004883	103.0899	11.51224	36.47892	
2197682015000	2188992897981	None	Pursuit	(142.67, 185.25)	(260.87, 177.41)	2168.262	0.01660156	14.05265	0.4684215	290.4397	
2197698682000	2189009565405	None	Pursuit	(142.74, 185.35)	(261.27, 177.09)	2168.278	0.01660156	1.499243	0.04997476	315.7345	
2197715348000	2189026230539	None	Pursuit	(142.67, 184.97)	(260.78, 176.76)	2168.278	0.03344727	4.778038	0.1140809	165.9384	
2197732015000	2189042897274	None	Unknown	(143.37, 184.33)	(260.74, 177.13)	NaN	NaN	NaN	NaN	NaN	
2197748681000	2189059563086	None	Fixation	(144.67, 183.84)	(260.43, 177.10)	2168.328	0.01660156	NaN	NaN	NaN	
2197765348000	2189076229780	None	Fixation	(144.53, 183.29)	(260.39, 176.90)	2168.328	0.03320313	NaN	NaN	NaN	
2197782015000	2189092896554	None	Fixation	(143.86, 183.35)	(260.40, 177.10)	2168.328	0.05004883	NaN	NaN	NaN	
2197798681000	2189109562543	None	Fixation	(145.39, 182.80)	(260.13, 177.71)	2168.328	0.06665039	NaN	NaN	NaN	
2197815347000	2189126228067	None	Fixation	(145.55, 182.56)	(259.64, 177.39)	2168.328	0.08325195	NaN	NaN	NaN	
2197832013000	2189142894279	None	Fixation	(145.61, 182.30)	(259.90, 178.05)	2168.328	0.09985352	NaN	NaN	NaN	
2197848680000	2189159560616	None	Fixation	(145.76, 181.97)	(260.32, 177.69)	2168.328	0.1166992	NaN	NaN	NaN	
2197865346000	2189176226290	None	Fixation	(145.81, 181.10)	(260.28, 178.07)	2168.328	0.1333008	NaN	NaN	NaN	
2197882013000	2189192893051	None	Saccade	(142.08, 184.23)	(261.37, 176.90)	2168.462	0.01660156	59.88864	1.996288	36.91275	
2197898680000	2189209559878	None	Saccade	(138.37, 185.78)	(263.62, 176.00)	2168.462	0.03320313	49.48636	3.603805	62.95129	
2197915346000	2189226225597	None	Pursuit	(140.30, 184.25)	(262.52, 175.69)	2168.478	0.03344727	14.13341	0.6834807	56.28431	
2197932013000	2189242892335	None	Pursuit	(140.04, 184.65)	(262.71, 175.57)	2168.512	0.01660156	5.830128	0.1943376	19.71896	
2197948678000	2189259557076	None	Unknown	(140.01, 184.74)	(262.55, 175.34)	NaN	NaN	NaN	NaN	NaN	
2197965345000	2189276223860	None	Fixation	(140.07, 184.76)	(262.59, 175.52)	2168.545	0.01660156	NaN	NaN	NaN	
2197982012000	2189292890612	None	Fixation	(139.48, 184.93)	(262.30, 175.42)	2168.545	0.03344727	NaN	NaN	NaN	
2197998678000	2189309556430	None	Fixation	(139.57, 184.79)	(262.16, 175.34)	2168.545	0.05004883	NaN	NaN	NaN	
2198015345000	2189326223164	None	Fixation	(140.26, 184.38)	(262.20, 175.34)	2168.545	0.06665039	NaN	NaN	NaN	
2198032011000	2189342888886	None	Fixation	(140.56, 184.66)	(262.14, 175.37)	2168.545	0.08349609	NaN	NaN	NaN	
2198048678000	2189359555690	None	Fixation	(140.23, 184.46)	(262.31, 175.30)	2168.545	0.1000977	NaN	NaN	NaN	
2198065344000	2189376221382	None	Fixation	(139.90, 183.91)	(262.18, 175.25)	2168.545	0.1166992	NaN	NaN	NaN	
2198082011000	2189392888268	None	Fixation	(140.46, 183.48)	(262.58, 175.38)	2168.545	0.1333008	NaN	NaN	NaN	
2198098677000	2189409553921	None	Fixation	(140.16, 183.01)	(262.52, 175.43)	2168.545	0.1501465	NaN	NaN	NaN	
2198115344000	2189426220632	None	Fixation	(139.82, 182.89)	(263.03, 175.35)	2168.545	0.166748	NaN	NaN	NaN	
2198132011000	2189442887618	None	Fixation	(140.10, 182.45)	(263.35, 175.64)	2168.545	0.1833496	NaN	NaN	NaN	
2198148677000	2189459553849	None	Fixation	(139.98, 182.00)	(263.05, 175.52)	2168.545	0.1999512	NaN	NaN	NaN	
2198165344000	2189476219911	None	Saccade	(142.16, 190.39)	(256.50, 172.06)	2168.745	0.0168457	106.5926	3.553087	321.6703	
2198182009000	2189492884677	None	Saccade	(146.46, 200.14)	(246.64, 168.51)	2168.745	0.03344727	131.0421	7.895502	316.7378	
2198198676000	2189509551927	None	Saccade	(154.33, 206.97)	(237.11, 166.19)	2168.745	0.05004883	120.6623	11.30333	302.7817	
2198215342000	2189526217180	None	Pursuit	(159.81, 212.63)	(230.67, 164.98)	2168.795	0.01660156	96.85963	3.228654	302.9456	
2198232009000	2189542884385	None	Pursuit	(164.15, 215.05)	(226.56, 164.60)	2168.795	0.03344727	61.12053	5.212612	296.4706	
2198248675000	2189559550007	None	Pursuit	(164.15, 213.41)	(226.47, 164.01)	2168.795	0.05004883	20.15811	4.814132	290.2795	
2198265342000	2189576216470	None	Pursuit	(164.61, 212.58)	(226.75, 164.27)	2168.795	0.06665039	11.66034	4.799974	285.6486	
2198282009000	2189592883227	None	Pursuit	(164.60, 211.20)	(227.78, 164.50)	2168.795	0.08349609	16.99383	4.552543	279.3999	
2198298675000	2189609549054	None	Pursuit	(164.04, 209.90)	(228.21, 165.30)	2168.795	0.1000977	17.44751	4.157601	273.7753	
2198315342000	2189626216216	None	Pursuit	(163.72, 208.40)	(229.37, 164.87)	2168.795	0.1166992	18.89193	3.89384	265.6255	
2198332008000	2189642881971	None	Pursuit	(163.94, 206.26)	(230.26, 165.05)	2168.795	0.1333008	26.39022	3.949644	252.7723	
2198348675000	2189659548272	None	Pursuit	(163.54, 205.96)	(230.22, 166.17)	2168.795	0.1501465	6.126199	3.799467	250.7256	
2198365341000	2189676214037	None	Pursuit	(163.78, 205.01)	(230.78, 165.38)	2168.795	0.166748	12.00231	3.955803	245.2809	
2198382008000	2189692881111	None	Pursuit	(163.59, 204.39)	(230.96, 165.45)	2168.795	0.1833496	8.017446	3.938749	241.4089	
2198398675000	2189709547819	None	Fixation	(163.68, 203.66)	(231.32, 165.88)	2168.895	0.09985352	NaN	NaN	NaN	
2198415341000	2189726213545	None	Fixation	(163.39, 203.38)	(231.45, 165.81)	2168.995	0.0168457	NaN	NaN	NaN	
2198432008000	2189742880395	None	Fixation	(162.93, 203.50)	(231.43, 165.81)	2168.995	0.03344727	NaN	NaN	NaN	
2198448673000	2189759545257	None	Fixation	(162.18, 203.37)	(232.15, 165.26)	2168.995	0.05004883	NaN	NaN	NaN	
2198465340000	2189776211832	None	Fixation	(161.86, 204.02)	(231.96, 165.63)	2168.995	0.06665039	NaN	NaN	NaN	
2198482007000	2189792878276	None	Fixation	(160.79, 204.21)	(232.43, 164.37)	2168.995	0.08349609	NaN	NaN	NaN	
2198498673000	2189809544056	None	Saccade	(159.50, 204.91)	(233.22, 163.77)	2169.078	0.01660156	18.03606	0.601202	48.53538	
2198515340000	2189826210754	None	Pursuit	(158.66, 205.35)	(233.96, 163.52)	2169.078	0.03320313	11.70983	0.9914931	48.93232	
2198532006000	2189842876581	None	Saccade	(157.61, 205.38)	(234.64, 163.11)	2169.112	0.0168457	9.686737	0.3228912	72.09227	
2198548673000	2189859543324	None	Pursuit	(156.53, 205.29)	(235.13, 162.92)	2169.078	0.06665039	13.2846	1.802417	62.84743	
2198565339000	2189876209096	None	Pursuit	(155.31, 204.98)	(236.23, 162.41)	2169.078	0.08325195	15.44107	2.268219	69.05532	
2198582006000	2189892875824	None	Pursuit	(154.86, 204.44)	(236.91, 162.51)	2169.078	0.09985352	8.651787	2.432545	74.83864	
2198598672000	2189909541590	None	Pursuit	(153.50, 206.22)	(237.24, 162.04)	2169.078	0.1166992	27.66796	3.103461	61.61335	
2198615339000	2189926208780	None	Fixation	(151.27, 212.33)	(235.37, 160.75)	2169.145	0.06665039	NaN	NaN	NaN	
2198632006000	2189942875140	None	WinkRight	(149.99, 215.24)	(234.86, 160.15)	NaN	NaN	NaN	NaN	NaN	
2198648672000	2189959540860	None	WinkRight	(150.45, 214.37)	(235.79, 160.93)	NaN	NaN	NaN	NaN	NaN	
2198665339000	2189976207630	None	WinkRight	(150.93, 212.57)	(235.66, 162.16)	NaN	NaN	NaN	NaN	NaN	
2198682004000	2189992872364	None	WinkRight	(150.75, 215.92)	(234.41, 160.82)	NaN	NaN	NaN	NaN	NaN	
2198698671000	2190009539223	None	WinkRight	(151.83, 219.77)	(231.85, 159.90)	NaN	NaN	NaN	NaN	NaN	
2198715338000	2190026205872	None	WinkRight	(153.92, 224.96)	(227.68, 158.30)	NaN	NaN	NaN	NaN	NaN	
2198732004000	2190042871664	None	WinkRight	(158.89, 224.30)	(225.10, 159.54)	NaN	NaN	NaN	NaN	NaN	
2198748671000	2190059538415	None	Saccade	(164.51, 226.72)	(221.19, 161.09)	2169.212	0.1333008	240.5158	8.017192	293.008	
2198765337000	2190076204182	None	Saccade	(170.54, 229.00)	(217.29, 162.79)	2169.212	0.1499023	52.40738	7.460992	276.5648	
2198782004000	2190092870898	None	Pursuit	(176.03, 230.29)	(212.76, 164.73)	2169.362	0.0168457	69.28439	2.30948	270.2385	
2198798670000	2190109536668	None	Pursuit	(183.50, 230.72)	(207.98, 167.98)	2169.362	0.03344727	92.08263	5.35915	264.5744	
2198815337000	2190126203422	None	Pursuit	(192.02, 231.50)	(202.85, 172.18)	2169.362	0.05004883	105.2105	8.864389	263.6461	
2198832003000	2190142869171	None	Pursuit	(197.64, 232.29)	(198.60, 174.85)	2169.362	0.06665039	69.86372	11.19262	263.94	
2198848670000	2190159535927	None	Pursuit	(197.78, 231.70)	(198.33, 174.82)	2169.362	0.08349609	7.465573	11.22014	262.6755	
2198865336000	2190176201702	None	Pursuit	(197.20, 230.39)	(198.92, 174.52)	2169.362	0.1000977	17.5725	10.94445	260.0031	
2198882003000	2190192868436	None	Pursuit	(195.99, 228.53)	(200.23, 174.05)	2169.362	0.1166992	27.32878	10.43532	255.9523	
2198898670000	2190209535207	None	Pursuit	(194.46, 227.34)	(201.55, 173.71)	2169.362	0.1333008	23.84404	9.82926	253.043	
2198915335000	2190226199974	None	Saccade	(193.09, 225.96)	(203.00, 173.48)	2169.495	0.0168457	17.99886	0.5999621	94.21784	
2198932002000	2190242866674	None	Pursuit	(191.49, 224.99)	(204.69, 172.97)	2169.362	0.166748	22.99943	8.745317	246.167	
2198948668000	2190259532521	None	Pursuit	(190.09, 223.12)	(206.66, 172.93)	2169.362	0.1833496	28.80553	8.367391	240.2522	
2198965335000	2190276199232	None	Pursuit	(188.32, 221.24)	(208.54, 172.84)	2169.362	0.1999512	31.6693	7.950757	233.4347	
2198982002000	2190292865994	None	Pursuit	(187.02, 220.05)	(210.06, 172.95)	2169.362	0.2167969	21.7612	7.6866	228.4818	
2198998668000	2190309531759	None	Pursuit	(186.38, 218.40)	(211.33, 173.05)	2169.362	0.2333984	21.71294	7.810857	223.2076	
2199015335000	2190326198503	None	Pursuit	(185.46, 216.70)	(212.54, 173.40)	2169.362	0.25	23.73473	7.923222	217.5015	
2199032001000	2190342864294	None	Pursuit	(184.25, 215.24)	(214.33, 173.39)	2169.362	0.2668457	23.26455	7.961223	211.9116	
2199048668000	2190359531017	None	Pursuit	(183.07, 213.76)	(215.00, 173.37)	2169.362	0.2834473	23.32611	8.086951	206.4304	
2199065334000	2190376196767	None	Pursuit	(181.85, 212.30)	(217.25, 173.54)	2169.362	0.3000488	23.42165	8.268788	201.1087	
2199082001000	2190392864036	None	Pursuit	(180.32, 210.77)	(218.79, 173.52)	2169.362	0.3166504	26.54498	8.479049	195.2249	
2199098668000	2190409530292	None	Pursuit	(178.89, 209.13)	(220.61, 173.72)	2169.362	0.3334961	26.84356	8.834608	189.7871	
2199115334000	2190426196060	None	Pursuit	(176.72, 207.41)	(222.75, 173.45)	2169.362	0.3500977	34.03965	9.203678	182.9656	
2199132000000	2190442861795	None	Pursuit	(174.79, 206.07)	(225.43, 173.53)	2169.362	0.3666992	28.87303	9.559786	177.5019	
2199148666000	2190459528216	None	Pursuit	(173.46, 209.09)	(224.72, 172.65)	2169.362	0.3833008	40.6159	8.248654	175.3244	
2199165333000	2190476194645	None	Unknown	(177.84, 224.50)	(215.22, 170.82)	NaN	NaN	NaN	NaN	NaN	
2199181999000	2190492860081	None	Saccade	(183.30, 236.31)	(206.45, 169.55)	2169.762	0.01660156	160.1062	5.336874	306.7374	
2199198666000	2190509526819	None	Unknown	(187.19, 243.23)	(200.73, 169.34)	NaN	NaN	NaN	NaN	NaN	
2199215332000	2190526192591	None	Pursuit	(187.12, 243.19)	(199.59, 168.30)	2169.795	0.01660156	1.02668	0.03422265	101.164	
2199231999000	2190542859592	None	Pursuit	(187.68, 242.52)	(200.19, 168.30)	2169.795	0.03344727	10.77162	0.3512906	201.5712	
2199248666000	2190559526116	None	Pursuit	(187.41, 241.84)	(200.00, 168.39)	2169.795	0.05004883	8.972366	0.5737685	175.8469	
2199265332000	2190576191846	None	Unknown	(187.38, 241.21)	(200.29, 168.22)	NaN	NaN	NaN	NaN	NaN	
2199281999000	2190592858630	None	Fixation	(187.73, 240.38)	(200.89, 168.38)	2169.862	0.0168457	NaN	NaN	NaN	
2199298665000	2190609524370	None	Fixation	(187.57, 240.14)	(200.73, 168.35)	2169.862	0.03344727	NaN	NaN	NaN	
2199315332000	2190626191164	None	Fixation	(187.53, 240.05)	(201.75, 168.13)	2169.862	0.05004883	NaN	NaN	NaN	
2199331998000	2190642856928	None	Fixation	(187.33, 239.58)	(201.98, 168.12)	2169.862	0.06665039	NaN	NaN	NaN	
2199348665000	2190659523750	None	Fixation	(187.24, 239.48)	(202.55, 168.06)	2169.862	0.08349609	NaN	NaN	NaN	
2199348665000	2190659523421	None	Fixation	(187.24, 239.48)	(202.55, 168.06)	2169.862	0.08349609	NaN	NaN	NaN	
2199381998000	2190692856257	None	Fixation	(187.49, 239.07)	(202.23, 168.24)	2169.862	0.1166992	NaN	NaN	NaN	
2199398665000	2190709522902	None	Fixation	(187.22, 238.75)	(201.67, 168.07)	2169.862	0.1333008	NaN	NaN	NaN	
2199415330000	2190726187701	None	Fixation	(186.79, 238.89)	(201.67, 168.03)	2169.862	0.1501465	NaN	NaN	NaN	
2199431997000	2190742854435	None	Fixation	(186.63, 238.76)	(202.12, 167.72)	2169.862	0.166748	NaN	NaN	NaN	
2199448663000	2190759520198	None	Fixation	(186.49, 238.69)	(202.32, 167.81)	2169.862	0.1833496	NaN	NaN	NaN	
2199465330000	2190776186933	None	Fixation	(186.80, 239.20)	(202.22, 167.82)	2169.862	0.1999512	NaN	NaN	NaN	
2199481997000	2190792853732	None	Fixation	(186.49, 239.18)	(201.93, 167.32)	2169.862	0.2167969	NaN	NaN	NaN	
2199498663000	2190809519460	None	Fixation	(186.65, 239.07)	(202.07, 167.38)	2169.862	0.2333984	NaN	NaN	NaN	
2199515330000	2190826186239	None	Fixation	(186.43, 239.26)	(202.15, 167.27)	2169.862	0.25	NaN	NaN	NaN	
2199531996000	2190842851972	None	Fixation	(186.35, 239.24)	(202.44, 166.90)	2169.862	0.2666016	NaN	NaN	NaN	
2199548663000	2190859518731	None	Fixation	(185.94, 239.16)	(202.61, 166.74)	2169.862	0.2834473	NaN	NaN	NaN	
2199565329000	2190876184527	None	Fixation	(185.30, 239.07)	(202.79, 166.63)	2169.862	0.3000488	NaN	NaN	NaN	
2199581996000	2190892851209	None	Fixation	(184.81, 239.39)	(202.95, 166.23)	2169.862	0.3166504	NaN	NaN	NaN	
2199598663000	2190909517986	None	Fixation	(184.21, 239.29)	(203.83, 166.16)	2169.862	0.3334961	NaN	NaN	NaN	
2199615329000	2190926183756	None	Fixation	(183.95, 239.10)	(204.08, 166.09)	2169.862	0.3500977	NaN	NaN	NaN	
2199631996000	2190942850505	None	Fixation	(183.97, 239.01)	(203.85, 166.09)	2169.862	0.3666992	NaN	NaN	NaN	
2199648661000	2190959515278	None	Fixation	(183.95, 238.94)	(204.14, 165.95)	2169.862	0.3833008	NaN	NaN	NaN	
2199665328000	2190976182045	None	Fixation	(183.99, 238.71)	(204.33, 166.10)	2169.862	0.4001465	NaN	NaN	NaN	
2199681994000	2190992847796	None	Fixation	(183.81, 239.05)	(204.14, 166.09)	2169.862	0.416748	NaN	NaN	NaN	
2199698661000	2191009514528	None	Fixation	(183.86, 239.05)	(204.39, 166.13)	2169.862	0.4333496	NaN	NaN	NaN	
2199715328000	2191026181327	None	Fixation	(184.12, 239.01)	(204.17, 165.91)	2169.862	0.4499512	NaN	NaN	NaN	
2199731994000	2191042847055	None	Fixation	(184.14, 238.95)	(204.27, 165.95)	2169.862	0.4667969	NaN	NaN	NaN	
2199748661000	2191059514249	None	Fixation	(183.82, 238.67)	(204.33, 165.90)	2169.862	0.4833984	NaN	NaN	NaN	
2199765327000	2191076179559	None	Fixation	(183.69, 238.11)	(204.41, 165.73)	2169.862	0.5	NaN	NaN	NaN	
2199781994000	2191092846316	None	Fixation	(183.70, 238.13)	(204.73, 165.57)	2169.862	0.5166016	NaN	NaN	NaN	
2199798660000	2191109512386	None	Fixation	(184.32, 238.45)	(203.93, 165.10)	2169.862	0.5334473	NaN	NaN	NaN	
2199815327000	2191126179073	None	Fixation	(184.69, 238.77)	(203.24, 164.65)	2169.862	0.5500488	NaN	NaN	NaN	
2199831993000	2191142844957	None	Fixation	(185.50, 238.94)	(202.78, 164.12)	2169.862	0.5666504	NaN	NaN	NaN	
2199848660000	2191159511810	None	Fixation	(187.07, 238.50)	(201.91, 164.37)	2169.862	0.5834961	NaN	NaN	NaN	
2199865326000	2191176177106	None	Saccade	(188.34, 237.76)	(202.06, 164.77)	2170.445	0.01660156	18.05485	0.6018284	226.7103	
2199881993000	2191192843870	None	Pursuit	(189.51, 237.52)	(201.23, 164.64)	2170.445	0.03320313	14.75351	1.079326	235.0831	
2199898660000	2191209510610	None	Pursuit	(190.85, 237.14)	(199.53, 164.26)	2170.445	0.04980469	17.08806	1.646773	237.211	
2199915325000	2191226175527	None	Saccade	(193.48, 237.40)	(197.24, 163.35)	2170.495	0.0168457	30.38938	1.012979	304.6837	
2199931992000	2191242842144	None	Pursuit	(197.21, 238.40)	(193.79, 162.70)	2170.445	0.08325195	47.53374	4.15774	256.4159	
2199948658000	2191259507925	None	Pursuit	(201.80, 239.08)	(190.51, 161.57)	2170.445	0.09985352	57.04078	6.043076	259.2318	
2199965325000	2191276175118	None	Pursuit	(206.61, 239.67)	(186.93, 161.17)	2170.445	0.1164551	59.67853	8.027191	260.4107	
2199981992000	2191292841418	None	Pursuit	(211.11, 240.06)	(183.69, 160.62)	2170.445	0.1333008	55.55911	9.878615	260.7001	
2199998658000	2191309507188	None	Pursuit	(214.62, 240.05)	(182.87, 160.08)	2170.445	0.1499023	43.18998	11.31541	260.2076	
2200015325000	2191326173951	None	Pursuit	(216.49, 239.60)	(182.08, 159.80)	2170.445	0.1665039	23.57903	12.07057	259.1393	
2200031991000	2191342840210	None	Pursuit	(217.76, 238.94)	(182.33, 159.87)	2170.445	0.1831055	17.58975	12.58263	257.8115	
2200048658000	2191359506835	None	Pursuit	(218.69, 238.07)	(182.06, 160.65)	2170.445	0.1999512	15.67843	12.9652	256.2143	
2200065324000	2191376172673	None	Pursuit	(218.47, 238.23)	(182.07, 161.21)	2170.445	0.2165527	3.323417	12.87425	256.4948	
2200081991000	2191392838968	None	Fixation	(218.81, 237.77)	(181.98, 161.81)	2170.645	0.03320313	NaN	NaN	NaN	
2200098657000	2191409504993	None	Fixation	(218.68, 238.10)	(182.44, 161.74)	2170.678	0.0168457	NaN	NaN	NaN	
2200115324000	2191426171463	None	Fixation	(218.40, 238.76)	(182.18, 161.51)	2170.678	0.03344727	NaN	NaN	NaN	
2200131991000	2191442838210	None	Saccade	(221.74, 248.77)	(176.91, 161.79)	2170.712	0.01660156	129.8865	4.32955	304.2428	
2200148656000	2191459502974	None	Saccade	(222.85, 256.19)	(173.93, 161.98)	2170.712	0.03320313	92.25267	7.377437	332.6714	
2200165323000	2191476169776	None	Pursuit	(221.01, 256.82)	(174.60, 162.49)	2170.745	0.0168457	10.31773	0.3439243	140.5563	
2200181989000	2191492835530	None	Pursuit	(218.57, 255.69)	(177.54, 163.19)	2170.762	0.01660156	33.04204	1.101401	101.7474	
2200198656000	2191509502262	None	Pursuit	(215.86, 254.05)	(179.98, 164.01)	2170.762	0.03320313	38.96417	2.396303	105.2969	
2200215323000	2191526169019	None	Pursuit	(212.76, 253.27)	(182.30, 164.94)	2170.762	0.04980469	39.32595	3.681305	100.2969	
2200231989000	2191542834779	None	Pursuit	(207.91, 252.20)	(185.04, 165.23)	2170.762	0.06665039	61.04965	5.692859	96.44205	
2200248656000	2191559501525	None	Pursuit	(201.32, 251.50)	(189.67, 165.30)	2170.762	0.08325195	81.58112	8.362226	92.13039	
2200265322000	2191576167304	None	Pursuit	(194.73, 250.63)	(194.05, 165.37)	2170.762	0.09985352	81.73596	11.06839	90.24922	
2200281989000	2191592834567	None	Pursuit	(190.52, 250.54)	(196.54, 165.73)	2170.762	0.1164551	51.84243	12.76384	88.63802	
2200298655000	2191609499818	None	Pursuit	(188.01, 250.71)	(198.11, 165.87)	2170.762	0.1333008	30.91343	13.75953	87.49063	
2200315322000	2191626167340	None	Pursuit	(186.21, 250.30)	(199.25, 165.61)	2170.762	0.1499023	22.67645	14.51483	87.61028	
2200331988000	2191642832611	None	Pursuit	(184.96, 249.77)	(199.87, 165.64)	2170.762	0.1665039	16.6505	15.0576	88.05962	
2200348655000	2191659499331	None	Pursuit	(184.70, 249.44)	(200.17, 165.52)	2170.762	0.1833496	5.203136	15.18861	88.49025	
2200365321000	2191676164832	None	Pursuit	(184.34, 248.99)	(200.38, 165.81)	2170.762	0.1999512	7.207153	15.37502	89.05843	
2200381988000	2191692831597	None	Fixation	(184.22, 248.47)	(200.26, 166.08)	2170.962	0.01660156	NaN	NaN	NaN	
2200398655000	2191709498380	None	Fixation	(185.19, 248.64)	(199.87, 166.32)	2170.978	0.01660156	NaN	NaN	NaN	
2200415321000	2191726164091	None	Fixation	(184.71, 248.28)	(199.26, 166.55)	2170.978	0.03344727	NaN	NaN	NaN	
2200431987000	2191742829866	None	Fixation	(184.75, 248.44)	(198.76, 166.28)	2170.978	0.05004883	NaN	NaN	NaN	
2200448654000	2191759496612	None	Fixation	(185.69, 249.09)	(198.13, 166.32)	2170.978	0.06665039	NaN	NaN	NaN	
2200465320000	2191776162390	None	Fixation	(186.26, 249.12)	(197.42, 166.45)	2170.978	0.08325195	NaN	NaN	NaN	
2200481987000	2191792829863	None	Fixation	(186.88, 249.39)	(197.09, 166.53)	2170.978	0.1000977	NaN	NaN	NaN	
2200498654000	2191809496145	None	Fixation	(187.25, 249.84)	(197.69, 166.36)	2170.978	0.1166992	NaN	NaN	NaN	
2200515320000	2191826161666	None	Fixation	(187.22, 249.59)	(197.52, 166.83)	2170.978	0.1333008	NaN	NaN	NaN	
2200531987000	2191842828409	None	Fixation	(187.97, 249.85)	(197.64, 167.09)	2170.978	0.1499023	NaN	NaN	NaN	
2200548654000	2191859495173	None	Fixation	(188.14, 249.82)	(197.43, 167.00)	2170.978	0.166748	NaN	NaN	NaN	
2200565320000	2191876160963	None	Fixation	(189.00, 250.28)	(196.67, 167.19)	2170.978	0.1833496	NaN	NaN	NaN	
2200581987000	2191892827682	None	Fixation	(189.45, 250.58)	(196.27, 167.07)	2170.978	0.1999512	NaN	NaN	NaN	
2200598653000	2191909493490	None	Fixation	(189.13, 250.38)	(195.99, 167.08)	2170.978	0.2167969	NaN	NaN	NaN	
2200615320000	2191926160235	None	Fixation	(189.20, 250.01)	(196.52, 167.15)	2170.978	0.2333984	NaN	NaN	NaN	
2200631986000	2191942825973	None	Fixation	(189.18, 249.90)	(196.80, 167.51)	2170.978	0.25	NaN	NaN	NaN	
2200648653000	2191959492694	None	Saccade	(188.83, 245.12)	(199.78, 168.18)	2171.228	0.01660156	58.96957	1.965652	139.2711	
2200665320000	2191976159501	None	Saccade	(180.87, 230.96)	(211.59, 171.71)	2171.228	0.03344727	199.7951	8.481335	143.3078	
2200681987000	2191992826210	None	Saccade	(172.08, 223.82)	(221.41, 173.96)	2171.228	0.05004883	139.26	12.78733	124.846	
2200698654000	2192009492976	None	Unknown	(172.51, 223.42)	(220.61, 173.07)	NaN	NaN	NaN	NaN	NaN	
2200715319000	2192026157751	None	Pursuit	(173.91, 222.46)	(219.23, 172.38)	2171.295	0.01660156	20.87918	0.6959726	222.4412	
2200731985000	2192042823517	None	Pursuit	(175.64, 221.82)	(219.36, 173.39)	2171.295	0.03344727	22.77959	1.444038	229.8904	
2200748652000	2192059490497	None	Pursuit	(176.94, 220.68)	(219.47, 173.90)	2171.295	0.05004883	21.18119	2.135865	225.2906	
2200765318000	2192076155995	None	Pursuit	(177.59, 219.44)	(219.52, 174.56)	2171.295	0.06665039	17.30316	2.648446	218.917	
2200781985000	2192092823081	None	Pursuit	(178.16, 218.42)	(219.54, 175.10)	2171.295	0.08325195	14.25023	3.091613	215.4928	
2200798651000	2192109489059	None	Pursuit	(179.66, 217.78)	(218.88, 175.68)	2171.295	0.1000977	20.07562	3.733079	218.708	
2200815318000	2192126155268	None	Pursuit	(181.38, 217.26)	(218.16, 176.71)	2171.295	0.1166992	22.13376	4.428122	222.1963	
2200831984000	2192142821025	None	Pursuit	(182.68, 216.54)	(217.57, 177.18)	2171.295	0.1333008	18.33013	5.036141	222.9282	
2200848651000	2192159487776	None	Saccade	(183.47, 216.13)	(216.77, 177.78)	2171.428	0.0168457	12.29348	0.4097828	246.1638	
2200865317000	2192176153566	None	Pursuit	(184.73, 215.56)	(216.23, 178.22)	2171.295	0.166748	17.0722	5.958719	224.2434	
2200881984000	2192192820602	None	Pursuit	(185.69, 215.26)	(215.74, 178.52)	2171.295	0.1833496	12.38131	6.356854	225.2555	
2200898651000	2192209487080	None	Pursuit	(186.11, 215.12)	(215.15, 178.82)	2171.295	0.1999512	5.425921	6.533309	225.6084	
2200915316000	2192226151851	None	Pursuit	(186.53, 212.24)	(216.61, 179.87)	2171.295	0.2167969	35.75463	7.351149	218.4362	
2200931983000	2192242818583	None	Saccade	(178.31, 197.21)	(230.27, 185.80)	2171.512	0.01660156	183.1867	6.106225	126.4489	
2200948649000	2192259484334	None	Saccade	(169.24, 185.54)	(244.89, 192.09)	2171.528	0.01660156	181.8486	12.63016	127.757	
2200965316000	2192276151109	None	Unknown	(162.11, 176.72)	(255.30, 196.71)	NaN	NaN	NaN	NaN	NaN	
2200981984000	2192292818880	None	Pursuit	(157.89, 170.12)	(262.21, 199.64)	2171.562	0.0168457	96.36514	3.212172	134.4193	
2200998651000	2192309485665	None	Pursuit	(156.54, 167.58)	(263.19, 199.26)	2171.562	0.03344727	35.45811	4.391469	135.6236	
2201015316000	2192326150355	None	Pursuit	(158.02, 167.10)	(262.24, 197.84)	2171.562	0.05004883	19.13293	4.286691	143.9385	
2201031982000	2192342816142	None	Pursuit	(158.39, 166.68)	(261.40, 197.43)	2171.562	0.06665039	6.96765	4.390777	146.6808	
2201048649000	2192359482895	None	Pursuit	(158.40, 166.40)	(262.27, 196.48)	2171.562	0.08349609	3.458324	4.497687	147.2367	
2201065315000	2192376148655	None	Fixation	(158.25, 166.18)	(262.26, 196.04)	2171.645	0.01660156	NaN	NaN	NaN	
2201081982000	2192392815379	None	Fixation	(157.98, 165.75)	(262.54, 195.62)	2171.662	0.01660156	NaN	NaN	NaN	
2201098648000	2192409481171	None	Fixation	(157.92, 165.90)	(262.96, 194.83)	2171.662	0.03320313	NaN	NaN	NaN	
2201115315000	2192426147942	None	Fixation	(157.83, 165.55)	(262.99, 194.54)	2171.662	0.05004883	NaN	NaN	NaN	
2201131981000	2192442813708	None	Fixation	(157.89, 165.31)	(262.41, 194.47)	2171.662	0.06665039	NaN	NaN	NaN	
2201148648000	2192459480689	None	Fixation	(157.24, 165.31)	(262.44, 193.52)	2171.662	0.08325195	NaN	NaN	NaN	
2201165315000	2192476147203	None	Fixation	(156.67, 164.18)	(262.61, 193.93)	2171.662	0.1000977	NaN	NaN	NaN	
2201181980000	2192492811962	None	Saccade	(162.74, 156.30)	(264.29, 205.54)	2171.762	0.01660156	122.3562	4.81288	194.6973	
2201198647000	2192509478730	None	Saccade	(166.56, 151.16)	(265.73, 213.64)	2171.762	0.03320313	78.64553	8.184093	194.1205	
2201215313000	2192526144461	None	Unknown	(164.93, 150.74)	(266.12, 211.45)	NaN	NaN	NaN	NaN	NaN	
2201231980000	2192542811233	None	Pursuit	(163.72, 149.62)	(267.09, 211.22)	2171.812	0.0168457	20.32738	0.6775792	119.7645	
2201248647000	2192559477987	None	Pursuit	(162.87, 148.78)	(267.79, 211.00)	2171.812	0.03344727	14.62494	1.164941	120.5082	
2201265313000	2192576143792	None	Pursuit	(162.20, 147.96)	(267.87, 210.71)	2171.812	0.05004883	13.05258	1.597478	122.4835	
2201281980000	2192592810500	None	Pursuit	(162.82, 147.40)	(267.98, 210.27)	2171.812	0.06665039	10.25631	1.622313	134.6419	
2201298646000	2192609476267	None	Fixation	(163.02, 146.96)	(267.74, 210.12)	2171.878	0.0168457	NaN	NaN	NaN	
